problem,solver,solver_name,information_track,row_kind,dimension,evaluation_index,phase,X1,X2,X3,X4,X5,X6,X7,X8,X9,X10,Y1,Y2,C,audit_margin1,audit_margin2,audit_margin3,audit_margin4,is_pareto,normalized_Y1,normalized_Y2,ga_minimum_Y1,ga_range_Y1,ga_minimum_Y2,ga_range_Y2
WELDEDBEAM,ctsemo,cTSEMO,binary_label,solver_evaluation,4,21,adaptive,0.38556616031908147,2.6111443231825961,9.9999999930203565,3.309755020968014,,,,,,,38.644577262430701,0.0006632515067397578,1,-125.7113080317813,-28477.228684568498,-2.9241888606489326,-16845418.732842136,1,0.64708395412546349,0.016114909035791002,2.5691376073696199,55.75078693431238,0.000439040182470444,0.013913285130641656
WELDEDBEAM,ctsemo,cTSEMO,binary_label,solver_evaluation,4,28,adaptive,1.1395059867345925,3.9275937383068289,9.9999990185668857,4.9999996265043141,,,,,,,63.365873813820805,0.00043904016206246504,1,-10673.546623732913,-28991.999726846305,-3.8604936397697216,-58091682.827335767,1,1.0905090232732344,-1.4667980115265967e-09,2.5691376073696199,55.75078693431238,0.000439040182470444,0.013913285130641656
WELDEDBEAM,ctsemo,cTSEMO,binary_label,solver_evaluation,4,36,adaptive,0.35313764875507803,5.6541654117444669,9.9999998643032662,3.7219458924313273,,,,,,,43.754016716384974,0.00058979903330363807,1,-6694.2689624038603,-28645.869584769815,-3.3688082436762494,-23957987.469234038,1,0.73873179866574601,0.010835604202574215,2.5691376073696199,55.75078693431238,0.000439040182470444,0.013913285130641656
WELDEDBEAM,ctsemo,cTSEMO,binary_label,solver_evaluation,4,38,adaptive,0.631675996804833,2.2331987963229136,9.3238970826821852,0.9323739447371916,,,,,,,10.739311820061568,0.0029046349053416421,1,-3723.7828818318558,-23782.075196899335,-0.3006979479323586,-354593.57052539062,1,0.14654814150548845,0.17721154276074907,2.5691376073696199,55.75078693431238,0.000439040182470444,0.013913285130641656
WELDEDBEAM,ctsemo,cTSEMO,binary_label,solver_evaluation,4,47,adaptive,0.55456551368941764,5.9213659084363703,9.5600374302781059,2.0190743300827547,,,,,,,23.890545399384003,0.0012443513081667823,1,-9352.1991629674667,-27268.765159632407,-1.4645088163933371,-3714647.2558169295,1,0.38244137822011459,0.057880731842602492,2.5691376073696199,55.75078693431238,0.000439040182470444,0.013913285130641656
WELDEDBEAM,ctsemo,cTSEMO,binary_label,solver_evaluation,4,53,adaptive,0.89661066696189118,7.5018255270036702,9.999999873792305,4.4043656874538826,,,,,,,57.516849615278282,0.00049841458200632831,1,-11643.254447068201,-28855.680821060312,-3.5077550204919916,-39703921.621855818,1,0.98559527191338248,0.0042674608461176601,2.5691376073696199,55.75078693431238,0.000439040182470444,0.013913285130641656
WELDEDBEAM,ctsemo,cTSEMO,binary_label,solver_evaluation,4,58,adaptive,0.38556082105490841,8.8575294863106784,8.321239596930468,3.3828904810977272,,,,,,,31.684017618175321,0.0011262169905155897,1,-9469.0037066661062,-27848.375185052864,-2.9973296600428188,-15955630.320443481,1,0.52223262866423614,0.049389975235378088,2.5691376073696199,55.75078693431238,0.000439040182470444,0.013913285130641656
WELDEDBEAM,ctsemo,cTSEMO,binary_label,solver_evaluation,4,64,adaptive,1.9157823681295845,2.5072949001032181,9.4782681079771329,2.596094738316248,,,,,,,37.959897798528772,0.00099303964998885053,1,-10988.963334943914,-27839.013663264926,-0.68031237018666357,-7860178.3370197387,1,0.63480288148861186,0.039818020138056139,2.5691376073696199,55.75078693431238,0.000439040182470444,0.013913285130641656
WELDEDBEAM,ctsemo,cTSEMO,binary_label,solver_evaluation,4,78,adaptive,0.12524656632027042,8.6153181321463066,9.9999997748065947,1.5902691571376526,,,,,,,18.51118027206855,0.0013803953490832627,1,-1186.1335631721267,-26830.725035209431,-1.4650225908173822,-1863221.7403578418,1,0.28595188590759141,0.067658727451767889,2.5691376073696199,55.75078693431238,0.000439040182470444,0.013913285130641656
WELDEDBEAM,ctsemo,cTSEMO,binary_label,solver_evaluation,4,93,adaptive,0.36587843901153355,7.4049011562269342,9.7793049425782712,1.3104875366716382,,,,,,,15.75646670287739,0.0017910892733887628,1,-8559.6433593916117,-25978.559345544723,-0.9446090976601047,-1025834.8802156588,1,0.23654068078080343,0.097176840568059614,2.5691376073696199,55.75078693431238,0.000439040182470444,0.013913285130641656
WELDEDBEAM,ctsemo,cTSEMO,binary_label,solver_evaluation,4,100,adaptive,0.12516555998485498,9.9999958782362306,9.6575004695638977,2.1628155758723353,,,,,,,23.946312022461079,0.0011268351654474032,1,-3040.1112535279717,-27501.487238396308,-2.0376500158874804,-4596408.2036491092,1,0.3834416622724775,0.049434405786898387,2.5691376073696199,55.75078693431238,0.000439040182470444,0.013913285130641656
WELDEDBEAM,ctsemo,cTSEMO,binary_label,solver_evaluation,4,139,adaptive,0.23618597067714889,9.9999998642494496,9.9999996154996484,3.888944703612724,,,,,,,45.519558029277398,0.00056447196360937956,1,-8090.5068267998777,-28704.018500727369,-3.6527587329355753,-27330582.207951438,1,0.77040025412580349,0.0090152526855568627,2.5691376073696199,55.75078693431238,0.000439040182470444,0.013913285130641656
WELDEDBEAM,ctsemo,cTSEMO,binary_label,solver_evaluation,4,149,adaptive,0.12500206871942401,9.9999997925860562,6.3971768740136818,1.3872853161124412,,,,,,,8.8814417106417292,0.0060442612681052815,1,-1854.5639604394073,-21122.554192770986,-1.2622832473930172,-900366.78268906381,1,0.11322358751114127,0.40286826820578026,2.5691376073696199,55.75078693431238,0.000439040182470444,0.013913285130641656
WELDEDBEAM,botorch,BoTorch,continuous_margins,solver_evaluation,4,40,adaptive,0.41441169044449661,4.3155894479197006,9.7679750126922134,0.78778601878345444,,,,,,,9.61789449579015,0.0029898693091068777,1,-5766.5476715904279,-23294.777593797404,-0.37337432833895784,-217988.00252922261,1,0.12643331647902359,0.18333765912830063,2.5691376073696199,55.75078693431238,0.000439040182470444,0.013913285130641656
WELDEDBEAM,botorch,BoTorch,continuous_margins,solver_evaluation,4,41,adaptive,0.42558460868359399,6.7050906931841752,9.8899281938734056,0.61850449650081374,,,,,,,8.3721051216294029,0.0036690346866478148,1,-8808.5982482939271,-21668.918205969407,-0.19291988781721975,-103231.35353143208,1,0.10408763415477977,0.23215182279732444,2.5691376073696199,55.75078693431238,0.000439040182470444,0.013913285130641656
WELDEDBEAM,botorch,BoTorch,continuous_margins,solver_evaluation,4,55,adaptive,0.16814878952828408,8.5870009805584644,8.5167439323084064,1.8699171520866094,,,,,,,17.520110192405067,0.0019003384666740565,1,-3752.8014834956593,-26284.125894173296,-1.7017683625583253,-2733184.1246387032,1,0.26817509504666243,0.10502898995330372,2.5691376073696199,55.75078693431238,0.000439040182470444,0.013913285130641656
WELDEDBEAM,botorch,BoTorch,continuous_margins,solver_evaluation,4,57,adaptive,1.1714839753220223,1.7254311830372597,9.3868369703874528,1.1989101528767852,,,,,,,15.278189558952626,0.0022137553847319347,1,-7138.6278015982434,-25229.044693898872,-0.027426177554762843,-763981.85968133411,1,0.22796183965182909,0.12755543968210503,2.5691376073696199,55.75078693431238,0.000439040182470444,0.013913285130641656
WELDEDBEAM,botorch,BoTorch,continuous_margins,solver_evaluation,4,58,adaptive,0.125,10,7.2056318674201192,0.61748743658689942,,,,,,,4.7118888306209854,0.0095023223024441935,1,-2137.0480443361412,-14279.79266395665,-0.49248743658689942,-81519.397502368069,1,0.038434457001943909,0.6514120881497214,2.5691376073696199,55.75078693431238,0.000439040182470444,0.013913285130641656
WELDEDBEAM,botorch,BoTorch,continuous_margins,solver_evaluation,4,60,adaptive,0.13442888188202332,8.6648669948447132,9.5138357203486255,0.63354714526443534,,,,,,,6.9915516642527091,0.0040237242619497668,1,-1884.4347398460068,-21210.983048226022,-0.49911826338241205,-108596.07504035995,1,0.079324692978661265,0.25764469324247963,2.5691376073696199,55.75078693431238,0.000439040182470444,0.013913285130641656
WELDEDBEAM,botorch,BoTorch,continuous_margins,solver_evaluation,4,74,adaptive,0.125,10,7.6593306544986151,0.6076160846882499,,,,,,,5.0221500755244204,0.0080403022808220505,1,-2299.5297786837982,-15860.9692964689,-0.4826160846882499,-81213.850401588337,1,0.043999602571440463,0.54633122422044766,2.5691376073696199,55.75078693431238,0.000439040182470444,0.013913285130641656
WELDEDBEAM,botorch,BoTorch,continuous_margins,solver_evaluation,4,85,adaptive,0.24418046052745951,4.6922777142914116,9.5806966913003464,4.7243609105332167,,,,,,,51.658086469575188,0.00052837194826811347,1,-1079.8450844955496,-28837.766775792497,-4.4801804500057569,-47722869.925941609,1,0.88050683338414515,0.006420609148656874,2.5691376073696199,55.75078693431238,0.000439040182470444,0.013913285130641656
WELDEDBEAM,botorch,BoTorch,continuous_margins,solver_evaluation,4,89,adaptive,0.125,10,10,0.53618644414959915,,,,,,,6.3636340962289308,0.0040940982823271946,1,-3149.8579694277796,-20600.284555881444,-0.41118644414959915,-65646.736209768394,1,0.068061756569106832,0.26270273810511535,2.5691376073696199,55.75078693431238,0.000439040182470444,0.013913285130641656
WELDEDBEAM,botorch,BoTorch,continuous_margins,solver_evaluation,4,90,adaptive,0.8615674765879473,2.0339801244071247,10,1.8762802814726656,,,,,,,23.332196368529093,0.0011699744551368512,1,-6251.7149317117637,-27313.834159124577,-1.0147128048847183,-3064026.079401419,1,0.3724262903342202,0.052534988380037444,2.5691376073696199,55.75078693431238,0.000439040182470444,0.013913285130641656
WELDEDBEAM,botorch,BoTorch,continuous_margins,solver_evaluation,4,94,adaptive,0.125,10,8.6710090590748123,0.57435470431537139,,,,,,,5.6045642668846876,0.0058625288321770335,1,-2666.9374543789436,-18328.919247039565,-0.44935470431537139,-74351.327665542107,1,0.054446346436177101,0.38980647624063086,2.5691376073696199,55.75078693431238,0.000439040182470444,0.013913285130641656
WELDEDBEAM,botorch,BoTorch,continuous_margins,solver_evaluation,4,102,adaptive,0.125,10,9.478587229486104,0.67271732286261998,,,,,,,7.3751154642675329,0.0038318689641352859,1,-2961.1534116154708,-21661.062804677247,-0.54771732286261998,-130870.3222406744,1,0.08620466402672472,0.2438553332162158,2.5691376073696199,55.75078693431238,0.000439040182470444,0.013913285130641656
WELDEDBEAM,botorch,BoTorch,continuous_margins,solver_evaluation,4,111,adaptive,2.6007031923586839,0.48138908331076036,9.6609053192495438,2.6843922640106328,,,,,,,33.117844189289869,0.00090693181646775292,1,-4917.9680807508576,-27988.366283439038,-0.083689071651948943,-8795572.8141958155,1,0.54795112789912459,0.033629127097155279,2.5691376073696199,55.75078693431238,0.000439040182470444,0.013913285130641656
WELDEDBEAM,botorch,BoTorch,continuous_margins,solver_evaluation,4,120,adaptive,0.14340425467454992,8.4555314269155755,8.9599941992529146,0.5572199782345737,,,,,,,5.707043243524117,0.0054767665533898306,1,-2037.6097156208234,-18733.516098435783,-0.41381572356002377,-68998.526276400647,1,0.0562845084115439,0.36208029402234032,2.5691376073696199,55.75078693431238,0.000439040182470444,0.013913285130641656
WELDEDBEAM,botorch,BoTorch,continuous_margins,solver_evaluation,4,129,adaptive,0.125,10,6.7536537048748482,0.60637637436138125,,,,,,,4.2615532455426424,0.011752099427104224,1,-1977.702847332117,-11777.385496855095,-0.48137637436138125,-72925.272047598482,1,0.030356802679163769,0.8131120104567312,2.5691376073696199,55.75078693431238,0.000439040182470444,0.013913285130641656
WELDEDBEAM,botorch,BoTorch,continuous_margins,solver_evaluation,4,131,adaptive,0.19274572768284132,9.1749371088216307,9.8854008130748472,3.1553108910806027,,,,,,,36.21954662399272,0.00072019332001334671,1,-6087.3883887707361,-28365.44396221737,-2.9625651633977612,-14492509.639585435,1,0.60358626069747223,0.020207530781045414,2.5691376073696199,55.75078693431238,0.000439040182470444,0.013913285130641656
WELDEDBEAM,botorch,BoTorch,continuous_margins,solver_evaluation,4,132,adaptive,0.29212651131179185,7.9298066146461696,10,2.1582740639058695,,,,,,,25.667867306043423,0.0010171090116457707,1,-7792.7063144196845,-27664.800738568385,-1.8661475525940776,-4666708.5848526591,1,0.41432114179643015,0.04154797545996005,2.5691376073696199,55.75078693431238,0.000439040182470444,0.013913285130641656
WELDEDBEAM,botorch,BoTorch,continuous_margins,solver_evaluation,4,135,adaptive,0.17456427933947261,8.4821648927983464,7.0669451307808462,0.4613681188547053,,,,,,,3.5901188402886128,0.013481287018913123,1,-3392.0903622019559,-8126.4377322779546,-0.28680383951523269,-29979.245229610729,1,0.018313306216142751,0.93739520997232617,2.5691376073696199,55.75078693431238,0.000439040182470444,0.013913285130641656
WELDEDBEAM,botorch,BoTorch,continuous_margins,solver_evaluation,4,137,adaptive,0.14253176344525154,8.5532011511511161,5.6625563305921647,0.59539949372671153,,,,,,,3.3812624313476811,0.020306170430188442,1,-553.68281689117612,-3600.4207837774775,-0.45286773028145999,-59029.894146465638,1,0.014567055796628241,1.4279251852579378,2.5691376073696199,55.75078693431238,0.000439040182470444,0.013913285130641656
WELDEDBEAM,botorch,BoTorch,continuous_margins,solver_evaluation,4,144,adaptive,0.17505273500987395,6.5098453452401772,9.5126326324939861,0.55014192259088657,,,,,,,6.1402409681140888,0.004635506324011056,1,-1159.8906440780484,-19875.948506804125,-0.37508918758101262,-69027.832112185512,1,0.064054761504121441,0.30161576522992439,2.5691376073696199,55.75078693431238,0.000439040182470444,0.013913285130641656
WELDEDBEAM,botorch,BoTorch,continuous_margins,solver_evaluation,4,146,adaptive,0.13043180148217168,9.015659428611924,8.0700890969201478,0.60828084218684375,,,,,,,5.3816488369403839,0.0068664927662950796,1,-1419.1405228995536,-17277.579702392068,-0.47784904070467205,-84828.680592712873,1,0.050447919827294414,0.46196513069866285,2.5691376073696199,55.75078693431238,0.000439040182470444,0.013913285130641656
WELDEDBEAM,trieste,Trieste,continuous_margins,solver_evaluation,4,43,adaptive,0.77616458747848538,3.8793246892652586,10,2.2943734044064428,,,,,,,29.073490464306843,0.00095677538616165266,1,-9143.4135862367639,-27803.321817486001,-1.5182088169279573,-5607596.8644541726,1,0.47540769044508058,0.037211571446270769,2.5691376073696199,55.75078693431238,0.000439040182470444,0.013913285130641656
WELDEDBEAM,trieste,Trieste,continuous_margins,solver_evaluation,4,53,adaptive,0.38331803710304596,5.1926262358858777,6.3904006778261451,0.47888941900419196,,,,,,,3.8449520385387719,0.017565260089326736,1,-4760.7700932528023,-4228.5344431317571,-0.095571381901146002,-31252.331802411543,1,0.02288424076726241,1.2309256761466558,2.5691376073696199,55.75078693431238,0.000439040182470444,0.013913285130641656
WELDEDBEAM,trieste,Trieste,continuous_margins,solver_evaluation,4,62,adaptive,0.470616622032347,5.2928038316375421,8.3980033230865807,1.0754915168968866,,,,,,,11.027570056964043,0.0034461880996550162,1,-7500.532038835252,-23355.359897552084,-0.6048748948645396,-510167.0954418605,1,0.15171861985662116,0.21613500254960186,2.5691376073696199,55.75078693431238,0.000439040182470444,0.013913285130641656
WELDEDBEAM,trieste,Trieste,continuous_margins,solver_evaluation,4,67,adaptive,0.3118504827865245,5.0578580318248125,10,1.0665727027796981,,,,,,,12.858460200726721,0.0020581813075460091,1,-4805.5535855435919,-25274.583732674979,-0.75472221999317357,-557923.65802273829,1,0.18455923510963818,0.11637374709655599,2.5691376073696199,55.75078693431238,0.000439040182470444,0.013913285130641656
WELDEDBEAM,trieste,Trieste,continuous_margins,solver_evaluation,4,77,adaptive,0.47920014753603418,4.093108087792352,6.0505086902890977,0.47979327494808532,,,,,,,3.8386443844530405,0.020655907044574796,1,-4040.2353657227031,-1305.9003645144767,-0.00059312741205114206,-29886.393609590901,1,0.022771100586960323,1.4530620678203543,2.5691376073696199,55.75078693431238,0.000439040182470444,0.013913285130641656
WELDEDBEAM,trieste,Trieste,continuous_margins,solver_evaluation,4,89,adaptive,0.125,10,7.6120825565132044,0.46589904071265759,,,,,,,3.8600706214205487,0.010682473115456462,1,-2282.5152400266888,-11330.540679507994,-0.34089904071265759,-33140.321842183454,1,0.023155422282594026,0.73623395458392427,2.5691376073696199,55.75078693431238,0.000439040182470444,0.013913285130641656
WELDEDBEAM,trieste,Trieste,continuous_margins,solver_evaluation,4,90,adaptive,0.125,10,8.0140138138580497,0.45521309165405205,,,,,,,4.0362755647843747,0.0093693419666575437,1,-2427.7887227449883,-12760.859093673938,-0.33021309165405205,-31880.541314175956,1,0.026316004456464273,0.64185429252216086,2.5691376073696199,55.75078693431238,0.000439040182470444,0.013913285130641656
WELDEDBEAM,trieste,Trieste,continuous_margins,solver_evaluation,4,93,adaptive,0.33892295347272311,3.4745069131374069,9.5241408681466204,0.33957757907627362,,,,,,,4.1011803272449852,0.0074826883140926507,1,-1458.6348779641885,-13637.867393299066,-0.00065462560355050714,-11658.235566239928,1,0.02748019900921711,0.50625341646379141,2.5691376073696199,55.75078693431238,0.000439040182470444,0.013913285130641656
WELDEDBEAM,trieste,Trieste,continuous_margins,solver_evaluation,4,95,adaptive,0.22783941544579578,5.1770076818810535,9.5751303221203727,1.2269803196597555,,,,,,,13.622021691854052,0.002037991724941568,1,-1461.2381174923721,-25519.736549605466,-0.99914090421395974,-829806.79533783603,1,0.19825521202969468,0.11492264605069465,2.5691376073696199,55.75078693431238,0.000439040182470444,0.013913285130641656
WELDEDBEAM,trieste,Trieste,continuous_margins,solver_evaluation,4,119,adaptive,0.22800654037799067,7.5543756345588138,9.9686408127811408,0.60518340509015456,,,,,,,7.390526996606801,0.0036616703188864378,1,-5709.4584814701811,-21619.467202698826,-0.37717686471216388,-96820.896661370949,1,0.086481100166674221,0.23162251805784503,2.5691376073696199,55.75078693431238,0.000439040182470444,0.013913285130641656
WELDEDBEAM,trieste,Trieste,continuous_margins,solver_evaluation,4,128,adaptive,0.125,10,9.7649552721831085,0.41139027062193556,,,,,,,4.7656129206629876,0.0057307214902052196,1,-3064.9815491558365,-17151.985937175192,-0.28639027062193556,-25891.786242429011,1,0.039398104207593258,0.38033298807919508,2.5691376073696199,55.75078693431238,0.000439040182470444,0.013913285130641656
WELDEDBEAM,trieste,Trieste,continuous_margins,solver_evaluation,4,132,adaptive,0.125,10,10,1.6386776565022421,,,,,,,19.093438630537488,0.001339616727725241,1,-3149.8579694277796,-26924.349349610417,-1.5136776565022421,-2039170.4909009731,1,0.29639583460296992,0.064727814947990209,2.5691376073696199,55.75078693431238,0.000439040182470444,0.013913285130641656
WELDEDBEAM,trieste,Trieste,continuous_margins,solver_evaluation,4,138,adaptive,0.33448657567605211,3.4293454889198385,9.1192975716974125,0.61317741501678769,,,,,,,6.6433840713352472,0.0047206715174540103,1,-732.10066693941008,-20116.253195074096,-0.27869083934073557,-95102.517526162279,1,0.07307962251306073,0.30773690719196128,2.5691376073696199,55.75078693431238,0.000439040182470444,0.013913285130641656
WELDEDBEAM,trieste,Trieste,continuous_margins,solver_evaluation,4,139,adaptive,0.125,10,8.6846544011903113,0.71644456696491932,,,,,,,6.9631250865751193,0.0046777162954482199,1,-2671.9144381561327,-20672.981002166933,-0.59144456696491932,-150121.0881048528,1,0.078814806405919549,0.30464955423380269,2.5691376073696199,55.75078693431238,0.000439040182470444,0.013913285130641656
WELDEDBEAM,trieste,Trieste,continuous_margins,solver_evaluation,4,146,adaptive,0.125,10,9.0505200193504081,1.7787519782054046,,,,,,,18.025356434004831,0.0016647081198801904,1,-2805.3481033529188,-26540.860523261286,-1.6537519782054046,-2449817.9949330525,1,0.27723767997833454,0.088093352928591981,2.5691376073696199,55.75078693431238,0.000439040182470444,0.013913285130641656
WELDEDBEAM,usemoc,USeMOC,continuous_margins,solver_evaluation,4,2,initial,1.5864958996298122,3.2115808912366282,8.6899928622395208,1.7096381239885257,,,,,,,25.147720278246354,0.0019566432140776255,1,-10888.198726622159,-26096.200508200112,-0.12314222435871347,-2116298.7255249615,1,0.40499128196126893,0.1090758233844369,2.5691376073696199,55.75078693431238,0.000439040182470444,0.013913285130641656
WELDEDBEAM,usemoc,USeMOC,continuous_margins,solver_evaluation,4,24,adaptive,1.2354160218788179,4.252635622235009,8.3542100776347237,1.5198114449111269,,,,,,,20.825166918369248,0.0024772407045833499,1,-10819.000328753118,-25248.507568096567,-0.28439542303230891,-1445346.6818731287,1,0.32745778696378852,0.1464931181223415,2.5691376073696199,55.75078693431238,0.000439040182470444,0.013913285130641656
WELDEDBEAM,usemoc,USeMOC,continuous_margins,solver_evaluation,4,58,adaptive,0.4564070679683766,5.4291649468365719,4.3139460422563474,1.7659300352959848,,,,,,,7.9615648166510198,0.015483761550340759,1,-5568.0826886778032,-14664.157991479547,-1.3095229673276081,-1345204.7901285961,1,0.096723786439731424,1.0813205671130006,2.5691376073696199,55.75078693431238,0.000439040182470444,0.013913285130641656
WELDEDBEAM,usemoc,USeMOC,continuous_margins,solver_evaluation,4,60,adaptive,0.93384295729752897,5.5454801649648102,6.4914882807495822,1.2479441895304366,,,,,,,13.328733718624125,0.0064305200780164036,1,-10392.623733640035,-20415.9997058644,-0.31410123223290765,-661320.30086721561,1,0.19299451546633514,0.43063013797875377,2.5691376073696199,55.75078693431238,0.000439040182470444,0.013913285130641656
WELDEDBEAM,usemoc,USeMOC,continuous_margins,solver_evaluation,4,69,adaptive,1.1042550341030339,3.6524137919716355,6.3428352585563719,1.6249263782097412,,,,,,,15.007066918165229,0.0052940752507236455,1,-9262.2031731306997,-22290.433049600371,-0.52067134410670723,-1440822.3960585459,1,0.22309872191491098,0.34894958470741094,2.5691376073696199,55.75078693431238,0.000439040182470444,0.013913285130641656
WELDEDBEAM,usemoc,USeMOC,continuous_margins,solver_evaluation,4,70,adaptive,0.77232056891666467,3.9114828016247114,5.4998094790926046,3.0176470290459698,,,,,,,18.147174442838487,0.0043728312598020017,1,-7199.462234772961,-24478.376292903482,-2.2453264601293053,-8261934.4001521161,1,0.27942272552714786,0.28273632290249329,2.5691376073696199,55.75078693431238,0.000439040182470444,0.013913285130641656
WELDEDBEAM,usemoc,USeMOC,continuous_margins,solver_evaluation,4,72,adaptive,0.13518328929779302,9.9978735565006307,4.7070911600655014,2.5377578305203685,,,,,,,10.952727214498104,0.0082940393217576132,1,-2237.4836783352912,-21036.551210353868,-2.4025745412225756,-4314208.5899751177,1,0.15037616629530876,0.56456825728295201,2.5691376073696199,55.75078693431238,0.000439040182470444,0.013913285130641656
WELDEDBEAM,usemoc,USeMOC,continuous_margins,solver_evaluation,4,100,adaptive,0.46680306473226874,8.154349805230737,3.1892399587635563,1.9600647867257375,,,,,,,7.1324442108648327,0.034525666966745513,1,-9030.483098768731,-4719.496677556901,-1.4932617219934687,-1409309.0700531062,1,0.081851877873434647,2.4499337477965604,2.5691376073696199,55.75078693431238,0.000439040182470444,0.013913285130641656
WELDEDBEAM,usemoc,USeMOC,continuous_margins,solver_evaluation,4,104,adaptive,0.75222270896775845,7.1148611670572581,4.7279423737673483,0.75479770481877395,,,,,,,7.6627637331916798,0.027518642073394588,1,-10372.216209539518,-128.5973126006902,-0.0025749958510155047,-108096.01998959557,1,0.091364201402637721,1.9463125808645942,2.5691376073696199,55.75078693431238,0.000439040182470444,0.013913285130641656
WELDEDBEAM,usemoc,USeMOC,continuous_margins,solver_evaluation,4,106,adaptive,2.3401119565911888,0.45861402201967705,9.8723019627281658,4.7611371423862296,,,,,,,56.757617815483478,0.00047919040223059665,1,-3449.9164570828088,-28913.867062853198,-2.4210251857950409,-49764942.442088187,1,0.97197695652190008,0.0028857469234011873,2.5691376073696199,55.75078693431238,0.000439040182470444,0.013913285130641656
WELDEDBEAM,usemoc,USeMOC,continuous_margins,solver_evaluation,4,112,adaptive,0.1656868657748144,9.1671518008149775,9.5772902571501124,4.5413110633269786,,,,,,,49.612783480636438,0.00055025613633283331,1,-4738.9777125774363,-28790.059576506694,-4.3756241975521641,-42377665.606225044,1,0.84382030210076431,0.0079935078465009669,2.5691376073696199,55.75078693431238,0.000439040182470444,0.013913285130641656
WELDEDBEAM,usemoc,USeMOC,continuous_margins,solver_evaluation,4,126,adaptive,2.6685385015190439,0.40533026715701947,9.9999208717705912,3.0907984251493605,,,,,,,38.875825904090213,0.00071025405398456932,1,-3863.0627864213202,-28369.327575298477,-0.42225992363031661,-13717310.315301988,1,0.65123185327407962,0.019493158442992205,2.5691376073696199,55.75078693431238,0.000439040182470444,0.013913285130641656
WELDEDBEAM,usemoc,USeMOC,continuous_margins,solver_evaluation,4,150,adaptive,1.3460858863272278,1.9326158167798559,9.999126177946458,2.7463087291559436,,,,,,,35.574524882622626,0.0007995370445884845,1,-8843.9755936813344,-28164.48861900398,-1.4002228428287158,-9620623.1807368752,1,0.59201652730285514,0.025910261935486907,2.5691376073696199,55.75078693431238,0.000439040182470444,0.013913285130641656
WELDEDBEAM,comboo,COMBOO,continuous_margins,solver_evaluation,4,22,adaptive,0.125,10,10,5,,,,,,,57.904610937499996,0.00043904000000000002,1,-3149.8579694277796,-28992,-4.875,-58091699.305485003,1,0.99255053377683544,-1.3114835372121705e-08,2.5691376073696199,55.75078693431238,0.000439040182470444,0.013913285130641656
WELDEDBEAM,comboo,COMBOO,continuous_margins,solver_evaluation,4,25,adaptive,0.125,9.9999999956914536,10,2.9270836944418659,,,,,,,33.969890106929185,0.00074996147331502221,1,-3149.8579640934986,-28278.14967861347,-2.8020836944418659,-11650128.935976185,1,0.56323424701712432,0.022347079638282311,2.5691376073696199,55.75078693431238,0.000439040182470444,0.013913285130641656
WELDEDBEAM,comboo,COMBOO,continuous_margins,solver_evaluation,4,32,adaptive,0.26139213314968768,9.8194545139952467,3.3627379489276721,1.6925807810155673,,,,,,,5.4955779199175812,0.034107164345821027,1,-7405.0638565979625,-3667.318803978389,-1.4311886478658797,-949761.99043661903,1,0.052491461976958288,2.4198543943588304,2.5691376073696199,55.75078693431238,0.000439040182470444,0.013913285130641656
WELDEDBEAM,comboo,COMBOO,continuous_margins,solver_evaluation,4,53,adaptive,0.125,10,8.7259635341855546,5,,,,,,,47.875102177341304,0.00066079067931441968,1,-2686.9820879803719,-28676.165348396789,-4.875,-53230934.472731143,1,0.81265157070074778,0.015938040136589147,2.5691376073696199,55.75078693431238,0.000439040182470444,0.013913285130641656
WELDEDBEAM,comboo,COMBOO,continuous_margins,solver_evaluation,4,54,adaptive,0.41956536229275776,9.992590839086839,5.2540896118455587,2.6194091678243083,,,,,,,14.691738674016786,0.005778010460915378,1,-10012.817246768951,-23030.008605651172,-2.1998438055315503,-5202395.2844825396,1,0.21744268974948211,0.38373182381540899,2.5691376073696199,55.75078693431238,0.000439040182470444,0.013913285130641656
WELDEDBEAM,comboo,COMBOO,continuous_margins,solver_evaluation,4,88,adaptive,0.21788282384360486,9.6563477253415275,5.8249225932563498,2.7331267368828867,,,,,,,15.690786012486884,0.0040639078157924877,1,-6432.4692520511853,-24565.113875559015,-2.5152439130392819,-6429292.0633976366,1,0.23536256843473205,0.26053283601145255,2.5691376073696199,55.75078693431238,0.000439040182470444,0.013913285130641656
WELDEDBEAM,comboo,COMBOO,continuous_margins,solver_evaluation,4,95,adaptive,0.24817276334339489,4.6570661664616297,9.5752993045930666,1.4805526734837218,,,,,,,16.396222366132655,0.0016888580843202002,1,-1184.773161275034,-26287.196562165092,-1.232379910140327,-1462485.0188667991,1,0.24801595670846069,0.089829101474909315,2.5691376073696199,55.75078693431238,0.000439040182470444,0.013913285130641656
WELDEDBEAM,comboo,COMBOO,continuous_margins,solver_evaluation,4,99,adaptive,0.39954943532557285,3.9523016787102141,5.3080334871277941,2.3354232452273465,,,,,,,12.212241608608082,0.0062850325796075098,1,-719.93175956531013,-22340.549219331311,-1.9358738099017736,-3716626.8051890531,1,0.17296803384318721,0.42017340565113964,2.5691376073696199,55.75078693431238,0.000439040182470444,0.013913285130641656
WELDEDBEAM,comboo,COMBOO,continuous_margins,solver_evaluation,4,102,adaptive,0.13797459354996275,9.9999930515726252,5.7492384147632771,1.188995207680879,,,,,,,6.7052581609717681,0.0097154525182921465,1,-2765.8549429463328,-17175.814400133557,-1.0510206141309162,-518274.49260144553,1,0.074189455988764377,0.6667305563509206,2.5691376073696199,55.75078693431238,0.000439040182470444,0.013913285130641656
WELDEDBEAM,comboo,COMBOO,continuous_margins,solver_evaluation,4,106,adaptive,0.12500000000000008,9.4676603712729293,9.0155790736340506,5,,,,,,,50.077252033764786,0.0005991329561035487,1,-2044.584311206092,-28759.852681827935,-4.875,-54401056.589608259,1,0.85215145899861411,0.011506468251737864,2.5691376073696199,55.75078693431238,0.000439040182470444,0.013913285130641656
WELDEDBEAM,comboo,COMBOO,continuous_margins,solver_evaluation,4,107,adaptive,1.083439003595787,1.2163965534970094,9.6632788075068827,2.7444901338379952,,,,,,,31.769684038236868,0.00088641866006970835,1,-4027.6681807359237,-28033.382758370604,-1.6610511302422082,-9401495.8190356363,1,0.52376922437475915,0.032154769588814719,2.5691376073696199,55.75078693431238,0.000439040182470444,0.013913285130641656
WELDEDBEAM,comboo,COMBOO,continuous_margins,solver_evaluation,4,110,adaptive,0.53321557525504093,6.4815739044687817,7.374204140711238,3.5542370665620582,,,,,,,28.987539801485656,0.0015402181404441803,1,-9070.2277271297498,-27392.322783169431,-3.0210214913070175,-16972503.739732739,1,0.4738659962816878,0.079145791064726911,2.5691376073696199,55.75078693431238,0.000439040182470444,0.013913285130641656
WELDEDBEAM,comboo,COMBOO,continuous_margins,solver_evaluation,4,121,adaptive,0.12500000000091507,10,8.6278835706580299,3.1881243851926508,,,,,,,30.11723225668419,0.0010720770750732036,1,-2651.2088503484774,-27876.331488710999,-3.0631243851917356,-13689963.794463562,1,0.49412925205473324,0.045498736398968988,2.5691376073696199,55.75078693431238,0.000439040182470444,0.013913285130641656
WELDEDBEAM,comboo,COMBOO,continuous_margins,solver_evaluation,4,142,adaptive,0.125,10,5.0161434517757026,2.9668483569784661,,,,,,,13.787781891975428,0.0058623116312726299,1,-1405.0062043553571,-23248.57742568136,-2.8418483569784661,-7276239.2390112188,1,0.20122844719347238,0.38979086519677142,2.5691376073696199,55.75078693431238,0.000439040182470444,0.013913285130641656
WELDEDBEAM,comboo,COMBOO,continuous_margins,solver_evaluation,4,149,adaptive,1.6791699771452979,0.82256256752859991,5.4911608016355249,1.8142681818938458,,,,,,,11.904136917834389,0.0073076901534255808,1,-670.82980761778526,-20787.007257936326,-0.13509820474854783,-1788478.2597372676,1,0.16744157031296453,0.49367564212625076,2.5691376073696199,55.75078693431238,0.000439040182470444,0.013913285130641656
WELDEDBEAM,pac-moo,PAC-MOO,continuous_margins,solver_evaluation,4,2,initial,1.5864958996298122,3.2115808912366282,8.6899928622395208,1.7096381239885257,,,,,,,25.147720278246354,0.0019566432140776255,1,-10888.198726622159,-26096.200508200112,-0.12314222435871347,-2116298.7255249615,1,0.40499128196126893,0.1090758233844369,2.5691376073696199,55.75078693431238,0.000439040182470444,0.013913285130641656
WELDEDBEAM,pac-moo,PAC-MOO,continuous_margins,solver_evaluation,4,8,initial,0.5195925969784585,6.289214904584286,2.3380474785656604,4.0455224575217539,,,,,,,9.3104313923752589,0.042456041520432093,1,-7345.569480857308,-7209.740626517163,-3.5259298605432954,-9357784.9234851189,1,0.12091836107979029,3.0199195188939463,2.5691376073696199,55.75078693431238,0.000439040182470444,0.013913285130641656
WELDEDBEAM,pac-moo,PAC-MOO,continuous_margins,solver_evaluation,4,23,adaptive,0.5675572133427037,5.247884331864439,4.9758139954158045,2.1957692463023486,,,,,,,11.841858277402498,0.0081151207062399675,1,-7177.0787928158898,-20729.235187209775,-1.6282120329596448,-2926303.4922014358,1,0.16632448042317927,0.55170870514715864,2.5691376073696199,55.75078693431238,0.000439040182470444,0.013913285130641656
WELDEDBEAM,pac-moo,PAC-MOO,continuous_margins,solver_evaluation,4,28,adaptive,1.0312279942903111,5.1622700117123506,7.8899677592874538,1.1020649364624733,,,,,,,15.221751398161125,0.004055470282527879,1,-10749.794876551048,-22653.628367320405,-0.070836942172162187,-525594.04082953301,1,0.22694951024995,0.2599263988411234,2.5691376073696199,55.75078693431238,0.000439040182470444,0.013913285130641656
WELDEDBEAM,pac-moo,PAC-MOO,continuous_margins,solver_evaluation,4,43,adaptive,0.73193566312777592,4.3907870751544991,4.6943333313253799,2.100917426827726,,,,,,,11.468676824016708,0.010100510800990928,1,-7273.6680101770971,-19113.865289578225,-1.3689817636999502,-2439585.3873028494,1,0.15963073717924112,0.69440613972919529,2.5691376073696199,55.75078693431238,0.000439040182470444,0.013913285130641656
WELDEDBEAM,pac-moo,PAC-MOO,continuous_margins,solver_evaluation,4,94,adaptive,1.3035143480153888,8.1741593870074567,6.9955070769868426,3.6695237009955557,,,,,,,41.272739712411799,0.0017474582002811336,1,-12228.749670513682,-27193.387605580403,-2.3660093529801669,-17958653.306754641,1,0.6942252160609711,0.094040911655660697,2.5691376073696199,55.75078693431238,0.000439040182470444,0.013913285130641656
WELDEDBEAM,pac-moo,PAC-MOO,continuous_margins,solver_evaluation,4,95,adaptive,3.1312426095660899,9.5541504683634475,9.936613688122069,3.3041187443496245,,,,,,,141.29287351472686,0.00067717860725799981,1,-13204.592804177302,-28455.108164192614,-0.17287613478353459,-16694749.571496597,1,2.4882830097233719,0.017115901999528223,2.5691376073696199,55.75078693431238,0.000439040182470444,0.013913285130641656
WELDEDBEAM,pac-moo,PAC-MOO,continuous_margins,solver_evaluation,4,112,adaptive,0.81529168621408277,8.4367099532064227,7.2088598288744619,3.0661898408067194,,,,,,,28.748813318283098,0.0019110643476830957,1,-11467.512117610704,-26837.00624852904,-2.2508981545926368,-10713187.786106726,1,0.46958396733949842,0.10579989926108591,2.5691376073696199,55.75078693431238,0.000439040182470444,0.013913285130641656
WELDEDBEAM,pac-moo,PAC-MOO,continuous_margins,solver_evaluation,4,115,adaptive,1.7486470886059584,6.9666975161859019,8.4199613812167353,3.2791182533445578,,,,,,,53.313994725123671,0.0011214675626825823,1,-12473.056799209584,-27832.030048146138,-1.5304711647385993,-14650205.936572785,1,0.91020880436259133,0.049048616038868308,2.5691376073696199,55.75078693431238,0.000439040182470444,0.013913285130641656
WELDEDBEAM,pac-moo,PAC-MOO,continuous_margins,solver_evaluation,4,129,adaptive,0.91744562930819373,6.1541960657999448,6.249932908460031,2.679320993019056,,,,,,,22.03637434964276,0.0033560102699999447,1,-10674.416102830144,-25184.348182438203,-1.7618753637108622,-6405590.9714951674,1,0.34918317413546379,0.20965358361738506,2.5691376073696199,55.75078693431238,0.000439040182470444,0.013913285130641656
WELDEDBEAM,pac-moo,PAC-MOO,continuous_margins,solver_evaluation,4,131,adaptive,1.7091093040457637,7.5744495229521673,7.7292885525816972,2.9862702940747661,,,,,,,48.571694690406083,0.001591938981546283,1,-12512.301796845548,-27174.974445962544,-1.2771609900290024,-10415681.659073301,1,0.82514632730186144,0.082863161952799663,2.5691376073696199,55.75078693431238,0.000439040182470444,0.013913285130641656
WELDEDBEAM,pac-moo,PAC-MOO,continuous_margins,solver_evaluation,4,139,adaptive,2.2356664125856844,9.1634895972844941,9.5006269445255374,3.4344388611695265,,,,,,,87.488021803855816,0.00074535215025778106,1,-12991.312156676549,-28374.188405686426,-1.198772448583842,-18233726.104587425,1,1.523187184721549,0.022015790297629765,2.5691376073696199,55.75078693431238,0.000439040182470444,0.013913285130641656
WELDEDBEAM,pac-moo,PAC-MOO,continuous_margins,solver_evaluation,4,144,adaptive,1.9020052794957172,8.8790435651860165,8.4222858845053334,4.2017804723671892,,,,,,,73.659395167847947,0.00087448184750421609,1,-12816.756310812272,-28309.024870295456,-2.299775192871472,-30835314.674395859,1,1.2751435714125339,0.031296826087088912,2.5691376073696199,55.75078693431238,0.000439040182470444,0.013913285130641656
WELDEDBEAM,hypermapper,HyperMapper,binary_label,solver_evaluation,4,21,adaptive,0.86346464450406879,5.954249174179858,9.3231872367011857,2.5982982544403059,,,,,,,32.085860539656082,0.001042537952233026,1,-10899.034334318481,-27768.418653818371,-1.7348336099362371,-7797570.2980457488,1,0.52944047170247388,0.043375648820240177,2.5691376073696199,55.75078693431238,0.000439040182470444,0.013913285130641656
WELDEDBEAM,hypermapper,HyperMapper,binary_label,solver_evaluation,4,23,adaptive,0.3955744622079076,5.9916787191985579,9.481958436201074,1.5016852061147774,,,,,,,17.121692631626569,0.0017147509410885601,1,-7638.3979392898245,-26267.021062077918,-1.1061107439068698,-1516811.5135492117,1,0.26102869258873967,0.091690118231572706,2.5691376073696199,55.75078693431238,0.000439040182470444,0.013913285130641656
WELDEDBEAM,hypermapper,HyperMapper,binary_label,solver_evaluation,4,29,adaptive,0.59074925013740232,6.1951938025482072,10,1.5016852061147774,,,,,,,19.727471690174596,0.0014618243497780158,1,-9899.0791084434677,-26643.770625509656,-0.91093595597737509,-1567930.7795118936,1,0.30776846438098809,0.073511335224134999,2.5691376073696199,55.75078693431238,0.000439040182470444,0.013913285130641656
WELDEDBEAM,hypermapper,HyperMapper,binary_label,solver_evaluation,4,49,adaptive,1.4772866177761399,3.0750154372744434,10,3.0169560473745856,,,,,,,42.248512394570824,0.00072762080903044843,1,-10818.717081299501,-28329.442020083156,-1.5396694295984457,-12757091.155541636,1,0.711727618014664,0.020741372281982091,2.5691376073696199,55.75078693431238,0.000439040182470444,0.013913285130641656
WELDEDBEAM,hypermapper,HyperMapper,binary_label,solver_evaluation,4,51,adaptive,1.4260097312645226,3.0345832223632438,10,3.2978475623461585,,,,,,,44.895251744012711,0.0006656462915582091,1,-10672.316617648388,-28471.730453055134,-1.8718378310816359,-16664193.966905544,1,0.759202093174277,0.016287031205067699,2.5691376073696199,55.75078693431238,0.000439040182470444,0.013913285130641656
WELDEDBEAM,hypermapper,HyperMapper,binary_label,solver_evaluation,4,65,adaptive,1.486936653065037,3.022684340504469,9.7946106064716805,1.9260768189634749,,,,,,,28.978954083477941,0.0012129390129652169,1,-10753.184616791015,-27272.388063966027,-0.43914016589843796,-3273081.2210827838,1,0.47371199454503371,0.055623012338789177,2.5691376073696199,55.75078693431238,0.000439040182470444,0.013913285130641656
WELDEDBEAM,hypermapper,HyperMapper,binary_label,solver_evaluation,4,66,adaptive,1.5027366589613365,3.0225745071246792,10,3.910035024015643,,,,,,,52.687170720482577,0.00056142719605245593,1,-10826.290928647941,-28711.008988655074,-2.4072983650543067,-27777750.111121617,1,0.89896548316284508,0.008796413818363805,2.5691376073696199,55.75078693431238,0.000439040182470444,0.013913285130641656
WELDEDBEAM,hypermapper,HyperMapper,binary_label,solver_evaluation,4,76,adaptive,0.79455045022630932,3.280902087593935,10,1.3959197936734515,,,,,,,18.405998411394886,0.0015725831884819054,1,-8494.7369098516901,-26389.477373383379,-0.60136934344714221,-1258242.3017821347,1,0.28406524239173231,0.081471988489262306,2.5691376073696199,55.75078693431238,0.000439040182470444,0.013913285130641656
WELDEDBEAM,hypermapper,HyperMapper,binary_label,solver_evaluation,4,87,adaptive,0.63436531858543765,9.1667591907993806,9.9585601666462207,1.5535436000517577,,,,,,,21.907801650630738,0.0014307409024355681,1,-11359.645761934198,-26728.748106171508,-0.91917828146632008,-1732294.2479613977,1,0.34687696993491124,0.071277251249675821,2.5691376073696199,55.75078693431238,0.000439040182470444,0.013913285130641656
WELDEDBEAM,hypermapper,HyperMapper,binary_label,solver_evaluation,4,101,adaptive,0.51838401625442898,3.3347900338646745,7.9644324268249136,0.59573561864088087,,,,,,,6.0037276372166666,0.0072938366242595223,1,-4339.18954176431,-16662.718868981086,-0.07735160238645189,-78532.254919229526,1,0.061606126455108275,0.49267993701160834,2.5691376073696199,55.75078693431238,0.000439040182470444,0.013913285130641656
WELDEDBEAM,hypermapper,HyperMapper,binary_label,solver_evaluation,4,113,adaptive,0.95415963809292048,3.0183967905004883,10,1.4369494581903375,,,,,,,19.627348082707414,0.001527680731905899,1,-9052.1590218489218,-26492.569748175232,-0.482789820097417,-1373029.0037946331,1,0.30597255058366091,0.078244680477215861,2.5691376073696199,55.75078693431238,0.000439040182470444,0.013913285130641656
WELDEDBEAM,hypermapper,HyperMapper,binary_label,solver_evaluation,4,114,adaptive,0.66430291952456888,8.5215527924909207,9.959303903275508,1.0444628129376494,,,,,,,16.144654860828119,0.0021276204574636778,1,-11278.438004508118,-25135.036516827513,-0.38015989341308054,-522264.76737876236,1,0.24350359878244718,0.1213645993119498,2.5691376073696199,55.75078693431238,0.000439040182470444,0.013913285130641656
WELDEDBEAM,hypermapper,HyperMapper,binary_label,solver_evaluation,4,120,adaptive,1.6109359960840803,9.4487268159408053,10,4.0559419880796881,,,,,,,73.919603980118694,0.00054123062076618397,1,-12779.534523190636,-28757.378676812332,-2.4450059919956075,-31005596.563689679,1,1.2798109281724903,0.0073448101822252481,2.5691376073696199,55.75078693431238,0.000439040182470444,0.013913285130641656
WELDEDBEAM,hypermapper,HyperMapper,binary_label,solver_evaluation,4,136,adaptive,0.51838401625442898,5.186092335486622,8.4432313500042095,0.59573561864088087,,,,,,,6.9705826624103988,0.0061220159790274465,1,-7973.4457002749959,-18132.490429740781,-0.07735160238645189,-82051.16804982438,1,0.078948572694170632,0.4084567909875727,2.5691376073696199,55.75078693431238,0.000439040182470444,0.013913285130641656
WELDEDBEAM,hypermapper,HyperMapper,binary_label,solver_evaluation,4,142,adaptive,1.6909190023371909,3.0225544976190073,9.9965224433560689,2.3046271895304677,,,,,,,36.144063580760402,0.00095351290805553008,1,-11166.06975836476,-27811.573503350475,-0.6137081871932768,-5681996.5673465077,1,0.60223232387643233,0.036977084905134808,2.5691376073696199,55.75078693431238,0.000439040182470444,0.013913285130641656
WELDEDBEAM,hypermapper,HyperMapper,binary_label,solver_evaluation,4,149,adaptive,0.39283965306724511,4.7372048565365628,9.9500135965852863,0.64732018431711058,,,,,,,8.2289764971803496,0.0034425790562814282,1,-6154.171134598485,-22135.628169492869,-0.25448053124986547,-119684.95457501957,1,0.1015203408066573,0.21587560706250444,2.5691376073696199,55.75078693431238,0.000439040182470444,0.013913285130641656
CF1_D4,ctsemo,cTSEMO,binary_label,solver_evaluation,4,19,initial,0.15740615001824029,0.70010377440622862,0.097048965689136277,0.6816899846566572,,,,,,,0.15741494880758267,1.3661558049823892,1,-0.25240679168704538,,,,1,0.11148828019753719,1.3661559040504978,0,1.4119416725118701,2.7056264101680599e-07,0.99999972943735893
CF1_D4,ctsemo,cTSEMO,binary_label,solver_evaluation,4,28,adaptive,0.14840713198034475,0.58299744426451783,0.22192996198388229,0.4649118113769225,,,,,,,0.18211229032727416,1.0868512879122063,1,-0.12063296288700615,,,,1,0.12898003782499956,1.0868513114109266,0,1.4119416725118701,2.7056264101680599e-07,0.99999972943735893
CF1_D4,ctsemo,cTSEMO,binary_label,solver_evaluation,4,30,adaptive,0.39529266009327702,0.88365151534757691,1.4353172642166123e-05,1.0130044324811738e-05,,,,,,,0.59175852080632019,0.69410872943034319,1,-0.21210033427112701,,,,1,0.41910974959296365,0.69410864666757077,0,1.4119416725118701,2.7056264101680599e-07,0.99999972943735893
CF1_D4,ctsemo,cTSEMO,binary_label,solver_evaluation,4,40,adaptive,4.7508645533288207e-05,3.9695353294788571e-05,0.039049461258916,0.63127009994821848,,,,,,,0.003096613440567296,1.3985013906022337,1,-0.25773573766650304,,,,1,0.0021931596048570222,1.3985014984218516,0,1.4119416725118701,2.7056264101680599e-07,0.99999972943735893
CF1_D4,ctsemo,cTSEMO,binary_label,solver_evaluation,4,90,adaptive,0.64708388874652978,0.99999999522435767,0.43000422534119043,0.42861311733832591,,,,,,,0.69230022796416513,0.39126742727377994,1,-0.051126957411299682,,,,1,0.49031786612866973,0.39126726257344285,0,1.4119416725118701,2.7056264101680599e-07,0.99999972943735893
CF1_D4,ctsemo,cTSEMO,binary_label,solver_evaluation,4,124,adaptive,0.23779387341482094,0.51269643038040935,0.17236192770190559,0.33450319924273686,,,,,,,0.23787343899424154,0.84009414019122486,1,-0.0082587735376865867,,,,1,0.16847256768833824,0.84009409692666137,0,1.4119416725118701,2.7056264101680599e-07,0.99999972943735893
CF1_D4,ctsemo,cTSEMO,binary_label,solver_evaluation,4,130,adaptive,0.8414332823773405,0.80727476846735391,0.4556745881976324,0.84674609091952657,,,,,,,1.0867319390224635,0.18991926023433139,1,-0.17668579714299179,,,,1,0.76967197737647863,0.18991904105668772,0,1.4119416725118701,2.7056264101680599e-07,0.99999972943735893
CF1_D4,ctsemo,cTSEMO,binary_label,solver_evaluation,4,136,adaptive,0.2627665899267696,0.54607657741526794,0.18703290478752563,0.22764493518116702,,,,,,,0.2627690059641577,0.76350711319589482,1,-0.003089874589931537,,,,1,0.18610471741136927,0.76350704920973744,0,1.4119416725118701,2.7056264101680599e-07,0.99999972943735893
CF1_D4,ctsemo,cTSEMO,binary_label,solver_evaluation,4,140,adaptive,0.87089809720821865,0.81410722108700984,0.46282850302527534,0.90622318689877845,,,,,,,1.1574037523134693,0.16512249545215701,1,-0.0824043047072609,,,,1,0.81972490425502265,0.16512226956543335,0,1.4119416725118701,2.7056264101680599e-07,0.99999972943735893
CF1_D4,botorch,BoTorch,continuous_margins,solver_evaluation,4,26,adaptive,0.56132463484013428,0.46719545867647755,0.25091460308150337,0.55410072337513661,,,,,,,0.67173012933293363,0.57533930926151666,1,-0.13392650492847619,,,,1,0.4757492057996372,0.57533919436416758,0,1.4119416725118701,2.7056264101680599e-07,0.99999972943735893
CF1_D4,botorch,BoTorch,continuous_margins,solver_evaluation,4,29,adaptive,0.68252947683381071,0.55742040719409891,0.22110554042889194,0.5901685019130356,,,,,,,1.0013559239674483,0.40514391991707366,1,-0.28777712651385196,,,,1,0.7092048796789302,0.40514375897119809,0,1.4119416725118701,2.7056264101680599e-07,0.99999972943735893
CF1_D4,botorch,BoTorch,continuous_margins,solver_evaluation,4,37,adaptive,0.01271731361710416,0.55415216912852705,0.051195743511369442,0.5943262627375151,,,,,,,0.017121241964493238,1.5351314553307134,1,-0.016155016850053161,,,,1,0.012126026377586996,1.5351316001173325,0,1.4119416725118701,2.7056264101680599e-07,0.99999972943735893
CF1_D4,botorch,BoTorch,continuous_margins,solver_evaluation,4,40,adaptive,0.47947338145866802,0.37888199577683584,0.19563442867226635,0.59587327424781988,,,,,,,0.56217558779266252,0.75278564332254472,1,-0.024227307765083417,,,,1,0.39815779839725379,0.75278557643555732,0,1.4119416725118701,2.7056264101680599e-07,0.99999972943735893
CF1_D4,botorch,BoTorch,continuous_margins,solver_evaluation,4,49,adaptive,0.28916872406697869,0.36112628882430819,0.33339791586197631,0.50682114539956657,,,,,,,0.3186191508699428,0.92112556537545309,1,-0.16108472568973264,,,,1,0.22566027837616939,0.92112554403497193,0,1.4119416725118701,2.7056264101680599e-07,0.99999972943735893
CF1_D4,botorch,BoTorch,continuous_margins,solver_evaluation,4,50,adaptive,0.40551461376308739,0.4826498559203668,0.29547608829449912,0.6985522549400659,,,,,,,0.40709649108589879,0.90352139913347251,1,-0.19853905000190961,,,,1,0.28832387272886895,0.90352137302996038,0,1.4119416725118701,2.7056264101680599e-07,0.99999972943735893
CF1_D4,botorch,BoTorch,continuous_margins,solver_evaluation,4,64,adaptive,0.40732586490577866,1,0.16834343759926615,0.5215739629151569,,,,,,,0.45666406998384895,0.85005203492089298,1,-0.10048351660716567,,,,1,0.32342984053401808,0.85005199435056455,0,1.4119416725118701,2.7056264101680599e-07,0.99999972943735893
CF1_D4,botorch,BoTorch,continuous_margins,solver_evaluation,4,106,adaptive,0.013051188950877143,0.10529610022873404,0.19023786428470182,0.62012164331340913,,,,,,,0.082114243118332014,1.3713684630984755,1,-0.1222699064003665,,,,1,0.058156965487284808,1.371368563576935,0,1.4119416725118701,2.7056264101680599e-07,0.99999972943735893
CF1_D4,botorch,BoTorch,continuous_margins,solver_evaluation,4,149,adaptive,0.15291720789640639,0.71467152721726468,0.056551761412766938,0.4729181432211455,,,,,,,0.15597060947966884,1.1538973208889853,1,-0.24477969363823529,,,,1,0.11046533473453919,1.1538973625278623,0,1.4119416725118701,2.7056264101680599e-07,0.99999972943735893
CF1_D4,trieste,Trieste,continuous_margins,solver_evaluation,4,9,initial,0.4859325740462544,0.81178074646021603,0.74622893685158775,0.8784359020632504,,,,,,,0.71783339109614452,0.93977797743357028,1,-0.021529708587768259,,,,1,0.5084015898610782,0.93977796113973644,0,1.4119416725118701,2.7056264101680599e-07,0.99999972943735893
CF1_D4,trieste,Trieste,continuous_margins,solver_evaluation,4,32,adaptive,0.80418958455387934,0.45216501181694257,0.76099172829722705,0.75192253742254156,,,,,,,0.804190206450628,0.40454800272563551,1,-0.19749794438842844,,,,1,0.56956333402920167,0.40454784161852697,0,1.4119416725118701,2.7056264101680599e-07,0.99999972943735893
CF1_D4,trieste,Trieste,continuous_margins,solver_evaluation,4,35,adaptive,0,0,0,0,,,,,,,0,1,1,0,,,,1,0,1,0,1.4119416725118701,2.7056264101680599e-07,0.99999972943735893
CF1_D4,usemoc,USeMOC,continuous_margins,solver_evaluation,4,27,adaptive,0.0037332910026903754,0.0007648851959602492,0.081560472394611172,0.5603724185182567,,,,,,,0.016738154473648251,1.3139087423563829,1,-0.24187530157795559,,,,1,0.011854706748523661,1.3139088272883843,0,1.4119416725118701,2.7056264101680599e-07,0.99999972943735893
CF1_D4,usemoc,USeMOC,continuous_margins,solver_evaluation,4,74,adaptive,0.86445465343464423,0.60541169905198933,0.71085912222198044,0.99035266869516481,,,,,,,0.89455709691854168,0.29983093824081763,1,-0.029462401933353838,,,,1,0.63356519205719608,0.29983074880117588,0,1.4119416725118701,2.7056264101680599e-07,0.99999972943735893
CF1_D4,usemoc,USeMOC,continuous_margins,solver_evaluation,4,96,adaptive,7.5728977109166399e-07,0.72135303334422451,1.5647345015625588e-06,0.78350307161468213,,,,,,,7.5729452905502389e-07,2.1329717845318772,1,-0.27269420395423805,,,,1,5.3634972591168233e-07,2.1329720910717982,0,1.4119416725118701,2.7056264101680599e-07,0.99999972943735893
CF1_D4,usemoc,USeMOC,continuous_margins,solver_evaluation,4,115,adaptive,0.23503594813739101,0.57619150797273433,0.30631860153703433,0.00026040768311010737,,,,,,,0.27574420900720192,0.77633849852914261,1,-0.033413636212509007,,,,1,0.19529433430252677,0.77633843801467972,0,1.4119416725118701,2.7056264101680599e-07,0.99999972943735893
CF1_D4,usemoc,USeMOC,continuous_margins,solver_evaluation,4,128,adaptive,7.0879085101700835e-06,0.37413093943553039,6.7650552827489703e-06,0.61164349978077093,,,,,,,7.0879904131775334e-06,1.5120896235590324,1,-0.14156255246180238,,,,1,5.0200306083238328e-06,1.5120897621113911,0,1.4119416725118701,2.7056264101680599e-07,0.99999972943735893
CF1_D4,usemoc,USeMOC,continuous_margins,solver_evaluation,4,129,adaptive,0.99998391607823622,0.99087856643060213,0.14488797240868145,0.99996614349779822,,,,,,,2.4623483087128211,9.9137830636992114e-05,1,-0.53558107257901599,,,,1,1.7439447794838849,9.8867294745771695e-05,0,1.4119416725118701,2.7056264101680599e-07,0.99999972943735893
CF1_D4,usemoc,USeMOC,continuous_margins,solver_evaluation,4,131,adaptive,0.99997643541956094,0.77586702958061204,0.64546822474392473,0.9112131538923236,,,,,,,1.2513202246476407,0.05812860898010612,1,-0.097184317102442824,,,,1,0.88624073430846406,0.058128354144826123,0,1.4119416725118701,2.7056264101680599e-07,0.99999972943735893
CF1_D4,usemoc,USeMOC,continuous_margins,solver_evaluation,4,136,adaptive,0.99994577035972287,0.94858084740651616,0.32780604181857737,0.99876723635199016,,,,,,,1.9034529514337715,0.0026966352159124535,1,-0.88239144752307719,,,,1,1.3481101864834784,0.0026963653828071758,0,1.4119416725118701,2.7056264101680599e-07,0.99999972943735893
CF1_D4,usemoc,USeMOC,continuous_margins,solver_evaluation,4,142,adaptive,0.9998751917690949,0.99979058663813469,0.54330861099356775,0.94349628409869202,,,,,,,1.4167243002559295,0.003289355298351102,1,-0.010362848695704474,,,,1,1.0033872700531254,0.0032890856256137788,0,1.4119416725118701,2.7056264101680599e-07,0.99999972943735893
CF1_D4,comboo,COMBOO,continuous_margins,solver_evaluation,4,35,adaptive,0.098703875791898515,0.37540979127590418,3.2397107020126962e-11,7.7457858836282224e-11,,,,,,,0.10482548372454008,0.905141139813879,1,-5.0157557087497986e-05,,,,1,0.074242077959249989,0.90514111414860832,0,1.4119416725118701,2.7056264101680599e-07,0.99999972943735893
CF1_D4,comboo,COMBOO,continuous_margins,solver_evaluation,4,39,adaptive,5.3590456672438511e-15,0.21502776724007105,5.7364306684347705e-16,0.50113177279020671,,,,,,,5.3590456672438519e-15,1.2973699629016737,1,-0.21483889069984344,,,,1,3.7955149079990053e-15,1.2973700433588982,0,1.4119416725118701,2.7056264101680599e-07,0.99999972943735893
CF1_D4,comboo,COMBOO,continuous_margins,solver_evaluation,4,56,adaptive,1,0.99999999999999978,0.5024625982173212,0.99999999999999978,,,,,,,1.4950869323453175,9.8607613152626476e-32,1,-0.3413504836409807,,,,1,1.0588871774607591,-2.7056271422096851e-07,0,1.4119416725118701,2.7056264101680599e-07,0.99999972943735893
CF1_D4,comboo,COMBOO,continuous_margins,solver_evaluation,4,57,adaptive,0,1.5165829668557389e-11,0,0.9999999985294401,,,,,,,0,1.9999999970588802,1,-0.99999990466087507,,,,1,0,2.0000002676215938,0,1.4119416725118701,2.7056264101680599e-07,0.99999972943735893
CF1_D4,comboo,COMBOO,continuous_margins,solver_evaluation,4,67,adaptive,0.8343773965055411,0.99999999999999767,0.45306814987203958,1,,,,,,,1.0715743567395233,0.26541795122044409,1,-0.14478668432908928,,,,1,0.75893670227409105,0.26541775246993116,0,1.4119416725118701,2.7056264101680599e-07,0.99999972943735893
CF1_D4,comboo,COMBOO,continuous_margins,solver_evaluation,4,69,adaptive,0.70048565412787633,0.99999999999992217,1,0.11479449582599176,,,,,,,0.95847864184298581,0.46738960611588465,1,-0.14956430557542527,,,,1,0.67883727812766848,0.46738946201137088,0,1.4119416725118701,2.7056264101680599e-07,0.99999972943735893
CF1_D4,comboo,COMBOO,continuous_margins,solver_evaluation,4,124,adaptive,0.73938204423157461,0.99999973836027911,0.83683178200275665,0,,,,,,,0.78510952300380721,0.57911875422731618,1,-0.17713184113172403,,,,1,0.55604954389304406,0.5791186403525439,0,1.4119416725118701,2.7056264101680599e-07,0.99999972943735893
CF1_D4,comboo,COMBOO,continuous_margins,solver_evaluation,4,135,adaptive,1,1,0.50154943713497502,1,,,,,,,1.4969059272409204,0,1,-0.39985576239535398,,,,1,1.0601754706891662,-2.7056271422096851e-07,0,1.4119416725118701,2.7056264101680599e-07,0.99999972943735893
CF1_D4,comboo,COMBOO,continuous_margins,solver_evaluation,4,136,adaptive,0.88961367783301104,0.99999999999978051,0.49519719398943807,0.9999692586125204,,,,,,,1.161609692156119,0.15710924203430376,1,-0.17780370234844955,,,,1,0.82270373824266696,0.15710901397949251,0,1.4119416725118701,2.7056264101680599e-07,0.99999972943735893
CF1_D4,comboo,COMBOO,continuous_margins,solver_evaluation,4,140,adaptive,0.60122725590296633,1,0.31197265016168951,0.74053419531545983,,,,,,,0.69579181614508046,0.59290956032567932,1,-0.19827632463745085,,,,1,0.49279076444231162,0.59290945018218499,0,1.4119416725118701,2.7056264101680599e-07,0.99999972943735893
CF1_D4,pac-moo,PAC-MOO,continuous_margins,solver_evaluation,4,17,initial,0.13169618842934472,0.59796407718058453,0.4483978525688494,0.44306933259959236,,,,,,,0.40411051337423953,1.1048012313138351,1,-0.48721390354543687,,,,1,0.28620907027647929,1.1048012596691408,0,1.4119416725118701,2.7056264101680599e-07,0.99999972943735893
CF1_D4,pac-moo,PAC-MOO,continuous_margins,solver_evaluation,4,19,initial,0.15740615001824029,0.70010377440622862,0.097048965689136277,0.6816899846566572,,,,,,,0.15741494880758267,1.3661558049823892,1,-0.25240679168704538,,,,1,0.11148828019753719,1.3661559040504978,0,1.4119416725118701,2.7056264101680599e-07,0.99999972943735893
CF1_D4,pac-moo,PAC-MOO,continuous_margins,solver_evaluation,4,21,adaptive,0.15811036380910029,0.69366974765979472,0.10309655842358,0.68563393594173738,,,,,,,0.15813342061147068,1.3659672800053677,1,-0.2804696600996251,,,,1,0.11199713393978125,1.3659673790224685,0,1.4119416725118701,2.7056264101680599e-07,0.99999972943735893
CF1_D4,pac-moo,PAC-MOO,continuous_margins,solver_evaluation,4,23,adaptive,0.1319867376051943,0.58896851751606405,0.44021787015398339,0.44904041825056529,,,,,,,0.39214336827925284,1.1052353916318165,1,-0.097579305028754282,,,,1,0.27773340493706272,1.1052354201045897,0,1.4119416725118701,2.7056264101680599e-07,0.99999972943735893
CF1_D4,pac-moo,PAC-MOO,continuous_margins,solver_evaluation,4,40,adaptive,0.15833824104966315,0.69519590113176366,0.10185713082261241,0.68431652796789522,,,,,,,0.15834605234769436,1.3646409462878177,1,-0.32651358653551715,,,,1,0.11214772920895084,1.364641044946062,0,1.4119416725118701,2.7056264101680599e-07,0.99999972943735893
CF1_D4,pac-moo,PAC-MOO,continuous_margins,solver_evaluation,4,70,adaptive,0.57069971585532309,0.59638150871576645,0.35007400831415914,0.57513941024964776,,,,,,,0.61330710371830444,0.51682295357239383,1,-0.019900829041170021,,,,1,0.43437141608492924,0.51682282284270065,0,1.4119416725118701,2.7056264101680599e-07,0.99999972943735893
CF1_D4,pac-moo,PAC-MOO,continuous_margins,solver_evaluation,4,140,adaptive,0.012515888938912423,0.63333445813546452,0.010737374306948988,0.57835784426610359,,,,,,,0.012601722901849405,1.5937212920066945,1,-0.047350419483102257,,,,1,0.0089251016151614179,1.593721452645539,0,1.4119416725118701,2.7056264101680599e-07,0.99999972943735893
CF1_D4,pac-moo,PAC-MOO,continuous_margins,solver_evaluation,4,142,adaptive,1,0.92387753936283989,0.55515826359445786,0.98265364308684644,,,,,,,1.3957683408965957,0.0060955251116144998,1,-0.083087652798201073,,,,1,0.98854532596484546,0.006095256198122098,0,1.4119416725118701,2.7056264101680599e-07,0.99999972943735893
CF1_D4,hypermapper,HyperMapper,binary_label,solver_evaluation,4,1,initial,0.8251801482879827,0.21522891616820408,0.31802629072565758,0.63621898916583086,,,,,,,1.2640720712054963,0.65729644228946893,1,-0.71010970138524776,,,,1,0.89527216018540545,0.65729634956666416,0,1.4119416725118701,2.7056264101680599e-07,0.99999972943735893
CF1_D4,hypermapper,HyperMapper,binary_label,solver_evaluation,4,9,initial,0.4859325740462544,0.81178074646021603,0.74622893685158775,0.8784359020632504,,,,,,,0.71783339109614452,0.93977797743357028,1,-0.021529708587768259,,,,1,0.5084015898610782,0.93977796113973644,0,1.4119416725118701,2.7056264101680599e-07,0.99999972943735893
CF1_D4,hypermapper,HyperMapper,binary_label,solver_evaluation,4,17,initial,0.13169618842934472,0.59796407718058453,0.4483978525688494,0.44306933259959236,,,,,,,0.40411051337423953,1.1048012313138351,1,-0.48721390354543687,,,,1,0.28620907027647929,1.1048012596691408,0,1.4119416725118701,2.7056264101680599e-07,0.99999972943735893
CF1_D4,hypermapper,HyperMapper,binary_label,solver_evaluation,4,19,initial,0.15740615001824029,0.70010377440622862,0.097048965689136277,0.6816899846566572,,,,,,,0.15741494880758267,1.3661558049823892,1,-0.25240679168704538,,,,1,0.11148828019753719,1.3661559040504978,0,1.4119416725118701,2.7056264101680599e-07,0.99999972943735893
CF1_D4,hypermapper,HyperMapper,binary_label,solver_evaluation,4,20,initial,0.65605346381056173,0.36647250967892442,0.18806814946607048,0.92052806418058231,,,,,,,0.97985588930604639,0.78085718298430851,1,-0.72926169119136008,,,,1,0.69397759722104158,0.7808571236924331,0,1.4119416725118701,2.7056264101680599e-07,0.99999972943735893
CF1_D4,hypermapper,HyperMapper,binary_label,solver_evaluation,4,33,adaptive,0.05785438129270077,0.61898853094661954,0.06536074906042251,0.67963161632374147,,,,,,,0.060590422897274551,1.5427376569741349,1,-0.071412437566586773,,,,1,0.042912837036308361,1.5427378038187085,0,1.4119416725118701,2.7056264101680599e-07,0.99999972943735893
CF1_D4,hypermapper,HyperMapper,binary_label,solver_evaluation,4,44,adaptive,0.82620771033479889,0.79086764341609128,0.29923685486813245,0.69280103650862745,,,,,,,1.3034027112226263,0.18784169031928591,1,-0.021621244489495151,,,,1,0.92312787177946876,0.18784147057952927,0,1.4119416725118701,2.7056264101680599e-07,0.99999972943735893
CF1_D4,hypermapper,HyperMapper,binary_label,solver_evaluation,4,70,adaptive,0.0029701645811406126,0.77257757851168263,0.041767976305467851,0.77540134178756515,,,,,,,0.0063444083678530563,2.11389992957732,1,-0.88510327360244401,,,,1,0.0044933926743349374,2.1139002309571082,0,1.4119416725118701,2.7056264101680599e-07,0.99999972943735893
CF1_D4,hypermapper,HyperMapper,binary_label,solver_evaluation,4,77,adaptive,0.8453282804341743,0.93742749632467959,0.1814732789946327,0.76369398672997491,,,,,,,1.6368124239848263,0.15740827795252776,1,-0.1913950792419552,,,,1,1.1592634850651493,0.15740804997862448,0,1.4119416725118701,2.7056264101680599e-07,0.99999972943735893
CF1_D4,hypermapper,HyperMapper,binary_label,solver_evaluation,4,79,adaptive,0.037808507018732312,0.78701010198467525,0.047903416565319101,0.64003087185116547,,,,,,,0.039759313574724647,1.7211376963387628,1,-0.20868482261061372,,,,1,0.0281593173066364,1.7211378914517355,0,1.4119416725118701,2.7056264101680599e-07,0.99999972943735893
CF1_D4,hypermapper,HyperMapper,binary_label,solver_evaluation,4,80,adaptive,0.85176545774278356,0.85080009519857869,0.18426185674225498,0.75511099001707294,,,,,,,1.6557143588676435,0.15431113343484099,1,-0.76595614224324127,,,,1,1.1726506775043315,0.15431090462296587,0,1.4119416725118701,2.7056264101680599e-07,0.99999972943735893
CF1_D4,hypermapper,HyperMapper,binary_label,solver_evaluation,4,88,adaptive,0.019386981961239561,0.62136035748870788,0.043926242663999672,0.88303294795884424,,,,,,,0.022079600682687231,1.9921393557178027,1,-0.20630681252841587,,,,1,0.015637756936097237,1.9921396241537197,0,1.4119416725118701,2.7056264101680599e-07,0.99999972943735893
CF1_D4,hypermapper,HyperMapper,binary_label,solver_evaluation,4,94,adaptive,0.89129915357102818,0.85623160583637448,0.22077821793568456,0.82282078603176356,,,,,,,1.723980509389325,0.11722624861864114,1,-0.63060414239787144,,,,1,1.2209998068279493,0.11722600977297894,0,1.4119416725118701,2.7056264101680599e-07,0.99999972943735893
CF1_D4,hypermapper,HyperMapper,binary_label,solver_evaluation,4,103,adaptive,0.73561588116803056,0.089667655321433309,0.58053802822062428,0.54650606050559813,,,,,,,0.75590633209142022,0.85425677945123479,1,-0.55836407900216201,,,,1,0.5353665429724509,0.85425674001855345,0,1.4119416725118701,2.7056264101680599e-07,0.99999972943735893
CF1_D4,hypermapper,HyperMapper,binary_label,solver_evaluation,4,127,adaptive,1,0.93214954557196517,0.27132712254738345,0.93276462675895833,,,,,,,2.0619283246701521,0.0091242795809530139,1,-0.074930167301208495,,,,1,1.4603495065075485,0.0091240114869286411,0,1.4119416725118701,2.7056264101680599e-07,0.99999972943735893
CF1_D4,hypermapper,HyperMapper,binary_label,solver_evaluation,4,139,adaptive,1,0.98217642823234508,0.093974055647767007,0.9547204816995748,,,,,,,2.6417660236787111,0.0023679144880752868,1,-0.69909028230279557,,,,1,1.8710163989840749,0.0023676445660304368,0,1.4119416725118701,2.7056264101680599e-07,0.99999972943735893
CF1_D4,hypermapper,HyperMapper,binary_label,solver_evaluation,4,142,adaptive,1,1,0.068323528133213171,1,,,,,,,2.7360420964602872,0,1,-0.83065274261488042,,,,1,1.9377869140959756,-2.7056271422096851e-07,0,1.4119416725118701,2.7056264101680599e-07,0.99999972943735893
CF1_D4,hypermapper,HyperMapper,binary_label,solver_evaluation,4,150,adaptive,1,1,0.12538678215159349,0.94760432302039221,,,,,,,2.5298965616702884,0.0027453069661514014,1,-0.77939685330999198,,,,1,1.7917854617673803,0.0027450371462148845,0,1.4119416725118701,2.7056264101680599e-07,0.99999972943735893
CF1_D10,ctsemo,cTSEMO,binary_label,solver_evaluation,10,7,initial,0.35452045341682936,0.4019996988917186,0.11265798838852663,0.45518916842087565,0.18052107959806543,0.051885565498552423,0.54242759374470007,0.85430066422261919,0.4017114092826044,0.77655872715398444,0.51862906198552483,1.029577294579562,1,-0.21099905778691264,,,,1,0.3400511046773787,0.67508890826863388,0.0091299769301051905,1.4983015142350549,0.000129119937437392,1.5249075522249327
CF1_D10,ctsemo,cTSEMO,binary_label,solver_evaluation,10,11,initial,0.89582828832709305,0.75503202257447266,0.27006002326506584,0.58964797040159067,0.63186802209282023,0.61362527991034443,0.19320675599994874,0.7584628269308743,0.79446187127432788,0.40391723880936931,1.3634100189974629,0.25201034391269173,1,-0.26489560258226486,,,,1,0.90387684267860724,0.16517802906002027,0.0091299769301051905,1.4983015142350549,0.000129119937437392,1.5249075522249327
CF1_D10,ctsemo,cTSEMO,binary_label,solver_evaluation,10,27,adaptive,0.36341294435948429,0.30124612044888299,0.0055880947707609013,0.76301891820301049,0.67544142804928053,0.93534608851875534,0.18005823167914586,0.27463477522116392,0.52205193838178832,0.32027563504940049,0.60791891474171889,0.90962578909078828,1,-0.46394735920056146,,,,1,0.39964515294327813,0.59642741478087646,0.0091299769301051905,1.4983015142350549,0.000129119937437392,1.5249075522249327
CF1_D10,ctsemo,cTSEMO,binary_label,solver_evaluation,10,31,adaptive,0.45334950030359289,0.23741886379024091,0.00041324364576970224,0.40814740297506885,0.39564837992432655,0.5141720526209983,0.34858420155134884,0.1335386414661294,0.67526038834169799,0.84668004800463648,0.71805517280687026,0.80675385544234768,1,-0.17717988592494949,,,,1,0.47315255917544796,0.52896631951753137,0.0091299769301051905,1.4983015142350549,0.000129119937437392,1.5249075522249327
CF1_D10,ctsemo,cTSEMO,binary_label,solver_evaluation,10,41,adaptive,0.033151619230934445,0.50210482143949697,0.0098785913799040864,0.43619180287767312,0.7097548176456131,0.0091202846144631498,0.17552886826659816,0.003157587359534933,0.36971577029220803,0.86081466704088705,0.35178841346302803,1.36289648650185,1,-0.37275444608393188,,,,1,0.22869791779384552,0.89367212102533844,0.0091299769301051905,1.4983015142350549,0.000129119937437392,1.5249075522249327
CF1_D10,ctsemo,cTSEMO,binary_label,solver_evaluation,10,54,adaptive,0.50890116991175005,0.44149461198159684,0.0046353210663437755,0.58182570109292475,0.51877875304533227,0.68461263920365789,0.00098182831091712941,0.29788388451320419,0.65748732031129875,0.29607251221667485,0.84139941430826037,0.54800998813277479,1,-0.18322173367553088,,,,1,0.55547526947742776,0.35928792364884415,0.0091299769301051905,1.4983015142350549,0.000129119937437392,1.5249075522249327
CF1_D10,ctsemo,cTSEMO,binary_label,solver_evaluation,10,68,adaptive,0.78368403419517096,0.47542508197689309,0.4445125007380521,0.71019234099301087,0.59497987902334737,0.82235516353865445,0.18836119720818068,0.99940227849876839,0.99986088503434545,0.23608071865750707,1.0766754311789395,0.39002036534624718,1,-0.059626237961063588,,,,1,0.71250375448886905,0.25568189024963173,0.0091299769301051905,1.4983015142350549,0.000129119937437392,1.5249075522249327
CF1_D10,ctsemo,cTSEMO,binary_label,solver_evaluation,10,99,adaptive,0.5156863671107853,0.34719691956523935,0.27393821341893621,0.68161761817526523,0.3904436784689726,0.00022021728769941375,0.57043872380652305,0.55473426754295496,0.6093193657703897,0.99997215574870824,0.65056018395140802,0.85536941070988493,1,-0.35541743417587202,,,,1,0.4281048913901549,0.56084730482487288,0.0091299769301051905,1.4983015142350549,0.000129119937437392,1.5249075522249327
CF1_D10,ctsemo,cTSEMO,binary_label,solver_evaluation,10,108,adaptive,0.76440514106321422,0.76756850113468378,0.66022041070392434,0.17153767671500397,0.66266574034037495,0.45067880381343256,0.3484789349219215,0.9998199918338172,0.99998435715691969,0.29137360005131502,0.91214077609837052,0.50562717472654917,1,-0.21456225238292043,,,,1,0.60268963929419095,0.33149422996270134,0.0091299769301051905,1.4983015142350549,0.000129119937437392,1.5249075522249327
CF1_D10,ctsemo,cTSEMO,binary_label,solver_evaluation,10,140,adaptive,0.10817452831119742,0.7356060408521069,0.13114264356681551,0.9582030232115385,0.020203117473333011,0.001701405238675284,0.54308559978349547,0.87621586873381252,0.19235963767262637,0.99988867504808532,0.25591831555944577,1.9044814539217507,1,-0.16141842162412412,,,,1,0.16471206648638828,1.2488313348607578,0.0091299769301051905,1.4983015142350549,0.000129119937437392,1.5249075522249327
CF1_D10,botorch,BoTorch,continuous_margins,solver_evaluation,10,7,initial,0.35452045341682936,0.4019996988917186,0.11265798838852663,0.45518916842087565,0.18052107959806543,0.051885565498552423,0.54242759374470007,0.85430066422261919,0.4017114092826044,0.77655872715398444,0.51862906198552483,1.029577294579562,1,-0.21099905778691264,,,,1,0.3400511046773787,0.67508890826863388,0.0091299769301051905,1.4983015142350549,0.000129119937437392,1.5249075522249327
CF1_D10,botorch,BoTorch,continuous_margins,solver_evaluation,10,39,adaptive,0.83998542169816881,0.87522901960553945,0.78901507252127245,0.61429129628027956,1,0.46328201309678196,0.7872196613774668,1,0.84336627563233824,0.5765031168200937,0.86566605946004238,0.26204529175295321,1,-0.014206721861138291,,,,1,0.57167137214516828,0.17175872165716813,0.0091299769301051905,1.4983015142350549,0.000129119937437392,1.5249075522249327
CF1_D10,botorch,BoTorch,continuous_margins,solver_evaluation,10,46,adaptive,0.82834064363946636,1,0.44461736991143685,0.80924091439562862,1,0.60202058436788541,0.77044913804961446,0.85332275742755315,0.63515605708908507,0.3383353155354541,0.94182650373161514,0.24352595519842718,1,-0.13198797728686357,,,,1,0.62250255902443663,0.15961415818674321,0.0091299769301051905,1.4983015142350549,0.000129119937437392,1.5249075522249327
CF1_D10,botorch,BoTorch,continuous_margins,solver_evaluation,10,50,adaptive,0.71307018121639654,0.99749852377046044,0.76835747032152835,0.84388240549534044,0.87713887117641209,0.33596615335292263,0.57261470302896467,1,0.56744465643667297,0.28005118306873716,0.73060857873180873,0.43345085298204927,1,-0.074885363183156028,,,,1,0.48153098354842705,0.28416262508003792,0.0091299769301051905,1.4983015142350549,0.000129119937437392,1.5249075522249327
CF1_D10,botorch,BoTorch,continuous_margins,solver_evaluation,10,56,adaptive,0.77642743983067508,0.94939508998296018,0.75413647089550229,0.72258847096197976,0.86146080100978717,0.37046499295146351,0.61026721649004156,0.75741562349431091,0.64267772243443611,0.50077600420314983,0.78851691379356248,0.28703279311644719,1,-0.028941571881438227,,,,1,0.52018030380311442,0.18814496181122581,0.0091299769301051905,1.4983015142350549,0.000129119937437392,1.5249075522249327
CF1_D10,botorch,BoTorch,continuous_margins,solver_evaluation,10,84,adaptive,0.22084679391064868,0.47435810817501334,0.11943667921654123,0.38817465069250057,0.71009665144885448,0.17282157861450009,0.19786635246947884,0.19840677732903506,0.62572969487247732,0.81774922663876726,0.53884836810357273,1.0268336195137928,1,-0.19712667125646949,,,,1,0.35354592259349799,0.67328966800533663,0.0091299769301051905,1.4983015142350549,0.000129119937437392,1.5249075522249327
CF1_D10,botorch,BoTorch,continuous_margins,solver_evaluation,10,88,adaptive,0.96511258921178733,0.91345663473486483,1,0.75252598523361447,0.28801144522636568,0.77683986070335931,0.60582200469107439,0.90844969312376356,0.75879802393118756,0.46194050812994591,1.2684966429709317,0.15720281612054471,1,-0.078290971331068326,,,,1,0.84052952898721822,0.10300538937847561,0.0091299769301051905,1.4983015142350549,0.000129119937437392,1.5249075522249327
CF1_D10,botorch,BoTorch,continuous_margins,solver_evaluation,10,92,adaptive,0.27027701937953308,0.44849506825465529,0.3494504964156584,0.27578218422921447,0.54475197253190555,0.14437684632649667,0.43180861330726111,0.38832944414052822,0.713576971530272,0.77188998900761818,0.54698531435846065,0.95780347432018409,1,-0.17143131090987618,,,,1,0.35897670283204175,0.62802125478717818,0.0091299769301051905,1.4983015142350549,0.000129119937437392,1.5249075522249327
CF1_D10,trieste,Trieste,continuous_margins,solver_evaluation,10,46,adaptive,0.40839601846867896,0.73312366745635527,0.48591336390179307,0.37406794043377117,0.34898291836146905,0.2304255894734796,0.22491835316418915,0.4068010577979963,0.27830117003752974,0.2349222068869419,0.41515262325885788,0.61546042257734068,1,-0.020943395754102694,,,,1,0.27098861108476158,0.40352039816584134,0.0091299769301051905,1.4983015142350549,0.000129119937437392,1.5249075522249327
CF1_D10,trieste,Trieste,continuous_margins,solver_evaluation,10,76,adaptive,1,0.99977590042323683,0.62076324656357851,1,1,0.99264922997560323,1,1,0.77317231127211727,1,1.0976356577653152,2.1633616228750205e-05,1,-0.022769823051373761,,,,1,0.72649307932585072,-7.0487106612996132e-05,0.0091299769301051905,1.4983015142350549,0.000129119937437392,1.5249075522249327
CF1_D10,trieste,Trieste,continuous_margins,solver_evaluation,10,96,adaptive,0.60052990442611998,0.78388278268038747,0.64557269988624622,0.58406562967956266,0.65700794488200087,0.52412744753282525,0.46282117859168376,0.39439806345411282,0.37896372763200264,0.26116400866731176,0.60540388974291748,0.40543570987484512,1,-0.0098399408572570381,,,,1,0.39796656891002002,0.26579092571614638,0.0091299769301051905,1.4983015142350549,0.000129119937437392,1.5249075522249327
CF1_D10,trieste,Trieste,continuous_margins,solver_evaluation,10,107,adaptive,0.79940900914306268,0.88285568127702241,0.84940057414726688,0.80445837316967184,0.81399374525225476,0.77716011732391621,0.66716367757904138,0.69598402955624639,0.7083954906262967,0.69446315762748623,0.80231237834698699,0.20217527198881671,1,-0.00018034037889046346,,,,1,0.52938770593303064,0.13249731221842381,0.0091299769301051905,1.4983015142350549,0.000129119937437392,1.5249075522249327
CF1_D10,trieste,Trieste,continuous_margins,solver_evaluation,10,129,adaptive,0.19750316662179188,0.5013922354411946,0.31414678483800457,0.25500409122150053,0.17076413618427072,0.10426698718630975,0,0.028749611066453816,0.12158699001978741,0.054125028918426112,0.20470574099074468,0.80499256506508932,1,-0.00068758394671305893,,,,1,0.13053164680307289,0.52781130498914985,0.0091299769301051905,1.4983015142350549,0.000129119937437392,1.5249075522249327
CF1_D10,trieste,Trieste,continuous_margins,solver_evaluation,10,139,adaptive,0.059127271004429528,0.33562064027344712,0.13107929164367435,0.089008657943320732,0.015637998544737488,0.13153084968085998,0,0,0,0.17255538805864834,0.05993914930599404,0.95996689586603734,1,-0.019034361390477605,,,,1,0.033911180021618706,0.62943997787153616,0.0091299769301051905,1.4983015142350549,0.000129119937437392,1.5249075522249327
CF1_D10,trieste,Trieste,continuous_margins,solver_evaluation,10,147,adaptive,0.94944918307984327,0.97572857241956079,0.9592581822961852,0.96038743200497312,0.96288171133065747,1,1,0.94633107636499392,0.92843975702573001,0.91249497145679481,0.95234846867795186,0.052481383113867755,1,-0.0006542337718197528,,,,1,0.62952515417392396,0.034331434125331226,0.0091299769301051905,1.4983015142350549,0.000129119937437392,1.5249075522249327
CF1_D10,trieste,Trieste,continuous_margins,solver_evaluation,10,148,adaptive,0.49124249246788559,0.71569733927428281,0.49750828175422607,0.40841449015966108,0.35477118770613281,0.27437590721414384,0.1712499449037144,0.34258464446430548,0.27702281410373619,0.21457883829328009,0.52239248066338662,0.52353237091166549,1,-0.0101217967681871,,,,1,0.3425628946222638,0.34323605402212809,0.0091299769301051905,1.4983015142350549,0.000129119937437392,1.5249075522249327
CF1_D10,usemoc,USeMOC,continuous_margins,solver_evaluation,10,7,initial,0.35452045341682936,0.4019996988917186,0.11265798838852663,0.45518916842087565,0.18052107959806543,0.051885565498552423,0.54242759374470007,0.85430066422261919,0.4017114092826044,0.77655872715398444,0.51862906198552483,1.029577294579562,1,-0.21099905778691264,,,,1,0.3400511046773787,0.67508890826863388,0.0091299769301051905,1.4983015142350549,0.000129119937437392,1.5249075522249327
CF1_D10,usemoc,USeMOC,continuous_margins,solver_evaluation,10,11,initial,0.89582828832709305,0.75503202257447266,0.27006002326506584,0.58964797040159067,0.63186802209282023,0.61362527991034443,0.19320675599994874,0.7584628269308743,0.79446187127432788,0.40391723880936931,1.3634100189974629,0.25201034391269173,1,-0.26489560258226486,,,,1,0.90387684267860724,0.16517802906002027,0.0091299769301051905,1.4983015142350549,0.000129119937437392,1.5249075522249327
CF1_D10,usemoc,USeMOC,continuous_margins,solver_evaluation,10,44,adaptive,0.5912764428826327,0.89516986209441951,0.93951555265191244,0.24660606924957129,0.98884963146340932,0.2077118125953851,0.028311895757155668,0.18085216469767285,0.99090938269003415,0.96718212260397918,0.98808964206143624,0.68951137734391488,1,-0.63295073769836541,,,,1,0.65337961406995615,0.45208134512851417,0.0091299769301051905,1.4983015142350549,0.000129119937437392,1.5249075522249327
CF1_D10,usemoc,USeMOC,continuous_margins,solver_evaluation,10,45,adaptive,0.60223383454661317,0.9591617062248019,0.01813059731131483,0.060355769006586651,0.076889907957417764,0.75559390990414776,0.0029880754137972228,0.12383501543807673,0.0046950078816427356,0.001345997614968425,1.1594788366103741,0.65847089509049295,1,-0.78628960650610136,,,,1,0.76776860248157042,0.43172569654632176,0.0091299769301051905,1.4983015142350549,0.000129119937437392,1.5249075522249327
CF1_D10,usemoc,USeMOC,continuous_margins,solver_evaluation,10,58,adaptive,0.32246069531920185,0.730803311764888,0.011401062798720885,0.99519986977222663,0.96466648107132891,0.086092275759340892,0.069484539474294282,0.0078907164366927574,0.0021415455683714696,0.0065217095594348184,0.65941930740308285,0.86655318594156261,1,-0.30372656729925801,,,,1,0.43401766887019222,0.56818137252973788,0.0091299769301051905,1.4983015142350549,0.000129119937437392,1.5249075522249327
CF1_D10,usemoc,USeMOC,continuous_margins,solver_evaluation,10,66,adaptive,0.00045369110128942042,0.96842134259237023,0.033116605804559024,0.066537429987302554,0.097687863102457903,0.021252966452195685,0.00024212660503748458,0.0083083099070945451,0.027642642878193166,0.95357655656119933,0.0059742990187503812,1.7240003458979896,1,-0.19345712697384432,,,,1,-0.0021061701409051262,1.1304758924207041,0.0091299769301051905,1.4983015142350549,0.000129119937437392,1.5249075522249327
CF1_D10,usemoc,USeMOC,continuous_margins,solver_evaluation,10,79,adaptive,0.2618352113751074,0.85397565551778065,0.041466306856469362,0.94149455105217905,0.15508212366217597,0.95302287982302691,0.056601878282173002,0.10363972247399428,0.053242950395048616,0.7049757766613115,0.33364754693648557,1.3413340820083541,1,-0.43584205104542229,,,,1,0.21659029702847232,0.87953198219394835,0.0091299769301051905,1.4983015142350549,0.000129119937437392,1.5249075522249327
CF1_D10,usemoc,USeMOC,continuous_margins,solver_evaluation,10,96,adaptive,0.98520473222406135,0.9603023186511821,0.32560897420275114,0.96889576312529835,0.99050985420757498,0.83778010511803513,0.94468914077081223,0.018134074829322222,0.91567444313358293,0.91989110233316407,1.2080467419231344,0.3916958596923017,1,-0.10835860949620496,,,,1,0.80018391064973726,0.25678064167466719,0.0091299769301051905,1.4983015142350549,0.000129119937437392,1.5249075522249327
CF1_D10,usemoc,USeMOC,continuous_margins,solver_evaluation,10,99,adaptive,0.020711515815452192,0.87752161776085291,0.0022669076806528521,0.95154283945758655,0.078464296684705087,0.014036594045506844,0.0091413513951151566,0.0048217742557591925,0.042793647314417857,0.013368193251645535,0.025803452180123261,1.5316737354352152,1,-0.37410040710434445,,,,1,0.011128250950564226,1.0043524364891243,0.0091299769301051905,1.4983015142350549,0.000129119937437392,1.5249075522249327
CF1_D10,usemoc,USeMOC,continuous_margins,solver_evaluation,10,108,adaptive,0.00087685482933639019,0.0081596420193317809,0.037493375681940742,0.99657369123939044,0.020940197325693827,0.0028244675005685694,0.043688192870808482,0.99467628935149344,0.052094069927809683,0.99544527946819061,0.0038312904931247448,2.186997986555796,1,-0.68630245058225825,,,,1,-0.003536462044948039,1.4340993087925782,0.0091299769301051905,1.4983015142350549,0.000129119937437392,1.5249075522249327
CF1_D10,usemoc,USeMOC,continuous_margins,solver_evaluation,10,136,adaptive,0.85034904815160561,0.94037606467588575,0.99005416157310011,0.062689713799504831,0.99621823645851504,0.99228050729106576,0.032178750850417895,0.03373527367519058,0.84638005689741136,0.93237709474522878,1.1606967543387281,0.65480661511868032,1,-0.63151340897958563,,,,1,0.76858146806088334,0.42932274433688045,0.0091299769301051905,1.4983015142350549,0.000129119937437392,1.5249075522249327
CF1_D10,usemoc,USeMOC,continuous_margins,solver_evaluation,10,147,adaptive,0.27850922039391113,0.63901105760891563,0.98320423387490563,0.096323773365904336,0.00054611570972681531,0.01498020526403554,0.12696069353134418,0.010703682732818631,0.99791392019161085,0.14295776311011488,0.87762579170512678,0.76868465768815986,1,-0.36909571876317504,,,,1,0.57965356540297219,0.50400139774332764,0.0091299769301051905,1.4983015142350549,0.000129119937437392,1.5249075522249327
CF1_D10,comboo,COMBOO,continuous_margins,solver_evaluation,10,11,initial,0.89582828832709305,0.75503202257447266,0.27006002326506584,0.58964797040159067,0.63186802209282023,0.61362527991034443,0.19320675599994874,0.7584628269308743,0.79446187127432788,0.40391723880936931,1.3634100189974629,0.25201034391269173,1,-0.26489560258226486,,,,1,0.90387684267860724,0.16517802906002027,0.0091299769301051905,1.4983015142350549,0.000129119937437392,1.5249075522249327
CF1_D10,comboo,COMBOO,continuous_margins,solver_evaluation,10,21,adaptive,0.46468231024945184,1,0.43909362285092612,0.62423521322039344,1,0,0.22314902628377173,0.23853884423669219,2.1712449351633999e-16,1.6463610059359203e-16,0.66831955863211256,0.65944188346074617,1,-0.052462745608082284,,,,1,0.43995789595030277,0.43236244883260722,0.0091299769301051905,1.4983015142350549,0.000129119937437392,1.5249075522249327
CF1_D10,comboo,COMBOO,continuous_margins,solver_evaluation,10,25,adaptive,0.36254347156034811,0.80801539856987603,0.51605858817124228,0.99999999983146148,6.7026356146567167e-11,7.2590214877924743e-11,3.1174119930140272e-10,0.49559996297287134,1.152851814241415e-10,2.0408447423310534e-11,0.46028581645529831,0.86828101065409413,1,-0.08002317820253313,,,,1,0.30111151543187681,0.56931444102953677,0.0091299769301051905,1.4983015142350549,0.000129119937437392,1.5249075522249327
CF1_D10,comboo,COMBOO,continuous_margins,solver_evaluation,10,35,adaptive,0.71264687493945411,0.88505884394057555,1,0.87856750231868119,0.84988144849357616,1,0.99999999990197264,0.5716330312834812,0.83432725984854916,0.31605922255355823,0.86309166058285636,0.35771938465460468,1,-0.052836138622952611,,,,1,0.56995316065520629,0.23449963520439082,0.0091299769301051905,1.4983015142350549,0.000129119937437392,1.5249075522249327
CF1_D10,comboo,COMBOO,continuous_margins,solver_evaluation,10,42,adaptive,0,2.8528809277781462e-15,6.6350830789689852e-16,0.99999999999994293,1.4302268234818718e-15,1.1247317158928435e-14,0,2.6878007956719914e-15,9.531722215224489e-17,5.2436874604732567e-16,1.2474387070470357e-30,1.3999999999999544,1,-0.39999999999852037,,,,1,-0.0060935511600056164,0.91800376883176982,0.0091299769301051905,1.4983015142350549,0.000129119937437392,1.5249075522249327
CF1_D10,comboo,COMBOO,continuous_margins,solver_evaluation,10,43,adaptive,2.9452470470708756e-13,0.99649385667678869,5.4797622481867394e-15,3.676436696822011e-12,5.423775495637129e-15,2.3218374849333183e-15,2.9802695337797703e-05,6.7108571571789885e-15,5.8900069011046136e-13,0.0032685002946024307,4.4439485234796509e-10,1.3972038431565139,1,-0.30947290329183907,,,,1,-0.0060935508634065352,0.91617011220166078,0.0091299769301051905,1.4983015142350549,0.000129119937437392,1.5249075522249327
CF1_D10,comboo,COMBOO,continuous_margins,solver_evaluation,10,62,adaptive,1,0.82895137490878634,0.99999999995612809,1,3.0563660035886125e-09,1,1,1,0.9999999999996928,0.99999999976622633,1.499999996943634,0.011703052858237827,1,-0.15226806371185075,,,,1,0.99504005425415309,0.0075899243228964037,0.0091299769301051905,1.4983015142350549,0.000129119937437392,1.5249075522249327
CF1_D10,comboo,COMBOO,continuous_margins,solver_evaluation,10,63,adaptive,1,0.99999999999996014,1,1,0.99999999999979683,1,2.562245832561772e-13,1,1,1,1.4999999999997438,6.3543238953618266e-28,1,-0.49999999999168671,,,,1,0.99504005629386927,-8.467394449519132e-05,0.0091299769301051905,1.4983015142350549,0.000129119937437392,1.5249075522249327
CF1_D10,comboo,COMBOO,continuous_margins,solver_evaluation,10,85,adaptive,0,0,0,1,0,0,0,0,0,0,0,1.3999999999999999,1,-0.39999999999999586,,,,1,-0.0060935511600056164,0.91800376883179968,0.0091299769301051905,1.4983015142350549,0.000129119937437392,1.5249075522249327
CF1_D10,comboo,COMBOO,continuous_margins,solver_evaluation,10,91,adaptive,1,1,0.99999999998492828,0.99999999999994604,1.8526981873360958e-11,1,0.99999999971381737,0.99999999996314304,1,0.99999999999792133,1.499999999981473,5.4510377006238254e-22,1,-0.49999999939942535,,,,1,0.99504005628167502,-8.467394449519132e-05,0.0091299769301051905,1.4983015142350549,0.000129119937437392,1.5249075522249327
CF1_D10,comboo,COMBOO,continuous_margins,solver_evaluation,10,121,adaptive,0,1.8995868878343962e-13,0,0.99999999998028211,0,3.0767055569924651e-12,0,0,1.5077240457831872e-11,0,1.136615899116411e-22,1.3999999999842256,1,-0.39999999948865889,,,,1,-0.0060935511600056164,0.91800376882145529,0.0091299769301051905,1.4983015142350549,0.000129119937437392,1.5249075522249327
CF1_D10,comboo,COMBOO,continuous_margins,solver_evaluation,10,132,adaptive,1,1,0,1,0,1,2.735867088432542e-13,1,1,1,2.4999999999997264,0,1,-1.4999999999911211,,,,1,1.6624624612632217,-8.467394449519132e-05,0.0091299769301051905,1.4983015142350549,0.000129119937437392,1.5249075522249327
CF1_D10,pac-moo,PAC-MOO,continuous_margins,solver_evaluation,10,21,adaptive,0.86659459572318764,0.53701177192336635,0.43270968023809608,0.8787509256641215,0.97337039268392056,0.67686442810493752,0.72098435086359969,0.20170899111040985,0.36654106409289655,0.47924862103644472,1.0715573862001868,0.37472654811058748,1,-0.34688618207435623,,,,1,0.70908785660040863,0.2456525496424945,0.0091299769301051905,1.4983015142350549,0.000129119937437392,1.5249075522249327
CF1_D10,pac-moo,PAC-MOO,continuous_margins,solver_evaluation,10,97,adaptive,0.47616035836108922,0.35495536832078678,0.29281740742496709,0.32823831918583374,0.5215757650528543,0.71432404435868913,0.25151129983277382,0.29644512821950447,0.037191322689015684,0.51320883653538418,0.55495624186583603,0.65731965350926491,1,-0.13809533075737265,,,,1,0.36429667843885066,0.43097073826734394,0.0091299769301051905,1.4983015142350549,0.000129119937437392,1.5249075522249327
CF1_D10,pac-moo,PAC-MOO,continuous_margins,solver_evaluation,10,101,adaptive,0.31934281073403381,0.42447141420385615,0.14494677386993804,0.11667817010333292,0.63234603793161415,0.51864583992057012,0.41006288574298866,0.051257171990818251,0.41104830523629066,0.42142441264762676,0.48781798193721804,0.79018687815082211,1,-0.20365246844287233,,,,1,0.31948709953183418,0.51810206924389779,0.0091299769301051905,1.4983015142350549,0.000129119937437392,1.5249075522249327
CF1_D10,pac-moo,PAC-MOO,continuous_margins,solver_evaluation,10,115,adaptive,0.17502652868578694,0.57798143621594344,0.48345540317113833,0.42960338883992483,0.46747391405119332,0.65243455932600902,0.29694225288471016,0.4554944381846226,0.15368035750436365,0.34672606044715049,0.26910363839340545,1.0723275286979785,1,-0.24032273396777143,,,,1,0.1735122463625271,0.70312354817584755,0.0091299769301051905,1.4983015142350549,0.000129119937437392,1.5249075522249327
CF1_D10,pac-moo,PAC-MOO,continuous_margins,solver_evaluation,10,116,adaptive,0.86209918130392038,0.91664075989853644,0.31969257221867842,0.53607512717821904,0.77952197063042961,0.5521602791385094,0.1685974741873571,0.8703261708855593,0.83135412180696111,0.60472582840768307,1.2416333343793329,0.22635554829440513,1,-0.0062400379494530478,,,,1,0.82260035496157913,0.14835419237506539,0.0091299769301051905,1.4983015142350549,0.000129119937437392,1.5249075522249327
CF1_D10,pac-moo,PAC-MOO,continuous_margins,solver_evaluation,10,118,adaptive,0.69691917009580329,0.56885871301851343,0.17370749170858946,0.14529928293201,0.43550352175564622,0.5968034020437154,0.96107908637284656,0.33974113492190805,0.37152752216607166,0.29898526312034035,0.98899886539060144,0.50101337596788142,1,-0.12146387602683445,,,,1,0.65398645009096179,0.32846860473582384,0.0091299769301051905,1.4983015142350549,0.000129119937437392,1.5249075522249327
CF1_D10,pac-moo,PAC-MOO,continuous_margins,solver_evaluation,10,133,adaptive,0.49369229514359236,0.83199781454526089,0.36395736648584864,0.68472643961968516,0.23960165690626378,0.56315749463539366,0.30308129760965319,0.54560097976834088,0.90366871853959685,0.36227003829910998,0.7497913593271448,0.5568053067122325,1,-0.088025828125250338,,,,1,0.49433400110736592,0.36505569531908394,0.0091299769301051905,1.4983015142350549,0.000129119937437392,1.5249075522249327
CF1_D10,pac-moo,PAC-MOO,continuous_margins,solver_evaluation,10,146,adaptive,0.036842930180008393,0.80812471998686652,0.14154192774310392,0.7907498298311586,0.4886014716103243,0.10700975002047319,0.094107470661795367,0.030229810542469759,0.14623334457144754,0.55724308743795437,0.15671562716315474,1.458337030055443,1,-0.5641368080155218,,,,1,0.098501969617509288,0.95625987817451086,0.0091299769301051905,1.4983015142350549,0.000129119937437392,1.5249075522249327
CF1_D10,hypermapper,HyperMapper,binary_label,solver_evaluation,10,52,adaptive,0.38716701329442149,0.68476345895478652,0.30066646738065683,0.46458736541433449,0.35716145471305422,0.40617784388670669,0.00090184566485674905,0.37663103616011329,0.23803665066526819,0.8916554029994701,0.44560806228798938,0.84945421032553681,1,-0.17452577351044923,,,,1,0.29131525344598236,0.55696824974660442,0.0091299769301051905,1.4983015142350549,0.000129119937437392,1.5249075522249327
CF1_D10,hypermapper,HyperMapper,binary_label,solver_evaluation,10,55,adaptive,0.41875915728332691,0.54104317240175004,0.28058960632055679,0.43477848671158903,0.35716145471305422,0.5182935612558015,0.00090184566485674905,0.10210660014137349,0.3596579745092367,0.8916554029994701,0.50815405148597947,0.81249845477946037,1,-0.18459238664224575,,,,1,0.33305984797769278,0.53273349827451955,0.0091299769301051905,1.4983015142350549,0.000129119937437392,1.5249075522249327
CF1_D10,hypermapper,HyperMapper,binary_label,solver_evaluation,10,67,adaptive,0.5080653112260558,0.94011723746292175,0.11004265657737641,0.5904713725281292,0.15217389136546489,0.83396440610079303,0.36422377818176566,0.31744716622228547,0.84647969533624889,0.94467117937643741,0.85137900793966015,0.76741566936780914,1,-0.1360320343461987,,,,1,0.56213587385951358,0.50316922380694762,0.0091299769301051905,1.4983015142350549,0.000129119937437392,1.5249075522249327
CF1_D10,hypermapper,HyperMapper,binary_label,solver_evaluation,10,75,adaptive,0.75634081051457958,0.74772480433761146,0.16533681826572388,0.53257930514566987,0.60471160017433401,0.78554697433813814,0.46395684769098133,0.84151870416318431,0.78078640577500547,0.87135358196076118,1.0206548388988663,0.33016621518499834,1,-0.056439150493533929,,,,1,0.6751143560614945,0.21643088773874636,0.0091299769301051905,1.4983015142350549,0.000129119937437392,1.5249075522249327
CF1_D10,hypermapper,HyperMapper,binary_label,solver_evaluation,10,85,adaptive,0.75131183430918713,0.74724311769830087,0.072275606562111794,0.52681116609052714,0.52039839784120834,0.6255944976267922,0.32037942868405456,0.51891015862496115,0.58229431608184901,0.84525721397430298,1.1144542471865053,0.31828524775745531,1,-0.31267541153886619,,,,1,0.7377181827255338,0.20863961710715434,0.0091299769301051905,1.4983015142350549,0.000129119937437392,1.5249075522249327
CF1_D10,hypermapper,HyperMapper,binary_label,solver_evaluation,10,96,adaptive,0.058473620513522208,0.56523381348815205,0.32720586641237437,0.18313018324552155,0.23588785535896428,0.62245369115419458,0.15601781213401833,0.51900110705725744,0.15715160687720664,0.67875154277693939,0.11422349937349047,1.4144348569705691,1,-0.52201841039370134,,,,1,0.070141771495866034,0.92746982265880573,0.0091299769301051905,1.4983015142350549,0.000129119937437392,1.5249075522249327
CF1_D10,hypermapper,HyperMapper,binary_label,solver_evaluation,10,97,adaptive,0.50640076967988479,0.96047593317791502,0.0033853509144078828,0.40385274990766074,0.91411677061339192,0.44482797955458486,0.93128564608362596,0.33553739934510363,0.205298948364211,0.99372216550242953,0.95025987515226917,0.74463996491966444,1,-0.51926097195485255,,,,1,0.62813118006000934,0.48823343021414023,0.0091299769301051905,1.4983015142350549,0.000129119937437392,1.5249075522249327
CF1_D10,hypermapper,HyperMapper,binary_label,solver_evaluation,10,99,adaptive,1,0.95965129977345265,0.31560320105313994,0.5835715649410953,0.5729109118372121,0.77457608976226588,0.070791456821026166,0.81026121368783655,0.31877036866924902,0.86711886725424114,1.989153197478126,0.11180592036538359,1,-0.44787018332995288,,,,1,1.3215118597533453,0.07323512842795156,0.0091299769301051905,1.4983015142350549,0.000129119937437392,1.5249075522249327
CF1_D10,hypermapper,HyperMapper,binary_label,solver_evaluation,10,119,adaptive,1,0.95104857540346988,0.91694604028738413,0.74862201867051181,0.74379064695900188,0.61837181692107279,0.086903727344528933,0.7106750907180428,0.23113959180229821,0.88122279434772399,1.7487161616204414,0.12361765172040691,1,-0.16304208208911619,,,,1,1.1610387950375043,0.08098099560382678,0.0091299769301051905,1.4983015142350549,0.000129119937437392,1.5249075522249327
CF1_D10,hypermapper,HyperMapper,binary_label,solver_evaluation,10,125,adaptive,1,0.94906298216122942,0.55991545644011576,0.48549635702143479,0.33791528264946008,0.86247937260837437,0.0088365163488312547,0.89567982473366292,0.8060046097983149,0.92506037862182833,1.8260349205862405,0.12108765888104459,1,-0.79232475255152179,,,,1,1.2126430670957045,0.079321883328022966,0.0091299769301051905,1.4983015142350549,0.000129119937437392,1.5249075522249327
CF1_D10,hypermapper,HyperMapper,binary_label,solver_evaluation,10,129,adaptive,0.12422142434324136,0.77065437394496061,0.21381617643350576,0.3051640766164529,0.33864785098551409,0.56907911883029449,0.081955289455933264,0.37053056178942534,0.046039977542138781,0.65733680061691724,0.15166715394631919,1.2623556226815689,1,-0.084509373310161229,,,,1,0.095132505481705487,0.82773968881094884,0.0091299769301051905,1.4983015142350549,0.000129119937437392,1.5249075522249327
CF1_D10,hypermapper,HyperMapper,binary_label,solver_evaluation,10,132,adaptive,0.98061114133325078,0.98704280266840827,0.90634495435125983,0.56218097533631128,0.93445116139716067,0.9566416360825708,0.50126106547403837,0.62714221648789714,0.28484000416132638,0.856908789952601,1.3271591544956829,0.14142474478500824,1,-0.035269851960449239,,,,1,0.87968220351061066,0.09265848584814991,0.0091299769301051905,1.4983015142350549,0.000129119937437392,1.5249075522249327
CF1_D10,hypermapper,HyperMapper,binary_label,solver_evaluation,10,143,adaptive,0.25450476592047155,0.90469936269341855,0.89152492793371707,0.51962647658659333,0.070288057200991405,0.52555114728523111,0.14281354772019228,0.53931187562842531,0.17293406901882905,0.82720306548599831,0.39743652278873953,1.1829221772707976,1,-0.14001485385912765,,,,1,0.25916448870231634,0.7756490258098554,0.0091299769301051905,1.4983015142350549,0.000129119937437392,1.5249075522249327
CF1_D10,hypermapper,HyperMapper,binary_label,solver_evaluation,10,147,adaptive,1,0.95026049527053025,0.57255341455598663,0.57873600902503375,0.62407058989878861,0.78323769126695963,0.026965763972339431,0.66051583316040019,0.60312426803876096,0.8972553822879733,1.7141697379442467,0.14109168916549403,1,-0.10677413071695119,,,,1,1.1379817378644479,0.092440075480237277,0.0091299769301051905,1.4983015142350549,0.000129119937437392,1.5249075522249327
C2DTLZ2_D4_R02,ctsemo,cTSEMO,binary_label,solver_evaluation,4,26,adaptive,0.44371005225528926,0.57359527318830317,0.48692280069327265,0.45694544433479656,,,,,,,0.77249106963589032,0.64667987418891715,1,-0.032073483734672878,,,,1,0.77248491323765134,0.64661328374134663,6.5779936978942896e-06,0.99999945423470205,0.000178613477225024,0.99982675420924494
C2DTLZ2_D4_R02,ctsemo,cTSEMO,binary_label,solver_evaluation,4,29,adaptive,0.47535832217044238,0.5572449973075112,0.49784760544108431,0.49258099160304986,,,,,,,0.73638924178433041,0.68148026113868476,1,-0.03848581897157579,,,,1,0.73638306568295575,0.68141970075635339,6.5779936978942896e-06,0.99999945423470205,0.000178613477225024,0.99982675420924494
C2DTLZ2_D4_R02,ctsemo,cTSEMO,binary_label,solver_evaluation,4,30,adaptive,0.42587728426289706,0.54975289268609795,0.46388183342645362,0.48126603232037796,,,,,,,0.78770353895029332,0.62273739744607715,1,-0.02638596972522534,,,,1,0.78769739085449664,0.62266665834645418,6.5779936978942896e-06,0.99999945423470205,0.000178613477225024,0.99982675420924494
C2DTLZ2_D4_R02,ctsemo,cTSEMO,binary_label,solver_evaluation,4,31,adaptive,0.37491624238306331,0.55938230833578284,0.43819628323548149,0.47465747168328709,,,,,,,0.83818523014341673,0.5598979681308327,1,-0.0011480055777890463,,,,1,0.83817910959879038,0.5598163404781914,6.5779936978942896e-06,0.99999945423470205,0.000178613477225024,0.99982675420924494
C2DTLZ2_D4_R02,ctsemo,cTSEMO,binary_label,solver_evaluation,4,34,adaptive,0.53551330329220592,0.53790313689322689,0.44063485328496321,0.52959271018671183,,,,,,,0.67047251593638213,0.74978254520341103,1,-0.03683670977515751,,,,1,0.67046630385992634,0.74973381995467991,6.5779936978942896e-06,0.99999945423470205,0.000178613477225024,0.99982675420924494
C2DTLZ2_D4_R02,ctsemo,cTSEMO,binary_label,solver_evaluation,4,35,adaptive,0.57648882065145624,0.5328723150145166,0.47849414527458439,0.51131650029521503,,,,,,,0.61828721847540291,0.78807741773729068,1,-0.025554841296368515,,,,1,0.61828097791800718,0.78803532806361898,6.5779936978942896e-06,0.99999945423470205,0.000178613477225024,0.99982675420924494
C2DTLZ2_D4_R02,ctsemo,cTSEMO,binary_label,solver_evaluation,4,36,adaptive,0.50672762010642969,0.52178459416147727,0.48992127269007935,0.48902204097093266,,,,,,,0.70008231301774182,0.7150374606162222,1,-0.039887761170729175,,,,1,0.70007611710129458,0.71498271488481357,6.5779936978942896e-06,0.99999945423470205,0.000178613477225024,0.99982675420924494
C2DTLZ2_D4_R02,ctsemo,cTSEMO,binary_label,solver_evaluation,4,37,adaptive,0.59904940367367276,0.53097566649996464,0.49207282232985788,0.4928929546871309,,,,,,,0.5896245113680797,0.80900542080523863,1,-0.015814583522160849,,,,1,0.5896182551675645,0.80896695744825142,6.5779936978942896e-06,0.99999945423470205,0.000178613477225024,0.99982675420924494
C2DTLZ2_D4_R02,ctsemo,cTSEMO,binary_label,solver_evaluation,4,38,adaptive,0.55443747038869629,0.53175076684556166,0.47656578894984425,0.49161768374971698,,,,,,,0.64518035776439753,0.76615927075752355,1,-0.032677921557610366,,,,1,0.64517413188435202,0.76611338319917888,6.5779936978942896e-06,0.99999945423470205,0.000178613477225024,0.99982675420924494
C2DTLZ2_D4_R02,ctsemo,cTSEMO,binary_label,solver_evaluation,4,39,adaptive,0.61597750566206622,0.532924917158065,0.5036045477927078,0.50547845743821429,,,,,,,0.56793742440517958,0.8244406983387732,1,-0.0068646420187749649,,,,1,0.56793115636859848,0.82440490954200418,6.5779936978942896e-06,0.99999945423470205,0.000178613477225024,0.99982675420924494
C2DTLZ2_D4_R02,ctsemo,cTSEMO,binary_label,solver_evaluation,4,46,adaptive,0.49025787442570457,0.51490011775030053,0.49088478350016818,0.49151887863838761,,,,,,,0.71811499563747361,0.69646611934322544,1,-0.039765595530138496,,,,1,0.71810880956264422,0.69640815564761382,6.5779936978942896e-06,0.99999945423470205,0.000178613477225024,0.99982675420924494
C2DTLZ2_D4_R02,ctsemo,cTSEMO,binary_label,solver_evaluation,4,47,adaptive,0.45722860738759386,0.52285236397297485,0.48311343625441305,0.52609955863149005,,,,,,,0.7541037076702668,0.6590196969736315,1,-0.035478921232983816,,,,1,0.75409754123683825,0.65895524471885003,6.5779936978942896e-06,0.99999945423470205,0.000178613477225024,0.99982675420924494
C2DTLZ2_D4_R02,ctsemo,cTSEMO,binary_label,solver_evaluation,4,49,adaptive,0.40366937847216799,0.55480107445577564,0.46427654673207153,0.48836416439503505,,,,,,,0.80917223483800671,0.59505395988166332,1,-0.017026808408537535,,,,1,0.80916609845908571,0.59497842391197109,6.5779936978942896e-06,0.99999945423470205,0.000178613477225024,0.99982675420924494
C2DTLZ2_D4_R02,ctsemo,cTSEMO,binary_label,solver_evaluation,4,50,adaptive,0.52305013931653321,0.50548005183284217,0.4948231397756172,0.49425997409953892,,,,,,,0.68110780958518857,0.73230575395575903,1,-0.038689065247048272,,,,1,0.6811016033131102,0.73225400040186717,6.5779936978942896e-06,0.99999945423470205,0.000178613477225024,0.99982675420924494
C2DTLZ2_D4_R02,ctsemo,cTSEMO,binary_label,solver_evaluation,4,51,adaptive,0.62285956991034452,0.53323464605490589,0.49092070179011665,0.51491872783421888,,,,,,,0.55914967446430364,0.83076634257131077,1,-0.0028170074485105168,,,,1,0.55914340163167098,0.83073164985567027,6.5779936978942896e-06,0.99999945423470205,0.000178613477225024,0.99982675420924494
C2DTLZ2_D4_R02,ctsemo,cTSEMO,binary_label,solver_evaluation,4,52,adaptive,0.56577429976963156,0.50631412847354862,0.49996984013443768,0.4956351894441916,,,,,,,0.63044626278353599,0.77630880106584765,1,-0.029334245362806488,,,,1,0.63044002886212835,0.77626467217558892,6.5779936978942896e-06,0.99999945423470205,0.000178613477225024,0.99982675420924494
C2DTLZ2_D4_R02,ctsemo,cTSEMO,binary_label,solver_evaluation,4,53,adaptive,0.43600831042224175,0.5283456613819455,0.48389074531354864,0.50716748590505423,,,,,,,0.77535786663496586,0.63328519275259132,1,-0.029892162416200289,,,,1,0.775351711801326,0.63321628133074437,6.5779936978942896e-06,0.99999945423470205,0.000178613477225024,0.99982675420924494
C2DTLZ2_D4_R02,ctsemo,cTSEMO,binary_label,solver_evaluation,4,57,adaptive,0.58779580685092014,0.50718506175208089,0.5032741071823954,0.49890553384060699,,,,,,,0.60322372798193635,0.79765169311551631,1,-0.02100993018066322,,,,1,0.60321747920340574,0.79761126243216651,6.5779936978942896e-06,0.99999945423470205,0.000178613477225024,0.99982675420924494
C2DTLZ2_D4_R02,ctsemo,cTSEMO,binary_label,solver_evaluation,4,60,adaptive,0.41546838503166572,0.53451745491549807,0.48419002327484251,0.50402319704048737,,,,,,,0.79565583624582858,0.60815220724683117,1,-0.02236705714451763,,,,1,0.79564969249012218,0.60807894088656156,6.5779936978942896e-06,0.99999945423470205,0.000178613477225024,0.99982675420924494
C2DTLZ2_D4_R02,ctsemo,cTSEMO,binary_label,solver_evaluation,4,62,adaptive,0.39077231879686503,0.53799744421993867,0.50205038135466395,0.4918072769258095,,,,,,,0.8186900905432285,0.57687008273225193,1,-0.010587567448736124,,,,1,0.81868395935882565,0.57679139593651663,6.5779936978942896e-06,0.99999945423470205,0.000178613477225024,0.99982675420924494
C2DTLZ2_D4_R02,ctsemo,cTSEMO,binary_label,solver_evaluation,4,65,adaptive,0.54391718937194344,0.50654196417467345,0.49981723009040357,0.49767694938353935,,,,,,,0.65671553225054091,0.75420233794075209,1,-0.03524273056468092,,,,1,0.65670931266599675,0.75415437853518774,6.5779936978942896e-06,0.99999945423470205,0.000178613477225024,0.99982675420924494
C2DTLZ2_D4_R02,ctsemo,cTSEMO,binary_label,solver_evaluation,4,66,adaptive,0.46675550121280152,0.50883945337010683,0.48811538930422815,0.49898442548867672,,,,,,,0.74321522403740203,0.66938180580136453,1,-0.037273006587073922,,,,1,0.74320905166141371,0.66931914904938405,6.5779936978942896e-06,0.99999945423470205,0.000178613477225024,0.99982675420924494
C2DTLZ2_D4_R02,ctsemo,cTSEMO,binary_label,solver_evaluation,4,77,adaptive,0.8742819554024639,0.44829914141195931,0.49472430802735723,0.50974583787433669,,,,,,,0.19674495179705298,0.98330606960499289,1,-0.0010127366303420426,,,,1,0.19673848117639089,0.98329780833412039,6.5779936978942896e-06,0.99999945423470205,0.000178613477225024,0.99982675420924494
C2DTLZ2_D4_R02,ctsemo,cTSEMO,binary_label,solver_evaluation,4,95,adaptive,0.94368626828862845,0.48990168155121649,0.5182310345998784,0.52728652573748547,,,,,,,0.088446235682140856,0.99726448622788311,1,-0.032169780358061811,,,,1,0.088439705955765432,0.99725864361295813,6.5779936978942896e-06,0.99999945423470205,0.000178613477225024,0.99982675420924494
C2DTLZ2_D4_R02,ctsemo,cTSEMO,binary_label,solver_evaluation,4,105,adaptive,0.90579340230215166,0.4818567790657407,0.49839416780496137,0.48888763642659766,,,,,,,0.14750701630326879,0.9895212817108896,1,-0.018131876604324665,,,,1,0.14750051881023551,0.98951409738592944,6.5779936978942896e-06,0.99999945423470205,0.000178613477225024,0.99982675420924494
C2DTLZ2_D4_R02,ctsemo,cTSEMO,binary_label,solver_evaluation,4,106,adaptive,0.99999999436421816,0.52497855314455677,0.43181125367988854,0.41153365301966155,,,,,,,8.9686348302522285e-09,1.0130999277899495,1,-0.039828391891898213,,,,1,-6.5690286482119148e-06,1.0130968290739888,6.5779936978942896e-06,0.99999945423470205,0.000178613477225024,0.99982675420924494
C2DTLZ2_D4_R02,ctsemo,cTSEMO,binary_label,solver_evaluation,4,115,adaptive,0.44989300962293077,0.50166940846249564,0.49799254539755267,0.49901974768524671,,,,,,,0.76052101621241686,0.64932529547686457,1,-0.033808219405782908,,,,1,0.7605148532813345,0.64925916341681067,6.5779936978942896e-06,0.99999945423470205,0.000178613477225024,0.99982675420924494
C2DTLZ2_D4_R02,ctsemo,cTSEMO,binary_label,solver_evaluation,4,116,adaptive,0.99999999790679572,0.64449173181613806,0.47624900674283732,0.52502170525698533,,,,,,,3.3605574307454702e-09,1.0220680559778961,1,-0.03951300090535656,,,,1,-6.5746367286721172e-06,1.0220665112216119,6.5779936978942896e-06,0.99999945423470205,0.000178613477225024,0.99982675420924494
C2DTLZ2_D4_R02,ctsemo,cTSEMO,binary_label,solver_evaluation,4,118,adaptive,0.48276933223340246,0.50078292585635598,0.49781847592322648,0.49882863663431132,,,,,,,0.72598881694462003,0.68771631210950013,1,-0.039267478434602945,,,,1,0.72598263516705142,0.68765683228395225,6.5779936978942896e-06,0.99999945423470205,0.000178613477225024,0.99982675420924494
C2DTLZ2_D4_R02,ctsemo,cTSEMO,binary_label,solver_evaluation,4,124,adaptive,0.9999999924568117,0.5130988774669365,0.49027469861989392,0.49442046247214155,,,,,,,1.1852335009685713e-08,1.0002972933168524,1,-0.039999911616683564,,,,1,-6.5661449464586564e-06,1.0002919762140325,6.5779936978942896e-06,0.99999945423470205,0.000178613477225024,0.99982675420924494
C2DTLZ2_D4_R02,ctsemo,cTSEMO,binary_label,solver_evaluation,4,127,adaptive,0.49861166508799715,0.50103821532360293,0.50604404715619711,0.49830473076770854,,,,,,,0.70867583858216021,0.70559161142859439,1,-0.039995242319493862,,,,1,0.70866964735576354,0.70553522896001608,6.5779936978942896e-06,0.99999945423470205,0.000178613477225024,0.99982675420924494
C2DTLZ2_D4_R02,ctsemo,cTSEMO,binary_label,solver_evaluation,4,131,adaptive,0.93296624489748836,0.50074026402930383,0.50122839101239525,0.49823527881860419,,,,,,,0.10510245173447084,0.99446659924728753,1,-0.028922856115513235,,,,1,0.1050959310984851,0.99446027182622954,6.5779936978942896e-06,0.99999945423470205,0.000178613477225024,0.99982675420924494
C2DTLZ2_D4_R02,ctsemo,cTSEMO,binary_label,solver_evaluation,4,141,adaptive,0.96760645539058843,0.50192768455498427,0.49900132368741879,0.49709400104741008,,,,,,,0.050862375426928681,0.99871884694499169,1,-0.037411377412779862,,,,1,0.050855825188575371,0.99871325633559804,6.5779936978942896e-06,0.99999945423470205,0.000178613477225024,0.99982675420924494
C2DTLZ2_D4_R02,ctsemo,cTSEMO,binary_label,solver_evaluation,4,142,adaptive,0.51487441055359917,0.49857073867496393,0.50430292695687062,0.50482201939374349,,,,,,,0.69042421539829579,0.72346528900126239,1,-0.039454091220796572,,,,1,0.69041801421079119,0.72341200360864422,6.5779936978942896e-06,0.99999945423470205,0.000178613477225024,0.99982675420924494
C2DTLZ2_D4_R02,ctsemo,cTSEMO,binary_label,solver_evaluation,4,147,adaptive,0.53040867455286755,0.50061602927117077,0.49864212982129741,0.50831990411106043,,,,,,,0.67258562161406121,0.74011585236237998,1,-0.037718690761879774,,,,1,0.6725794106908658,0.74006545210961616,6.5779936978942896e-06,0.99999945423470205,0.000178613477225024,0.99982675420924494
C2DTLZ2_D4_R02,ctsemo,cTSEMO,binary_label,solver_evaluation,4,150,adaptive,0.38397738217514216,0.53063502871763557,0.50742612017839506,0.50437112159382091,,,,,,,0.82438681145668347,0.56781416737856827,1,-0.0068429622383771593,,,,1,0.82438068338135495,0.56773391141176421,6.5779936978942896e-06,0.99999945423470205,0.000178613477225024,0.99982675420924494
C2DTLZ2_D4_R02,botorch,BoTorch,continuous_margins,solver_evaluation,4,40,adaptive,0.093516631260403674,0.50060154836920634,0.48316711769618248,0.49590207200696201,,,,,,,0.98952749566734566,0.14641184112258088,1,-0.018453899432098714,,,,1,0.98952145772012101,0.14625856632633374,6.5779936978942896e-06,0.99999945423470205,0.000178613477225024,0.99982675420924494
C2DTLZ2_D4_R02,botorch,BoTorch,continuous_margins,solver_evaluation,4,41,adaptive,0.47862114276703333,0.57086258316916094,0.4817924514441263,0.51135873351900618,,,,,,,0.73445393444262219,0.68671067681303277,1,-0.038836132135173465,,,,1,0.73444775728502343,0.68665102273521428,6.5779936978942896e-06,0.99999945423470205,0.000178613477225024,0.99982675420924494
C2DTLZ2_D4_R02,botorch,BoTorch,continuous_margins,solver_evaluation,4,42,adaptive,0.10563824246742526,0.48063454628897934,0.47557229341129537,0.49624668325850124,,,,,,,0.98723643607505529,0.16533854116718111,1,-0.012500258240642131,,,,1,0.98723039687744918,0.16518854591021598,6.5779936978942896e-06,0.99999945423470205,0.000178613477225024,0.99982675420924494
C2DTLZ2_D4_R02,botorch,BoTorch,continuous_margins,solver_evaluation,4,43,adaptive,0.12079896117999471,0.46069404809843795,0.48659435308047005,0.49215368568528095,,,,,,,0.98380548599935191,0.18895085100129874,1,-0.0040353136221677743,,,,1,0.9837994449292512,0.1888049471864475,6.5779936978942896e-06,0.99999945423470205,0.000178613477225024,0.99982675420924494
C2DTLZ2_D4_R02,botorch,BoTorch,continuous_margins,solver_evaluation,4,45,adaptive,0.40459669473710802,0.50450317522585053,0.49694550285117522,0.49733469371328232,,,,,,,0.80478140009011101,0.59363315626058044,1,-0.017583405268204587,,,,1,0.80477526131482346,0.59355737409998988,6.5779936978942896e-06,0.99999945423470205,0.000178613477225024,0.99982675420924494
C2DTLZ2_D4_R02,botorch,BoTorch,continuous_margins,solver_evaluation,4,47,adaptive,0.45040524325469228,0.50683359702446373,0.49604222422592303,0.4921790666550207,,,,,,,0.76008628354471275,0.65001224211404185,1,-0.033933385937979295,,,,1,0.7600801203763683,0.64994622908522293,6.5779936978942896e-06,0.99999945423470205,0.000178613477225024,0.99982675420924494
C2DTLZ2_D4_R02,botorch,BoTorch,continuous_margins,solver_evaluation,4,48,adaptive,0.37609603743272474,0.52077574219367229,0.5226127165037131,0.49808163286320362,,,,,,,0.83129808333948951,0.55752819288665911,1,-0.0022027663917691676,,,,1,0.83129195903609532,0.5574461546092927,6.5779936978942896e-06,0.99999945423470205,0.000178613477225024,0.99982675420924494
C2DTLZ2_D4_R02,botorch,BoTorch,continuous_margins,solver_evaluation,4,49,adaptive,0.12545815839478905,0.48886101731337755,0.49189459912478517,0.49078962202028265,,,,,,,0.98091391551519458,0.19584988332695547,1,-0.0012785445798567385,,,,1,0.98090787286697423,0.19570517494751907,6.5779936978942896e-06,0.99999945423470205,0.000178613477225024,0.99982675420924494
C2DTLZ2_D4_R02,botorch,BoTorch,continuous_margins,solver_evaluation,4,50,adaptive,0.50988145741046709,0.50607223708407267,0.49615014796756918,0.49038464014754751,,,,,,,0.6961468382495718,0.71810020018927201,1,-0.039759024389448783,,,,1,0.69614064018527788,0.71804598515654394,6.5779936978942896e-06,0.99999945423470205,0.000178613477225024,0.99982675420924494
C2DTLZ2_D4_R02,botorch,BoTorch,continuous_margins,solver_evaluation,4,52,adaptive,0.54305765466841471,0.50715450473449064,0.501364633349075,0.49047780663783686,,,,,,,0.65779602923189628,0.75338691735373919,1,-0.035426598738013064,,,,1,0.65778981023705019,0.75333881665551217,6.5779936978942896e-06,0.99999945423470205,0.000178613477225024,0.99982675420924494
C2DTLZ2_D4_R02,botorch,BoTorch,continuous_margins,solver_evaluation,4,53,adaptive,0.57899532771775708,0.50427052089436464,0.50211674485410418,0.49208146323923113,,,,,,,0.61420572330660639,0.78925419170126876,1,-0.024621196390513703,,,,1,0.61419948052167106,0.78921230593405889,6.5779936978942896e-06,0.99999945423470205,0.000178613477225024,0.99982675420924494
C2DTLZ2_D4_R02,botorch,BoTorch,continuous_margins,solver_evaluation,4,54,adaptive,0.42770998395098303,0.50935636586887967,0.49792878507898608,0.49081520695594949,,,,,,,0.78281234510776243,0.62254096031028405,1,-0.027117289530894574,,,,1,0.78280619434252052,0.62247018717285718,6.5779936978942896e-06,0.99999945423470205,0.000178613477225024,0.99982675420924494
C2DTLZ2_D4_R02,botorch,BoTorch,continuous_margins,solver_evaluation,4,56,adaptive,0.61264884120964924,0.49245241108519433,0.49779392262069783,0.49327082020876495,,,,,,,0.57165736174921511,0.82062299608558364,1,-0.008767523729085458,,,,1,0.57165109574284789,0.8205865457733641,6.5779936978942896e-06,0.99999945423470205,0.000178613477225024,0.99982675420924494
C2DTLZ2_D4_R02,botorch,BoTorch,continuous_margins,solver_evaluation,4,59,adaptive,0.5959814397092329,0.50269972152964337,0.50794108640377389,0.49184599328030526,,,,,,,0.59296142627199877,0.80540079465336933,1,-0.017309124868015963,,,,1,0.59295517189265701,0.80536170670186569,6.5779936978942896e-06,0.99999945423470205,0.000178613477225024,0.99982675420924494
C2DTLZ2_D4_R02,botorch,BoTorch,continuous_margins,solver_evaluation,4,60,adaptive,0.49332473490491158,0.50975189143224675,0.50139030101672033,0.48852285544268176,,,,,,,0.71464557239682591,0.69981374130884433,1,-0.039889978196430066,,,,1,0.71463938442850461,0.69975635767514066,6.5779936978942896e-06,0.99999945423470205,0.000178613477225024,0.99982675420924494
C2DTLZ2_D4_R02,botorch,BoTorch,continuous_margins,solver_evaluation,4,62,adaptive,0.62448816954701625,0.48718732998379011,0.49192430308476676,0.48219750636193609,,,,,,,0.55654241826329665,0.83147667163615357,1,-0.0018625029670685939,,,,1,0.55653614400771323,0.83144210200335722,6.5779936978942896e-06,0.99999945423470205,0.000178613477225024,0.99982675420924494
C2DTLZ2_D4_R02,botorch,BoTorch,continuous_margins,solver_evaluation,4,63,adaptive,0.56117829369909045,0.50576518044907381,0.50353406469714257,0.48899560968624523,,,,,,,0.63610288629437461,0.7718204408592696,1,-0.030770589161904376,,,,1,0.63609665546015748,0.7717755342447602,6.5779936978942896e-06,0.99999945423470205,0.000178613477225024,0.99982675420924494
C2DTLZ2_D4_R02,botorch,BoTorch,continuous_margins,solver_evaluation,4,65,adaptive,0.52665491602946368,0.50619013564879001,0.50349992349352723,0.4881570633681952,,,,,,,0.67701872202686242,0.73622505473669597,1,-0.038246834841462025,,,,1,0.67701251352310077,0.73617398030282177,6.5779936978942896e-06,0.99999945423470205,0.000178613477225024,0.99982675420924494
C2DTLZ2_D4_R02,botorch,BoTorch,continuous_margins,solver_evaluation,4,66,adaptive,0.048389932518752683,0.50347606828112734,0.50837521281769904,0.49859691484440466,,,,,,,0.99719652798212211,0.075943949371425706,1,-0.034224657098515382,,,,1,0.99719049422039141,0.075778464194152212,6.5779936978942896e-06,0.99999945423470205,0.000178613477225024,0.99982675420924494
C2DTLZ2_D4_R02,botorch,BoTorch,continuous_margins,solver_evaluation,4,68,adaptive,0.46639199699206013,0.50818581602918678,0.50067830511645639,0.48953533684881062,,,,,,,0.74356502329391683,0.66892827804500066,1,-0.037213198480311349,,,,1,0.7435588511088369,0.66886554270763077,6.5779936978942896e-06,0.99999945423470205,0.000178613477225024,0.99982675420924494
C2DTLZ2_D4_R02,botorch,BoTorch,continuous_margins,solver_evaluation,4,70,adaptive,0.37267545128203305,0.54540783220740752,0.51603657723135554,0.5182258308380584,,,,,,,0.8357024457020743,0.5539953963036145,1,-2.0058887040444451e-05,,,,1,0.83569632380242964,0.55391274587805839,6.5779936978942896e-06,0.99999945423470205,0.000178613477225024,0.99982675420924494
C2DTLZ2_D4_R02,botorch,BoTorch,continuous_margins,solver_evaluation,4,71,adaptive,0.38914540852651786,0.50867065996188965,0.49932943334667351,0.4917035249431651,,,,,,,0.81903916338468619,0.57398936637850606,1,-0.0097508956902736463,,,,1,0.81903303239079528,0.57391018042431097,6.5779936978942896e-06,0.99999945423470205,0.000178613477225024,0.99982675420924494
C2DTLZ2_D4_R02,botorch,BoTorch,continuous_margins,solver_evaluation,4,76,adaptive,0.41617578795997673,0.50947365687821045,0.49876461965934471,0.49222875855273168,,,,,,,0.79394290025583847,0.60824175391238922,1,-0.022685194807063869,,,,1,0.79393675556527055,0.60816850306839054,6.5779936978942896e-06,0.99999945423470205,0.000178613477225024,0.99982675420924494
C2DTLZ2_D4_R02,botorch,BoTorch,continuous_margins,solver_evaluation,4,78,adaptive,0,0.50609972618016608,0.51215121665840324,0.50155153601032909,,,,,,,1.0001872659897437,0,1,-0.039999964931449056,,,,1,1.0001812338602549,-0.00017864442661997775,6.5779936978942896e-06,0.99999945423470205,0.000178613477225024,0.99982675420924494
C2DTLZ2_D4_R02,botorch,BoTorch,continuous_margins,solver_evaluation,4,79,adaptive,0.57028166439541839,0.51321592442184016,0.50254872788139437,0.49699072631654689,,,,,,,0.62501616676857386,0.78085546182321963,1,-0.027822263128829725,,,,1,0.6250099298836066,0.78081212075928663,6.5779936978942896e-06,0.99999945423470205,0.000178613477225024,0.99982675420924494
C2DTLZ2_D4_R02,botorch,BoTorch,continuous_margins,solver_evaluation,4,80,adaptive,0.07265881389422893,0.50679685123062346,0.50582742275448944,0.50373537209558916,,,,,,,0.99358748442999922,0.11389529285789329,1,-0.026986741908879258,,,,1,0.99358144869857679,0.11373638373040527,6.5779936978942896e-06,0.99999945423470205,0.000178613477225024,0.99982675420924494
C2DTLZ2_D4_R02,botorch,BoTorch,continuous_margins,solver_evaluation,4,81,adaptive,0.12549244731104003,0.50775479705697713,0.50924413670647695,0.49254881644099668,,,,,,,0.98083129428445814,0.19588832214424079,1,-0.0012603259687050394,,,,1,0.98082525159114597,0.19574362042532159,6.5779936978942896e-06,0.99999945423470205,0.000178613477225024,0.99982675420924494
C2DTLZ2_D4_R02,botorch,BoTorch,continuous_margins,solver_evaluation,4,87,adaptive,0.9035569260059414,0.49479144805735364,0.4875763392540467,0.5175573698968351,,,,,,,0.15098754161685241,0.98903108005468743,1,-0.017082445071732705,,,,1,0.15098104602337009,0.98902381078963819,6.5779936978942896e-06,0.99999945423470205,0.000178613477225024,0.99982675420924494
C2DTLZ2_D4_R02,botorch,BoTorch,continuous_margins,solver_evaluation,4,94,adaptive,0.879151413816747,0.50628903359531419,0.48015616872566974,0.52787862120845686,,,,,,,0.1889189122046098,0.98322540866431052,1,-0.0040282576969475625,,,,1,0.18891243731276455,0.98321713341684824,6.5779936978942896e-06,0.99999945423470205,0.000178613477225024,0.99982675420924494
C2DTLZ2_D4_R02,botorch,BoTorch,continuous_margins,solver_evaluation,4,96,adaptive,0.94047576029710311,0.49872261747973035,0.49111796587187695,0.52260858668255716,,,,,,,0.093419522109397121,0.99622110187398938,1,-0.03125851281780509,,,,1,0.093412995097270329,0.99621507846579527,6.5779936978942896e-06,0.99999945423470205,0.000178613477225024,0.99982675420924494
C2DTLZ2_D4_R02,botorch,BoTorch,continuous_margins,solver_evaluation,4,111,adaptive,0.48428439163373482,0.50958644031145117,0.49913611114482065,0.49648889261882179,,,,,,,0.72442125347881037,0.68950983064885729,1,-0.039390556381014553,,,,1,0.72441507084571954,0.68945066159668722,6.5779936978942896e-06,0.99999945423470205,0.000178613477225024,0.99982675420924494
C2DTLZ2_D4_R02,botorch,BoTorch,continuous_margins,solver_evaluation,4,118,adaptive,0.55221102307410042,0.50716272192708922,0.4994734117019573,0.49813807826703199,,,,,,,0.64683880158374785,0.76269893474582284,1,-0.033277283097238486,,,,1,0.64683257660882387,0.76265244759495265,6.5779936978942896e-06,0.99999945423470205,0.000178613477225024,0.99982675420924494
C2DTLZ2_D4_R02,botorch,BoTorch,continuous_margins,solver_evaluation,4,119,adaptive,0.62704113568524622,0.48655511036703886,0.4871066536043549,0.48175313172631284,,,,,,,0.5532774634291886,0.83381317696246082,1,-0.00028203026778313156,,,,1,0.55327118739170522,0.83377901218951755,6.5779936978942896e-06,0.99999945423470205,0.000178613477225024,0.99982675420924494
C2DTLZ2_D4_R02,botorch,BoTorch,continuous_margins,solver_evaluation,4,120,adaptive,0.43914098826690479,0.5106438343208447,0.49888896165639229,0.49659041297208961,,,,,,,0.77146994732032093,0.63646401162479982,1,-0.030866981953882107,,,,1,0.77146379036478852,0.63639565101536799,6.5779936978942896e-06,0.99999945423470205,0.000178613477225024,0.99982675420924494
C2DTLZ2_D4_R02,botorch,BoTorch,continuous_margins,solver_evaluation,4,125,adaptive,0.87378396440872408,0.50788762149323752,0.48901971822103496,0.51464657803923042,,,,,,,0.19704166055558189,0.98080036127315329,1,-0.00080595787825740728,,,,1,0.19703519009685325,0.98079166582363986,6.5779936978942896e-06,0.99999945423470205,0.000178613477225024,0.99982675420924494
C2DTLZ2_D4_R02,botorch,BoTorch,continuous_margins,solver_evaluation,4,127,adaptive,1,0.51037355431575226,0.50014971114081375,0.51855063468226381,,,,,,,6.126000222352593e-17,1.0004517590896824,1,-0.039999795913724795,,,,1,-6.5779972878756791e-06,1.0004464687520445,6.5779936978942896e-06,0.99999945423470205,0.000178613477225024,0.99982675420924494
C2DTLZ2_D4_R02,botorch,BoTorch,continuous_margins,solver_evaluation,4,129,adaptive,0.58757352057893408,0.50608099982972643,0.50024820978831797,0.49933824159349888,,,,,,,0.60348647534483368,0.79742023529812067,1,-0.021106312223706465,,,,1,0.60348022670970158,0.79737976450873005,6.5779936978942896e-06,0.99999945423470205,0.000178613477225024,0.99982675420924494
C2DTLZ2_D4_R02,botorch,BoTorch,continuous_margins,solver_evaluation,4,130,adaptive,0.51838099612935773,0.50813712923670551,0.50008601606021363,0.49756860716399037,,,,,,,0.68644826014023308,0.72727783909429333,1,-0.039166353931061354,,,,1,0.68644205678278891,0.72722521432438092,6.5779936978942896e-06,0.99999945423470205,0.000178613477225024,0.99982675420924494
C2DTLZ2_D4_R02,botorch,BoTorch,continuous_margins,solver_evaluation,4,131,adaptive,0.92123557459655958,0.50668399630119199,0.49759133433199054,0.51851221116527313,,,,,,,0.12345598803049562,0.99274625785628123,1,-0.024706002244326591,,,,1,0.12344947741123855,0.99273963234167517,6.5779936978942896e-06,0.99999945423470205,0.000178613477225024,0.99982675420924494
C2DTLZ2_D4_R02,botorch,BoTorch,continuous_margins,solver_evaluation,4,140,adaptive,0.39693874774647309,0.5110856986343737,0.50037363129105628,0.49840932416665662,,,,,,,0.81193599254465543,0.58396154402905998,1,-0.013846087011463299,,,,1,0.81192985767409831,0.58388408601202535,6.5779936978942896e-06,0.99999945423470205,0.000178613477225024,0.99982675420924494
C2DTLZ2_D4_R02,botorch,BoTorch,continuous_margins,solver_evaluation,4,141,adaptive,0.50181634710786471,0.50633244173437819,0.50349233389170933,0.49977072088674462,,,,,,,0.70512336193855552,0.70915847647429864,1,-0.039991856594532922,,,,1,0.70511716877333941,0.70910271205715047,6.5779936978942896e-06,0.99999945423470205,0.000178613477225024,0.99982675420924494
C2DTLZ2_D4_R02,botorch,BoTorch,continuous_margins,solver_evaluation,4,145,adaptive,0.89151032640101069,0.50354799287182983,0.49996227795350778,0.51833458835924906,,,,,,,0.16965067483515822,0.98585813572017533,1,-0.011018656202666482,,,,1,0.16964418942737192,0.98585031666062628,6.5779936978942896e-06,0.99999945423470205,0.000178613477225024,0.99982675420924494
C2DTLZ2_D4_R02,botorch,BoTorch,continuous_margins,solver_evaluation,4,146,adaptive,0.53504742061827171,0.50477620632528897,0.50447097022129717,0.50087747582403064,,,,,,,0.66715634714610716,0.74497621017852722,1,-0.036969869167801837,,,,1,0.66715013325980055,0.74492665210820119,6.5779936978942896e-06,0.99999945423470205,0.000178613477225024,0.99982675420924494
C2DTLZ2_D4_R02,trieste,Trieste,continuous_margins,solver_evaluation,4,36,adaptive,0.11375873503105774,0.51908314280783108,0.49319518390938566,0.50502086795405765,,,,,,,0.98450580043772762,0.17781979832208994,1,-0.0081400491046157153,,,,1,0.9844997597498345,0.17767196576506888,6.5779936978942896e-06,0.99999945423470205,0.000178613477225024,0.99982675420924494
C2DTLZ2_D4_R02,trieste,Trieste,continuous_margins,solver_evaluation,4,42,adaptive,0.88677714948608077,0.52355019092238642,0.49168239282966364,0.54726581794745499,,,,,,,0.17741952821142304,0.98703909830395686,1,-0.0083543260364615513,,,,1,0.17741304704360963,0.98703148387665618,6.5779936978942896e-06,0.99999945423470205,0.000178613477225024,0.99982675420924494
C2DTLZ2_D4_R02,trieste,Trieste,continuous_margins,solver_evaluation,4,43,adaptive,0.62453851779526415,0.55078137578374342,0.50385549223597759,0.50006295931063338,,,,,,,0.55761531400840758,0.83322213259939104,1,-0.0017472193789421081,,,,1,0.55760904033837377,0.83318786541275691,6.5779936978942896e-06,0.99999945423470205,0.000178613477225024,0.99982675420924494
C2DTLZ2_D4_R02,trieste,Trieste,continuous_margins,solver_evaluation,4,44,adaptive,0.48526240197113768,0.49854843824735579,0.48934464307686615,0.47708618578731526,,,,,,,0.72374860904144223,0.69099184834463501,1,-0.039463358505148705,,,,1,0.72374242604124517,0.69093293609028161,6.5779936978942896e-06,0.99999945423470205,0.000178613477225024,0.99982675420924494
C2DTLZ2_D4_R02,trieste,Trieste,continuous_margins,solver_evaluation,4,45,adaptive,0.56374539219875464,0.49739766581771017,0.49515056252305945,0.48764805059690813,,,,,,,0.63299559205610001,0.77439158928636354,1,-0.029980286244641982,,,,1,0.63298935952602853,0.77434712818968066,6.5779936978942896e-06,0.99999945423470205,0.000178613477225024,0.99982675420924494
C2DTLZ2_D4_R02,trieste,Trieste,continuous_margins,solver_evaluation,4,46,adaptive,0.37545050221889809,0.53117589875222881,0.48879903221857673,0.45768274641882917,,,,,,,0.83347652788449078,0.55776474920165142,1,-0.0017276446021199376,,,,1,0.83347040477001677,0.55768275191377215,6.5779936978942896e-06,0.99999945423470205,0.000178613477225024,0.99982675420924494
C2DTLZ2_D4_R02,trieste,Trieste,continuous_margins,solver_evaluation,4,49,adaptive,0.87516376274530794,0.51077778077666991,0.49747356903632339,0.5458803438729154,,,,,,,0.19527203170867174,0.98302029192692997,1,-0.0015805231461206437,,,,1,0.19526556028414055,0.98301198113769883,6.5779936978942896e-06,0.99999945423470205,0.000178613477225024,0.99982675420924494
C2DTLZ2_D4_R02,trieste,Trieste,continuous_margins,solver_evaluation,4,51,adaptive,0.12472233487281272,0.50870650489777802,0.49104017826314916,0.50293035998423752,,,,,,,0.98103179537957563,0.19469458352903651,1,-0.0017342263579328276,,,,1,0.98102575279569004,0.19454967496409178,6.5779936978942896e-06,0.99999945423470205,0.000178613477225024,0.99982675420924494
C2DTLZ2_D4_R02,trieste,Trieste,continuous_margins,solver_evaluation,4,52,adaptive,0.41331419509459538,0.50474408293804474,0.50051733210685934,0.49980413281588809,,,,,,,0.79656626439869838,0.60458896084949831,1,-0.021487097376755408,,,,1,0.7965601211398724,0.60451507706482277,6.5779936978942896e-06,0.99999945423470205,0.000178613477225024,0.99982675420924494
C2DTLZ2_D4_R02,trieste,Trieste,continuous_margins,solver_evaluation,4,53,adaptive,0.52451256631740317,0.50420842567028423,0.50288386786078887,0.49717187536061008,,,,,,,0.67938590305866975,0.73382753255910638,1,-0.038517554361905251,,,,1,0.679379695846834,0.73377604269263474,6.5779936978942896e-06,0.99999945423470205,0.000178613477225024,0.99982675420924494
C2DTLZ2_D4_R02,trieste,Trieste,continuous_margins,solver_evaluation,4,54,adaptive,0.46106766979921482,0.50412063354524805,0.50120653035318452,0.49569633999028029,,,,,,,0.74902861524682096,0.66259342628704854,1,-0.036261121064614155,,,,1,0.74902244604358159,0.66252959327310879,6.5779936978942896e-06,0.99999945423470205,0.000178613477225024,0.99982675420924494
C2DTLZ2_D4_R02,trieste,Trieste,continuous_margins,solver_evaluation,4,55,adaptive,0.58856889121195499,0.50205157095989006,0.50338079348251841,0.49622991190449295,,,,,,,0.60223435971370198,0.79835673819153763,1,-0.02067522056100931,,,,1,0.60222811039520818,0.79831642967544447,6.5779936978942896e-06,0.99999945423470205,0.000178613477225024,0.99982675420924494
C2DTLZ2_D4_R02,trieste,Trieste,continuous_margins,solver_evaluation,4,58,adaptive,0.067204036124477173,0.50397236203736961,0.49830461955546201,0.49887051421014367,,,,,,,0.99445312758655757,0.10536999979510935,1,-0.028866395349607638,,,,1,0.99444709232757333,0.10520961344055987,6.5779936978942896e-06,0.99999945423470205,0.000178613477225024,0.99982675420924494
C2DTLZ2_D4_R02,trieste,Trieste,continuous_margins,solver_evaluation,4,61,adaptive,0.50464456250608869,0.50384935808020082,0.4977381735431855,0.49804575586321392,,,,,,,0.70194586924664759,0.71226364654188423,1,-0.039946771727655532,,,,1,0.70193967434726523,0.71220842017559494,6.5779936978942896e-06,0.99999945423470205,0.000178613477225024,0.99982675420924494
C2DTLZ2_D4_R02,trieste,Trieste,continuous_margins,solver_evaluation,4,62,adaptive,0.54414943328600129,0.50278774630596079,0.49893358090234097,0.49794527846712977,,,,,,,0.65641731187954788,0.75441538568398414,1,-0.035192473641879871,,,,1,0.65641109213224536,0.75436746319444015,6.5779936978942896e-06,0.99999945423470205,0.000178613477225024,0.99982675420924494
C2DTLZ2_D4_R02,trieste,Trieste,continuous_margins,solver_evaluation,4,66,adaptive,0.87359865636338707,0.50409270534698081,0.50860312508495864,0.54023727150987944,,,,,,,0.1975860334925556,0.98202967716118661,1,-0.00063682686574736969,,,,1,0.19757956333092697,0.98202119472237948,6.5779936978942896e-06,0.99999945423470205,0.000178613477225024,0.99982675420924494
C2DTLZ2_D4_R02,trieste,Trieste,continuous_margins,solver_evaluation,4,67,adaptive,0.91276990951318093,0.49756918024396379,0.51231618228243014,0.52296861980969767,,,,,,,0.13668594174985793,0.99130607393391856,1,-0.021241368977511915,,,,1,0.13667943835105445,0.99129919887027662,6.5779936978942896e-06,0.99999945423470205,0.000178613477225024,0.99982675420924494
C2DTLZ2_D4_R02,trieste,Trieste,continuous_margins,solver_evaluation,4,68,adaptive,0.12696228572176074,0.50459841925631854,0.49126304794873726,0.50350449370630601,,,,,,,0.98028687102436651,0.19813426023450345,1,-0.00035420746731604225,,,,1,0.9802808280339268,0.1979899476823262,6.5779936978942896e-06,0.99999945423470205,0.000178613477225024,0.99982675420924494
C2DTLZ2_D4_R02,trieste,Trieste,continuous_margins,solver_evaluation,4,69,adaptive,0.42696033268102013,0.50585610769822142,0.49697244525456691,0.50018848870686783,,,,,,,0.7834409197698432,0.62153625666428758,1,-0.026850784619731529,,,,1,0.78343476934765566,0.62146530943602263,6.5779936978942896e-06,0.99999945423470205,0.000178613477225024,0.99982675420924494
C2DTLZ2_D4_R02,trieste,Trieste,continuous_margins,solver_evaluation,4,70,adaptive,0.3998166568635777,0.50616932210655541,0.49678397141615366,0.50117722936645392,,,,,,,0.80922652864572475,0.58758148907460861,1,-0.015285261724429552,,,,1,0.80922039229643539,0.58750465830648413,6.5779936978942896e-06,0.99999945423470205,0.000178613477225024,0.99982675420924494
C2DTLZ2_D4_R02,trieste,Trieste,continuous_margins,solver_evaluation,4,71,adaptive,0.87284640605494013,0.49651401397810746,0.50834681458645448,0.51815469725909424,,,,,,,0.19848868373882925,0.98052294240327798,1,-0.00022288665500100335,,,,1,0.19848221406983607,0.9805141988837851,6.5779936978942896e-06,0.99999945423470205,0.000178613477225024,0.99982675420924494
C2DTLZ2_D4_R02,trieste,Trieste,continuous_margins,solver_evaluation,4,73,adaptive,0.57609505922251802,0.50199442968822727,0.49946250998896696,0.49713468727828825,,,,,,,0.61774990601477675,0.78639049275723993,1,-0.025729441939111839,,,,1,0.61774366516413437,0.78634811078027578,6.5779936978942896e-06,0.99999945423470205,0.000178613477225024,0.99982675420924494
C2DTLZ2_D4_R02,trieste,Trieste,continuous_margins,solver_evaluation,4,74,adaptive,0.4733498868713944,0.50516494692646019,0.4978394178318753,0.498215690160076,,,,,,,0.73610490234170989,0.67691848183370573,1,-0.038247775551653748,,,,1,0.73609872608515259,0.67685713100536993,6.5779936978942896e-06,0.99999945423470205,0.000178613477225024,0.99982675420924494
C2DTLZ2_D4_R02,trieste,Trieste,continuous_margins,solver_evaluation,4,75,adaptive,0.601118698425681,0.50147181443491184,0.49975230374362367,0.49735745984751117,,,,,,,0.58636810327387567,0.81005608988950883,1,-0.014823611493482471,,,,1,0.58636184529612501,0.81001780858805827,6.5779936978942896e-06,0.99999945423470205,0.000178613477225024,0.99982675420924494
C2DTLZ2_D4_R02,trieste,Trieste,continuous_margins,solver_evaluation,4,76,adaptive,0.44872939752710167,0.50576419509078041,0.49764334332504323,0.49896076379212168,,,,,,,0.76173101733378701,0.64795492003355015,1,-0.033517250147467148,,,,1,0.76172485506308163,0.64788855052058125,6.5779936978942896e-06,0.99999945423470205,0.000178613477225024,0.99982675420924494
C2DTLZ2_D4_R02,trieste,Trieste,continuous_margins,solver_evaluation,4,77,adaptive,0.95731518493004142,0.49329284827110159,0.50539201004950163,0.51596487033602234,,,,,,,0.067020962854456398,0.99808124530045672,1,-0.035504508918464545,,,,1,0.067014421434904187,0.99807554421012168,6.5779936978942896e-06,0.99999945423470205,0.000178613477225024,0.99982675420924494
C2DTLZ2_D4_R02,trieste,Trieste,continuous_margins,solver_evaluation,4,79,adaptive,0.62721149700380985,0.51067665464302525,0.50260397385559175,0.49939544130983488,,,,,,,0.55274546799130775,0.83349549281331259,1,-0.00019847856196753,,,,1,0.55273919166347951,0.83346127299339101,6.5779936978942896e-06,0.99999945423470205,0.000178613477225024,0.99982675420924494
C2DTLZ2_D4_R02,trieste,Trieste,continuous_margins,solver_evaluation,4,82,adaptive,0.092165528087096257,0.50133265304504582,0.49234166486042347,0.50151499812932532,,,,,,,0.98960070590853333,0.14427712694828787,1,-0.019075965321946747,,,,1,0.98959466800126428,0.14412348225771296,6.5779936978942896e-06,0.99999945423470205,0.000178613477225024,0.99982675420924494
C2DTLZ2_D4_R02,trieste,Trieste,continuous_margins,solver_evaluation,4,83,adaptive,0.61666198572993491,0.50148814897830607,0.49932624616934934,0.49888278634111727,,,,,,,0.56641451500898765,0.82412525176601936,1,-0.0065123637810639359,,,,1,0.56640824614125507,0.82408940830998989,6.5779936978942896e-06,0.99999945423470205,0.000178613477225024,0.99982675420924494
C2DTLZ2_D4_R02,trieste,Trieste,continuous_margins,solver_evaluation,4,84,adaptive,1,0.50379764359159995,0.50068023764128144,0.50020568621892447,,,,,,,6.1233253980277698e-17,1.0000149271269181,1,-0.039999999777180911,,,,1,-6.5779972878757062e-06,1.000009561096868,6.5779936978942896e-06,0.99999945423470205,0.000178613477225024,0.99982675420924494
C2DTLZ2_D4_R02,trieste,Trieste,continuous_margins,solver_evaluation,4,85,adaptive,0.93405641779455084,0.50342566163094637,0.50159798195540706,0.50105707962642998,,,,,,,0.10340039277624831,0.99465530273236802,1,-0.029279792984835046,,,,1,0.10339387121133735,0.9946490080090592,6.5779936978942896e-06,0.99999945423470205,0.000178613477225024,0.99982675420924494
C2DTLZ2_D4_R02,trieste,Trieste,continuous_margins,solver_evaluation,4,87,adaptive,0.53430520151299643,0.50302762333714057,0.49768708843139353,0.49864297084723547,,,,,,,0.66800626381230288,0.7441776313201931,1,-0.037096901611435189,,,,1,0.66800005038985155,0.74412793487546847,6.5779936978942896e-06,0.99999945423470205,0.000178613477225024,0.99982675420924494
C2DTLZ2_D4_R02,trieste,Trieste,continuous_margins,solver_evaluation,4,88,adaptive,0.38163312655481801,0.50621151108361095,0.49650790095333885,0.5015860065252824,,,,,,,0.82567993742123558,0.56423331155205325,1,-0.0055275782951455105,,,,1,0.82567381005165064,0.56415243510955515,6.5779936978942896e-06,0.99999945423470205,0.000178613477225024,0.99982675420924494
C2DTLZ2_D4_R02,trieste,Trieste,continuous_margins,solver_evaluation,4,89,adaptive,0.514580510577063,0.50358233015870624,0.49773125632407106,0.49858827893296981,,,,,,,0.69074167002875519,0.72312923614802416,1,-0.039475464073800565,,,,1,0.69073546901450644,0.72307589252557569,6.5779936978942896e-06,0.99999945423470205,0.000178613477225024,0.99982675420924494
C2DTLZ2_D4_R02,trieste,Trieste,continuous_margins,solver_evaluation,4,91,adaptive,0.55401590283961033,0.50242577171212677,0.49811803551730455,0.49892937828627393,,,,,,,0.64464520720251139,0.76449571726841037,1,-0.032805061790828649,,,,1,0.64463898103039907,0.76444954145648736,6.5779936978942896e-06,0.99999945423470205,0.000178613477225024,0.99982675420924494
C2DTLZ2_D4_R02,trieste,Trieste,continuous_margins,solver_evaluation,4,92,adaptive,0.49474433059800921,0.50355955245261386,0.49800715033471638,0.49857985662961335,,,,,,,0.71293350180928083,0.70125825463048208,1,-0.039931844063907616,,,,1,0.7129273129065703,0.70120112129599432,6.5779936978942896e-06,0.99999945423470205,0.000178613477225024,0.99982675420924494
C2DTLZ2_D4_R02,trieste,Trieste,continuous_margins,solver_evaluation,4,93,adaptive,0.90048764369794831,0.50304549603889548,0.50106601539714613,0.50154698750184301,,,,,,,0.15567985427995878,0.98782052638416573,1,-0.015615443393812017,,,,1,0.15567336124737929,0.98781304735944864,6.5779936978942896e-06,0.99999945423470205,0.000178613477225024,0.99982675420924494
C2DTLZ2_D4_R02,trieste,Trieste,continuous_margins,solver_evaluation,4,94,adaptive,0.043768476291882526,0.49980256023504099,0.49454494116210618,0.500652369000261,,,,,,,0.99766770673926131,0.068699289023999605,1,-0.035274968095742903,,,,1,0.9976616732346838,0.068532548522335798,6.5779936978942896e-06,0.99999945423470205,0.000178613477225024,0.99982675420924494
C2DTLZ2_D4_R02,trieste,Trieste,continuous_margins,solver_evaluation,4,95,adaptive,0.39313125284338035,0.50445993397118039,0.49728303359754661,0.50019432024030253,,,,,,,0.81533390102611536,0.57903821284872059,1,-0.011885332335131185,,,,1,0.81532776801001972,0.57895990173748757,6.5779936978942896e-06,0.99999945423470205,0.000178613477225024,0.99982675420924494
C2DTLZ2_D4_R02,trieste,Trieste,continuous_margins,solver_evaluation,4,96,adaptive,0.43378611466845957,0.50432968576387216,0.49787381823412341,0.49945238091962935,,,,,,,0.77671647934520149,0.62988780326160509,1,-0.029191719370488346,,,,1,0.77671032525304573,0.62981830315434206,6.5779936978942896e-06,0.99999945423470205,0.000178613477225024,0.99982675420924494
C2DTLZ2_D4_R02,trieste,Trieste,continuous_margins,solver_evaluation,4,99,adaptive,0.88574458200691697,0.50276729511699736,0.50060896596535231,0.50176733390020878,,,,,,,0.17851206085651761,0.98394905798775156,1,-0.0078758113892784809,,,,1,0.17850558028497093,0.98394090813121193,6.5779936978942896e-06,0.99999945423470205,0.000178613477225024,0.99982675420924494
C2DTLZ2_D4_R02,trieste,Trieste,continuous_margins,solver_evaluation,4,100,adaptive,0.42014503677268972,0.50444035349464444,0.49785420756543008,0.49971157221540397,,,,,,,0.79003463722166978,0.61310201540643339,1,-0.024286074704043929,,,,1,0.79002849039810641,0.6130296067281823,6.5779936978942896e-06,0.99999945423470205,0.000178613477225024,0.99982675420924494
C2DTLZ2_D4_R02,trieste,Trieste,continuous_margins,solver_evaluation,4,101,adaptive,0.40658893047428912,0.50284893473709091,0.49772756365310156,0.50100896308014864,,,,,,,0.80290175291749855,0.5961353639666247,1,-0.018508667951268119,,,,1,0.80289561311636426,0.59606001537810127,6.5779936978942896e-06,0.99999945423470205,0.000178613477225024,0.99982675420924494
C2DTLZ2_D4_R02,trieste,Trieste,continuous_margins,solver_evaluation,4,102,adaptive,0.87271309814209097,0.50412463913513494,0.50342883400308713,0.50711556297120075,,,,,,,0.19862805848540194,0.98015595813157741,1,-0.00015310838464396848,,,,1,0.19862158889247469,0.98014715102258765,6.5779936978942896e-06,0.99999945423470205,0.000178613477225024,0.99982675420924494
C2DTLZ2_D4_R02,trieste,Trieste,continuous_margins,solver_evaluation,4,104,adaptive,0.59482285226742082,0.50175420052674313,0.4981085317794125,0.49967457917392638,,,,,,,0.59434888611029268,0.80421571929776758,1,-0.017855511236883545,,,,1,0.59434263248817876,0.80417642600137174,6.5779936978942896e-06,0.99999945423470205,0.000178613477225024,0.99982675420924494
C2DTLZ2_D4_R02,trieste,Trieste,continuous_margins,solver_evaluation,4,105,adaptive,0.46720031777102278,0.50367905761030385,0.49768961512859922,0.49911704032251097,,,,,,,0.74259825487124509,0.6697664803275184,1,-0.03734605722744562,,,,1,0.74259208215853623,0.66970389023032806,6.5779936978942896e-06,0.99999945423470205,0.000178613477225024,0.99982675420924494
C2DTLZ2_D4_R02,trieste,Trieste,continuous_margins,solver_evaluation,4,106,adaptive,0.60888512486706725,0.5012720419897102,0.49818159402909645,0.50007247739883187,,,,,,,0.57643998934134844,0.81714551861990548,1,-0.010817665772955933,,,,1,0.57643372594517472,0.8171084657449611,6.5779936978942896e-06,0.99999945423470205,0.000178613477225024,0.99982675420924494
C2DTLZ2_D4_R02,trieste,Trieste,continuous_margins,solver_evaluation,4,107,adaptive,0.47950296376673962,0.50356192143732903,0.49778106424166962,0.49895340720745024,,,,,,,0.72951650665248158,0.68399055512841955,1,-0.038963444297371003,,,,1,0.72951032680020456,0.68393042971931273,6.5779936978942896e-06,0.99999945423470205,0.000178613477225024,0.99982675420924494
C2DTLZ2_D4_R02,trieste,Trieste,continuous_margins,solver_evaluation,4,108,adaptive,0.44255620299595361,0.50401086156961361,0.49766748896189394,0.49952495654636303,,,,,,,0.76796431162303791,0.64052659828899494,1,-0.0318634402345001,,,,1,0.76795815275425006,0.64045894162755834,6.5779936978942896e-06,0.99999945423470205,0.000178613477225024,0.99982675420924494
C2DTLZ2_D4_R02,trieste,Trieste,continuous_margins,solver_evaluation,4,109,adaptive,0.56987419026473984,0.50204668738147895,0.49801574782091579,0.49924340962096714,,,,,,,0.62540231401645596,0.78031361831537127,1,-0.027965139042045312,,,,1,0.62539607734223457,0.78027018336306553,6.5779936978942896e-06,0.99999945423470205,0.000178613477225024,0.99982675420924494
C2DTLZ2_D4_R02,trieste,Trieste,continuous_margins,solver_evaluation,4,110,adaptive,0.58234091265813059,0.50180347116549795,0.49811494781156207,0.49951114747066189,,,,,,,0.61000173737985119,0.79240896654239112,1,-0.023294147640816897,,,,1,0.60999549230052497,0.79236762742134736,6.5779936978942896e-06,0.99999945423470205,0.000178613477225024,0.99982675420924494
C2DTLZ2_D4_R02,trieste,Trieste,continuous_margins,solver_evaluation,4,111,adaptive,0.49969725696341183,0.50317570179949478,0.49778655384808007,0.49876850172543985,,,,,,,0.70745463771342443,0.70678210070546121,1,-0.039999773578421917,,,,1,0.70744844582053834,0.7067259245198767,6.5779936978942896e-06,0.99999945423470205,0.000178613477225024,0.99982675420924494
C2DTLZ2_D4_R02,trieste,Trieste,continuous_margins,solver_evaluation,4,112,adaptive,0.62182370837578582,0.5014362463337102,0.49826633125697078,0.50022552789785091,,,,,,,0.55971462352020507,0.82869160656494556,1,-0.0034926820961645108,,,,1,0.55970835099590222,0.82865655434774288,6.5779936978942896e-06,0.99999945423470205,0.000178613477225024,0.99982675420924494
C2DTLZ2_D4_R02,trieste,Trieste,continuous_margins,solver_evaluation,4,114,adaptive,0.37275604038295451,0.51531278254062807,0.50036686158838761,0.4868238324672472,,,,,,,0.83376294487489733,0.55286162190722088,1,-0.00016664703864510688,,,,1,0.83375682191673983,0.55277877502598782,6.5779936978942896e-06,0.99999945423470205,0.000178613477225024,0.99982675420924494
C2DTLZ2_D4_R02,trieste,Trieste,continuous_margins,solver_evaluation,4,115,adaptive,0.92300960486546346,0.50322390536561401,0.50108577973257828,0.50112331750411987,,,,,,,0.12064320014778339,0.99270886319913565,1,-0.025392057582253019,,,,1,0.12063668799340346,0.99270223120494006,6.5779936978942896e-06,0.99999945423470205,0.000178613477225024,0.99982675420924494
C2DTLZ2_D4_R02,trieste,Trieste,continuous_margins,solver_evaluation,4,116,adaptive,0.10327714761882985,0.50069699186556316,0.49567116351844026,0.49901213927892601,,,,,,,0.98688991037975404,0.16151998694340802,1,-0.013739419367950506,,,,1,0.9868838709930261,0.16136933002336651,6.5779936978942896e-06,0.99999945423470205,0.000178613477225024,0.99982675420924494
C2DTLZ2_D4_R02,trieste,Trieste,continuous_margins,solver_evaluation,4,117,adaptive,0.080168850596436178,0.5003083534406324,0.49594483298359765,0.49890761333196165,,,,,,,0.99209901664991174,0.12559859480402161,1,-0.024162567445356803,,,,1,0.99209298010613478,0.12544171357565867,6.5779936978942896e-06,0.99999945423470205,0.000178613477225024,0.99982675420924494
C2DTLZ2_D4_R02,trieste,Trieste,continuous_margins,solver_evaluation,4,118,adaptive,0.1274570943326217,0.50153380742876874,0.4934964170544438,0.49686161108962063,,,,,,,0.98007841760995784,0.19888513164106883,1,-4.7834967191490163e-05,,,,1,0.98007237450575146,0.19874094919674279,6.5779936978942896e-06,0.99999945423470205,0.000178613477225024,0.99982675420924494
C2DTLZ2_D4_R02,trieste,Trieste,continuous_margins,solver_evaluation,4,119,adaptive,0.94645277749211121,0.50357396344157379,0.50101746716936468,0.50074008989752694,,,,,,,0.084013842717827886,0.99647899466684287,1,-0.03292927675322796,,,,1,0.084007310572404875,0.9964730159452313,6.5779936978942896e-06,0.99999945423470205,0.000178613477225024,0.99982675420924494
C2DTLZ2_D4_R02,trieste,Trieste,continuous_margins,solver_evaluation,4,121,adaptive,0.50961256289618506,0.50229808264981601,0.49855798924471212,0.49859464715062463,,,,,,,0.69635620926465669,0.71770934304685008,1,-0.03977201088535072,,,,1,0.69635001131463026,0.71765506028803405,6.5779936978942896e-06,0.99999945423470205,0.000178613477225024,0.99982675420924494
C2DTLZ2_D4_R02,trieste,Trieste,continuous_margins,solver_evaluation,4,122,adaptive,0.43817647993025943,0.50203372229144183,0.49880376611552368,0.49876134897323843,,,,,,,0.77234138758925996,0.63521884699966746,1,-0.030576571045826,,,,1,0.77233523110932967,0.63515027063332663,6.5779936978942896e-06,0.99999945423470205,0.000178613477225024,0.99982675420924494
C2DTLZ2_D4_R02,trieste,Trieste,continuous_margins,solver_evaluation,4,123,adaptive,0.5294032403547676,0.50226092618611629,0.49847956613747174,0.49867109187251285,,,,,,,0.67371172994909456,0.73900668739854203,1,-0.037867166536513855,,,,1,0.67370551964049041,0.73895609495432057,6.5779936978942896e-06,0.99999945423470205,0.000178613477225024,0.99982675420924494
C2DTLZ2_D4_R02,trieste,Trieste,continuous_margins,solver_evaluation,4,125,adaptive,0.42356252746184364,0.50189637864163983,0.49888588255509508,0.49891009117995555,,,,,,,0.78671756764906731,0.61732286496644517,1,-0.025600971067000728,,,,1,0.78671141901516151,0.61725118765932063,6.5779936978942896e-06,0.99999945423470205,0.000178613477225024,0.99982675420924494
C2DTLZ2_D4_R02,trieste,Trieste,continuous_margins,solver_evaluation,4,127,adaptive,0.60499642801140385,0.50158036127560868,0.49837504107690894,0.49994249161339532,,,,,,,0.58142073862573518,0.81360937027746516,1,-0.012860217222332829,,,,1,0.58141447794788315,0.81357170467355222,6.5779936978942896e-06,0.99999945423470205,0.000178613477225024,0.99982675420924494
C2DTLZ2_D4_R02,trieste,Trieste,continuous_margins,solver_evaluation,4,129,adaptive,0.54907670925607055,0.50208856062303808,0.49844361940374826,0.49893804463951863,,,,,,,0.65055533025285694,0.75946927959769817,1,-0.034060102157436642,,,,1,0.65054910730628646,0.75942223282571597,6.5779936978942896e-06,0.99999945423470205,0.000178613477225024,0.99982675420924494
C2DTLZ2_D4_R02,trieste,Trieste,continuous_margins,solver_evaluation,4,130,adaptive,0.45489697266117624,0.50226381885815885,0.49873980436474791,0.49861128381946673,,,,,,,0.75539439674346476,0.65528359390895485,1,-0.03498266344421893,,,,1,0.75538823101444985,0.65521849427788836,6.5779936978942896e-06,0.99999945423470205,0.000178613477225024,0.99982675420924494
C2DTLZ2_D4_R02,trieste,Trieste,continuous_margins,solver_evaluation,4,131,adaptive,0.51955640832593308,0.5020978280633922,0.49856220340845531,0.49806257294983924,,,,,,,0.68506188181067207,0.72849890989959554,1,-0.039056399240631923,,,,1,0.68505567769659026,0.72844649671171613,6.5779936978942896e-06,0.99999945423470205,0.000178613477225024,0.99982675420924494
C2DTLZ2_D4_R02,trieste,Trieste,continuous_margins,solver_evaluation,4,132,adaptive,0.53924083973763248,0.50207167045458712,0.49858042022645654,0.49898031060121978,,,,,,,0.66221075706270649,0.74932743635060128,1,-0.036201763295389551,,,,1,0.66220454047726696,0.74927863224251501,6.5779936978942896e-06,0.99999945423470205,0.000178613477225024,0.99982675420924494
C2DTLZ2_D4_R02,trieste,Trieste,continuous_margins,solver_evaluation,4,133,adaptive,0.056158525422738456,0.49992510935243495,0.49639303456411105,0.49933191806749494,,,,,,,0.99612511212927679,0.088100428206290743,1,-0.032223299793857491,,,,1,0.99611907778280417,0.087937049452734825,6.5779936978942896e-06,0.99999945423470205,0.000178613477225024,0.99982675420924494
C2DTLZ2_D4_R02,trieste,Trieste,continuous_margins,solver_evaluation,4,134,adaptive,0.45797854968960716,0.50136217546942252,0.49738288659089952,0.49683305563035773,,,,,,,0.75222123151847742,0.65893906234665811,1,-0.035644557233009203,,,,1,0.75221506405765814,0.65887459611984633,6.5779936978942896e-06,0.99999945423470205,0.000178613477225024,0.99982675420924494
C2DTLZ2_D4_R02,trieste,Trieste,continuous_margins,solver_evaluation,4,135,adaptive,0.55896190237964449,0.4983233112993371,0.4988967642838455,0.50057109984463488,,,,,,,0.63868235257489114,0.76947616055763457,1,-0.031428158086033768,,,,1,0.6386761231484579,0.76943084773605686,6.5779936978942896e-06,0.99999945423470205,0.000178613477225024,0.99982675420924494
C2DTLZ2_D4_R02,trieste,Trieste,continuous_margins,solver_evaluation,4,137,adaptive,0.028279993357764308,0.50084879413247596,0.49781229437443258,0.49959191423034516,,,,,,,0.9990191677699688,0.044407753187253304,1,-0.038026989424996466,,,,1,0.99901313500297217,0.044236803550039783,6.5779936978942896e-06,0.99999945423470205,0.000178613477225024,0.99982675420924494
C2DTLZ2_D4_R02,trieste,Trieste,continuous_margins,solver_evaluation,4,139,adaptive,0,0.49774844336549368,0.49872229369621063,0.5012125162236164,,,,,,,1.0000081722362697,0,1,-0.039999999933214542,,,,1,1.0000021400090375,-0.00017864442661997775,6.5779936978942896e-06,0.99999945423470205,0.000178613477225024,0.99982675420924494
C2DTLZ2_D4_R02,trieste,Trieste,continuous_margins,solver_evaluation,4,140,adaptive,0.38738593818161715,0.50127855672073407,0.49915324944888445,0.49938831292868469,,,,,,,0.82050611297123399,0.57164251966940083,1,-0.008790025402400696,,,,1,0.82049998277795366,0.57156292706344114,6.5779936978942896e-06,0.99999945423470205,0.000178613477225024,0.99982675420924494
C2DTLZ2_D4_R02,trieste,Trieste,continuous_margins,solver_evaluation,4,142,adaptive,0.40320215988706581,0.50141384862429461,0.49889874907774473,0.49936707473563363,,,,,,,0.80605315924969023,0.59184924525463001,1,-0.016925314679088387,,,,1,0.80604702116848503,0.59177315398541475,6.5779936978942896e-06,0.99999945423470205,0.000178613477225024,0.99982675420924494
C2DTLZ2_D4_R02,trieste,Trieste,continuous_margins,solver_evaluation,4,143,adaptive,0.9080085137442172,0.50269510683315211,0.50163785084599088,0.50077957822208286,,,,,,,0.14399906831903356,0.98958848832811064,1,-0.019155868747956356,,,,1,0.14399256891148296,0.98958131564843155,6.5779936978942896e-06,0.99999945423470205,0.000178613477225024,0.99982675420924494
C2DTLZ2_D4_R02,trieste,Trieste,continuous_margins,solver_evaluation,4,145,adaptive,0.48258136029659565,0.50287189390537124,0.49791195860575121,0.49895310614882665,,,,,,,0.72619689822975675,0.68750670727322949,1,-0.03925140453386905,,,,1,0.72619071656575174,0.68744719112823383,6.5779936978942896e-06,0.99999945423470205,0.000178613477225024,0.99982675420924494
C2DTLZ2_D4_R02,trieste,Trieste,continuous_margins,solver_evaluation,4,146,adaptive,0.61924152206135985,0.4997452233281181,0.50038278283187598,0.50188593454693875,,,,,,,0.56307049610702065,0.82641342728317368,1,-0.0050194727776636666,,,,1,0.56306422541423751,0.82637798031261045,6.5779936978942896e-06,0.99999945423470205,0.000178613477225024,0.99982675420924494
C2DTLZ2_D4_R02,trieste,Trieste,continuous_margins,solver_evaluation,4,147,adaptive,0.51210034628251466,0.50175809795784587,0.49908426557815794,0.49828754748506365,,,,,,,0.69354451856498467,0.72042329554138085,1,-0.039638735478021284,,,,1,0.69353831908043417,0.72036948304488169,6.5779936978942896e-06,0.99999945423470205,0.000178613477225024,0.99982675420924494
C2DTLZ2_D4_R02,trieste,Trieste,continuous_margins,solver_evaluation,4,148,adaptive,0.60694104314302533,0.50158917856067209,0.49908214042670523,0.50007460192007358,,,,,,,0.57893176001257918,0.81538013484533656,1,-0.011848044834531571,,,,1,0.5789254979763282,0.8153427760720886,6.5779936978942896e-06,0.99999945423470205,0.000178613477225024,0.99982675420924494
C2DTLZ2_D4_R02,trieste,Trieste,continuous_margins,solver_evaluation,4,149,adaptive,0.97227797654680559,0.50253243842348783,0.502264120433351,0.50031085638056627,,,,,,,0.043532398407618092,0.9990636629660139,1,-0.038104053561839296,,,,1,0.043525844168815511,0.99905813210489569,6.5779936978942896e-06,0.99999945423470205,0.000178613477225024,0.99982675420924494
C2DTLZ2_D4_R02,trieste,Trieste,continuous_margins,solver_evaluation,4,150,adaptive,0.53677980588662277,0.50264029490425188,0.49954162639492988,0.49975604491194497,,,,,,,0.66510246842840393,0.74676180144550053,1,-0.036663117077978091,,,,1,0.66509625342116097,0.74671255277494775,6.5779936978942896e-06,0.99999945423470205,0.000178613477225024,0.99982675420924494
C2DTLZ2_D4_R02,usemoc,USeMOC,continuous_margins,solver_evaluation,4,4,initial,0.4397467193475002,0.67634095598229127,0.57100216854442698,0.37727825661723835,,,,,,,0.81022855176226827,0.66973656758492228,1,-0.02796936756869732,,,,1,0.81022241595984867,0.66967397230457726,6.5779936978942896e-06,0.99999945423470205,0.000178613477225024,0.99982675420924494
C2DTLZ2_D4_R02,usemoc,USeMOC,continuous_margins,solver_evaluation,4,33,adaptive,0.54862018843848714,0.71513385121726181,0.34335333677671837,0.68736589652933255,,,,,,,0.72006295270428988,0.83939458942719491,1,-0.022332073410488536,,,,1,0.72005676769258842,0.83936139177801772,6.5779936978942896e-06,0.99999945423470205,0.000178613477225024,0.99982675420924494
C2DTLZ2_D4_R02,usemoc,USeMOC,continuous_margins,solver_evaluation,4,49,adaptive,0.99974349529408624,0.54330786836437606,0.45535704324847442,0.32506778949231058,,,,,,,0.00041680511237018571,1.0344697593540304,1,-0.038811661963573635,,,,1,0.00041022734256013926,1.0344703635129449,6.5779936978942896e-06,0.99999945423470205,0.000178613477225024,0.99982675420924494
C2DTLZ2_D4_R02,usemoc,USeMOC,continuous_margins,solver_evaluation,4,56,adaptive,1.8354464229805578e-06,0.53905531261911799,0.16138236918070936,0.46504238302400347,,,,,,,1.1174092523254429,3.2216165821623114e-06,1,-0.026215067458001701,,,,1,1.1174032841716812,-0.00017542225180959249,6.5779936978942896e-06,0.99999945423470205,0.000178613477225024,0.99982675420924494
C2DTLZ2_D4_R02,usemoc,USeMOC,continuous_margins,solver_evaluation,4,57,adaptive,0.99936183026953318,0.41228453079479099,0.59104384701890755,0.41797999266054459,,,,,,,0.0010252000559831101,1.0227097533737743,1,-0.039483216066547672,,,,1,0.0010186226182140924,1.0227083198081262,6.5779936978942896e-06,0.99999945423470205,0.000178613477225024,0.99982675420924494
C2DTLZ2_D4_R02,usemoc,USeMOC,continuous_margins,solver_evaluation,4,59,adaptive,5.5211741286584156e-06,0.72385386434131538,0.56763571975439986,0.57328908568567383,,,,,,,1.0600564332080118,9.1934878684750853e-06,1,-0.036393224745811387,,,,1,1.0600504337530547,-0.00016944934574244499,6.5779936978942896e-06,0.99999945423470205,0.000178613477225024,0.99982675420924494
C2DTLZ2_D4_R02,usemoc,USeMOC,continuous_margins,solver_evaluation,4,93,adaptive,0.99999592472667909,0.54624969619337893,0.30669933278397132,0.74611653715256898,,,,,,,7.0420631161411821e-06,1.1000775321815739,1,-0.0299844875028554,,,,1,4.6406967152001504e-07,1.1000895045804713,6.5779936978942896e-06,0.99999945423470205,0.000178613477225024,0.99982675420924494
C2DTLZ2_D4_R02,usemoc,USeMOC,continuous_margins,solver_evaluation,4,97,adaptive,0.99999455991741681,0.59774966729510148,0.53833969033887907,0.70177515765949494,,,,,,,8.987377717672568e-06,1.0517381435216986,1,-0.037323164424155147,,,,1,2.4093853347371835e-06,1.0517417398738682,6.5779936978942896e-06,0.99999945423470205,0.000178613477225024,0.99982675420924494
C2DTLZ2_D4_R02,usemoc,USeMOC,continuous_margins,solver_evaluation,4,103,adaptive,1.4487106570873689e-06,0.1829313171205843,0.62547889793289146,0.36772491274816582,,,,,,,1.1337742021938852,2.5800498833760192e-06,1,-0.022104462820732945,,,,1,1.1337682429715503,-0.00017606392967636821,6.5779936978942896e-06,0.99999945423470205,0.000178613477225024,0.99982675420924494
C2DTLZ2_D4_R02,usemoc,USeMOC,continuous_margins,solver_evaluation,4,105,adaptive,3.9076922214157392e-05,0.57134282249309665,0.33200251255662233,0.62659697220311428,,,,,,,1.0493397455027478,6.4410452584964868e-05,1,-0.037565585365017612,,,,1,1.0493337401989913,-0.00011422281326166493,6.5779936978942896e-06,0.99999945423470205,0.000178613477225024,0.99982675420924494
C2DTLZ2_D4_R02,usemoc,USeMOC,continuous_margins,solver_evaluation,4,109,adaptive,8.8486657164984512e-09,0.43446215969018415,0.33857884943846422,0.90321649194993248,,,,,,,1.1929355357414946,1.6581149746341144e-08,1,-0.0027758790481422213,,,,1,1.19292960880738,-0.00017862784259711927,6.5779936978942896e-06,0.99999945423470205,0.000178613477225024,0.99982675420924494
C2DTLZ2_D4_R02,usemoc,USeMOC,continuous_margins,solver_evaluation,4,112,adaptive,0.99999895045392995,0.48028307863816311,0.15246643517215558,0.3775152450618896,,,,,,,1.87311752350715e-06,1.1361708508606432,1,-0.021457499372379923,,,,1,-4.7048787421466881e-06,1.1361890773585723,6.5779936978942896e-06,0.99999945423470205,0.000178613477225024,0.99982675420924494
C2DTLZ2_D4_R02,usemoc,USeMOC,continuous_margins,solver_evaluation,4,115,adaptive,1.0503122849047261e-06,0.78330090521317208,0.30709439009734779,0.6305325591080676,,,,,,,1.1345107262122742,1.8717460638498609e-06,1,-0.021906864530343267,,,,1,1.1345047673919086,-0.00017677235622781247,6.5779936978942896e-06,0.99999945423470205,0.000178613477225024,0.99982675420924494
C2DTLZ2_D4_R02,usemoc,USeMOC,continuous_margins,solver_evaluation,4,119,adaptive,0.99999952769069911,0.12183243458307647,0.63962112347312061,0.40976649903314111,,,,,,,8.6850490594854766e-07,1.1706468503496734,1,-0.010879652464981876,,,,1,-5.709491907988294e-06,1.1706710507043416,6.5779936978942896e-06,0.99999945423470205,0.000178613477225024,0.99982675420924494
C2DTLZ2_D4_R02,usemoc,USeMOC,continuous_margins,solver_evaluation,4,137,adaptive,5.9121973354782264e-08,0.099117147870520395,0.61996021050962291,0.50637592035801104,,,,,,,1.1751381655973858,1.0913341107244332e-07,1,-0.0093266229511707877,,,,1,1.175132228950079,-0.0001785352742987251,6.5779936978942896e-06,0.99999945423470205,0.000178613477225024,0.99982675420924494
C2DTLZ2_D4_R02,usemoc,USeMOC,continuous_margins,solver_evaluation,4,143,adaptive,6.1970543975108117e-08,0.28828189893884781,0.75081870875514933,0.71057047089055114,,,,,,,1.1520745021896035,1.1214650675241497e-07,1,-0.016873345783771726,,,,1,1.1520685529549426,-0.00017853226068094855,6.5779936978942896e-06,0.99999945423470205,0.000178613477225024,0.99982675420924494
C2DTLZ2_D4_R02,comboo,COMBOO,continuous_margins,solver_evaluation,4,39,adaptive,0.46628058750079482,0.51544386536125941,0.50877666658309162,0.42591626742121214,,,,,,,0.74786600830921623,0.67256078084774551,1,-0.037145259264954204,,,,1,0.74785983847146598,0.6724986749352414,6.5779936978942896e-06,0.99999945423470205,0.000178613477225024,0.99982675420924494
C2DTLZ2_D4_R02,comboo,COMBOO,continuous_margins,solver_evaluation,4,43,adaptive,0.49279480703447082,0.48073315117791759,0.51703461576135823,0.4964387254532277,,,,,,,0.7155462847460542,0.69952992309670692,1,-0.039871366001155498,,,,1,0.71554009726931067,0.69947249028417258,6.5779936978942896e-06,0.99999945423470205,0.000178613477225024,0.99982675420924494
C2DTLZ2_D4_R02,comboo,COMBOO,continuous_margins,solver_evaluation,4,45,adaptive,0.57324914020298734,0.49221301535678647,0.52100653929300267,0.50250792273095624,,,,,,,0.62156713941177999,0.78400953595659395,1,-0.026768935993822556,,,,1,0.62156090064445224,0.78396674141741141,6.5779936978942896e-06,0.99999945423470205,0.000178613477225024,0.99982675420924494
C2DTLZ2_D4_R02,comboo,COMBOO,continuous_margins,solver_evaluation,4,46,adaptive,0.44955824327026561,0.46119461949973595,0.50933436445708224,0.49955567019823033,,,,,,,0.76206862621970151,0.64995408904035679,1,-0.033712765370994324,,,,1,0.7620624641332514,0.64988806593501691,6.5779936978942896e-06,0.99999945423470205,0.000178613477225024,0.99982675420924494
C2DTLZ2_D4_R02,comboo,COMBOO,continuous_margins,solver_evaluation,4,47,adaptive,0.44840516015669474,0.46332928394149253,0.51910722967944378,0.50358249031774371,,,,,,,0.76334327561940529,0.64865656158623219,1,-0.033421028522578076,,,,1,0.76333711422861505,0.64859031365077169,6.5779936978942896e-06,0.99999945423470205,0.000178613477225024,0.99982675420924494
C2DTLZ2_D4_R02,comboo,COMBOO,continuous_margins,solver_evaluation,4,48,adaptive,0.38256446914986769,0.46429819725073074,0.49808750870591245,0.52068682268653321,,,,,,,0.82621696020480184,0.56637521821728498,1,-0.006007392438467915,,,,1,0.82621083312830546,0.56629471291539935,6.5779936978942896e-06,0.99999945423470205,0.000178613477225024,0.99982675420924494
C2DTLZ2_D4_R02,comboo,COMBOO,continuous_margins,solver_evaluation,4,54,adaptive,0.37786103250214592,0.49156587195906631,0.54472146524377296,0.55346207897059752,,,,,,,0.83305068211279132,0.56205830224057918,1,-0.0030990725749414777,,,,1,0.83304455876590533,0.56197704892158074,6.5779936978942896e-06,0.99999945423470205,0.000178613477225024,0.99982675420924494
C2DTLZ2_D4_R02,comboo,COMBOO,continuous_margins,solver_evaluation,4,78,adaptive,0.59894054492054216,0.47208813311667602,0.51651058538006178,0.47979556328096967,,,,,,,0.58999086096961562,0.80921733623628955,1,-0.01585729577917485,,,,1,0.58998460496904148,0.80917890959912031,6.5779936978942896e-06,0.99999945423470205,0.000178613477225024,0.99982675420924494
C2DTLZ2_D4_R02,comboo,COMBOO,continuous_margins,solver_evaluation,4,82,adaptive,0.445527456932654,0.45474342675805957,0.5494315329769115,0.51400913792046121,,,,,,,0.76853583051594276,0.64710928996791472,1,-0.032626772945956811,,,,1,0.76852967195907029,0.64704277392771115,6.5779936978942896e-06,0.99999945423470205,0.000178613477225024,0.99982675420924494
C2DTLZ2_D4_R02,comboo,COMBOO,continuous_margins,solver_evaluation,4,84,adaptive,0.51209495162510599,0.42454394373053578,0.51675607336175911,0.46849928702576255,,,,,,,0.69837757450563731,0.72543135629847522,1,-0.039588010897689277,,,,1,0.69837137765880242,0.72537841157776062,6.5779936978942896e-06,0.99999945423470205,0.000178613477225024,0.99982675420924494
C2DTLZ2_D4_R02,comboo,COMBOO,continuous_margins,solver_evaluation,4,85,adaptive,0.53626443775579924,0.43895614887333939,0.51598899246825758,0.47199641609731557,,,,,,,0.66887483148162885,0.74977435084167476,1,-0.036717796521485442,,,,1,0.66886861853321189,0.74972562417305888,6.5779936978942896e-06,0.99999945423470205,0.000178613477225024,0.99982675420924494
C2DTLZ2_D4_R02,comboo,COMBOO,continuous_margins,solver_evaluation,4,86,adaptive,0.54984612269670141,0.44763444542388003,0.51391732111134447,0.47029385944260282,,,,,,,0.65211231486255683,0.76315182240704593,1,-0.033834562028332099,,,,1,0.65210609276573495,0.7631054137306521,6.5779936978942896e-06,0.99999945423470205,0.000178613477225024,0.99982675420924494
C2DTLZ2_D4_R02,comboo,COMBOO,continuous_margins,solver_evaluation,4,88,adaptive,0.57576794885081883,0.46585168873241228,0.50722592033455727,0.47379710727009783,,,,,,,0.61932369266576037,0.78756054862098857,1,-0.025821320675356529,,,,1,0.61931745267403659,0.78751836938640207,6.5779936978942896e-06,0.99999945423470205,0.000178613477225024,0.99982675420924494
C2DTLZ2_D4_R02,comboo,COMBOO,continuous_margins,solver_evaluation,4,89,adaptive,0.51905925231147554,0.42188522942258516,0.51704531801205966,0.46662764308999255,,,,,,,0.69076998198299122,0.73342042755475634,1,-0.039040701006591537,,,,1,0.69076378098419411,0.73336886714683536,6.5779936978942896e-06,0.99999945423470205,0.000178613477225024,0.99982675420924494
C2DTLZ2_D4_R02,comboo,COMBOO,continuous_margins,solver_evaluation,4,97,adaptive,0.39032370581794623,0.48354158119627483,0.52542705510775345,0.53305017075813876,,,,,,,0.81950090632231487,0.57657762745500929,1,-0.010329700661093941,,,,1,0.81949477558042738,0.57649888998384891,6.5779936978942896e-06,0.99999945423470205,0.000178613477225024,0.99982675420924494
C2DTLZ2_D4_R02,comboo,COMBOO,continuous_margins,solver_evaluation,4,103,adaptive,0.90534227011521151,0.49930146303041983,0.50031047589094946,0.49052779058932117,,,,,,,0.14815412898278571,0.98905559824577982,1,-0.017930574135594263,,,,1,0.14814763184292426,0.9890483332291401,6.5779936978942896e-06,0.99999945423470205,0.000178613477225024,0.99982675420924494
C2DTLZ2_D4_R02,comboo,COMBOO,continuous_margins,solver_evaluation,4,109,adaptive,0.57157998746030192,0.5176915760966655,0.50400261616757136,0.50314993779474848,,,,,,,0.62351508992341542,0.78224479373967559,1,-0.027366708221335183,,,,1,0.62350885221921204,0.78220169341335588,6.5779936978942896e-06,0.99999945423470205,0.000178613477225024,0.99982675420924494
C2DTLZ2_D4_R02,comboo,COMBOO,continuous_margins,solver_evaluation,4,113,adaptive,0.50799389978536347,0.50740268211215556,0.53010249119012376,0.52913377402396222,,,,,,,0.6994357870382778,0.71722543728634869,1,-0.039838768647511173,,,,1,0.69942959076897893,0.71717107067836994,6.5779936978942896e-06,0.99999945423470205,0.000178613477225024,0.99982675420924494
C2DTLZ2_D4_R02,comboo,COMBOO,continuous_margins,solver_evaluation,4,114,adaptive,0.41059144698396721,0.4927498737819061,0.52133472305029482,0.54584912601163393,,,,,,,0.80121211933867864,0.60273186863725037,1,-0.020250062961599636,,,,1,0.80120597861540044,0.60265766306341739,6.5779936978942896e-06,0.99999945423470205,0.000178613477225024,0.99982675420924494
C2DTLZ2_D4_R02,comboo,COMBOO,continuous_margins,solver_evaluation,4,124,adaptive,1,0.47446210845106551,0.50479796110556097,0.47649903769216212,,,,,,,6.1307502628024974e-17,1.00122749956493,1,-0.039998493244818051,,,,1,-6.5779972878756317e-06,1.0012223436443513,6.5779936978942896e-06,0.99999945423470205,0.000178613477225024,0.99982675420924494
C2DTLZ2_D4_R02,comboo,COMBOO,continuous_margins,solver_evaluation,4,138,adaptive,0,0.51418046810599594,0.51049673728741796,0.50736157091431022,,,,,,,1.0003654598957126,0,1,-0.039999866439064585,,,,1,1.0003594278634758,-0.00017864442661997775,6.5779936978942896e-06,0.99999945423470205,0.000178613477225024,0.99982675420924494
C2DTLZ2_D4_R02,comboo,COMBOO,continuous_margins,solver_evaluation,4,139,adaptive,0.62348156407173083,0.50932869686649584,0.51186623207686233,0.50355115422267971,,,,,,,0.55768589284698411,0.83034172978518928,1,-0.002486545571705856,,,,1,0.55767961921546982,0.83030696349442423,6.5779936978942896e-06,0.99999945423470205,0.000178613477225024,0.99982675420924494
C2DTLZ2_D4_R02,comboo,COMBOO,continuous_margins,solver_evaluation,4,140,adaptive,4.0830562128872487e-18,0.51259356721476479,0.51094568362402581,0.50676788532635797,,,,,,,1.0003242101969807,6.4157290719333958e-18,1,-0.039999894887748216,,,,1,1.0003181781422312,-0.00017864442661997133,6.5779936978942896e-06,0.99999945423470205,0.000178613477225024,0.99982675420924494
C2DTLZ2_D4_R02,comboo,COMBOO,continuous_margins,solver_evaluation,4,141,adaptive,0.88363955025398933,0.49869067443802739,0.50399072596655714,0.48802944734634296,,,,,,,0.18179180631812383,0.98350070349312102,1,-0.0066795123703718706,,,,1,0.18178532753654938,0.98349247594759315,6.5779936978942896e-06,0.99999945423470205,0.000178613477225024,0.99982675420924494
C2DTLZ2_D4_R02,comboo,COMBOO,continuous_margins,solver_evaluation,4,142,adaptive,0.52652431503410146,0.47703529355570168,0.51002308076829528,0.48443520355213715,,,,,,,0.67762964292117034,0.73658606399430382,1,-0.038262070204824167,,,,1,0.6776234347508282,0.73653505211460124,6.5779936978942896e-06,0.99999945423470205,0.000178613477225024,0.99982675420924494
C2DTLZ2_D4_R02,comboo,COMBOO,continuous_margins,solver_evaluation,4,143,adaptive,0.6228561250830098,0.51085090916378295,0.51029437310422787,0.50431539975383644,,,,,,,0.55850244105905322,0.82979501089361274,1,-0.0028643483866183997,,,,1,0.55849616787318279,0.82976014986968893,6.5779936978942896e-06,0.99999945423470205,0.000178613477225024,0.99982675420924494
C2DTLZ2_D4_R02,comboo,COMBOO,continuous_margins,solver_evaluation,4,145,adaptive,0.59492293164042986,0.50633661355421011,0.50814744830342284,0.49924548045439787,,,,,,,0.59428207772261143,0.80438984910216149,1,-0.017806590985200939,,,,1,0.59427582406403578,0.8043505859782486,6.5779936978942896e-06,0.99999945423470205,0.000178613477225024,0.99982675420924494
C2DTLZ2_D4_R02,comboo,COMBOO,continuous_margins,solver_evaluation,4,149,adaptive,0.376779708758604,0.427861948080969,0.49826386950491591,0.48943165138754746,,,,,,,0.83432721414021394,0.56085969068188779,1,-0.0024267499580035434,,,,1,0.83432109149001521,0.56077822967250057,6.5779936978942896e-06,0.99999945423470205,0.000178613477225024,0.99982675420924494
C2DTLZ2_D4_R02,pac-moo,PAC-MOO,continuous_margins,solver_evaluation,4,4,initial,0.4397467193475002,0.67634095598229127,0.57100216854442698,0.37727825661723835,,,,,,,0.81022855176226827,0.66973656758492228,1,-0.02796936756869732,,,,1,0.81022241595984867,0.66967397230457726,6.5779936978942896e-06,0.99999945423470205,0.000178613477225024,0.99982675420924494
C2DTLZ2_D4_R02,pac-moo,PAC-MOO,continuous_margins,solver_evaluation,4,27,adaptive,0.007250647828025869,0.43386966100038737,0.44245811583368833,0.45219241163859092,,,,,,,1.0099043517835236,0.011502591880370502,1,-0.039769594195781827,,,,1,1.0098983249572857,0.011325940574676382,6.5779936978942896e-06,0.99999945423470205,0.000178613477225024,0.99982675420924494
C2DTLZ2_D4_R02,pac-moo,PAC-MOO,continuous_margins,solver_evaluation,4,33,adaptive,0.076632754735175376,0.47857411806971939,0.44846117354487619,0.4938055209309502,,,,,,,0.99589460975336075,0.12046266337884122,1,-0.02547189250259882,,,,1,0.99588857528108787,0.12030489221780018,6.5779936978942896e-06,0.99999945423470205,0.000178613477225024,0.99982675420924494
C2DTLZ2_D4_R02,pac-moo,PAC-MOO,continuous_margins,solver_evaluation,4,42,adaptive,0.068617349845437436,0.42255224622629628,0.50804197689703667,0.45350488317265647,,,,,,,1.0023738346267013,0.10846007461159846,1,-0.02823077712441166,,,,1,1.0023678036905663,0.10830022369226595,6.5779936978942896e-06,0.99999945423470205,0.000178613477225024,0.99982675420924494
C2DTLZ2_D4_R02,pac-moo,PAC-MOO,continuous_margins,solver_evaluation,4,74,adaptive,0.03816605801043893,0.48535958970797277,0.56101378586311856,0.54682074246331414,,,,,,,1.0043216650647093,0.060282430693801431,1,-0.036347351760715324,,,,1,1.0043156351916331,0.060114231754192296,6.5779936978942896e-06,0.99999945423470205,0.000178613477225024,0.99982675420924494
C2DTLZ2_D4_R02,pac-moo,PAC-MOO,continuous_margins,solver_evaluation,4,75,adaptive,0.51799462182819778,0.6715823016544229,0.55412267865884357,0.48260511640242487,,,,,,,0.70928065111828664,0.75055519742884846,1,-0.038107509415555643,,,,1,0.70927446022197593,0.75050660606205755,6.5779936978942896e-06,0.99999945423470205,0.000178613477225024,0.99982675420924494
C2DTLZ2_D4_R02,pac-moo,PAC-MOO,continuous_margins,solver_evaluation,4,78,adaptive,0.98733614678803916,0.6778340513543526,0.25153750414260534,0.54274094818831653,,,,,,,0.021784356136615762,1.0949686723304282,1,-0.03050639310350875,,,,1,0.021777790028479928,1.0949797594874964,6.5779936978942896e-06,0.99999945423470205,0.000178613477225024,0.99982675420924494
C2DTLZ2_D4_R02,pac-moo,PAC-MOO,continuous_margins,solver_evaluation,4,85,adaptive,0,0.6256030560309116,0.3850027036568085,0.25489875279277413,,,,,,,1.0890751272330859,0,1,-0.032065621708409625,,,,1,1.0890691436155335,-0.00017864442661997775,6.5779936978942896e-06,0.99999945423470205,0.000178613477225024,0.99982675420924494
C2DTLZ2_D4_R02,pac-moo,PAC-MOO,continuous_margins,solver_evaluation,4,92,adaptive,0.90584684529520487,0.67775395432837326,0.34374940345336091,0.58456354061744731,,,,,,,0.15666417618201164,1.0515555889565344,1,-0.012798357148556566,,,,1,0.15665768368664118,1.0515591536764137,6.5779936978942896e-06,0.99999945423470205,0.000178613477225024,0.99982675420924494
C2DTLZ2_D4_R02,pac-moo,PAC-MOO,continuous_margins,solver_evaluation,4,105,adaptive,0.0013757083248402413,0.55982098041102346,0.28848171088168062,0.4956654641414765,,,,,,,1.048334876800787,0.002265410728257962,1,-0.037658607598885147,,,,1,1.0483288709486076,0.0020871588425170414,6.5779936978942896e-06,0.99999945423470205,0.000178613477225024,0.99982675420924494
C2DTLZ2_D4_R02,pac-moo,PAC-MOO,continuous_margins,solver_evaluation,4,109,adaptive,0.97722860860868943,0.5755534330909019,0.27816888902885972,0.55238621866589555,,,,,,,0.037823664412427967,1.0569851453711623,1,-0.035322063617443361,,,,1,0.037817107057994771,1.0569896509018277,6.5779936978942896e-06,0.99999945423470205,0.000178613477225024,0.99982675420924494
C2DTLZ2_D4_R02,pac-moo,PAC-MOO,continuous_margins,solver_evaluation,4,110,adaptive,0.10752603312468267,0.52366188211790532,0.52199129779437814,0.56122972611483146,,,,,,,0.99049440225408036,0.16890521112804618,1,-0.011380673265282887,,,,1,0.99048836483456004,0.16875583388870774,6.5779936978942896e-06,0.99999945423470205,0.000178613477225024,0.99982675420924494
C2DTLZ2_D4_R02,pac-moo,PAC-MOO,continuous_margins,solver_evaluation,4,148,adaptive,0.99467555472190583,0.57393328233972607,0.14247885472813171,0.40737187771041039,,,,,,,0.0095500332143455373,1.1418275319401039,1,-0.019793748049383691,,,,1,0.0095434604291371686,1.1418467386040294,6.5779936978942896e-06,0.99999945423470205,0.000178613477225024,0.99982675420924494
C2DTLZ2_D4_R02,pac-moo,PAC-MOO,continuous_margins,solver_evaluation,4,150,adaptive,0.0049808247332734368,0.56871843687389667,0.31867215487750133,0.52451136445296775,,,,,,,1.038171042479789,0.0081226718713321155,1,-0.038476993717676738,,,,1,1.0381650310805386,0.0079454349072604919,6.5779936978942896e-06,0.99999945423470205,0.000178613477225024,0.99982675420924494
C2DTLZ2_D4_R02,hypermapper,HyperMapper,binary_label,solver_evaluation,4,4,initial,0.4397467193475002,0.67634095598229127,0.57100216854442698,0.37727825661723835,,,,,,,0.81022855176226827,0.66973656758492228,1,-0.02796936756869732,,,,1,0.81022241595984867,0.66967397230457726,6.5779936978942896e-06,0.99999945423470205,0.000178613477225024,0.99982675420924494
C2DTLZ2_D4_R02,hypermapper,HyperMapper,binary_label,solver_evaluation,4,47,adaptive,0.036786012453975336,0.66230392850324016,0.5542981645568178,0.41185379558543844,,,,,,,1.0353297630241494,0.059891477041627755,1,-0.035164818822429805,,,,1,1.0353237500742263,0.059723210359207843,6.5779936978942896e-06,0.99999945423470205,0.000178613477225024,0.99982675420924494
C2DTLZ2_D4_R02,hypermapper,HyperMapper,binary_label,solver_evaluation,4,51,adaptive,0.041524969662501215,0.66976255069223689,0.55061219865836331,0.4881868584412376,,,,,,,1.0293268946754821,0.067235563547859797,1,-0.034619312243094863,,,,1,1.0293208784494001,0.06706856941797841,6.5779936978942896e-06,0.99999945423470205,0.000178613477225024,0.99982675420924494
C2DTLZ2_D4_R02,hypermapper,HyperMapper,binary_label,solver_evaluation,4,52,adaptive,0.03579974977684016,0.67309702520442727,0.55404873084298167,0.38166913044470802,,,,,,,1.0452312051222459,0.058839687778895693,1,-0.034492029225271476,,,,1,1.0452251975761893,0.058671238846839266,6.5779936978942896e-06,0.99999945423470205,0.000178613477225024,0.99982675420924494
C2DTLZ2_D4_R02,hypermapper,HyperMapper,binary_label,solver_evaluation,4,77,adaptive,0.0010527094728079252,0.69422431601476031,0.6179204986167226,0.43747557600164871,,,,,,,1.0555361894083981,0.0017454279720772283,1,-0.03691268514718879,,,,1,1.0555301874864473,0.0015670859859030133,6.5779936978942896e-06,0.99999945423470205,0.000178613477225024,0.99982675420924494
C2DTLZ2_D4_R02,hypermapper,HyperMapper,binary_label,solver_evaluation,4,100,adaptive,1,0.65496224110416212,0.57117009513903072,0.46580814446496577,,,,,,,6.3084468931837286e-17,1.0302475615950517,1,-0.03908508501755345,,,,1,-6.5779972878738546e-06,1.0302474341492291,6.5779936978942896e-06,0.99999945423470205,0.000178613477225024,0.99982675420924494
C2DTLZ2_D6_R02,ctsemo,cTSEMO,binary_label,solver_evaluation,6,35,adaptive,0.40079648187859429,0.47058844552800161,0.48022365906434394,0.39358720381708273,0.52894710700255254,0.54392916142353853,,,,,0.82068609557190353,0.5978335424883634,1,-0.015159098648162145,,,,1,0.82039945722110375,0.59672759533086328,1.5474007890373699e-05,1.0003305272090597,3.9728839056895696e-06,1.0018466956819443
C2DTLZ2_D6_R02,ctsemo,cTSEMO,binary_label,solver_evaluation,6,39,adaptive,0.38330213310458633,0.4626222641033621,0.48671431149404526,0.58510797140928661,0.4933052484625064,0.54487577169649704,,,,,0.83311713687635758,0.57252542962405484,1,-0.0060092500705403104,,,,1,0.83282639108579037,0.57146613270051372,1.5474007890373699e-05,1.0003305272090597,3.9728839056895696e-06,1.0018466956819443
C2DTLZ2_D6_R02,ctsemo,cTSEMO,binary_label,solver_evaluation,6,41,adaptive,0.56693932033141026,0.48638515816998446,0.49216724395427186,0.48437446018455438,0.48225286987907257,0.52126839763018962,,,,,0.62977887340727789,0.77839354526752147,1,-0.028938591945344344,,,,1,0.62955531423842359,0.77695477335858854,1.5474007890373699e-05,1.0003305272090597,3.9728839056895696e-06,1.0018466956819443
C2DTLZ2_D6_R02,ctsemo,cTSEMO,binary_label,solver_evaluation,6,54,adaptive,0.61272399974751834,0.47209459488179634,0.43445619617724002,0.41661552504680632,0.53636057875411058,0.5100300780511513,,,,,0.57918613464311675,0.83163998649776738,1,-0.00812778896282422,,,,1,0.57897929222566369,0.83010306586655724,1.5474007890373699e-05,1.0003305272090597,3.9728839056895696e-06,1.0018466956819443
C2DTLZ2_D6_R02,ctsemo,cTSEMO,binary_label,solver_evaluation,6,56,adaptive,0.49810621389581766,0.51986802484588568,0.49936680960835333,0.47669346243300303,0.49970865777907703,0.52648608702661626,,,,,0.71037016817970533,0.70615634032298435,1,-0.039988446967497766,,,,1,0.710119980196663,0.70485072265313986,1.5474007890373699e-05,1.0003305272090597,3.9728839056895696e-06,1.0018466956819443
C2DTLZ2_D6_R02,ctsemo,cTSEMO,binary_label,solver_evaluation,6,70,adaptive,0.59078188324249992,0.46625331602962433,0.49852657554821866,0.46688204438361569,0.51047464981253887,0.5225850767611766,,,,,0.60115057706455777,0.80270877339948432,1,-0.019633541892976822,,,,1,0.60093647720003629,0.80122518143276178,1.5474007890373699e-05,1.0003305272090597,3.9728839056895696e-06,1.0018466956819443
C2DTLZ2_D6_R02,ctsemo,cTSEMO,binary_label,solver_evaluation,6,75,adaptive,0.39611001827390907,0.57191089895299752,0.45475722284522568,0.54505357849492775,0.50637600071198863,0.5522900710971218,,,,,0.82236311556809261,0.58983818672399457,1,-0.012964054137706772,,,,1,0.8220759230997049,0.58874697733927872,1.5474007890373699e-05,1.0003305272090597,3.9728839056895696e-06,1.0018466956819443
C2DTLZ2_D6_R02,ctsemo,cTSEMO,binary_label,solver_evaluation,6,90,adaptive,0.54318582627183154,0.49693578336890498,0.4987219193311504,0.48185417175150436,0.49733761672772703,0.49510688464409797,,,,,0.65779399605842448,0.75369081615073041,1,-0.035398176909363359,,,,1,0.65756118018886034,0.75229757857692958,1.5474007890373699e-05,1.0003305272090597,3.9728839056895696e-06,1.0018466956819443
C2DTLZ2_D6_R02,ctsemo,cTSEMO,binary_label,solver_evaluation,6,96,adaptive,0.44376835569492706,0.47459408317873053,0.4763259160133248,0.49226253589205932,0.49440937105074856,0.4918333882645024,,,,,0.76777226570098012,0.64284919506161675,1,-0.032190661614026249,,,,1,0.76750311103185576,0.64166027092611666,1.5474007890373699e-05,1.0003305272090597,3.9728839056895696e-06,1.0018466956819443
C2DTLZ2_D6_R02,ctsemo,cTSEMO,binary_label,solver_evaluation,6,100,adaptive,0.47228821481503264,0.47837041697810956,0.4805862643219444,0.4789949588966263,0.50142127715068729,0.52009218243264532,,,,,0.73845440433003529,0.67680962875673589,1,-0.03809940907789864,,,,1,0.73819493680993908,0.6755581056362493,1.5474007890373699e-05,1.0003305272090597,3.9728839056895696e-06,1.0018466956819443
C2DTLZ2_D6_R02,ctsemo,cTSEMO,binary_label,solver_evaluation,6,112,adaptive,0.41688547986302127,0.50114531990130695,0.49955675590125403,0.52702634823798389,0.49701100386352248,0.50609605174391614,,,,,0.79376114347374715,0.60950792264909315,1,-0.022965484308784732,,,,1,0.79348340161168684,0.60838045620373682,1.5474007890373699e-05,1.0003305272090597,3.9728839056895696e-06,1.0018466956819443
C2DTLZ2_D6_R02,ctsemo,cTSEMO,binary_label,solver_evaluation,6,116,adaptive,0.45818720119660344,0.49989911313190916,0.49869643293254229,0.50483085304228537,0.50134560756089275,0.49618902466209541,,,,,0.75202225442391368,0.65920049466134689,1,-0.035687587975228835,,,,1,0.75175830384196696,0.65798143031128586,1.5474007890373699e-05,1.0003305272090597,3.9728839056895696e-06,1.0018466956819443
C2DTLZ2_D6_R02,ctsemo,cTSEMO,binary_label,solver_evaluation,6,123,adaptive,0.6151419525098597,0.40351887794764091,0.49480198892637173,0.47870598261551045,0.4760990544884765,0.53411154889858437,,,,,0.57492834954417438,0.83224877424844457,1,-0.0068683437810586126,,,,1,0.57472291397554498,0.83071073144383678,1.5474007890373699e-05,1.0003305272090597,3.9728839056895696e-06,1.0018466956819443
C2DTLZ2_D6_R02,ctsemo,cTSEMO,binary_label,solver_evaluation,6,137,adaptive,0.52202548714329744,0.50127040757987384,0.50596235953327717,0.50161524880748898,0.50266084838595249,0.49556808853459677,,,,,0.68226970253631125,0.73119152533379272,1,-0.038803044623483725,,,,1,0.68202879945283945,0.7298397605156316,1.5474007890373699e-05,1.0003305272090597,3.9728839056895696e-06,1.0018466956819443
C2DTLZ2_D6_R02,ctsemo,cTSEMO,binary_label,solver_evaluation,6,139,adaptive,0.48512110637296735,0.50172651176601735,0.49842260364299895,0.50071899879958859,0.50094600102134557,0.49991850570005125,,,,,0.72344343993658822,0.6903936299977711,1,-0.039453784158225827,,,,1,0.72318893230927883,0.68911706760077296,1.5474007890373699e-05,1.0003305272090597,3.9728839056895696e-06,1.0018466956819443
C2DTLZ2_D6_R02,ctsemo,cTSEMO,binary_label,solver_evaluation,6,141,adaptive,0.43082283881746453,0.50093188690052337,0.50172766211450703,0.49921632913612957,0.50758195303427067,0.50502677496273118,,,,,0.77968962195695901,0.6263054723664363,1,-0.028202879718654116,,,,1,0.77941652957885199,0.62514704313738856,1.5474007890373699e-05,1.0003305272090597,3.9728839056895696e-06,1.0018466956819443
C2DTLZ2_D6_R02,botorch,BoTorch,continuous_margins,solver_evaluation,6,41,adaptive,0.5518629948221947,0.5542554843203098,0.52925526335690132,0.47470875889896297,0.51747654947812538,0.42465118275813485,,,,,0.65396538854387853,0.77024800392605708,1,-0.033189178378957337,,,,1,0.65373383771514026,0.76882424662573368,1.5474007890373699e-05,1.0003305272090597,3.9728839056895696e-06,1.0018466956819443
C2DTLZ2_D6_R02,botorch,BoTorch,continuous_margins,solver_evaluation,6,64,adaptive,0.11476020011415515,0.50449675539969319,0.49415948519347169,0.51327535140375569,0.50688666947510685,0.47528309527326795,,,,,0.98467074832902257,0.17944956257402495,1,-0.0075628685351990244,,,,1,0.98432992649773299,0.17911481912706506,1.5474007890373699e-05,1.0003305272090597,3.9728839056895696e-06,1.0018466956819443
C2DTLZ2_D6_R02,botorch,BoTorch,continuous_margins,solver_evaluation,6,69,adaptive,0.4467097685977362,0.52426622565770475,0.50293925052967581,0.50983930518337683,0.49804084190108483,0.45611940248004695,,,,,0.76575614229911371,0.64720298669223231,1,-0.032971787846270667,,,,1,0.7654876537934453,0.64600603724882932,1.5474007890373699e-05,1.0003305272090597,3.9728839056895696e-06,1.0018466956819443
C2DTLZ2_D6_R02,botorch,BoTorch,continuous_margins,solver_evaluation,6,72,adaptive,0.060787578329642683,0.50021305753612511,0.50247985369664738,0.50742942298317817,0.50167140734058469,0.49474721788929832,,,,,0.99553613768165772,0.095348625711760435,1,-0.030888713508081617,,,,1,0.99519172573018244,0.095168904822264103,1.5474007890373699e-05,1.0003305272090597,3.9728839056895696e-06,1.0018466956819443
C2DTLZ2_D6_R02,botorch,BoTorch,continuous_margins,solver_evaluation,6,74,adaptive,0.090074440402590633,0.50074179106204464,0.50153950502119127,0.5079952180719628,0.5032223729982227,0.49582711057619916,,,,,0.99010087007648351,0.14103034106816878,1,-0.020012450124953313,,,,1,0.98975825403524309,0.14076641545268384,1.5474007890373699e-05,1.0003305272090597,3.9728839056895696e-06,1.0018466956819443
C2DTLZ2_D6_R02,botorch,BoTorch,continuous_margins,solver_evaluation,6,80,adaptive,0.41232309316137167,0.50000470620322313,0.49575811055681623,0.49697616699362646,0.4911531333914208,0.47433459989090121,,,,,0.79809771631490412,0.60379537356571222,1,-0.021047402779868826,,,,1,0.79781854157113219,0.6026784370145708,1.5474007890373699e-05,1.0003305272090597,3.9728839056895696e-06,1.0018466956819443
C2DTLZ2_D6_R02,botorch,BoTorch,continuous_margins,solver_evaluation,6,81,adaptive,0.57080807426532831,0.51822029778503143,0.49502584005248929,0.49167053185927168,0.48323907365061325,0.45962619575770136,,,,,0.6257104591321172,0.78304918862557005,1,-0.027607389508376965,,,,1,0.62548824424055838,0.78160183500795544,1.5474007890373699e-05,1.0003305272090597,3.9728839056895696e-06,1.0018466956819443
C2DTLZ2_D6_R02,botorch,BoTorch,continuous_margins,solver_evaluation,6,82,adaptive,0.49751356048017237,0.50678054691285468,0.49476211802903114,0.49374412090762654,0.47577876842265715,0.47381787466225056,,,,,0.71084608179794762,0.70531496753311673,1,-0.039982807034768968,,,,1,0.71059573656448083,0.70401090075873818,1.5474007890373699e-05,1.0003305272090597,3.9728839056895696e-06,1.0018466956819443
C2DTLZ2_D6_R02,botorch,BoTorch,continuous_margins,solver_evaluation,6,83,adaptive,0.60560363989847721,0.52143855400750416,0.49296170047158216,0.4927219968967903,0.47336844150868218,0.46100653814820053,,,,,0.582262526366641,0.8164323866260873,1,-0.012461824033740326,,,,1,0.58205466745399692,0.8149234980372414,1.5474007890373699e-05,1.0003305272090597,3.9728839056895696e-06,1.0018466956819443
C2DTLZ2_D6_R02,botorch,BoTorch,continuous_margins,solver_evaluation,6,85,adaptive,0.12298044203144724,0.50373881653914765,0.4951515864024908,0.50813672565730461,0.51411066819888784,0.47310029415394828,,,,,0.98240653759290253,0.19217503215892651,1,-0.0027592270952456477,,,,1,0.982066463897589,0.19181683195971658,1.5474007890373699e-05,1.0003305272090597,3.9728839056895696e-06,1.0018466956819443
C2DTLZ2_D6_R02,botorch,BoTorch,continuous_margins,solver_evaluation,6,87,adaptive,0.46648574290468375,0.50627703399257984,0.4972755813129387,0.49116597750464935,0.48245016898803006,0.47823955245530242,,,,,0.74400870049014667,0.669525675041034,1,-0.03722590881259031,,,,1,0.74374739773063903,0.66828757837185204,1.5474007890373699e-05,1.0003305272090597,3.9728839056895696e-06,1.0018466956819443
C2DTLZ2_D6_R02,botorch,BoTorch,continuous_margins,solver_evaluation,6,88,adaptive,0.53346993523382913,0.51393044714360925,0.49606595304283074,0.4904436988332338,0.47441412768087649,0.47574487645341945,,,,,0.67000389245522962,0.74443587846072967,1,-0.0372299141444861,,,,1,0.66976704221615535,0.74305970043660097,1.5474007890373699e-05,1.0003305272090597,3.9728839056895696e-06,1.0018466956819443
C2DTLZ2_D6_R02,botorch,BoTorch,continuous_margins,solver_evaluation,6,93,adaptive,0.39509238373141481,0.50256570543909673,0.49601073395394557,0.49357476566016417,0.49364887218986769,0.47717525337779493,,,,,0.81403259156342289,0.58189475321580031,1,-0.012888819126701319,,,,1,0.81374815165009018,0.58081818589600576,1.5474007890373699e-05,1.0003305272090597,3.9728839056895696e-06,1.0018466956819443
C2DTLZ2_D6_R02,botorch,BoTorch,continuous_margins,solver_evaluation,6,104,adaptive,0.42994431841098868,0.50288890715637113,0.49375014158295472,0.49270840311827591,0.49262987607406356,0.48070905927677809,,,,,0.7808964322640054,0.62550388158847336,1,-0.027896054171053657,,,,1,0.78062294113405406,0.62434692992504004,1.5474007890373699e-05,1.0003305272090597,3.9728839056895696e-06,1.0018466956819443
C2DTLZ2_D6_R02,botorch,BoTorch,continuous_margins,solver_evaluation,6,105,adaptive,0.62654277987698981,0.48463940955928353,0.50493133812025914,0.49249887575214002,0.46166367201260972,0.46429429399365868,,,,,0.55524811131962992,0.83536286343324972,1,-0.00048932175297770886,,,,1,0.55504917845589363,0.83381908045394704,1.5474007890373699e-05,1.0003305272090597,3.9728839056895696e-06,1.0018466956819443
C2DTLZ2_D6_R02,botorch,BoTorch,continuous_margins,solver_evaluation,6,107,adaptive,0.48192756742628462,0.50649915290422531,0.49425210893825683,0.48927259696778391,0.48621811423615685,0.48285078796642561,,,,,0.72738281585101472,0.68721428574785137,1,-0.039193171043506787,,,,1,0.72712700658300655,0.68594358380966702,1.5474007890373699e-05,1.0003305272090597,3.9728839056895696e-06,1.0018466956819443
C2DTLZ2_D6_R02,botorch,BoTorch,continuous_margins,solver_evaluation,6,121,adaptive,0.61859401606274456,0.51219868991447293,0.50163689033094916,0.49703024784344041,0.46240933066628059,0.46932697435810794,,,,,0.56532640388859778,0.82791350868305413,1,-0.0053040592048358218,,,,1,0.56512414097561847,0.82638345703740734,1.5474007890373699e-05,1.0003305272090597,3.9728839056895696e-06,1.0018466956819443
C2DTLZ2_D6_R02,botorch,BoTorch,continuous_margins,solver_evaluation,6,123,adaptive,0.58842895102425208,0.51403317283965311,0.49893999359177488,0.49883959537154687,0.46866081951786726,0.47517970419354782,,,,,0.60347470962938921,0.7996353475127852,1,-0.020698858158383064,,,,1,0.6032598418296411,0.79815742076643836,1.5474007890373699e-05,1.0003305272090597,3.9728839056895696e-06,1.0018466956819443
C2DTLZ2_D6_R02,botorch,BoTorch,continuous_margins,solver_evaluation,6,126,adaptive,0.51546671380607723,0.50823286264600986,0.49886198189696818,0.4956253857908155,0.48075715005610337,0.47756041913435199,,,,,0.69038413182266056,0.72477220206665316,1,-0.039408285903381225,,,,1,0.69014054758571775,0.72343226993368182,1.5474007890373699e-05,1.0003305272090597,3.9728839056895696e-06,1.0018466956819443
C2DTLZ2_D6_R02,botorch,BoTorch,continuous_margins,solver_evaluation,6,127,adaptive,0,0.49977952395812941,0.50026160442967316,0.49518394907446434,0.49979705749641784,0.49747529448184474,,,,,1.0000297267166931,0,1,-0.039999999116322432,,,,1,0.99968383000252992,-3.9655607218280822e-06,1.5474007890373699e-05,1.0003305272090597,3.9728839056895696e-06,1.0018466956819443
C2DTLZ2_D6_R02,botorch,BoTorch,continuous_margins,solver_evaluation,6,130,adaptive,0.38287662576993525,0.4972424372186528,0.49641023009638119,0.49620435201544449,0.49814071630708256,0.47340944681113867,,,,,0.82514692955140323,0.56623663276811564,1,-0.0062221246585718384,,,,1,0.82485881726077537,0.56518892793151621,1.5474007890373699e-05,1.0003305272090597,3.9728839056895696e-06,1.0018466956819443
C2DTLZ2_D6_R02,botorch,BoTorch,continuous_margins,solver_evaluation,6,138,adaptive,0.45633461957074223,0.50060595230972404,0.50109011774620082,0.48948024670442197,0.49661112850928446,0.4901998349054274,,,,,0.75407183218228369,0.65712648482537472,1,-0.035296253960617245,,,,1,0.75380720438295956,0.65591124348039509,1.5474007890373699e-05,1.0003305272090597,3.9728839056895696e-06,1.0018466956819443
C2DTLZ2_D6_R02,botorch,BoTorch,continuous_margins,solver_evaluation,6,144,adaptive,0.37328023391076459,0.49579011846172927,0.48921307345334353,0.48137614468057655,0.48797667902002428,0.44299826729680919,,,,,0.83619488295269839,0.55546602436618964,1,-0.00034134285336097359,,,,1,0.83590312021943758,0.55443817290247988,1.5474007890373699e-05,1.0003305272090597,3.9728839056895696e-06,1.0018466956819443
C2DTLZ2_D6_R02,trieste,Trieste,continuous_margins,solver_evaluation,6,31,adaptive,0.42550420315698123,0.50483915502533194,0.51918769590618252,0.50548670935043694,0.45717596096533741,0.45388924773170508,,,,,0.78826530535112005,0.62243118992501167,1,-0.026243338199937821,,,,1,0.78798937941288372,0.62127990212856643,1.5474007890373699e-05,1.0003305272090597,3.9728839056895696e-06,1.0018466956819443
C2DTLZ2_D6_R02,trieste,Trieste,continuous_margins,solver_evaluation,6,32,adaptive,0.43747841473656346,0.48139500420557091,0.53129045004409536,0.51214430652943788,0.45858548272240884,0.47327734703931246,,,,,0.77604832160938098,0.63684236470608491,1,-0.030309975780786924,,,,1,0.77577643238244098,0.63566451291102122,1.5474007890373699e-05,1.0003305272090597,3.9728839056895696e-06,1.0018466956819443
C2DTLZ2_D6_R02,trieste,Trieste,continuous_margins,solver_evaluation,6,33,adaptive,0.4479162497488498,0.48773988710040855,0.52492363517382856,0.5049414839099895,0.46874520070146503,0.46986138584813281,,,,,0.76457205167356879,0.64869021551435802,1,-0.033285247542920261,,,,1,0.76430395441275312,0.64749052467443624,1.5474007890373699e-05,1.0003305272090597,3.9728839056895696e-06,1.0018466956819443
C2DTLZ2_D6_R02,trieste,Trieste,continuous_margins,solver_evaluation,6,34,adaptive,0.46091232976917207,0.50069268742569328,0.5207136445725381,0.50989175112693386,0.47933291946467232,0.46899833161975163,,,,,0.75059768987417241,0.663655033963925,1,-0.036220486524825998,,,,1,0.7503342099939907,0.66242775859861525,1.5474007890373699e-05,1.0003305272090597,3.9728839056895696e-06,1.0018466956819443
C2DTLZ2_D6_R02,trieste,Trieste,continuous_margins,solver_evaluation,6,37,adaptive,0.48486886262235701,0.50902519191970641,0.51728750829295578,0.49928692910622074,0.49188672668951144,0.47993711372914705,,,,,0.72432649970361773,0.69068818806439713,1,-0.039433911094082154,,,,1,0.72407170029746892,0.68941108271096463,1.5474007890373699e-05,1.0003305272090597,3.9728839056895696e-06,1.0018466956819443
C2DTLZ2_D6_R02,trieste,Trieste,continuous_margins,solver_evaluation,6,38,adaptive,0.49781217216482998,0.51123089222001294,0.514146139382196,0.47407725249893379,0.49905823035842939,0.49053752200385309,,,,,0.71030510668393332,0.70543969374784432,1,-0.039986991533484499,,,,1,0.71005494019838011,0.7041353970666715,1.5474007890373699e-05,1.0003305272090597,3.9728839056895696e-06,1.0018466956819443
C2DTLZ2_D6_R02,trieste,Trieste,continuous_margins,solver_evaluation,6,39,adaptive,0.50875838161311604,0.51204671575138838,0.51739986088845236,0.48143476670377583,0.50225953555708003,0.48883577771634157,,,,,0.69795518029670522,0.71742874242165189,1,-0.039809705317414047,,,,1,0.69770909444909102,0.71610234642676973,1.5474007890373699e-05,1.0003305272090597,3.9728839056895696e-06,1.0018466956819443
C2DTLZ2_D6_R02,trieste,Trieste,continuous_margins,solver_evaluation,6,40,adaptive,0.52173373699175574,0.51044980030729714,0.52444407753741107,0.48967463245271137,0.50716254476862976,0.48247833569474058,,,,,0.6833590454039562,0.73168644805347105,1,-0.038831885021911303,,,,1,0.68311778238199605,0.73033377094837693,1.5474007890373699e-05,1.0003305272090597,3.9728839056895696e-06,1.0018466956819443
C2DTLZ2_D6_R02,trieste,Trieste,continuous_margins,solver_evaluation,6,41,adaptive,0.53439163341458606,0.51212671822956901,0.52080671062025008,0.49439231622346586,0.51118231596013974,0.48532110314186572,,,,,0.66853009098964722,0.74496462820048026,1,-0.037078622392922048,,,,1,0.66829372772110107,0.74358747553635374,1.5474007890373699e-05,1.0003305272090597,3.9728839056895696e-06,1.0018466956819443
C2DTLZ2_D6_R02,trieste,Trieste,continuous_margins,solver_evaluation,6,42,adaptive,0.54860989517483394,0.51455739166431491,0.50476184556891612,0.51498223134711829,0.51962460908231889,0.49223184798588349,,,,,0.65169584499761291,0.75967256294018315,1,-0.034166466739294972,,,,1,0.6514650440669072,0.75826829926227468,1.5474007890373699e-05,1.0003305272090597,3.9728839056895696e-06,1.0018466956819443
C2DTLZ2_D6_R02,trieste,Trieste,continuous_margins,solver_evaluation,6,43,adaptive,0.56221086485247207,0.51623861043549601,0.50447079471092737,0.5169812123409685,0.52368786809366563,0.49202188948674347,,,,,0.63550396542369481,0.77364704940731155,1,-0.030445429479939761,,,,1,0.63527851458140427,0.77221702667472181,1.5474007890373699e-05,1.0003305272090597,3.9728839056895696e-06,1.0018466956819443
C2DTLZ2_D6_R02,trieste,Trieste,continuous_margins,solver_evaluation,6,44,adaptive,0.57639754496706797,0.51835674885380678,0.50174219142168719,0.52163645829370897,0.53108539749801353,0.49212267514522828,,,,,0.6185022800064861,0.78811883259254722,1,-0.025586289897624168,,,,1,0.61828244682703537,0.78666213414237185,1.5474007890373699e-05,1.0003305272090597,3.9728839056895696e-06,1.0018466956819443
C2DTLZ2_D6_R02,trieste,Trieste,continuous_margins,solver_evaluation,6,45,adaptive,0.5903631744982647,0.51881642675891648,0.50029867521822491,0.52579150053519919,0.5295487850142333,0.49263399541232983,,,,,0.60113190119447402,0.80158449450874225,1,-0.019843286496074815,,,,1,0.60091780750079615,0.80010297491594851,1.5474007890373699e-05,1.0003305272090597,3.9728839056895696e-06,1.0018466956819443
C2DTLZ2_D6_R02,trieste,Trieste,continuous_margins,solver_evaluation,6,46,adaptive,0.6053498156434669,0.51407156273513188,0.50046467569998643,0.52770675627618657,0.52239613426919518,0.49277338529779519,,,,,0.58184892160386714,0.81516473291363079,1,-0.012633947681312881,,,,1,0.5816411993536803,0.81365818098033016,1.5474007890373699e-05,1.0003305272090597,3.9728839056895696e-06,1.0018466956819443
C2DTLZ2_D6_R02,trieste,Trieste,continuous_margins,solver_evaluation,6,47,adaptive,0.62099253311590896,0.50635318872804747,0.50324041000150188,0.53088380055294659,0.5092288211045648,0.49434706379747023,,,,,0.56142231831307121,0.82888469486897576,1,-0.0039461770164217758,,,,1,0.56122134538022761,0.8273528530439096,1.5474007890373699e-05,1.0003305272090597,3.9728839056895696e-06,1.0018466956819443
C2DTLZ2_D6_R02,trieste,Trieste,continuous_margins,solver_evaluation,6,50,adaptive,0.38287280281357811,0.49446675304481547,0.4923858748146453,0.49414394191254996,0.48273816074605125,0.5002341340371057,,,,,0.82488276721858456,0.56604807182724015,1,-0.0062312576280678794,,,,1,0.82459474221194562,0.5650007145634548,1.5474007890373699e-05,1.0003305272090597,3.9728839056895696e-06,1.0018466956819443
C2DTLZ2_D6_R02,trieste,Trieste,continuous_margins,solver_evaluation,6,52,adaptive,0.55552827076602385,0.50091782713506128,0.50676994858088942,0.50862183967637331,0.50153958724497039,0.49551333666440273,,,,,0.64291269281499008,0.76612682528813325,1,-0.032395753412391558,,,,1,0.64268479399583522,0.76471066452211789,1.5474007890373699e-05,1.0003305272090597,3.9728839056895696e-06,1.0018466956819443
C2DTLZ2_D6_R02,trieste,Trieste,continuous_margins,solver_evaluation,6,53,adaptive,0.4034371607350839,0.4976044606622837,0.49572640657001943,0.49447467090554487,0.49207724842867956,0.49576308314129103,,,,,0.80594071019354907,0.59222470043234421,1,-0.017033961998623698,,,,1,0.80565894398344984,0.59112909200675801,1.5474007890373699e-05,1.0003305272090597,3.9728839056895696e-06,1.0018466956819443
C2DTLZ2_D6_R02,trieste,Trieste,continuous_margins,solver_evaluation,6,54,adaptive,0.39328949304548599,0.49688430868891192,0.49361125511212461,0.49424918154669201,0.49250052809837508,0.49608422965067095,,,,,0.81529417576559071,0.57931491671292479,1,-0.011964727028553668,,,,1,0.81500931900213291,0.57824310478429997,1.5474007890373699e-05,1.0003305272090597,3.9728839056895696e-06,1.0018466956819443
C2DTLZ2_D6_R02,trieste,Trieste,continuous_margins,solver_evaluation,6,56,adaptive,0.56983157026888076,0.4975279768909539,0.5098414825015346,0.50982419759832964,0.50380600881880133,0.50339313594780677,,,,,0.62559013801087571,0.78044089416369455,1,-0.027977144759225241,,,,1,0.62536796287558072,0.77899834839356874,1.5474007890373699e-05,1.0003305272090597,3.9728839056895696e-06,1.0018466956819443
C2DTLZ2_D6_R02,trieste,Trieste,continuous_margins,solver_evaluation,6,57,adaptive,0.37332363264361756,0.49502983501412745,0.4873663477126402,0.49415916020259715,0.4827630437240002,0.50160007852634458,,,,,0.83336121397822727,0.55366556288933932,1,-0.00051561072791973805,,,,1,0.83307038754019291,0.55264103020129574,1.5474007890373699e-05,1.0003305272090597,3.9728839056895696e-06,1.0018466956819443
C2DTLZ2_D6_R02,trieste,Trieste,continuous_margins,solver_evaluation,6,67,adaptive,0.41550072606639754,0.50196054277660085,0.49732367073006273,0.50449717895474411,0.49831726692719008,0.49728524259769374,,,,,0.79449984523351824,0.60733258006388224,1,-0.022407561146816024,,,,1,0.79422185929110223,0.60620912340942124,1.5474007890373699e-05,1.0003305272090597,3.9728839056895696e-06,1.0018466956819443
C2DTLZ2_D6_R02,trieste,Trieste,continuous_margins,solver_evaluation,6,76,adaptive,0.43064780322289137,0.50270537485568867,0.50153558471862858,0.50193198925827509,0.50003973581752548,0.49954355461673361,,,,,0.77980439761850773,0.62604499901767396,1,-0.028144044036717691,,,,1,0.7795312673164565,0.62488704991698374,1.5474007890373699e-05,1.0003305272090597,3.9728839056895696e-06,1.0018466956819443
C2DTLZ2_D6_R02,trieste,Trieste,continuous_margins,solver_evaluation,6,92,adaptive,0.45400684738761832,0.49880459803107124,0.49855178943519557,0.49922851644424021,0.50223326088368747,0.49676265331535852,,,,,0.75631815908446665,0.65423391942901965,1,-0.034782700774957549,,,,1,0.75605278905830708,0.65302400992577814,1.5474007890373699e-05,1.0003305272090597,3.9728839056895696e-06,1.0018466956819443
C2DTLZ2_D6_R02,trieste,Trieste,continuous_margins,solver_evaluation,6,107,adaptive,0.472479341360238,0.49905009806931283,0.49797818964750407,0.49925562633790843,0.50152434880052754,0.49805343806624475,,,,,0.73701300925897761,0.67589580413701345,1,-0.038131492434093257,,,,1,0.73675401800175366,0.6746459654618483,1.5474007890373699e-05,1.0003305272090597,3.9728839056895696e-06,1.0018466956819443
C2DTLZ2_D6_R02,trieste,Trieste,continuous_margins,solver_evaluation,6,114,adaptive,0.88440796442322178,0.50657193763948749,0.50760710760443672,0.53065398015276666,0.54625664410765673,0.54775272670592989,,,,,0.18156157941666845,0.98893208177318959,1,-0.0069128940658494675,,,,1,0.18148611930828004,0.98710522593093264,1.5474007890373699e-05,1.0003305272090597,3.9728839056895696e-06,1.0018466956819443
C2DTLZ2_D6_R02,trieste,Trieste,continuous_margins,solver_evaluation,6,118,adaptive,0.8769907817690723,0.51172917458782352,0.50482391950938854,0.52834906235318957,0.52815353802936049,0.51881456096209433,,,,,0.19242772973433053,0.98346238902535088,1,-0.0026980762525424529,,,,1,0.19234867925431992,0.98164561542224549,1.5474007890373699e-05,1.0003305272090597,3.9728839056895696e-06,1.0018466956819443
C2DTLZ2_D6_R02,trieste,Trieste,continuous_margins,solver_evaluation,6,119,adaptive,0.93265066989949086,0.49268387140137793,0.50701987189912834,0.52459815293397805,0.51270019669728251,0.49878179955125918,,,,,0.10568679029111631,0.99527501995402801,1,-0.028807976921526784,,,,1,0.1056364005785676,0.99343647222657561,1.5474007890373699e-05,1.0003305272090597,3.9728839056895696e-06,1.0018466956819443
C2DTLZ2_D6_R02,trieste,Trieste,continuous_margins,solver_evaluation,6,123,adaptive,0.87440085657886402,0.50742498518262857,0.5045922748824615,0.52781684522217887,0.52236691765431098,0.51109125095619734,,,,,0.19630206880529644,0.98204595137860073,1,-0.0011431499208610363,,,,1,0.1962217381739306,0.98023178868322924,1.5474007890373699e-05,1.0003305272090597,3.9728839056895696e-06,1.0018466956819443
C2DTLZ2_D6_R02,trieste,Trieste,continuous_margins,solver_evaluation,6,126,adaptive,0.627483988203139,0.50218883585567287,0.50352702029902197,0.51405187838960276,0.50240521628577439,0.50429794960893504,,,,,0.55245372489055355,0.83383021421796533,1,-2.3603699039899395e-05,,,,1,0.55225571534238382,0.83228925635821438,1.5474007890373699e-05,1.0003305272090597,3.9728839056895696e-06,1.0018466956819443
C2DTLZ2_D6_R02,trieste,Trieste,continuous_margins,solver_evaluation,6,128,adaptive,0.58371453163459319,0.49929284780402144,0.49986428114878789,0.50003341734436779,0.50016761272785382,0.49927808796748724,,,,,0.60828692207745638,0.79371856355625381,1,-0.022733034600402019,,,,1,0.60807046423611044,0.79225154316856505,1.5474007890373699e-05,1.0003305272090597,3.9728839056895696e-06,1.0018466956819443
C2DTLZ2_D6_R02,trieste,Trieste,continuous_margins,solver_evaluation,6,134,adaptive,1,0.48833920225837846,0.51021909988683267,0.52115224410632288,0.53147243751391859,0.48172039142287354,,,,,6.1355568819946814e-17,1.0020124800500021,1,-0.039995949924048285,,,,1,-1.5468894999620881e-05,1.0001615132183892,1.5474007890373699e-05,1.0003305272090597,3.9728839056895696e-06,1.0018466956819443
C2DTLZ2_D6_R02,trieste,Trieste,continuous_margins,solver_evaluation,6,139,adaptive,0.90671144222225075,0.49630509025388631,0.50613598725441566,0.5182121501550534,0.51392897524884973,0.49320845210948588,,,,,0.14610443429702641,0.98989905330580463,1,-0.018551465154626995,,,,1,0.14604068986750499,0.98807041505296378,1.5474007890373699e-05,1.0003305272090597,3.9728839056895696e-06,1.0018466956819443
C2DTLZ2_D6_R02,usemoc,USeMOC,continuous_margins,solver_evaluation,6,25,adaptive,0.99999840009914975,0.61699762045925333,0.39224909660036589,0.64412656441951432,0.80539041697962788,0.35680669420774003,,,,,2.9148121960570216e-06,1.1598387965509811,1,-0.014451559108638018,,,,1,-1.2555045910032418e-05,1.1576969097827794,1.5474007890373699e-05,1.0003305272090597,3.9728839056895696e-06,1.0018466956819443
C2DTLZ2_D6_R02,usemoc,USeMOC,continuous_margins,solver_evaluation,6,29,adaptive,0.46969079105304223,0.65714683967494336,0.63967466710024534,0.38215053299190926,0.46027670926599029,0.34470969731229995,,,,,0.80195575072672631,0.72901188156039665,1,-0.030523839554777825,,,,1,0.80167530121895192,0.72766413446147526,1.5474007890373699e-05,1.0003305272090597,3.9728839056895696e-06,1.0018466956819443
C2DTLZ2_D6_R02,usemoc,USeMOC,continuous_margins,solver_evaluation,6,34,adaptive,0.429318684334973,0.61542153002460975,0.61301807562548483,0.43351019001352142,0.48773972549263234,0.43968528958525821,,,,,0.80789414891187694,0.64582691589518038,1,-0.026086684616871126,,,,1,0.80761173725046931,0.64463250295163299,1.5474007890373699e-05,1.0003305272090597,3.9728839056895696e-06,1.0018466956819443
C2DTLZ2_D6_R02,usemoc,USeMOC,continuous_margins,solver_evaluation,6,37,adaptive,0.99973292179041584,0.53869057103285978,0.31328299936744475,0.49974889337728223,0.47202983164029205,0.40945106806331866,,,,,0.00043854745619152668,1.0453416090686312,1,-0.037943946163196268,,,,1,0.00042293365721981471,1.0434107740138601,1.5474007890373699e-05,1.0003305272090597,3.9728839056895696e-06,1.0018466956819443
C2DTLZ2_D6_R02,usemoc,USeMOC,continuous_margins,solver_evaluation,6,64,adaptive,0.9997196147021411,0.60482268703256781,0.51884036700541425,0.51292748395028331,0.62082508377265577,0.39169351019997317,,,,,0.00045709348713746101,1.0378387709299521,1,-0.038568018480054728,,,,1,0.00044147356022335301,1.035921765794322,1.5474007890373699e-05,1.0003305272090597,3.9728839056895696e-06,1.0018466956819443
C2DTLZ2_D6_R02,usemoc,USeMOC,continuous_margins,solver_evaluation,6,72,adaptive,0.58338636447889414,0.58207409585349013,0.47007669172962235,0.55343530233415617,0.36339586236253107,0.17923915024436088,,,,,0.68906449353272281,0.8981612358597042,1,-0.003172671205759349,,,,1,0.68882134532802042,0.89650169716279227,1.5474007890373699e-05,1.0003305272090597,3.9728839056895696e-06,1.0018466956819443
C2DTLZ2_D6_R02,usemoc,USeMOC,continuous_margins,solver_evaluation,6,113,adaptive,0.99998029936226251,0.38440165385635006,0.48111314531568583,0.23233965931695716,0.46973300569411336,0.48800488041346513,,,,,3.3620069176633307e-05,1.0864217222035859,1,-0.032531284801057242,,,,1,1.814006550103739e-05,1.0844151645179301,1.5474007890373699e-05,1.0003305272090597,3.9728839056895696e-06,1.0018466956819443
C2DTLZ2_D6_R02,usemoc,USeMOC,continuous_margins,solver_evaluation,6,130,adaptive,0.99999901676270886,0.51184195525048704,0.58043867309837127,0.54254676026568027,0.26446218853511511,0.16266912468541767,,,,,1.818903178178812e-06,1.1776910189118517,1,-0.0084259017947594106,,,,1,-1.3650592819848132e-05,1.1755162252906464,1.5474007890373699e-05,1.0003305272090597,3.9728839056895696e-06,1.0018466956819443
C2DTLZ2_D6_R02,usemoc,USeMOC,continuous_margins,solver_evaluation,6,135,adaptive,0.99999194655997381,0.5076131635372233,0.71265892287019184,0.56103143048799531,0.82741473482028971,0.55277223449724466,,,,,1.4661611857645681e-05,1.1589919304613017,1,-0.014721565833225786,,,,1,-8.1212760245817726e-07,1.1568516047143198,1.5474007890373699e-05,1.0003305272090597,3.9728839056895696e-06,1.0018466956819443
C2DTLZ2_D6_R02,usemoc,USeMOC,continuous_margins,solver_evaluation,6,139,adaptive,0.00042635970128755468,0.41879784379948626,0.48359846485023661,0.38218834228357396,0.50572772029369972,0.57903028449635763,,,,,1.0270207495429655,0.00068782080680648795,1,-0.039269405996674028,,,,1,1.0266659345091051,0.00068258739171197418,1.5474007890373699e-05,1.0003305272090597,3.9728839056895696e-06,1.0018466956819443
C2DTLZ2_D6_R02,usemoc,USeMOC,continuous_margins,solver_evaluation,6,140,adaptive,1.6080356353336137e-05,0.66674088884858307,0.44799007491455139,0.35392497385917532,0.30970440761362061,0.41978868341107189,,,,,1.0944917370249132,2.764572814858065e-05,1,-0.031071310869728447,,,,1,1.0941146283625187,2.3629208285981595e-05,1.5474007890373699e-05,1.0003305272090597,3.9728839056895696e-06,1.0018466956819443
C2DTLZ2_D6_R02,usemoc,USeMOC,continuous_margins,solver_evaluation,6,142,adaptive,0.00013909795164135225,0.49485949218171843,0.33210915204634256,0.2955132180446009,0.61418411591338573,0.45133327477645441,,,,,1.0854350422033445,0.00023716164650580595,1,-0.03270079731806616,,,,1,1.0850609260359119,0.00023275892769341098,1.5474007890373699e-05,1.0003305272090597,3.9728839056895696e-06,1.0018466956819443
C2DTLZ2_D6_R02,usemoc,USeMOC,continuous_margins,solver_evaluation,6,147,adaptive,0.99999950795404002,0.73350304745817774,0.36127591044649321,0.72051661023691349,0.62966199340313289,0.70339723123204789,,,,,9.1247366518765763e-07,1.1805782877908688,1,-0.0073914819776854379,,,,1,-1.4556722832215254e-05,1.1783981720909518,1.5474007890373699e-05,1.0003305272090597,3.9728839056895696e-06,1.0018466956819443
C2DTLZ2_D6_R02,comboo,COMBOO,continuous_margins,solver_evaluation,6,51,adaptive,0.44015750169306128,0.54656740109525559,0.53050623381352191,0.52313945859077327,0.51312738661712987,0.4898332029848268,,,,,0.77336782410743687,0.64010784902627305,1,-0.031120617280419004,,,,1,0.7730968205651122,0.63892397799112055,1.5474007890373699e-05,1.0003305272090597,3.9728839056895696e-06,1.0018466956819443
C2DTLZ2_D6_R02,comboo,COMBOO,continuous_margins,solver_evaluation,6,77,adaptive,0.47149116668807106,0.49882672916860571,0.52202481448432114,0.46710194607252453,0.56206471858567553,0.49890316321137168,,,,,0.74205436653317081,0.67840156370669191,1,-0.03795467676787468,,,,1,0.7417937095207745,0.67714710618575202,1.5474007890373699e-05,1.0003305272090597,3.9728839056895696e-06,1.0018466956819443
C2DTLZ2_D6_R02,comboo,COMBOO,continuous_margins,solver_evaluation,6,79,adaptive,0.89010600155554409,0.48265335767271256,0.51400316074454733,0.50129376452810503,0.49389618227914317,0.4980388324647117,,,,,0.17185778426412682,0.98566968886816198,1,-0.010259544170689611,,,,1,0.17178553046429523,0.98384884656761407,1.5474007890373699e-05,1.0003305272090597,3.9728839056895696e-06,1.0018466956819443
C2DTLZ2_D6_R02,comboo,COMBOO,continuous_margins,solver_evaluation,6,82,adaptive,0.57154170642536128,0.47182421671002506,0.50647183606478186,0.51303538350390598,0.4760362748809836,0.51833775603614574,,,,,0.62454532481817915,0.78344064054556317,1,-0.027356747837692034,,,,1,0.62432349490796646,0.78199256536788009,1.5474007890373699e-05,1.0003305272090597,3.9728839056895696e-06,1.0018466956819443
C2DTLZ2_D6_R02,comboo,COMBOO,continuous_margins,solver_evaluation,6,87,adaptive,0.43634276579469711,0.49805986871928259,0.52092111474221814,0.48743786350724433,0.56707596981657638,0.52849944944521021,,,,,0.77873817983109539,0.63672845139753631,1,-0.029915833424335049,,,,1,0.77846540182658974,0.63555080957792687,1.5474007890373699e-05,1.0003305272090597,3.9728839056895696e-06,1.0018466956819443
C2DTLZ2_D6_R02,comboo,COMBOO,continuous_margins,solver_evaluation,6,89,adaptive,0.55180055418094043,0.45812198088214318,0.49059835475556818,0.52178739388788475,0.47223619246872445,0.56670832036922014,,,,,0.65217389483734689,0.76798527683090401,1,-0.033276186765425882,,,,1,0.65194293595037067,0.76656569039661626,1.5474007890373699e-05,1.0003305272090597,3.9728839056895696e-06,1.0018466956819443
C2DTLZ2_D6_R02,comboo,COMBOO,continuous_margins,solver_evaluation,6,95,adaptive,0,0.48844098228239791,0.50292030693102974,0.53135851235511111,0.45952927889327549,0.48485780891337266,,,,,1.0029926605980952,0,1,-0.039991043982544577,,,,1,1.0026457848772539,-3.9655607218280822e-06,1.5474007890373699e-05,1.0003305272090597,3.9728839056895696e-06,1.0018466956819443
C2DTLZ2_D6_R02,comboo,COMBOO,continuous_margins,solver_evaluation,6,98,adaptive,0.60591713169966444,0.42933027251259914,0.51103249000040263,0.53751988869885414,0.4353490537511,0.53061139188606254,,,,,0.58699474709786792,0.82392572984036294,1,-0.011926432502497114,,,,1,0.58678532457432886,0.82240302883429117,1.5474007890373699e-05,1.0003305272090597,3.9728839056895696e-06,1.0018466956819443
C2DTLZ2_D6_R02,comboo,COMBOO,continuous_margins,solver_evaluation,6,104,adaptive,0.11226006955480394,0.50317891751872668,0.50894682351435949,0.50408641436662527,0.51855442136467111,0.50593548646872477,,,,,0.9849715572099329,0.17551057239916798,1,-0.0089701848834222442,,,,1,0.98463063598597544,0.17518308966003743,1.5474007890373699e-05,1.0003305272090597,3.9728839056895696e-06,1.0018466956819443
C2DTLZ2_D6_R02,comboo,COMBOO,continuous_margins,solver_evaluation,6,112,adaptive,0.49048629261282634,0.4411791800065164,0.55136077711464204,0.43939606155130112,0.60429181390049425,0.53885202418191336,,,,,0.73349418621487295,0.71189257865927025,1,-0.039280800998421191,,,,1,0.73323635764011075,0.71057638742900786,1.5474007890373699e-05,1.0003305272090597,3.9728839056895696e-06,1.0018466956819443
C2DTLZ2_D6_R02,comboo,COMBOO,continuous_margins,solver_evaluation,6,114,adaptive,0.54576965584748593,0.50011413038470387,0.51259142239595479,0.47363335962526559,0.52342827135200498,0.44638068718718288,,,,,0.65728625559318188,0.75930785537003287,1,-0.034792963083691064,,,,1,0.65705360749020514,0.75790426395455524,1.5474007890373699e-05,1.0003305272090597,3.9728839056895696e-06,1.0018466956819443
C2DTLZ2_D6_R02,comboo,COMBOO,continuous_margins,solver_evaluation,6,116,adaptive,0.51576770709602038,0.49063873908596173,0.49335309977748493,0.47553692161994493,0.5122879380470563,0.47163488795227859,,,,,0.6905403516513221,0.72562285255736048,1,-0.039382708513445379,,,,1,0.6902967157965364,0.72428135242741432,1.5474007890373699e-05,1.0003305272090597,3.9728839056895696e-06,1.0018466956819443
C2DTLZ2_D6_R02,comboo,COMBOO,continuous_margins,solver_evaluation,6,117,adaptive,0.43838048916863431,0.52004974628800238,0.51792079702870142,0.47214945684663218,0.51429530550154934,0.54457022182781611,,,,,0.77498121057178748,0.6378064422801456,1,-0.03059052486308592,,,,1,0.77470967393753898,0.63662681340890781,1.5474007890373699e-05,1.0003305272090597,3.9728839056895696e-06,1.0018466956819443
C2DTLZ2_D6_R02,comboo,COMBOO,continuous_margins,solver_evaluation,6,118,adaptive,0.09127213641397923,0.48185095646599779,0.52497695981254278,0.51622744520664932,0.50125082714742797,0.5202018881503967,,,,,0.99134968501410403,0.14311163813676286,1,-0.019444231080456981,,,,1,0.99100665634193341,0.14284387608370122,1.5474007890373699e-05,1.0003305272090597,3.9728839056895696e-06,1.0018466956819443
C2DTLZ2_D6_R02,comboo,COMBOO,continuous_margins,solver_evaluation,6,123,adaptive,0.3860186253701553,0.50438734902723947,0.56501607189747327,0.58022268787487452,0.47906643574594548,0.48284194642943029,,,,,0.83110947799259749,0.57638233091746327,1,-0.0075344492866725732,,,,1,0.83081939556865714,0.57531592459984526,1.5474007890373699e-05,1.0003305272090597,3.9728839056895696e-06,1.0018466956819443
C2DTLZ2_D6_R02,comboo,COMBOO,continuous_margins,solver_evaluation,6,134,adaptive,0.51253809604349465,0.49378827836674688,0.45749635483176365,0.48056955384627059,0.48778166073526047,0.50890458920002735,,,,,0.69474306112045381,0.72266217690822199,1,-0.039605168090069393,,,,1,0.69449803661482368,0.72132613416707647,1.5474007890373699e-05,1.0003305272090597,3.9728839056895696e-06,1.0018466956819443
C2DTLZ2_D6_R02,comboo,COMBOO,continuous_margins,solver_evaluation,6,139,adaptive,0.53334190640435941,0.49982745886389673,0.45952698143909515,0.47454145180038676,0.51109145562474434,0.48283859045013683,,,,,0.67092974492554802,0.74516315114088161,1,-0.037242934753269195,,,,1,0.67069258876815507,0.74378563254107022,1.5474007890373699e-05,1.0003305272090597,3.9728839056895696e-06,1.0018466956819443
C2DTLZ2_D6_R02,comboo,COMBOO,continuous_margins,solver_evaluation,6,140,adaptive,0.4570498498360771,0.49348223062748331,0.57086258617264241,0.59226997724810082,0.44701810011389947,0.44575531726919981,,,,,0.76772427824837197,0.67054275341939085,1,-0.034988590923402306,,,,1,0.76745513943516563,0.66930278197809301,1.5474007890373699e-05,1.0003305272090597,3.9728839056895696e-06,1.0018466956819443
C2DTLZ2_D6_R02,comboo,COMBOO,continuous_margins,solver_evaluation,6,141,adaptive,0.60767560392808984,0.53300236824221148,0.52492850053612394,0.48255311136424817,0.52609802376625925,0.40728307437825817,,,,,0.58451554763680069,0.82526003568769069,1,-0.01101119790753953,,,,1,0.58430694428538144,0.8237348751667477,1.5474007890373699e-05,1.0003305272090597,3.9728839056895696e-06,1.0018466956819443
C2DTLZ2_D6_R02,comboo,COMBOO,continuous_margins,solver_evaluation,6,148,adaptive,1,0.50089005083843319,0.49892994702995286,0.46681451042503103,0.49534630552463427,0.51816827956066558,,,,,6.132143038983162e-17,1.0014549571766487,1,-0.039997883099614134,,,,1,-1.5468894999620915e-05,0.99960501802231139,1.5474007890373699e-05,1.0003305272090597,3.9728839056895696e-06,1.0018466956819443
C2DTLZ2_D6_R02,pac-moo,PAC-MOO,continuous_margins,solver_evaluation,6,4,initial,0.4397467193475002,0.67634095598229127,0.57100216854442698,0.37727825661723835,0.35101035603298597,0.37173583852014402,,,,,0.84001838663208472,0.69436090563279507,1,-0.022172047794258094,,,,1,0.83972536054439695,0.69307703038961421,1.5474007890373699e-05,1.0003305272090597,3.9728839056895696e-06,1.0018466956819443
C2DTLZ2_D6_R02,pac-moo,PAC-MOO,continuous_margins,solver_evaluation,6,26,adaptive,0.46079260757388651,0.64947135673128098,0.31522093426604703,0.46274047045865496,0.38419276651211098,0.52841920752141325,,,,,0.80330491849240349,0.70998799642698918,1,-0.030737616977621923,,,,1,0.80302402319531851,0.70867531589731547,1.5474007890373699e-05,1.0003305272090597,3.9728839056895696e-06,1.0018466956819443
C2DTLZ2_D6_R02,pac-moo,PAC-MOO,continuous_margins,solver_evaluation,6,41,adaptive,0.52322374575620423,0.5962660195752969,0.38722154333982095,0.55017234254672165,0.35208354620720383,0.48357867599127935,,,,,0.71261005423412971,0.76659507317346676,1,-0.036430857102242795,,,,1,0.71235912615242403,0.76517804929001865,1.5474007890373699e-05,1.0003305272090597,3.9728839056895696e-06,1.0018466956819443
C2DTLZ2_D6_R02,pac-moo,PAC-MOO,continuous_margins,solver_evaluation,6,43,adaptive,0.89156051965317562,0.49267816322034574,0.39624184336007462,0.54515841579507984,0.58064234543273285,0.42825388831927991,,,,,0.17366850045667462,1.0096824442659658,1,-0.0097455022221663856,,,,1,0.1735956483636257,1.0078173394531036,1.5474007890373699e-05,1.0003305272090597,3.9728839056895696e-06,1.0018466956819443
C2DTLZ2_D6_R02,pac-moo,PAC-MOO,continuous_margins,solver_evaluation,6,46,adaptive,0.0015250970999756142,0.71919561492353556,0.67897435506740567,0.4264029177306079,0.25870589456323934,0.29229547359516683,,,,,1.1868556778207469,0.0028432569856615031,1,-0.0050768715558626443,,,,1,1.186448050450047,0.0028340504729849401,1.5474007890373699e-05,1.0003305272090597,3.9728839056895696e-06,1.0018466956819443
C2DTLZ2_D6_R02,pac-moo,PAC-MOO,continuous_margins,solver_evaluation,6,49,adaptive,0.60423959596904631,0.58101408137294153,0.39710536102408089,0.46920505683086067,0.48612295339004941,0.48811908281513128,,,,,0.59311946398680238,0.82789755063863857,1,-0.012416481532776479,,,,1,0.59290801774657709,0.82636752840832228,1.5474007890373699e-05,1.0003305272090597,3.9728839056895696e-06,1.0018466956819443
C2DTLZ2_D6_R02,pac-moo,PAC-MOO,continuous_margins,solver_evaluation,6,55,adaptive,0.013414196833529402,0.68708853237270218,0.31423544012399063,0.51831738804012095,0.42386160375162651,0.45362185047950676,,,,,1.0775548516926119,0.02270848800109615,1,-0.033469569551641126,,,,1,1.077183339281943,0.022662664073304934,1.5474007890373699e-05,1.0003305272090597,3.9728839056895696e-06,1.0018466956819443
C2DTLZ2_D6_R02,pac-moo,PAC-MOO,continuous_margins,solver_evaluation,6,87,adaptive,0.00074793944148754399,0.56289817960478716,0.47267541369690635,0.48940319227511797,0.10261068739648205,0.33839561007569985,,,,,1.1888485304798353,0.0013967318540982726,1,-0.004334281675734325,,,,1,1.1884402446347515,0.0013901917091661911,1.5474007890373699e-05,1.0003305272090597,3.9728839056895696e-06,1.0018466956819443
C2DTLZ2_D6_R02,pac-moo,PAC-MOO,continuous_margins,solver_evaluation,6,92,adaptive,0.40774298497586869,0.66782514108826352,0.58546759258432379,0.28678840854296861,0.51472729146623963,0.34694696908955802,,,,,0.8856544362433767,0.66007117945134197,1,-0.0059083870431146587,,,,1,0.88534633118358896,0.65885051017524887,1.5474007890373699e-05,1.0003305272090597,3.9728839056895696e-06,1.0018466956819443
C2DTLZ2_D6_R02,pac-moo,PAC-MOO,continuous_margins,solver_evaluation,6,95,adaptive,0.97005869080976515,0.57148295966841822,0.43818693409857723,0.51730576626911184,0.52043597896395299,0.39701765433220504,,,,,0.047966550505826003,1.019124968802656,1,-0.037333445600869569,,,,1,0.04793523259928896,1.0172424586628472,1.5474007890373699e-05,1.0003305272090597,3.9728839056895696e-06,1.0018466956819443
C2DTLZ2_D6_R02,pac-moo,PAC-MOO,continuous_margins,solver_evaluation,6,108,adaptive,0.039461511626827539,0.71593203131107674,0.5043198312029874,0.3842837704317914,0.47969273662179457,0.49597613144475938,,,,,1.0584274860648906,0.065691840206743443,1,-0.032270811002388794,,,,1,1.0580622936800588,0.06556678542331755,1.5474007890373699e-05,1.0003305272090597,3.9728839056895696e-06,1.0018466956819443
C2DTLZ2_D6_R02,pac-moo,PAC-MOO,continuous_margins,solver_evaluation,6,116,adaptive,0.99869313528015824,0.59292754002242398,0.34540247289120396,0.57301687738848517,0.71691625355506094,0.427441736377701,,,,,0.0022379496353475271,1.0901824530897943,1,-0.031862116736136786,,,,1,0.0022217412815121224,1.0881689632801734,1.5474007890373699e-05,1.0003305272090597,3.9728839056895696e-06,1.0018466956819443
C2DTLZ2_D6_R02,pac-moo,PAC-MOO,continuous_margins,solver_evaluation,6,120,adaptive,0.45302178099000245,0.5666695345959577,0.29846633893697339,0.33970762259399601,0.44498396062461532,0.38876885573527675,,,,,0.82255999550330727,0.70931256102615781,1,-0.026665689839227506,,,,1,0.82227273798224576,0.70800112552094097,1.5474007890373699e-05,1.0003305272090597,3.9728839056895696e-06,1.0018466956819443
C2DTLZ2_D6_R02,pac-moo,PAC-MOO,continuous_margins,solver_evaluation,6,122,adaptive,0.98648178433120159,0.53914702284284888,0.31818835968613701,0.52016673646486999,0.52278604349486757,0.40279191576384954,,,,,0.022187462566939022,1.0447276974550515,1,-0.037507149585210148,,,,1,0.022164662535001205,1.0427979940184517,1.5474007890373699e-05,1.0003305272090597,3.9728839056895696e-06,1.0018466956819443
C2DTLZ2_D6_R02,pac-moo,PAC-MOO,continuous_margins,solver_evaluation,6,123,adaptive,0.072582835187883887,0.5162988083192821,0.53766593689934894,0.63646114722845448,0.33963607608938351,0.58084521256624588,,,,,1.045724894901908,0.1197453806673973,1,-0.023570277795029487,,,,1,1.045363899681804,0.11952068944239534,1.5474007890373699e-05,1.0003305272090597,3.9728839056895696e-06,1.0018466956819443
C2DTLZ2_D6_R02,pac-moo,PAC-MOO,continuous_margins,solver_evaluation,6,127,adaptive,0.57006441225844673,0.60179416125834939,0.55443568564329582,0.39688195759266465,0.36742134232160417,0.40229853150516015,,,,,0.65709786635830947,0.82036229802302407,1,-0.02467229634380461,,,,1,0.65686528050252635,0.81884616546118461,1.5474007890373699e-05,1.0003305272090597,3.9728839056895696e-06,1.0018466956819443
C2DTLZ2_D6_R02,pac-moo,PAC-MOO,continuous_margins,solver_evaluation,6,131,adaptive,0.99309081717129133,0.51490028884010119,0.41511266228337351,0.67300018259283212,0.45017550934198625,0.38325580060731068,,,,,0.011432985274017851,1.0534065886098904,1,-0.03701702314077801,,,,1,0.011413738714925096,1.0514608874454061,1.5474007890373699e-05,1.0003305272090597,3.9728839056895696e-06,1.0018466956819443
C2DTLZ2_D6_R02,pac-moo,PAC-MOO,continuous_margins,solver_evaluation,6,134,adaptive,0.020372174833058976,0.58509916947026408,0.70047906709802121,0.62428928091858105,0.39518532083616553,0.54865408767265655,,,,,1.0756838838084664,0.034434217094106739,1,-0.033086234424782396,,,,1,1.0753129895992581,0.034366779227399481,1.5474007890373699e-05,1.0003305272090597,3.9728839056895696e-06,1.0018466956819443
C2DTLZ2_D6_R02,pac-moo,PAC-MOO,continuous_margins,solver_evaluation,6,137,adaptive,0.9801812255138348,0.62191375767367274,0.44684527183485379,0.59760410875415526,0.38978467308474563,0.48587322783883669,,,,,0.032357643803092952,1.0390582276978595,1,-0.037427437736614361,,,,1,0.03233148336024276,1.0371389747477111,1.5474007890373699e-05,1.0003305272090597,3.9728839056895696e-06,1.0018466956819443
C2DTLZ2_D6_R02,pac-moo,PAC-MOO,continuous_margins,solver_evaluation,6,144,adaptive,0.0035909974110515108,0.86125197506448303,0.3687712511392256,0.58901470277452772,0.36778681411735403,0.48406306656714981,,,,,1.173363236537208,0.0066186901768310888,1,-0.0099013811576871003,,,,1,1.1729600673119305,0.0066025244395529455,1.5474007890373699e-05,1.0003305272090597,3.9728839056895696e-06,1.0018466956819443
C2DTLZ2_D6_R02,pac-moo,PAC-MOO,continuous_margins,solver_evaluation,6,145,adaptive,0.0060034463065966603,0.46590831354708473,0.61625333789781234,0.68810624450012015,0.29706547405038364,0.7067192123971644,,,,,1.1339258744365375,0.010693455022953316,1,-0.021949510176080905,,,,1,1.1335357360254492,0.010669778305523512,1.5474007890373699e-05,1.0003305272090597,3.9728839056895696e-06,1.0018466956819443
C2DTLZ2_D6_R02,pac-moo,PAC-MOO,continuous_margins,solver_evaluation,6,146,adaptive,0.0047990164856728246,0.76669965618764213,0.65957305510983189,0.73104940057023438,0.36581050573430429,0.50560621713365561,,,,,1.1679811556567694,0.0088047328074325991,1,-0.01170480802440596,,,,1,1.1675797647678758,0.0087845375559544511,1.5474007890373699e-05,1.0003305272090597,3.9728839056895696e-06,1.0018466956819443
C2DTLZ2_D6_R02,hypermapper,HyperMapper,binary_label,solver_evaluation,6,4,initial,0.4397467193475002,0.67634095598229127,0.57100216854442698,0.37727825661723835,0.35101035603298597,0.37173583852014402,,,,,0.84001838663208472,0.69436090563279507,1,-0.022172047794258094,,,,1,0.83972536054439695,0.69307703038961421,1.5474007890373699e-05,1.0003305272090597,3.9728839056895696e-06,1.0018466956819443
C2DTLZ2_D6_R02,hypermapper,HyperMapper,binary_label,solver_evaluation,6,104,adaptive,1,0.64291829269148038,0.56789350904703795,0.46622532974186243,0.34071047215302036,0.47428611240734048,,,,,6.4429295918596659e-17,1.0522102530044555,1,-0.037274089481210665,,,,1,-1.5468894999617808e-05,1.0502667570354429,1.5474007890373699e-05,1.0003305272090597,3.9728839056895696e-06,1.0018466956819443
C2DTLZ2_D6_R02,hypermapper,HyperMapper,binary_label,solver_evaluation,6,144,adaptive,0.0014916525004174716,0.55250117896756223,0.5996395056168754,0.57090006985745345,0.49416607979388771,0.54447720959382762,,,,,1.0197206824193006,0.0023892938222465567,1,-0.039605385959948086,,,,1,1.0193682794589967,0.002380924096093574,1.5474007890373699e-05,1.0003305272090597,3.9728839056895696e-06,1.0018466956819443
MW7_D4,ctsemo,cTSEMO,binary_label,solver_evaluation,4,28,adaptive,0.31634328207069584,0.88369631175797247,0.77738219903899086,0.89241824564218131,,,,,,,0.32484767059825848,0.97414759870285039,1,-0.92976139219487197,-0.043342322119142684,,,1,0.28195365212325524,0.84665729754932084,0.00079573507410095302,1.1493092325064089,0.0024090399442004899,1.1477354079051596
MW7_D4,ctsemo,cTSEMO,binary_label,solver_evaluation,4,35,adaptive,0.27446875019930128,0.87140538575854531,0.69173918147158153,0.85622332179436944,,,,,,,0.29999557356238737,1.051028757427859,1,-0.41781000926613832,-0.057374078131648076,,,1,0.26033014442578922,0.91364238679156329,0.00079573507410095302,1.1493092325064089,0.0024090399442004899,1.1477354079051596
MW7_D4,ctsemo,cTSEMO,binary_label,solver_evaluation,4,39,adaptive,0.25082904223001923,0.89078691147940525,0.63455249153383775,0.89639549712912092,,,,,,,0.27831317808591594,1.0741016791864217,1,-0.27968820391499993,-0.029942042254753387,,,1,0.24146455554577426,0.93374538405003016,0.00079573507410095302,1.1493092325064089,0.0024090399442004899,1.1477354079051596
MW7_D4,ctsemo,cTSEMO,binary_label,solver_evaluation,4,42,adaptive,0.4043508788441213,0.94927622361661035,0.74755048474305485,0.91175387893865345,,,,,,,0.40840731603546809,0.92377922208278429,1,-1.4526065662883114,-0.10432289511285053,,,1,0.35465788443415652,0.80277229036635156,0.00079573507410095302,1.1493092325064089,0.0024090399442004899,1.1477354079051596
MW7_D4,ctsemo,cTSEMO,binary_label,solver_evaluation,4,45,adaptive,0.21648354278062834,0.6720597543464284,0.99999999876634238,0.82760394069436816,,,,,,,0.24600501100535216,1.1094206554684642,1,-0.16223182125426683,-0.022884075963605977,,,1,0.21335361188781179,0.96451813536429565,0.00079573507410095302,1.1493092325064089,0.0024090399442004899,1.1477354079051596
MW7_D4,ctsemo,cTSEMO,binary_label,solver_evaluation,4,50,adaptive,5.6098913793074714e-05,0.48911189673888733,0.98415205907623515,0.89126341927966413,,,,,,,6.5538273209520676e-05,1.1682627822017448,1,-0.075162067426973289,-0.042337932573026871,,,1,-0.00063533536513843381,1.0157861596214535,0.00079573507410095302,1.1493092325064089,0.0024090399442004899,1.1477354079051596
MW7_D4,ctsemo,cTSEMO,binary_label,solver_evaluation,4,57,adaptive,0.34965856762076514,0.95701125436239831,0.77395794129200679,0.88081180569677009,,,,,,,0.35151788702137554,0.94185907025678661,1,-1.3617025628128472,-0.078392560277969592,,,1,0.30515908341084247,0.81852491771362634,0.00079573507410095302,1.1493092325064089,0.0024090399442004899,1.1477354079051596
MW7_D4,ctsemo,cTSEMO,binary_label,solver_evaluation,4,60,adaptive,0.018930635712501698,0.97497012791928606,0.82928831077638343,0.71938229658537223,,,,,,,0.021780103985956381,1.150315357088914,1,-0.11630020631576521,-0.0011997941779147148,,,1,0.018258244446616688,1.0001489099651162,0.00079573507410095302,1.1493092325064089,0.0024090399442004899,1.1477354079051596
MW7_D4,ctsemo,cTSEMO,binary_label,solver_evaluation,4,67,adaptive,0.29957652328334011,0.88348649972530746,0.75908159205312686,0.87985004396215549,,,,,,,0.31003130651078731,0.98736800470153019,1,-0.73479176056311424,-0.0099459099027525699,,,1,0.26906211373792471,0.85817598548699603,0.00079573507410095302,1.1493092325064089,0.0024090399442004899,1.1477354079051596
MW7_D4,ctsemo,cTSEMO,binary_label,solver_evaluation,4,74,adaptive,0.3769635148351056,0.98254181277798935,0.76520395441601508,0.8923261511613646,,,,,,,0.378021660799152,0.92882805357627096,1,-1.5481323942939786,-0.10219289633731543,,,1,0.32821969497486614,0.80717124108157068,0.00079573507410095302,1.1493092325064089,0.0024090399442004899,1.1477354079051596
MW7_D4,ctsemo,cTSEMO,binary_label,solver_evaluation,4,91,adaptive,0.23983842679155129,0.68352460980831964,0.9819176236247843,0.82066437534573244,,,,,,,0.27098855482595824,1.0969016361423534,1,-0.20723607906410657,-0.050272427128634334,,,1,0.23509148983570058,0.95361055227512304,0.00079573507410095302,1.1493092325064089,0.0024090399442004899,1.1477354079051596
MW7_D4,ctsemo,cTSEMO,binary_label,solver_evaluation,4,98,adaptive,0.32887078472905573,0.94533759465603151,0.77155550279378915,0.87991705486534932,,,,,,,0.33130350681630927,0.95136065692163352,1,-1.1185954778388834,-0.037599976549579361,,,1,0.28757079678324543,0.82680346919805703,0.00079573507410095302,1.1493092325064089,0.0024090399442004899,1.1477354079051596
MW7_D4,ctsemo,cTSEMO,binary_label,solver_evaluation,4,115,adaptive,2.0055699904651322e-05,0.44410113692599545,0.93736468782742088,0.83515427598400149,,,,,,,2.3979681291757895e-05,1.195654173174671,1,-0.010411097594968499,-0.10708890240503166,,,1,-0.00067149499106185207,1.0396517568525441,0.00079573507410095302,1.1493092325064089,0.0024090399442004899,1.1477354079051596
MW7_D4,ctsemo,cTSEMO,binary_label,solver_evaluation,4,134,adaptive,0.42042727967725108,0.99066439746505652,0.75750136279832347,0.90420618238528616,,,,,,,0.42116853525458692,0.90892594559699025,1,-1.311454343322298,-0.061282802127679781,,,1,0.36576126623792854,0.78983091347452583,0.00079573507410095302,1.1493092325064089,0.0024090399442004899,1.1477354079051596
MW7_D4,botorch,BoTorch,continuous_margins,solver_evaluation,4,35,adaptive,0.37520010221115152,1,0.75063798694481954,0.93923246466130483,,,,,,,0.37538559983170033,0.92740211822275065,1,-1.5483513496132266,-0.096901087741576242,,,1,0.32592609035315528,0.8059288507678285,0.00079573507410095302,1.1493092325064089,0.0024090399442004899,1.1477354079051596
MW7_D4,botorch,BoTorch,continuous_margins,solver_evaluation,4,43,adaptive,0.4168785184491301,1,0.73215014598650041,0.96357594616879017,,,,,,,0.4174384215372226,0.91018302398809825,1,-1.3519893147767406,-0.067390586185515744,,,1,0.36251573961039968,0.79092618193313546,0.00079573507410095302,1.1493092325064089,0.0024090399442004899,1.1477354079051596
MW7_D4,botorch,BoTorch,continuous_margins,solver_evaluation,4,50,adaptive,0.30891343246223191,0.996639913048184,0.78795892346116092,1,,,,,,,0.31458065383833383,0.96853853782936117,1,-0.86407241288054615,-0.0041979497099615681,,,1,0.27302044557662863,0.84177022964599035,0.00079573507410095302,1.1493092325064089,0.0024090399442004899,1.1477354079051596
MW7_D4,botorch,BoTorch,continuous_margins,solver_evaluation,4,55,adaptive,0.39647272174414783,1,0.7465147946498969,0.94597087678967839,,,,,,,0.39660946776450301,0.91836314279694831,1,-1.5232103323736812,-0.092765627512171545,,,1,0.34439271998817328,0.79805336364462454,0.00079573507410095302,1.1493092325064089,0.0024090399442004899,1.1477354079051596
MW7_D4,botorch,BoTorch,continuous_margins,solver_evaluation,4,61,adaptive,0.43092650999703086,1,0.74550224858469982,0.9563678263913612,,,,,,,0.43120217880297768,0.90296429274806111,1,-1.1865305747730479,-0.035129054081702193,,,1,0.37449141758850057,0.7846366388988113,0.00079573507410095302,1.1493092325064089,0.0024090399442004899,1.1477354079051596
MW7_D4,botorch,BoTorch,continuous_margins,solver_evaluation,4,70,adaptive,0.34683952780464372,1,0.74849930072793303,0.93893295859065462,,,,,,,0.34722313579597236,0.93896184014902484,1,-1.3405993509639555,-0.064861912295942292,,,1,0.30142227254747089,0.8160006163042538,0.00079573507410095302,1.1493092325064089,0.0024090399442004899,1.1477354079051596
MW7_D4,botorch,BoTorch,continuous_margins,solver_evaluation,4,74,adaptive,0.3611443762386885,1,0.74684515250349048,0.94053873240764907,,,,,,,0.36142164134579297,0.93322583937498271,1,-1.4738106325648834,-0.086100066742961778,,,1,0.31377621972568731,0.8110029480833949,0.00079573507410095302,1.1493092325064089,0.0024090399442004899,1.1477354079051596
MW7_D4,botorch,BoTorch,continuous_margins,solver_evaluation,4,86,adaptive,0.31297165956715339,1,0.81061126879821199,0.9334886647055135,,,,,,,0.31659923949407498,0.96077093561454652,1,-0.92251462656272598,-0.0024429428939183317,,,1,0.27477679243145992,0.83500246578568393,0.00079573507410095302,1.1493092325064089,0.0024090399442004899,1.1477354079051596
MW7_D4,botorch,BoTorch,continuous_margins,solver_evaluation,4,88,adaptive,0.44227208323885153,1,0.76196755944689143,0.94170355260906846,,,,,,,0.44250299214949074,0.89734918980639222,1,-1.0432053502203791,-0.0042070294213635284,,,1,0.38432411798530181,0.77974430665655914,0.00079573507410095302,1.1493092325064089,0.0024090399442004899,1.1477354079051596
MW7_D4,botorch,BoTorch,continuous_margins,solver_evaluation,4,91,adaptive,0.40699997897456314,1,0.74586201707490185,0.94178043051561711,,,,,,,0.4070788512235064,0.91360518008588287,1,-1.450812121876379,-0.081118447256342208,,,1,0.35350200334107196,0.79390784135935355,0.00079573507410095302,1.1493092325064089,0.0024090399442004899,1.1477354079051596
MW7_D4,botorch,BoTorch,continuous_margins,solver_evaluation,4,93,adaptive,0.42312101309413791,1,0.74590853505910393,0.94207991965592663,,,,,,,0.42317024736283404,0.90617861089841512,1,-1.2832914311473531,-0.052315794771780499,,,1,0.36750293162408559,0.78743721308012093,0.00079573507410095302,1.1493092325064089,0.0024090399442004899,1.1477354079051596
MW7_D4,botorch,BoTorch,continuous_margins,solver_evaluation,4,96,adaptive,0.38587505745544465,1,0.74582526725136167,0.94107720131689609,,,,,,,0.38602117900302435,0.92290039785680134,1,-1.5572862046545701,-0.09796691670520874,,,1,0.33517997857619686,0.8020065875572111,0.00079573507410095302,1.1493092325064089,0.0024090399442004899,1.1477354079051596
MW7_D4,botorch,BoTorch,continuous_margins,solver_evaluation,4,98,adaptive,0.35400176683941381,1,0.74675623723298223,0.93955818452478146,,,,,,,0.35433103911290814,0.93611466494915307,1,-1.4130727175193607,-0.076706507934101942,,,1,0.30760677286809818,0.81351992678273033,0.00079573507410095302,1.1493092325064089,0.0024090399442004899,1.1477354079051596
MW7_D4,botorch,BoTorch,continuous_margins,solver_evaluation,4,100,adaptive,0.43848233956813593,1,0.75167635729846649,0.94228052479165947,,,,,,,0.43852507707643734,0.89882740281287832,1,-1.0919221957939715,-0.014098674851022674,,,1,0.38086298240877958,0.78103224549359829,0.00079573507410095302,1.1493092325064089,0.0024090399442004899,1.1477354079051596
MW7_D4,botorch,BoTorch,continuous_margins,solver_evaluation,4,116,adaptive,0.3198347141697841,1,0.74454557396325871,0.94168860271237775,,,,,,,0.32052913633647889,0.94953049887276497,1,-1.0206792474557189,-0.0030332578955301059,,,1,0.27819614792887776,0.8252088873490846,0.00079573507410095302,1.1493092325064089,0.0024090399442004899,1.1477354079051596
MW7_D4,botorch,BoTorch,continuous_margins,solver_evaluation,4,120,adaptive,0.28946949521389193,0.82518453941726355,0.9416540797825862,0.86690757685440389,,,,,,,0.30285149764634717,1.0014374356690119,1,-0.62194191616061212,-0.0024884651732024476,,,1,0.26281504927400978,0.87043441270861599,0.00079573507410095302,1.1493092325064089,0.0024090399442004899,1.1477354079051596
MW7_D4,botorch,BoTorch,continuous_margins,solver_evaluation,4,128,adaptive,0.29624782054558507,0.83965215545063254,0.91713909748290978,0.89576281126927637,,,,,,,0.30812453334572942,0.99340195629326322,1,-0.69294323834724625,-0.010509579224804666,,,1,0.26740305357280308,0.86343325258024195,0.00079573507410095302,1.1493092325064089,0.0024090399442004899,1.1477354079051596
MW7_D4,botorch,BoTorch,continuous_margins,solver_evaluation,4,133,adaptive,0.41339459337920492,0.99690824969614777,0.7575221819247463,0.93045713177348588,,,,,,,0.41343556279684951,0.91064222117011417,1,-1.3911159264038675,-0.071123676656808521,,,1,0.35903290085198852,0.79132627169150072,0.00079573507410095302,1.1493092325064089,0.0024090399442004899,1.1477354079051596
MW7_D4,botorch,BoTorch,continuous_margins,solver_evaluation,4,140,adaptive,0.4016076442679225,0.99637800276991628,0.75559661953764157,0.93238989090458047,,,,,,,0.40164448283773307,0.91589583105340266,1,-1.4926911539203938,-0.087488738887115503,,,1,0.34877362543191509,0.79590364191734164,0.00079573507410095302,1.1493092325064089,0.0024090399442004899,1.1477354079051596
MW7_D4,botorch,BoTorch,continuous_margins,solver_evaluation,4,145,adaptive,0.39118773523032141,0.99344266064245856,0.75818631319410279,0.93094812315321884,,,,,,,0.39121623200301298,0.92037794340895462,1,-1.5460094831635005,-0.095581040599698186,,,1,0.33970013107567626,0.79980882104197337,0.00079573507410095302,1.1493092325064089,0.0024090399442004899,1.1477354079051596
MW7_D4,botorch,BoTorch,continuous_margins,solver_evaluation,4,147,adaptive,0.44096664333714936,1,0.76263852370960827,0.94092649900695569,,,,,,,0.44120476167621464,0.89800814769037729,1,-1.0596026360477417,-0.0079936134301066275,,,1,0.38319454342298415,0.78031844410970941,0.00079573507410095302,1.1493092325064089,0.0024090399442004899,1.1477354079051596
MW7_D4,botorch,BoTorch,continuous_margins,solver_evaluation,4,148,adaptive,0.3270228419511032,0.97737094282362613,0.76896304309161079,0.9255330097325416,,,,,,,0.32706708193798417,0.94514427696170145,1,-1.1108206257895912,-0.018282721336047469,,,1,0.28388473496584726,0.82138725574231097,0.00079573507410095302,1.1493092325064089,0.0024090399442004899,1.1477354079051596
MW7_D4,botorch,BoTorch,continuous_margins,solver_evaluation,4,149,adaptive,0.33383812601604168,0.97286163408242521,0.77449412039369825,0.92140631259703998,,,,,,,0.33384774227890929,0.94265757098661984,1,-1.1933414825115483,-0.035015404000590111,,,1,0.28978450514879261,0.81922063619049257,0.00079573507410095302,1.1493092325064089,0.0024090399442004899,1.1477354079051596
MW7_D4,botorch,BoTorch,continuous_margins,solver_evaluation,4,150,adaptive,0.36805911731993635,0.9869748828169147,0.76294926720312095,0.92799700322731049,,,,,,,0.36807929095297759,0.92985335417775594,1,-1.5198758128469168,-0.091589026324934375,,,1,0.31956895976368876,0.80806456596675169,0.00079573507410095302,1.1493092325064089,0.0024090399442004899,1.1477354079051596
MW7_D4,trieste,Trieste,continuous_margins,solver_evaluation,4,41,adaptive,0.43221905743012701,1,0.78293679707022756,0.93894540818182548,,,,,,,0.43348709140276032,0.90441423085762851,1,-1.1656598445548347,-0.036463790534713048,,,1,0.37647949228167932,0.78589994235671701,0.00079573507410095302,1.1493092325064089,0.0024090399442004899,1.1477354079051596
MW7_D4,trieste,Trieste,continuous_margins,solver_evaluation,4,45,adaptive,0.2916976692917112,1,0.87349967112107862,0.92665865806040482,,,,,,,0.30424771768311654,0.99766363729597196,1,-0.64700248525999138,-0.0026333625122758608,,,1,0.26402988336502675,0.86714637406569584,0.00079573507410095302,1.1493092325064089,0.0024090399442004899,1.1477354079051596
MW7_D4,trieste,Trieste,continuous_margins,solver_evaluation,4,51,adaptive,0,0.98507796409800252,0.84312559703578449,1,,,,,,,0,1.1505477880015069,1,-0.11623978752483932,-0.0012602124751608379,,,1,-0.00069235942041953082,1.0003514225921486,0.00079573507410095302,1.1493092325064089,0.0024090399442004899,1.1477354079051596
MW7_D4,trieste,Trieste,continuous_margins,solver_evaluation,4,53,adaptive,0.35986625734189714,0.99748265449169771,0.77504100955489874,0.91972943026599308,,,,,,,0.36045792908504326,0.93453789191765479,1,-1.4622325421112468,-0.086303664234429034,,,1,0.3129377053959555,0.81214611447317009,0.00079573507410095302,1.1493092325064089,0.0024090399442004899,1.1477354079051596
MW7_D4,trieste,Trieste,continuous_margins,solver_evaluation,4,63,adaptive,0.2405335130568437,0.82271988120462092,0.69084649439561485,0.939829189771064,,,,,,,0.26683912126335646,1.0767935992771833,1,-0.25458606712746534,-0.0058237506952960594,,,1,0.23148111810523714,0.93609080275212875,0.00079573507410095302,1.1493092325064089,0.0024090399442004899,1.1477354079051596
MW7_D4,trieste,Trieste,continuous_margins,solver_evaluation,4,64,adaptive,0.32139107331510813,0.99235689143163897,0.78482112516641145,0.90993197742646625,,,,,,,0.32229758122997626,0.94961748961119941,1,-1.0378166036829761,-0.0086309814219680536,,,1,0.27973485034549439,0.82528468072257055,0.00079573507410095302,1.1493092325064089,0.0024090399442004899,1.1477354079051596
MW7_D4,trieste,Trieste,continuous_margins,solver_evaluation,4,68,adaptive,0.44315581567582368,0.99953545471431082,0.77649907446182487,0.93830433547098779,,,,,,,0.4439563362171825,0.8980639465748198,1,-1.0295541792089147,-0.004210598914658803,,,1,0.38558865500161232,0.78036706061492322,0.00079573507410095302,1.1493092325064089,0.0024090399442004899,1.1477354079051596
MW7_D4,trieste,Trieste,continuous_margins,solver_evaluation,4,74,adaptive,0.13834980287134119,0.65656996978667759,1,0.92216711673571317,,,,,,,0.15922896698161915,1.1398478833319774,1,-0.11542701998373728,-0.0048464413016335861,,,1,0.13785083024349126,0.9910287994545921,0.00079573507410095302,1.1493092325064089,0.0024090399442004899,1.1477354079051596
MW7_D4,trieste,Trieste,continuous_margins,solver_evaluation,4,76,adaptive,0.39663740309584289,1,0.76385578514597052,0.92899223263839426,,,,,,,0.39688177391743273,0.91854093529554304,1,-1.5218127672300727,-0.093178208400453988,,,1,0.34462965026353171,0.79820827086223778,0.00079573507410095302,1.1493092325064089,0.0024090399442004899,1.1477354079051596
MW7_D4,trieste,Trieste,continuous_margins,solver_evaluation,4,81,adaptive,0.26954777442744465,1,0.91024433137253657,0.93589023202843835,,,,,,,0.29076356698558559,1.0387826090547596,1,-0.42187535496114803,-0.012104830756419771,,,1,0.25229748766493759,0.90297255096637863,0.00079573507410095302,1.1493092325064089,0.0024090399442004899,1.1477354079051596
MW7_D4,trieste,Trieste,continuous_margins,solver_evaluation,4,84,adaptive,0.2205447971607398,0.8060282032313123,0.68355386140302798,0.93759053134473469,,,,,,,0.24872545616713604,1.1000080445007394,1,-0.18502458962426793,-0.0096356390364014111,,,1,0.21572063817180948,0.95631710671004799,0.00079573507410095302,1.1493092325064089,0.0024090399442004899,1.1477354079051596
MW7_D4,trieste,Trieste,continuous_margins,solver_evaluation,4,92,adaptive,0.19205036666289907,0.8542141859299669,1,0.97633704991901027,,,,,,,0.2187710228374018,1.1179286944797593,1,-0.14544413444863835,-0.0010013494492984165,,,1,0.18965764965442872,0.97193102770228124,0.00079573507410095302,1.1493092325064089,0.0024090399442004899,1.1477354079051596
MW7_D4,trieste,Trieste,continuous_margins,solver_evaluation,4,97,adaptive,0.25345670441071511,0.83512003335390317,0.6966198659636007,0.94021922270824265,,,,,,,0.2776829620124176,1.059809036525645,1,-0.31863243332728053,-0.005579203507577013,,,1,0.2409162121968533,0.92129247673155368,0.00079573507410095302,1.1493092325064089,0.0024090399442004899,1.1477354079051596
MW7_D4,trieste,Trieste,continuous_margins,solver_evaluation,4,103,adaptive,0.30723378231161758,0.99773246635293655,0.84018080376997761,0.91782689437648934,,,,,,,0.31342309451122796,0.97080500974934525,1,-0.84243648477136079,-0.0028504805088427343,,,1,0.27201326726954983,0.84374496346039873,0.00079573507410095302,1.1493092325064089,0.0024090399442004899,1.1477354079051596
MW7_D4,trieste,Trieste,continuous_margins,solver_evaluation,4,105,adaptive,0.15340689623083334,0.66795185174703231,0.87573702747646043,0.99969024493373926,,,,,,,0.17610535147530407,1.1343741082325556,1,-0.12233054429681411,-0.0010279475662984261,,,1,0.15253476735663962,0.98625960346941943,0.00079573507410095302,1.1493092325064089,0.0024090399442004899,1.1477354079051596
MW7_D4,trieste,Trieste,continuous_margins,solver_evaluation,4,112,adaptive,0.068256391500091315,0.7532324720869602,0.76305377728189572,0.72629786645164107,,,,,,,0.078540275554053268,1.1479819430727041,1,-0.1159688842539246,-0.0015440508852517798,,,1,0.067644580136546312,0.99811585077731202,0.00079573507410095302,1.1493092325064089,0.0024090399442004899,1.1477354079051596
MW7_D4,trieste,Trieste,continuous_margins,solver_evaluation,4,115,adaptive,0.33756322784959625,0.97879136720452664,0.77376671907942451,0.92299424131277708,,,,,,,0.33759028892484538,0.941378316693538,1,-1.2376034720567932,-0.043719383937367184,,,1,0.29304084951642145,0.81810604629087735,0.00079573507410095302,1.1493092325064089,0.0024090399442004899,1.1477354079051596
MW7_D4,trieste,Trieste,continuous_margins,solver_evaluation,4,116,adaptive,0.27908424432307288,0.99415501039670129,0.89481514592970823,0.94009770601575315,,,,,,,0.29604094862768382,1.0186108581130029,1,-0.51570113759284464,-0.0015846287954448535,,,1,0.25688927331568834,0.88539728858201594,0.00079573507410095302,1.1493092325064089,0.0024090399442004899,1.1477354079051596
MW7_D4,trieste,Trieste,continuous_margins,solver_evaluation,4,118,adaptive,0.208874466150899,0.99610429225343522,0.57785509249564415,0.8265370895363876,,,,,,,0.23625635940164924,1.1061434642620909,1,-0.16943290673195488,-0.00052060981173585041,,,1,0.2048714285658845,0.96166278108681902,0.00079573507410095302,1.1493092325064089,0.0024090399442004899,1.1477354079051596
MW7_D4,trieste,Trieste,continuous_margins,solver_evaluation,4,120,adaptive,0.37660702830775233,0.98750059602101425,0.76450251813060943,0.93252243659095835,,,,,,,0.37662078690146361,0.92640695715055776,1,-1.5528822693832893,-0.096524905903521363,,,1,0.32700081161600425,0.80506178588045241,0.00079573507410095302,1.1493092325064089,0.0024090399442004899,1.1477354079051596
MW7_D4,trieste,Trieste,continuous_margins,solver_evaluation,4,122,adaptive,0.41479786825057646,0.99985573198178779,0.75368598843545009,0.94069531077741697,,,,,,,0.41487144566734457,0.91007498470548875,1,-1.3765071865463367,-0.068846674853947687,,,1,0.36028224509275797,0.79083204936402129,0.00079573507410095302,1.1493092325064089,0.0024090399442004899,1.1477354079051596
MW7_D4,trieste,Trieste,continuous_margins,solver_evaluation,4,124,adaptive,0.095014902065098328,0.62517707668332179,0.90377556126797653,0.68097226924238186,,,,,,,0.10931726879519203,1.1453224571430931,1,-0.11628633031653224,-0.0013807123535827248,,,1,0.094423268039383765,0.99579869134205068,0.00079573507410095302,1.1493092325064089,0.0024090399442004899,1.1477354079051596
MW7_D4,trieste,Trieste,continuous_margins,solver_evaluation,4,125,adaptive,0.22816265507414199,0.9971878068663792,0.59336690168893158,0.82261048638654743,,,,,,,0.25505089879294363,1.0883614085812625,1,-0.21549698373689763,-0.00022909130552117851,,,1,0.22122432895136848,0.94616961466679528,0.00079573507410095302,1.1493092325064089,0.0024090399442004899,1.1477354079051596
MW7_D4,trieste,Trieste,continuous_margins,solver_evaluation,4,126,adaptive,0.16909913706952123,0.66725883531348273,0.96397979248047794,0.93674251204307168,,,,,,,0.19379214439821216,1.1295229306538395,1,-0.12719210759913713,-0.0020575876984638697,,,1,0.16792383099822963,0.98203286484542729,0.00079573507410095302,1.1493092325064089,0.0024090399442004899,1.1477354079051596
MW7_D4,trieste,Trieste,continuous_margins,solver_evaluation,4,128,adaptive,0.26213247339333529,1,0.9153426688248939,0.93294196708780663,,,,,,,0.28397315288754993,1.0454376273701074,1,-0.3773621614699334,-0.0014628921987562826,,,1,0.24638923085643086,0.90877094166645689,0.00079573507410095302,1.1493092325064089,0.0024090399442004899,1.1477354079051596
MW7_D4,trieste,Trieste,continuous_margins,solver_evaluation,4,131,adaptive,0.31528460361041011,0.99844054259077808,0.80448591407000469,0.91078812713072221,,,,,,,0.31772735954141668,0.95634978657153358,1,-0.95652059136174494,-0.0013771944161942162,,,1,0.27575835597888004,0.83115040283409969,0.00079573507410095302,1.1493092325064089,0.0024090399442004899,1.1477354079051596
MW7_D4,trieste,Trieste,continuous_margins,solver_evaluation,4,134,adaptive,0.2994678444177582,1,0.85665143161792934,0.92124887364026642,,,,,,,0.30865488415038017,0.98337635859458961,1,-0.74247003385148447,-0.00089518814705757954,,,1,0.26786450536458428,0.85469814026287239,0.00079573507410095302,1.1493092325064089,0.0024090399442004899,1.1477354079051596
MW7_D4,trieste,Trieste,continuous_margins,solver_evaluation,4,140,adaptive,0.24644877539037485,0.82966645984798493,0.69444329712521635,0.94006207090294414,,,,,,,0.27133802185318717,1.0670323775129797,1,-0.28664754920344571,-0.00055752888027127412,,,1,0.23539555685034277,0.92758603615089641,0.00079573507410095302,1.1493092325064089,0.0024090399442004899,1.1477354079051596
MW7_D4,trieste,Trieste,continuous_margins,solver_evaluation,4,142,adaptive,0.11738589186051111,0.61034992909278019,0.92709270170041602,0.70797600785279557,,,,,,,0.13496501973611308,1.1418060583034109,1,-0.11806643550917806,-0.000258684956709887,,,1,0.11673906453306418,0.99273492000985797,0.00079573507410095302,1.1493092325064089,0.0024090399442004899,1.1477354079051596
MW7_D4,trieste,Trieste,continuous_margins,solver_evaluation,4,145,adaptive,0.34879376697460301,0.97676092532820968,0.77238321767237827,0.92834744606089559,,,,,,,0.34879843581689096,0.9372120478920164,1,-1.3634203310774742,-0.066235200564591534,,,1,0.30279292195701507,0.81447605563900238,0.00079573507410095302,1.1493092325064089,0.0024090399442004899,1.1477354079051596
MW7_D4,usemoc,USeMOC,continuous_margins,solver_evaluation,4,22,adaptive,0.48873523356602999,0.8219620104074109,0.75002516117179641,0.88052584135290513,,,,,,,0.54377185160751196,0.97067700001329638,1,-0.35688746867212995,-0.091455517539710485,,,1,0.4724369222626803,0.84363343101557986,0.00079573507410095302,1.1493092325064089,0.0024090399442004899,1.1477354079051596
MW7_D4,usemoc,USeMOC,continuous_margins,solver_evaluation,4,44,adaptive,0.32699696846070597,0.97753989067404301,0.64979092230249125,0.99709188522218584,,,,,,,0.33704323828152344,0.9740592345211192,1,-1.0483889381214544,-0.080334614488112521,,,1,0.29256486739790238,0.84658030752085045,0.00079573507410095302,1.1493092325064089,0.0024090399442004899,1.1477354079051596
MW7_D4,usemoc,USeMOC,continuous_margins,solver_evaluation,4,45,adaptive,0.82833952637664454,0.99938336773047309,0.50772064305882658,0.99874420504226069,,,,,,,0.94511792053400212,0.63920651084494451,1,-0.14076570472346805,-0.0031517205358366773,,,1,0.82164326079633698,0.55482950731913316,0.00079573507410095302,1.1493092325064089,0.0024090399442004899,1.1477354079051596
MW7_D4,usemoc,USeMOC,continuous_margins,solver_evaluation,4,77,adaptive,0.00019714608909728818,0.59011637732322242,0.79595965009588021,0.80221429144172962,,,,,,,0.00022717257206765715,1.1523057276618907,1,-0.11219145839022304,-0.0053085416097771176,,,1,-0.00049469932543165702,1.0018830819347775,0.00079573507410095302,1.1493092325064089,0.0024090399442004899,1.1477354079051596
MW7_D4,usemoc,USeMOC,continuous_margins,solver_evaluation,4,81,adaptive,0.99999975021375409,0.96537643663037409,0.91727305863293551,0.99627663435870994,,,,,,,1.186672083518181,0.00083874523394576609,1,-0.031808662705051782,-0.085691337294948378,,,1,1.0318166033156504,-0.0013681678716532908,0.00079573507410095302,1.1493092325064089,0.0024090399442004899,1.1477354079051596
MW7_D4,usemoc,USeMOC,continuous_margins,solver_evaluation,4,84,adaptive,3.8545949189391655e-05,0.73332834331834962,0.66299641074053184,0.97298590917249783,,,,,,,4.4722584177552492e-05,1.160240831652332,1,-0.093841210566595112,-0.023658789433405047,,,1,-0.00065344684327088857,1.0087967869017824,0.00079573507410095302,1.1493092325064089,0.0024090399442004899,1.1477354079051596
MW7_D4,usemoc,USeMOC,continuous_margins,solver_evaluation,4,91,adaptive,0.63442637330595386,0.99559308493198417,0.49877686095083873,0.83254665133419248,,,,,,,0.75314481802249011,0.91762951346712629,1,-0.030729160858856241,-0.086981914030848317,,,1,0.65460979662337648,0.79741416638298301,0.00079573507410095302,1.1493092325064089,0.0024090399442004899,1.1477354079051596
MW7_D4,usemoc,USeMOC,continuous_margins,solver_evaluation,4,97,adaptive,0.99968782436156933,0.99394084384712911,0.85578812109986235,0.98163532903781436,,,,,,,1.1616769318079825,0.029033645387740222,1,-0.089663753540691005,-0.027836250980546984,,,1,1.0100686254840541,0.023197511604294598,0.00079573507410095302,1.1493092325064089,0.0024090399442004899,1.1477354079051596
MW7_D4,usemoc,USeMOC,continuous_margins,solver_evaluation,4,104,adaptive,0.18663658805878974,0.68379134439560763,0.81246397583884911,0.9954669120011459,,,,,,,0.2164380159233292,1.1392995907136874,1,-0.09727123088189793,-0.043874459115060604,,,1,0.18762772868269442,0.99055108253960145,0.00079573507410095302,1.1493092325064089,0.0024090399442004899,1.1477354079051596
MW7_D4,usemoc,USeMOC,continuous_margins,solver_evaluation,4,112,adaptive,0.95875469930330381,0.99999701314958334,0.83110567547692338,0.67005741510578998,,,,,,,1.1493652431352315,0.34074368597356763,1,-0.2392266078711407,-0.32905106070973944,,,1,0.99935637474723382,0.29478453282790473,0.00079573507410095302,1.1493092325064089,0.0024090399442004899,1.1477354079051596
MW7_D4,usemoc,USeMOC,continuous_margins,solver_evaluation,4,114,adaptive,1.8133907390971427e-07,0.50409193526736107,0.85616166778789393,0.9973318413361979,,,,,,,2.16365414555369e-07,1.1931538520103517,1,-0.016383885432812662,-0.1011161145671875,,,1,-0.00069217116350099594,1.0374732746456714,0.00079573507410095302,1.1493092325064089,0.0024090399442004899,1.1477354079051596
MW7_D4,usemoc,USeMOC,continuous_margins,solver_evaluation,4,127,adaptive,0.99999768991622606,0.9998187538677703,0.63840291280786432,0.90283795600191952,,,,,,,1.1619726873676397,0.0024976152358936617,1,-0.089813235729758745,-0.027686764270241415,,,1,1.0103259588033142,7.7173964559339465e-05,0.00079573507410095302,1.1493092325064089,0.0024090399442004899,1.1477354079051596
MW7_D4,usemoc,USeMOC,continuous_margins,solver_evaluation,4,130,adaptive,0.99780954695523927,0.58659657820715383,0.82507609918480795,0.73972736271723549,,,,,,,1.1561648035908629,0.076650696485794506,1,-0.097407618131115647,-0.020102508105821704,,,1,1.0052725896903636,0.064685341264411708,0.00079573507410095302,1.1493092325064089,0.0024090399442004899,1.1477354079051596
MW7_D4,usemoc,USeMOC,continuous_margins,solver_evaluation,4,146,adaptive,0.91473452952757273,0.63233693710900973,0.75893366706865184,0.98348808477246119,,,,,,,1.0808722841094855,0.47744152486502506,1,-1.0788133973499514,-0.48075239928279778,,,1,0.93976148323454944,0.41388675617131238,0.00079573507410095302,1.1493092325064089,0.0024090399442004899,1.1477354079051596
MW7_D4,comboo,COMBOO,continuous_margins,solver_evaluation,4,21,adaptive,0.20038166091023374,0.89263727722637931,1,0.97480791951968682,,,,,,,0.23028446096858726,1.1259204588857408,1,-0.12453561014881487,-0.032054083821712043,,,1,0.19967535229314937,0.97889409981013586,0.00079573507410095302,1.1493092325064089,0.0024090399442004899,1.1477354079051596
MW7_D4,comboo,COMBOO,continuous_margins,solver_evaluation,4,28,adaptive,1.5412061015802357e-16,0.99999999999999989,0.84019818774249777,0.81629319267954792,,,,,,,1.773175824308809e-16,1.15051181181461,1,-0.11632257087506326,-0.0011774291249369018,,,1,-0.00069235942041937653,1.0003200772257437,0.00079573507410095302,1.1493092325064089,0.0024090399442004899,1.1477354079051596
MW7_D4,comboo,COMBOO,continuous_margins,solver_evaluation,4,30,adaptive,0.33773186876892547,0.99999999999999967,0.71814001910110237,0.98083198390003923,,,,,,,0.33943127200979956,0.94597851695487489,1,-1.2296628531458382,-0.054025420302454608,,,1,0.29464266653214261,0.82211411315860006,0.00079573507410095302,1.1493092325064089,0.0024090399442004899,1.1477354079051596
MW7_D4,comboo,COMBOO,continuous_margins,solver_evaluation,4,31,adaptive,0.91035888550460908,0.87277143869761808,0.82240936200461789,0.95363826229909154,,,,,,,0.92219941421052087,0.41920196682083294,1,-1.3607999480559583,-0.096380862884293039,,,1,0.80170214688611396,0.36314373853583609,0.00079573507410095302,1.1493092325064089,0.0024090399442004899,1.1477354079051596
MW7_D4,comboo,COMBOO,continuous_margins,solver_evaluation,4,33,adaptive,4.1716046985249067e-23,0.585417525624221,0.98882363991818745,0.99999998136801294,,,,,,,4.8740933181028516e-23,1.1683976959337368,1,-0.074846824136735046,-0.042653175863265114,,,1,-0.00069235942041953082,1.015903707386437,0.00079573507410095302,1.1493092325064089,0.0024090399442004899,1.1477354079051596
MW7_D4,comboo,COMBOO,continuous_margins,solver_evaluation,4,48,adaptive,0.33185085126838898,1,0.67134140604097492,0.9999999999999305,,,,,,,0.3370599048880788,0.95813932183882766,1,-1.1378343283188002,-0.061811246551441767,,,1,0.29257936880978003,0.83270959082722806,0.00079573507410095302,1.1493092325064089,0.0024090399442004899,1.1477354079051596
MW7_D4,comboo,COMBOO,continuous_margins,solver_evaluation,4,63,adaptive,0.94428237756593603,0.92695392269338062,0.84108458343835824,0.7996001548425985,,,,,,,0.98785771414574619,0.34432493066235986,1,-1.0422367408982478,-0.11784614319188691,,,1,0.85883063596301623,0.29790480311330847,0.00079573507410095302,1.1493092325064089,0.0024090399442004899,1.1477354079051596
MW7_D4,comboo,COMBOO,continuous_margins,solver_evaluation,4,84,adaptive,0.36937575328907463,1,0.7446948399376454,1,,,,,,,0.37226010770041368,0.93653662095867218,1,-1.5110600738299993,-0.10818543570655947,,,1,0.32320663762199553,0.81388756901683135,0.00079573507410095302,1.1493092325064089,0.0024090399442004899,1.1477354079051596
MW7_D4,comboo,COMBOO,continuous_margins,solver_evaluation,4,99,adaptive,0.4458173907318066,0.99999999999984734,0.78864991731709011,0.89190733879134654,,,,,,,0.4477042506165092,0.89891241938242283,1,-0.99159540797457257,-0.0012090351579110425,,,1,0.38884966978625235,0.78110631881133252,0.00079573507410095302,1.1493092325064089,0.0024090399442004899,1.1477354079051596
MW7_D4,comboo,COMBOO,continuous_margins,solver_evaluation,4,113,adaptive,0.99999999999876632,0.65905540798872786,0.78564571686588014,0.73429108838434198,,,,,,,1.1558229106171609,1.8155471323702812e-06,1,-0.10407339928917825,-0.013426600710821912,,,1,1.0049751127676763,-0.0020973687667802917,0.00079573507410095302,1.1493092325064089,0.0024090399442004899,1.1477354079051596
MW7_D4,comboo,COMBOO,continuous_margins,solver_evaluation,4,118,adaptive,0.41526300908507835,0.99999999999999956,0.77541230148131546,0.89293867792690174,,,,,,,0.41665112402170601,0.91274229019701381,1,-1.3652819660638311,-0.074360056528392837,,,1,0.36183072160719471,0.79315602183463918,0.00079573507410095302,1.1493092325064089,0.0024090399442004899,1.1477354079051596
MW7_D4,comboo,COMBOO,continuous_margins,solver_evaluation,4,119,adaptive,0.42123738221102958,0.99999999999999989,0.77259775069583192,0.89773744410660328,,,,,,,0.42235830652745782,0.90936384206341114,1,-1.3003030437421854,-0.061412548925282473,,,1,0.36679647176766772,0.79021244432510762,0.00079573507410095302,1.1493092325064089,0.0024090399442004899,1.1477354079051596
MW7_D4,comboo,COMBOO,continuous_margins,solver_evaluation,4,121,adaptive,0.39486199887698042,0.99999999999999967,0.72102711875324255,1,,,,,,,0.39750617891289058,0.92489275746982713,1,-1.5183174678811873,-0.10670509627471303,,,1,0.3451729374640497,0.80374249253958185,0.00079573507410095302,1.1493092325064089,0.0024090399442004899,1.1477354079051596
MW7_D4,comboo,COMBOO,continuous_margins,solver_evaluation,4,132,adaptive,0.954392459659405,0.85517140409237291,0.99999999999999956,0.72332630946482679,,,,,,,0.99337834971226846,0.31075054980120298,1,-0.71273237586387106,-0.019168339533450318,,,1,0.86363407389806435,0.2686520845599647,0.00079573507410095302,1.1493092325064089,0.0024090399442004899,1.1477354079051596
MW7_D4,comboo,COMBOO,continuous_margins,solver_evaluation,4,146,adaptive,0.38442698863810898,1,0.75584376645500972,0.88561439462944658,,,,,,,0.3864311336638942,0.92796811323083406,1,-1.54896233610474,-0.1078671620060514,,,1,0.33553667514599278,0.80642199143786886,0.00079573507410095302,1.1493092325064089,0.0024090399442004899,1.1477354079051596
MW7_D4,comboo,COMBOO,continuous_margins,solver_evaluation,4,148,adaptive,0.33630594571636802,1,0.73183074914403101,0.90574448371870431,,,,,,,0.33811473042964668,0.94681790076504058,1,-1.2120944770689539,-0.051497649106582943,,,1,0.29349715969819701,0.82284545228466022,0.00079573507410095302,1.1493092325064089,0.0024090399442004899,1.1477354079051596
MW7_D4,pac-moo,PAC-MOO,continuous_margins,solver_evaluation,4,22,adaptive,0.4706980757305832,0.84236356364559228,0.85718692272975072,0.97661385562506164,,,,,,,0.50467451528343288,0.94598107959218669,1,-0.57984738244156686,-0.062297633378507689,,,1,0.4384188049290052,0.82211634593567928,0.00079573507410095302,1.1493092325064089,0.0024090399442004899,1.1477354079051596
MW7_D4,pac-moo,PAC-MOO,continuous_margins,solver_evaluation,4,52,adaptive,0.37718321370381747,0.86408087932707822,0.86122313663329908,0.8792018920646224,,,,,,,0.38829776883655986,0.95342943018610682,1,-1.4944202148285495,-0.15644366014581201,,,1,0.33716081173157902,0.82860595193948361,0.00079573507410095302,1.1493092325064089,0.0024090399442004899,1.1477354079051596
MW7_D4,pac-moo,PAC-MOO,continuous_margins,solver_evaluation,4,91,adaptive,0.36589212028205242,0.84995864618111472,0.76855979436768018,0.93886022996778618,,,,,,,0.38743133914275396,0.98544290202432261,1,-1.3864143765869168,-0.21078532551966755,,,1,0.33640694178143826,0.85649868019176145,0.00079573507410095302,1.1493092325064089,0.0024090399442004899,1.1477354079051596
MW7_D4,pac-moo,PAC-MOO,continuous_margins,solver_evaluation,4,92,adaptive,0.30665342464997347,0.7473266888965302,0.79296191600373711,0.95488657260382726,,,,,,,0.34914631969163362,1.0837148944494972,1,-0.5806630290838819,-0.25675415945830404,,,1,0.30309561148991304,0.94212119540590822,0.00079573507410095302,1.1493092325064089,0.0024090399442004899,1.1477354079051596
MW7_D4,pac-moo,PAC-MOO,continuous_margins,solver_evaluation,4,146,adaptive,0.3494141776097246,0.81338780597418514,0.83779393569916982,0.94286192130084434,,,,,,,0.37332493778095305,1.0010860522090166,1,-1.2283145073632713,-0.20884767580706465,,,1,0.3241331333382243,0.87012825899272017,0.00079573507410095302,1.1493092325064089,0.0024090399442004899,1.1477354079051596
MW7_D4,hypermapper,HyperMapper,binary_label,solver_evaluation,4,9,initial,0.4859325740462544,0.81178074646021603,0.74622893685158775,0.8784359020632504,,,,,,,0.54772122250381783,0.98512910597471626,1,-0.34160506643640431,-0.13299916601788819,,,1,0.47587322189780379,0.85622527567061035,0.00079573507410095302,1.1493092325064089,0.0024090399442004899,1.1477354079051596
MW7_D4,hypermapper,HyperMapper,binary_label,solver_evaluation,4,22,adaptive,0.32733502634125089,0.82244517340091805,0.87799978171238813,0.87555727759434288,,,,,,,0.34206033756119653,0.98741546568417304,1,-1.022870717317983,-0.11081435520217608,,,1,0.29693018452733305,0.85821733733718375,0.00079573507410095302,1.1493092325064089,0.0024090399442004899,1.1477354079051596
MW7_D4,hypermapper,HyperMapper,binary_label,solver_evaluation,4,81,adaptive,0.92795894178557781,0.90498041584216737,0.6380489140531177,1,,,,,,,1.0157642208193527,0.40794637884507395,1,-1.3428601266644571,-0.2928674420549674,,,1,0.88311174837759943,0.35333695911765761,0.00079573507410095302,1.1493092325064089,0.0024090399442004899,1.1477354079051596
MW7_D4,hypermapper,HyperMapper,binary_label,solver_evaluation,4,82,adaptive,0.91654336613627008,0.90966852626340522,0.83072121483964256,1,,,,,,,0.95115887098183516,0.4150398539613836,1,-1.4269905100941418,-0.16598158352455983,,,1,0.82689941838819669,0.35951736887713048,0.00079573507410095302,1.1493092325064089,0.0024090399442004899,1.1477354079051596
MW7_D4,hypermapper,HyperMapper,binary_label,solver_evaluation,4,113,adaptive,0.90467314217998318,0.89530899820096588,0.83713671062514827,0.85563768886297853,,,,,,,0.91277038417216516,0.42992006144597861,1,-1.2296012521714061,-0.0633977447352021,,,1,0.7934980624050445,0.37248221023525702,0.00079573507410095302,1.1493092325064089,0.0024090399442004899,1.1477354079051596
MW7_D6,ctsemo,cTSEMO,binary_label,solver_evaluation,6,117,adaptive,0.94707808145699712,0.92980432747781627,0.93897064110012163,0.91844495112128866,0.96134777172672792,0.58744186426963985,,,,,1.1421301727094249,0.38711437008352195,1,-0.58453932875722181,-0.45623576294424117,,,1,0.99287442745317833,0.33524594514273509,2.1416568142369101e-05,1.1503053402945476,0.0022922139426426701,1.1478801211959073
MW7_D6,ctsemo,cTSEMO,binary_label,solver_evaluation,6,119,adaptive,0.99999977874466395,0.87404465891983174,0.9285992025041121,0.99999988642703352,0.9347334745857504,0.83691539590803221,,,,,1.1772452783233984,0.00078312106096504737,1,-0.054092941386667981,-0.063407058613332179,,,1,1.0234011966368997,-0.0013146781217061147,2.1416568142369101e-05,1.1503053402945476,0.0022922139426426701,1.1478801211959073
MW7_D6,ctsemo,cTSEMO,binary_label,solver_evaluation,6,123,adaptive,0.92405559877637466,0.88042406044680277,0.91762589770998915,0.94713702647629194,0.99999995878485581,0.8512198106166633,,,,,1.0580604796255362,0.43769247514221515,1,-1.2488985995451509,-0.40856152766337728,,,1,0.91978975146413899,0.37930812909797157,2.1416568142369101e-05,1.1503053402945476,0.0022922139426426701,1.1478801211959073
MW7_D6,ctsemo,cTSEMO,binary_label,solver_evaluation,6,137,adaptive,0.98032270485699047,0.70945836031337028,0.97809979813594727,0.931246292746021,0.99999999951943219,0.90762945229340608,,,,,1.154898623378434,0.23255489518129593,1,-0.056485131195538552,-0.096171702023565286,,,1,1.0039744808231292,0.20059819574082041,2.1416568142369101e-05,1.1503053402945476,0.0022922139426426701,1.1478801211959073
MW7_D6,ctsemo,cTSEMO,binary_label,solver_evaluation,6,147,adaptive,0.39440501181679366,0.94173454865471162,0.99999939155956086,0.92334139730369325,0.999999732113805,0.98474581558972152,,,,,0.51869509522354285,1.2085241128930546,1,-0.80423960605959666,-0.82315382933137893,,,1,0.45090086995735301,1.0508343830309661,2.1416568142369101e-05,1.1503053402945476,0.0022922139426426701,1.1478801211959073
MW7_D6,botorch,BoTorch,continuous_margins,solver_evaluation,6,87,adaptive,0,0.81425125995731296,0.92055745576273518,0.83576779369264187,1,0.50978017176701773,,,,,0,1.1501534098079671,1,-0.1171471339071064,-0.00035286609289375548,,,1,-1.8618159363569647e-05,0.99998351279873787,2.1416568142369101e-05,1.1503053402945476,0.0022922139426426701,1.1478801211959073
MW7_D6,trieste,Trieste,continuous_margins,solver_evaluation,6,54,adaptive,0.27676520236629831,1,0.77098053786898024,0.787429552927152,1,0.6857820235402573,,,,,0.29516058788435062,1.0248069377507454,1,-0.48888273085603884,-0.006826773388170615,,,1,0.256574633688682,0.89078528752881103,2.1416568142369101e-05,1.1503053402945476,0.0022922139426426701,1.1478801211959073
MW7_D6,trieste,Trieste,continuous_margins,solver_evaluation,6,92,adaptive,0.43249684441133768,1,0.75864815452183476,0.86911580304359104,0.89636375629404508,0.82227651960885584,,,,,0.43740850093800554,0.91187488285914442,1,-1.1451872446828364,-0.052720205124278441,,,1,0.38023563748549205,0.79240214384831598,2.1416568142369101e-05,1.1503053402945476,0.0022922139426426701,1.1478801211959073
MW7_D6,trieste,Trieste,continuous_margins,solver_evaluation,6,97,adaptive,0.31345043994787025,1,0.79422458627963477,0.83148244756911383,0.90578587258962096,0.80160514684023587,,,,,0.32051307353268316,0.97100095453768531,1,-0.90565004435852869,-0.026092084411848404,,,1,0.27861442152609289,0.84391106937700355,2.1416568142369101e-05,1.1503053402945476,0.0022922139426426701,1.1478801211959073
MW7_D6,trieste,Trieste,continuous_margins,solver_evaluation,6,102,adaptive,0.21459577165735835,1,0.86457095928072836,0.67783508127971559,0.98593298758011816,0.85480336701247217,,,,,0.24213077724421583,1.1020247177864932,1,-0.1791286988263896,-0.0019102770065855257,,,1,0.2104739952038116,0.95805518671941581,2.1416568142369101e-05,1.1503053402945476,0.0022922139426426701,1.1478801211959073
MW7_D6,trieste,Trieste,continuous_margins,solver_evaluation,6,109,adaptive,0,1,0.79197275458364791,0.88049352226113764,0.79429396321294066,1,,,,,0,1.1532980188354969,1,-0.10990367975011783,-0.0075963202498823268,,,1,-1.8618159363569647e-05,1.0027230053376048,2.1416568142369101e-05,1.1503053402945476,0.0022922139426426701,1.1478801211959073
MW7_D6,trieste,Trieste,continuous_margins,solver_evaluation,6,110,adaptive,0.064462144495170876,0.65905262434090617,0.79921867176931827,0.84830643614050516,0.76502057334906171,1,,,,,0.074181558025478975,1.148383633842472,1,-0.11571212628187744,-0.0017961429012356422,,,1,0.064469961895810321,0.99844173510539191,2.1416568142369101e-05,1.1503053402945476,0.0022922139426426701,1.1478801211959073
MW7_D6,trieste,Trieste,continuous_margins,solver_evaluation,6,115,adaptive,0.38031494758678802,1,0.75594153481613302,0.89370279588549806,0.863982356725983,0.85198322505988044,,,,,0.38222116608802353,0.92949261592868093,1,-1.5488753540234861,-0.10738989990574332,,,1,0.33225938899146118,0.80775020393248376,2.1416568142369101e-05,1.1503053402945476,0.0022922139426426701,1.1478801211959073
MW7_D6,trieste,Trieste,continuous_margins,solver_evaluation,6,124,adaptive,0.44338356009539054,1,0.74122583147803378,0.91928906935867627,0.8435422280070719,0.87415662345855916,,,,,0.44429683564621486,0.89817823282139253,1,-1.026197824761035,-0.004052842567660031,,,1,0.38622390378915494,0.7804700180236418,2.1416568142369101e-05,1.1503053402945476,0.0022922139426426701,1.1478801211959073
MW7_D6,trieste,Trieste,continuous_margins,solver_evaluation,6,131,adaptive,0.33318551937350882,0.99930858585903326,0.74350564208855885,0.92362443991821852,0.83452077398659097,0.87968026693796231,,,,,0.3340824126674497,0.94539935205828052,1,-1.1801657212180134,-0.038791528799923092,,,1,0.29041071478792541,0.82160769291228009,2.1416568142369101e-05,1.1503053402945476,0.0022922139426426701,1.1478801211959073
MW7_D6,trieste,Trieste,continuous_margins,solver_evaluation,6,132,adaptive,0.40328466048908668,1,0.7243636102071862,0.94657073563154603,0.81982002296238976,0.89232668366382661,,,,,0.40421519259524447,0.91718600500404679,1,-1.4762430839715603,-0.090050512256635185,,,1,0.35137955277474769,0.79702904002574004,2.1416568142369101e-05,1.1503053402945476,0.0022922139426426701,1.1478801211959073
MW7_D6,trieste,Trieste,continuous_margins,solver_evaluation,6,135,adaptive,0.16529622502805724,0.99783480904754451,0.55736959368000438,0.99479678784253578,0.60318394130795217,1,,,,,0.18950606285454619,1.1306925535699919,1,-0.1260393750683404,-0.0014542109011894677,,,1,0.1647255208237878,0.98302977705697758,2.1416568142369101e-05,1.1503053402945476,0.0022922139426426701,1.1478801211959073
MW7_D6,trieste,Trieste,continuous_margins,solver_evaluation,6,136,adaptive,0.24909140189898221,1,0.72345907939099352,0.74764882945960098,1,0.71855228114376324,,,,,0.27419523996649792,1.0660849742493277,1,-0.29414128989035659,-0.0063176303295744418,,,1,0.23834873558715333,0.92674552042802449,2.1416568142369101e-05,1.1503053402945476,0.0022922139426426701,1.1478801211959073
MW7_D6,usemoc,USeMOC,continuous_margins,solver_evaluation,6,24,adaptive,0.99851501176499469,0.61107936541212515,0.99464119454709909,0.82018390731605706,0.99845265973858777,0.54538573686432956,,,,,1.1516163107960113,0.062830197186745568,1,-0.10983223905208739,-0.0076699644668609679,,,1,1.0011210535917281,0.052738942095305219,2.1416568142369101e-05,1.1503053402945476,0.0022922139426426701,1.1478801211959073
MW7_D6,usemoc,USeMOC,continuous_margins,solver_evaluation,6,36,adaptive,0.67180130619391298,0.95298166710244703,0.99619187036679435,0.77151773886228814,0.74510026454109723,0.79293693450709768,,,,,0.80025947854184465,0.8823700064066512,1,-0.021007938801664627,-0.096492976809885,,,1,0.69567447350004741,0.76669834786154178,2.1416568142369101e-05,1.1503053402945476,0.0022922139426426701,1.1478801211959073
MW7_D6,usemoc,USeMOC,continuous_margins,solver_evaluation,6,55,adaptive,0.99977189720838511,0.52266431129848046,0.92700162476660453,0.68450967085207692,0.91741510009923288,0.92802535870406755,,,,,1.1749006412483003,0.025098961164386851,1,-0.058978525342801236,-0.058521475950555235,,,1,1.021362922977753,0.019868579305984672,2.1416568142369101e-05,1.1503053402945476,0.0022922139426426701,1.1478801211959073
MW7_D6,usemoc,USeMOC,continuous_margins,solver_evaluation,6,59,adaptive,0.70800274531004115,0.99862222301607884,0.56471871079203706,0.87554368612925748,0.99997191154838772,0.84066001074243768,,,,,0.82008855950103343,0.81801162962733642,1,-0.098311728369949281,-0.019188271630050879,,,1,0.71291257564961352,0.71063118928729663,2.1416568142369101e-05,1.1503053402945476,0.0022922139426426701,1.1478801211959073
MW7_D6,usemoc,USeMOC,continuous_margins,solver_evaluation,6,74,adaptive,0.53591353184779411,0.98800544795952994,0.79751397653290956,0.99390222459118971,0.99869520495804198,0.59646006672238616,,,,,0.63347863518259806,0.99797597259408755,1,-0.057522822123673434,-0.1311296275313738,,,1,0.55068614951596451,0.86741092581523394,2.1416568142369101e-05,1.1503053402945476,0.0022922139426426701,1.1478801211959073
MW7_D6,usemoc,USeMOC,continuous_margins,solver_evaluation,6,76,adaptive,0.17758248868457838,0.81087209456655052,0.87516806892114452,0.8010518513065179,0.99415608961528001,0.99029615135318905,,,,,0.20372592778982171,1.1289845798797613,1,-0.12499032332949378,-0.0091395330176693435,,,1,0.17708733854049458,0.98154183972041054,2.1416568142369101e-05,1.1503053402945476,0.0022922139426426701,1.1478801211959073
MW7_D6,usemoc,USeMOC,continuous_margins,solver_evaluation,6,82,adaptive,0.92629355036098815,0.99816351766818157,0.7644111815044905,0.80084274783134535,0.99898173885822372,0.57108702850396231,,,,,1.092295574158483,0.44432987571460753,1,-1.1628610650299656,-0.48705676431147849,,,1,0.94955149674490114,0.38509044072601623,2.1416568142369101e-05,1.1503053402945476,0.0022922139426426701,1.1478801211959073
MW7_D6,usemoc,USeMOC,continuous_margins,solver_evaluation,6,112,adaptive,0.40435182706576756,0.84077529520266225,0.87515637705511007,0.87595251615994474,0.60618207781373667,0.9062054980864962,,,,,0.47991063431333808,1.0855100097255348,1,-1.0641176044378793,-0.49280334740196807,,,1,0.41718420399779693,0.9436680501569733,2.1416568142369101e-05,1.1503053402945476,0.0022922139426426701,1.1478801211959073
MW7_D6,usemoc,USeMOC,continuous_margins,solver_evaluation,6,125,adaptive,0.0071695790481500037,0.8857875524602794,0.7946359081200417,0.78442465951325735,0.98837810568738838,0.57520470722199213,,,,,0.0082569494447443676,1.1516348688175968,1,-0.11366895170934344,-0.0038310482908672228,,,1,0.0071594320117588988,1.0012741170894424,2.1416568142369101e-05,1.1503053402945476,0.0022922139426426701,1.1478801211959073
MW7_D6,usemoc,USeMOC,continuous_margins,solver_evaluation,6,126,adaptive,0.96601282545892808,0.85549173099611675,0.79192472117335899,0.864891429954322,0.69730124162016804,0.7834894272946874,,,,,1.1103876970981339,0.29712722919017415,1,-0.21523825261829832,-0.13943428311849226,,,1,0.96527960154098791,0.25685174767236196,2.1416568142369101e-05,1.1503053402945476,0.0022922139426426701,1.1478801211959073
MW7_D6,usemoc,USeMOC,continuous_margins,solver_evaluation,6,133,adaptive,0.0003426132157095401,0.98114562560525498,0.84416703289714912,0.89596982411676307,0.99324716876769559,0.70665874948308938,,,,,0.0004003232220001945,1.1684406209357823,1,-0.074746355088521454,-0.042753644911478705,,,1,0.0003293965876580234,1.0159148028264482,2.1416568142369101e-05,1.1503053402945476,0.0022922139426426701,1.1478801211959073
MW7_D6,comboo,COMBOO,continuous_margins,solver_evaluation,6,31,adaptive,5.063618674551849e-10,0.88883106800885747,0.88386590966098622,0.71768697914879032,0.99999999913758086,0.97450676080254417,,,,,5.9889040767646336e-10,1.182732046325482,1,-0.041144906594737796,-0.076355093405262364,,,1,-1.8617638727537893e-05,1.028365079755027,2.1416568142369101e-05,1.1503053402945476,0.0022922139426426701,1.1478801211959073
MW7_D6,comboo,COMBOO,continuous_margins,solver_evaluation,6,54,adaptive,0.67994928555596312,0.99999999702455222,0.92034384391619173,0.99999999404373041,0.65081831502563281,0.81147773904257969,,,,,0.8140397796838541,0.87786269203216505,1,-0.006696331030366931,-0.11080378842891325,,,1,0.70765416329135178,0.76277170579216769,2.1416568142369101e-05,1.1503053402945476,0.0022922139426426701,1.1478801211959073
MW7_D6,comboo,COMBOO,continuous_margins,solver_evaluation,6,65,adaptive,0.36812658229390521,0.99999999999999989,0.82678806942831096,0.90328211135894843,0.8528090349044235,0.97695776205931495,,,,,0.38051573973523023,0.96106692251374093,1,-1.4519038178066985,-0.15997619678363517,,,1,0.33077680320049491,0.83525682766612297,2.1416568142369101e-05,1.1503053402945476,0.0022922139426426701,1.1478801211959073
MW7_D6,comboo,COMBOO,continuous_margins,solver_evaluation,6,74,adaptive,3.6937993062627407e-16,0.84764676487521273,0.99999999999999967,0.99999999999999989,0.65681086491067753,0.99999999999999989,,,,,4.4024951763485251e-16,1.1918609570596348,1,-0.019467459036891288,-0.098032540963108872,,,1,-1.8618159363186923e-05,1.0363179230577249,2.1416568142369101e-05,1.1503053402945476,0.0022922139426426701,1.1478801211959073
MW7_D6,comboo,COMBOO,continuous_margins,solver_evaluation,6,95,adaptive,0.76114739269859455,0.79008403878099454,0.79431879315554577,0.79016790527178005,0.99999999999999978,0.95014822373135976,,,,,0.90908855267493383,0.774640626958636,1,-0.013489910758282875,-0.1040528635838327,,,1,0.79028333109712889,0.67284762472524562,2.1416568142369101e-05,1.1503053402945476,0.0022922139426426701,1.1478801211959073
MW7_D6,comboo,COMBOO,continuous_margins,solver_evaluation,6,104,adaptive,0.99999998620768327,0.58070600761115321,0.99999988640695958,1,0.69433791185434579,0.99838572791162328,,,,,1.191216246364186,0.00019784460905260994,1,-0.021003815255529634,-0.096496184744470526,,,1,1.0355466397217854,-0.0018245540583175729,2.1416568142369101e-05,1.1503053402945476,0.0022922139426426701,1.1478801211959073
MW7_D6,comboo,COMBOO,continuous_margins,solver_evaluation,6,107,adaptive,0.97913525046620542,0.72468649274467467,1,0.69534642059231677,0.999999870106977,0.9999997819770029,,,,,1.1193162494951585,0.23230280153060898,1,-0.13943735040443883,-0.021230084318664799,,,1,0.9730414992600217,0.20037857903518017,2.1416568142369101e-05,1.1503053402945476,0.0022922139426426701,1.1478801211959073
MW7_D6,comboo,COMBOO,continuous_margins,solver_evaluation,6,113,adaptive,0.31207985249562281,0.99999999999999989,0.63212020047891959,1,0.77485802937832171,1,,,,,0.32566948749876728,0.99142641679624122,1,-0.84686313597173712,-0.065508141051799251,,,1,0.28309706955480129,0.86170514201698956,2.1416568142369101e-05,1.1503053402945476,0.0022922139426426701,1.1478801211959073
MW7_D6,comboo,COMBOO,continuous_margins,solver_evaluation,6,119,adaptive,0.90077559788751771,0.7326843712367469,0.99998816067629037,0.76955867386232346,0.81224534947071092,0.99999987417541736,,,,,0.9682399052504207,0.46681094971443343,1,-0.98999858775657534,-0.18064293601765269,,,1,0.84170563655242703,0.40467530292957471,2.1416568142369101e-05,1.1503053402945476,0.0022922139426426701,1.1478801211959073
MW7_D6,comboo,COMBOO,continuous_margins,solver_evaluation,6,120,adaptive,0.93382270106566645,0.79141545742815034,0.74143478888216241,0.99999999999999922,0.72733568015235661,0.99999999999999944,,,,,1.0032048559628253,0.38431562692363042,1,-1.294039764755321,-0.2343617327266807,,,1,0.87210187091525393,0.33280776095589187,2.1416568142369101e-05,1.1503053402945476,0.0022922139426426701,1.1478801211959073
MW7_D6,comboo,COMBOO,continuous_margins,solver_evaluation,6,122,adaptive,0,0.69144277150334343,0.83416970858555883,1,0.53356366665814492,0.85876629549245986,,,,,0,1.1981223468332947,1,-0.0045028420186783435,-0.11299715798132182,,,1,-1.8618159363569647e-05,1.041772664940646,2.1416568142369101e-05,1.1503053402945476,0.0022922139426426701,1.1478801211959073
MW7_D6,comboo,COMBOO,continuous_margins,solver_evaluation,6,133,adaptive,0.8867176695872041,0.80153155955160882,0.8224914013113126,0.87539364562977917,0.80334767171483046,0.9978800247663685,,,,,0.92485175229251948,0.48219344997583197,1,-0.72298319334340833,-0.028395391911592904,,,1,0.80398682274009503,0.41807609276586222,2.1416568142369101e-05,1.1503053402945476,0.0022922139426426701,1.1478801211959073
MW7_D6,comboo,COMBOO,continuous_margins,solver_evaluation,6,134,adaptive,0.91798734036098129,0.71521462544861303,0.99999999922577598,0.62909252511503733,0.99999999998987488,0.70374560140282183,,,,,0.97544772362067123,0.42143502230573932,1,-1.3940841746599282,-0.22107335598137834,,,1,0.84797164099295663,0.36514510585514531,2.1416568142369101e-05,1.1503053402945476,0.0022922139426426701,1.1478801211959073
MW7_D6,comboo,COMBOO,continuous_margins,solver_evaluation,6,140,adaptive,0.33226211596191002,0.9999999999999809,0.81837912726233286,0.98464822722661194,0.76954045306529573,0.83553447453659979,,,,,0.34642641609646141,0.98339505925699155,1,-1.0873584507235483,-0.11824952936930733,,,1,0.30114178157220278,0.85470845535002105,2.1416568142369101e-05,1.1503053402945476,0.0022922139426426701,1.1478801211959073
MW7_D6,comboo,COMBOO,continuous_margins,solver_evaluation,6,143,adaptive,0.37245837704571194,0.99999999999999978,0.75681772198588637,0.99999999999999978,0.67322286362394834,0.99999999999999956,,,,,0.38099236519250052,0.94931290719589523,1,-1.4938588284560119,-0.14089284513421385,,,1,0.33119115010524652,0.82501706908784922,2.1416568142369101e-05,1.1503053402945476,0.0022922139426426701,1.1478801211959073
MW7_D6,comboo,COMBOO,continuous_margins,solver_evaluation,6,149,adaptive,0.42426968160332784,0.999999999999998,0.74688686189474573,0.89409090711597283,0.75934133773647161,0.99999999999999989,,,,,0.43604066004266961,0.93065915781233444,1,-1.2135568593783264,-0.10582254248029044,,,1,0.37904652634480512,0.80876646152080933,2.1416568142369101e-05,1.1503053402945476,0.0022922139426426701,1.1478801211959073
MW7_D6,pac-moo,PAC-MOO,continuous_margins,solver_evaluation,6,98,adaptive,0.97875824027240577,0.93938412456754794,0.91012769155508644,0.65373540006654696,0.92304949982939799,0.96083466962553055,,,,,1.1611296070596298,0.24321865464622977,1,-0.039622237807516392,-0.12384079085272437,,,1,1.0093912892677466,0.20988815491689178,2.1416568142369101e-05,1.1503053402945476,0.0022922139426426701,1.1478801211959073
MW7_D6,pac-moo,PAC-MOO,continuous_margins,solver_evaluation,6,115,adaptive,0.94607056480655471,0.61058380221720532,0.93085663325423673,0.57145349979105664,0.88784576140103588,0.83248191212006062,,,,,1.1547018971301655,0.39540174057018246,1,-0.5845024734763431,-0.49962312175429346,,,1,1.0038034599286092,0.34246566289342356,2.1416568142369101e-05,1.1503053402945476,0.0022922139426426701,1.1478801211959073
MW7_D6,pac-moo,PAC-MOO,continuous_margins,solver_evaluation,6,143,adaptive,0.36661396153698511,0.88176736093765784,0.7087424491660268,0.9103794580507848,0.77957827910372046,0.50943304363160835,,,,,0.51777878400274691,1.3139910919864235,1,-0.51723887076392439,-1.0849111760575452,,,1,0.45010428909425687,1.1427141683377187,2.1416568142369101e-05,1.1503053402945476,0.0022922139426426701,1.1478801211959073
MW7_D6,pac-moo,PAC-MOO,continuous_margins,solver_evaluation,6,146,adaptive,0.92486237745750133,0.83370396323705975,0.78317907111027274,0.753601293286292,0.87484863298600224,0.78388674895613375,,,,,1.0143269095831997,0.41708963824570711,1,-1.3560902428104356,-0.30016144881680895,,,1,0.881770654698807,0.36135953279765132,2.1416568142369101e-05,1.1503053402945476,0.0022922139426426701,1.1478801211959073
MW7_D6,hypermapper,HyperMapper,binary_label,solver_evaluation,6,123,adaptive,0.31283197255664774,0.88013083192318886,0.76209932277498671,0.55715336999794052,0.8049286224850174,0.96979972453591978,,,,,0.43586277787261418,1.3233499154614339,1,-0.0030305521676421421,-0.91995113230089665,,,1,0.37889188725566564,1.1508673049782068,2.1416568142369101e-05,1.1503053402945476,0.0022922139426426701,1.1478801211959073
