case_id,normalized_semispan,trim_twist_deg,trim_vertical_displacement_m
4,4.1495089707642e-06,0,0
4,0.0020010252679076,-7.68512160583248e-05,1.74893890832939e-08
4,0.00399790102684444,-0.00015426912475416,7.01108419245398e-08
4,0.00599477678578128,-0.000232251204836674,1.58093315145395e-07
4,0.00799165254471812,-0.000310794935055039,2.81664469680332e-07
4,0.00998852830365496,-0.000389897794158424,4.41050670776636e-07
4,0.0119854040625918,-0.000469557260895999,6.36476987994408e-07
4,0.0139822798215286,-0.000549770814016934,8.68167195206562e-07
4,0.0159791555804655,-0.000630535932270399,1.13634377059883e-06
4,0.0179760313394023,-0.000711850094405565,1.44122789666975e-06
4,0.0199729070983392,-0.000793710779171601,1.78303946023068e-06
4,0.021969782857276,-0.000876115465317678,2.1619970524058e-06
4,0.0239666586162128,-0.000959061631592965,2.57831796863208e-06
4,0.0259635343751497,-0.00104254675674663,3.03221820865934e-06
4,0.0279604101340865,-0.00112656831952785,3.52391247655019e-06
4,0.0299572858930234,-0.00121112379868579,4.05361418068005e-06
4,0.0319541616519602,-0.00129621067296962,4.62153543373717e-06
4,0.033951037410897,-0.00138182642112851,5.22788705272261e-06
4,0.0359479131698339,-0.00146796852191163,5.87287855895023e-06
4,0.0379447889287707,-0.00155463445406816,6.55671817804674e-06
4,0.0399416646877076,-0.00164182169634725,7.27961283995162e-06
4,0.0419385404466444,-0.00172952772749809,8.04176817891719e-06
4,0.0439354162055812,-0.00181775002626983,8.84338853350858e-06
4,0.0459322919645181,-0.00190648607141166,9.68467694660374e-06
4,0.0479291677234549,-0.00199573334167274,1.05658351653934e-05
4,0.0499260434823918,-0.00208548931580224,1.14870636413812e-05
4,0.0519229192413286,-0.00217575147254933,1.24485615303835e-05
4,0.0539197950002654,-0.00226651729066319,1.34505266925294e-05
4,0.0559166707592023,-0.00235778424889297,1.44931556922611e-05
4,0.0579135465181391,-0.00244954982598786,1.55766437983332e-05
4,0.059910422277076,-0.00254181150069702,1.67011849838136e-05
4,0.0619072980360128,-0.00263456675176962,1.78669719260826e-05
4,0.0639041737949496,-0.00272781305795484,1.90741960068335e-05
4,0.0659010495538865,-0.00282154789800183,2.03230473120724e-05
4,0.0678979253128233,-0.00291576875065978,2.16137146321182e-05
4,0.0698948010717602,-0.00301047309467785,2.29463854616026e-05
4,0.071891676830697,-0.00310565840880521,2.43212459994701e-05
4,0.0738885525896338,-0.00320132217179103,2.57384811489781e-05
4,0.0758854283485707,-0.00329746186238449,2.71982745176968e-05
4,0.0778823041075075,-0.00339407495933475,2.8700808417509e-05
4,0.0798791798664444,-0.00349115894139098,3.02462638646107e-05
4,0.0818760556253812,-0.00358871128730235,3.18348205795104e-05
4,0.083872931384318,-0.00368672947581804,3.34666569870295e-05
4,0.0858698071432549,-0.00378521098568721,3.51419502163023e-05
4,0.0878666829021917,-0.00388415329565903,3.68608761007758e-05
4,0.0898635586611285,-0.00398355388448267,3.86236091782098e-05
4,0.0918604344200654,-0.00408341023090731,4.0430322690677e-05
4,0.0938573101790022,-0.00418371981368211,4.2281188584563e-05
4,0.0958541859379391,-0.00428448011155625,4.4176377510566e-05
4,0.0978510616968759,-0.00438568860327888,4.61160588236971e-05
4,0.0998479374558127,-0.00448734276759919,4.81004005832803e-05
4,0.10184481321475,-0.00458944008326635,5.01295695529523e-05
4,0.103841688973686,-0.00469197802902951,5.22037312006627e-05
4,0.105838564732623,-0.00479495408363786,5.43230496986738e-05
4,0.10783544049156,-0.00489836572584057,5.64876879235609e-05
4,0.109832316250497,-0.00500221043438679,5.86978074562119e-05
4,0.111829192009434,-0.00510648568802571,6.09535685818276e-05
4,0.113826067768371,-0.0052111889655065,6.32551302899217e-05
4,0.115822943527307,-0.00531631774557832,6.56026502743207e-05
4,0.117819819286244,-0.00542186950699034,6.79962849331638e-05
4,0.119816695045181,-0.00552784172849173,7.0436189368903e-05
4,0.121813570804118,-0.00563423188883167,7.29225173883033e-05
4,0.123810446563055,-0.00574103746675933,7.54554215024422e-05
4,0.125807322321992,-0.00584825594102386,7.80350529267105e-05
4,0.127804198080928,-0.00595588479037446,8.06615615808114e-05
4,0.129801073839865,-0.00606392149356027,8.33350960887611e-05
4,0.131797949598802,-0.00617236352933048,8.60558037788884e-05
4,0.133794825357739,-0.00628120837643426,8.88238306838352e-05
4,0.135791701116676,-0.00639045351362077,9.16393215405561e-05
4,0.137788576875613,-0.00650009641963918,9.45024197903185e-05
4,0.13978545263455,-0.00661013457323867,9.74132675787026e-05
4,0.141782328393486,-0.0067205654531684,0.000100372005755601
4,0.143779204152423,-0.00683138653817755,0.000103378773875221
4,0.14577607991136,-0.00694259530701528,0.000106433710196079
4,0.147772955670297,-0.00705418923843077,0.000109536951681009
4,0.149769831429234,-0.00716616581117318,0.000112688633997153
4,0.151766707188171,-0.00727852250399169,0.000115888891515969
4,0.153763582947107,-0.00739125679563546,0.000119137857313228
4,0.155760458706044,-0.00750436616485367,0.000122435663169011
4,0.157757334464981,-0.00761784809039548,0.000125782439567714
4,0.159754210223918,-0.00773170005101007,0.000129178315698046
4,0.161751085982855,-0.0078459195254466,0.000132623419453028
4,0.163747961741792,-0.00796050399245425,0.000136117877429994
4,0.165744837500728,-0.00807545093078218,0.00013966181493059
4,0.167741713259665,-0.00819075781917957,0.000143255355960777
4,0.169738589018602,-0.00830642213639559,0.000146898623230826
4,0.171735464777539,-0.0084224413611794,0.000150591738155323
4,0.173732340536476,-0.00853881297228018,0.000154334820853166
4,0.175729216295413,-0.00865553444844709,0.000158127990147566
4,0.177726092054349,-0.00877260326842931,0.000161971363566047
4,0.179722967813286,-0.008890016910976,0.000165865057340444
4,0.181719843572223,-0.00900777285483634,0.000169809186406909
4,0.18371671933116,-0.0091258685787595,0.000173803864405901
4,0.185713595090097,-0.00924430156149464,0.000177849203682197
4,0.187710470849034,-0.00936306928179094,0.000181945315284884
4,0.189707346607971,-0.00948216921839757,0.000186092308967363
4,0.191704222366907,-0.00960159885006369,0.000190290293187347
4,0.193701098125844,-0.00972135565553847,0.000194539375106862
4,0.195697973884781,-0.0098414371135711,0.000198839660592248
4,0.197694849643718,-0.00996184070291073,0.000203191254214156
4,0.199691725402655,-0.0100825639023065,0.000207594259247551
4,0.201688601161592,-0.0102036041905077,0.00021204877767171
4,0.203685476920528,-0.0103249590462634,0.000216554910170224
4,0.205682352679465,-0.0104466259483227,0.000221112756130996
4,0.207679228438402,-0.0105686023754349,0.000225722413646241
4,0.209676104197339,-0.0106908858063492,0.000230383979512488
4,0.211672979956276,-0.0108134737198146,0.00023509754923058
4,0.213669855715213,-0.0109363635945804,0.000239863217005669
4,0.215666731474149,-0.0110595529093958,0.000244681075747224
4,0.217663607233086,-0.0111830391430098,0.000249551217069024
4,0.219660482992023,-0.0113068197741717,0.000254473731289163
4,0.22165735875096,-0.0114308922816307,0.000259448707430045
4,0.223654234509897,-0.0115552541441359,0.000264476233218389
4,0.225651110268834,-0.0116799028404365,0.000269556395085227
4,0.22764798602777,-0.0118048358492816,0.000274689278165902
4,0.229644861786707,-0.0119300506494205,0.000279874966300071
4,0.231641737545644,-0.0120555447196023,0.000285113542031704
4,0.233638613304581,-0.0121813155385761,0.000290405086609084
4,0.235635489063518,-0.0123073605850912,0.000295749679984806
4,0.237632364822455,-0.0124336773378966,0.000301147400815777
4,0.239629240581391,-0.0125602632757417,0.00030659832646322
4,0.241626116340328,-0.0126871158773755,0.000312102532992666
4,0.243622992099265,-0.0128142326215472,0.000317660095173965
4,0.245619867858202,-0.012941610987006,0.000323271086481273
4,0.247616743617139,-0.0130692484525011,0.000328935579093064
4,0.249613619376076,-0.0131971424967816,0.000334653643892123
4,0.251610495135013,-0.0133252905985967,0.000340425350465548
4,0.253607370893949,-0.0134536902366956,0.000346250767104748
4,0.255604246652886,-0.0135823388898274,0.000352129960805449
4,0.257601122411823,-0.0137112340367413,0.000358062997267685
4,0.25959799817076,-0.0138403731561865,0.000364049940895806
4,0.261594873929697,-0.0139697537269121,0.000370090854798474
4,0.263591749688634,-0.0140993732276674,0.000376185800788663
4,0.26558862544757,-0.0142292291372014,0.000382334839383661
4,0.267585501206507,-0.0143593189342634,0.000388538029805069
4,0.269582376965444,-0.0144896400976025,0.0003947954299788
4,0.271579252724381,-0.014620190105968,0.000401107096535079
4,0.273576128483318,-0.0147509664381089,0.000407473084808445
4,0.275573004242255,-0.0148819665727744,0.00041389344883775
4,0.277569880001191,-0.0150131879887138,0.000420368241366158
4,0.279566755760128,-0.0151446281646761,0.000426897513841147
4,0.281563631519065,-0.0152762845794106,0.000433481316414506
4,0.283560507278002,-0.0154081547116664,0.000440119697942339
4,0.285557383036939,-0.0155402360401927,0.000446812705985061
4,0.287554258795876,-0.0156725260437386,0.000453560386807401
4,0.289551134554813,-0.0158050222010534,0.000460362785378399
4,0.291548010313749,-0.0159377219908862,0.00046721994537141
4,0.293544886072686,-0.0160706228919861,0.000474131909164101
4,0.295541761831623,-0.0162037223831024,0.000481098717838452
4,0.29753863759056,-0.0163370179429842,0.000488120411180754
4,0.299535513349497,-0.0164705070503807,0.000495197027681615
4,0.301532389108433,-0.016604187184041,0.00050232860453595
4,0.30352926486737,-0.0167380558227144,0.000509515177642993
4,0.305526140626307,-0.0168721104451499,0.000516756781606286
4,0.307523016385244,-0.0170063485300968,0.000524053449733686
4,0.309519892144181,-0.0171407675563042,0.000531405214037363
4,0.311516767903118,-0.0172753650025214,0.000538812105233798
4,0.313513643662055,-0.0174101383474974,0.000546274152743787
4,0.315510519420991,-0.0175450850699814,0.000553791384692438
4,0.317507395179928,-0.0176802026487227,0.000561363827909172
4,0.319504270938865,-0.0178154885624703,0.000568991507927721
4,0.321501146697802,-0.0179509402899735,0.000576674448986132
4,0.323498022456739,-0.0180865553099814,0.000584412674026765
4,0.325494898215676,-0.0182223311012432,0.000592206204696292
4,0.327491773974612,-0.018358265142508,0.000600055061345696
4,0.329488649733549,-0.0184943549125251,0.000607959263030276
4,0.331485525492486,-0.0186305978900436,0.000615918827509642
4,0.333482401251423,-0.0187669915538127,0.000623933771247717
4,0.33547927701036,-0.0189035333825815,0.000632004109412738
4,0.337476152769297,-0.0190402208550992,0.000640129855877252
4,0.339473028528233,-0.019177051450115,0.000648311023218123
4,0.34146990428717,-0.019314022646378,0.000656547622716523
4,0.343466780046107,-0.0194511319226375,0.000664839664357942
4,0.345463655805044,-0.0195883767576426,0.000673187156832178
4,0.347460531563981,-0.0197257546301424,0.000681590107533344
4,0.349457407322918,-0.0198632630188861,0.000690048522559866
4,0.351454283081855,-0.020000899402623,0.000698562406714484
4,0.353451158840791,-0.0201386612601021,0.000707131763504248
4,0.355448034599728,-0.0202765460700727,0.000715756595140521
4,0.357444910358665,-0.0204145513112839,0.000724436902538983
4,0.359441786117602,-0.0205526744624848,0.00073317268531962
4,0.361438661876539,-0.0206909130024247,0.000741963941806738
4,0.363435537635476,-0.0208292644098528,0.000750810669028951
4,0.365432413394412,-0.0209677261635181,0.000759712862719187
4,0.367429289153349,-0.0211062957421699,0.000768670517314688
4,0.369426164912286,-0.0212449706245573,0.000777683625957006
4,0.371423040671223,-0.0213837482894295,0.00078675218049201
4,0.37341991643016,-0.0215226262155358,0.000795876171469878
4,0.375416792189097,-0.0216616018816251,0.000805055588145103
4,0.377413667948033,-0.0218006727664468,0.00081429041847649
4,0.37941054370697,-0.0219398363487499,0.000823580649127156
4,0.381407419465907,-0.0220790901072837,0.000832926265464533
4,0.383404295224844,-0.0222184315207973,0.000842327251560364
4,0.385401170983781,-0.0223578580680399,0.000851783590190706
4,0.387398046742718,-0.0224973672277607,0.000861295262835927
4,0.389394922501654,-0.0226369564787088,0.00087086224968071
4,0.391391798260591,-0.0227766232996334,0.00088048452961405
4,0.393388674019528,-0.0229163651692837,0.000890162080229253
4,0.395385549778465,-0.0230561795664088,0.000899894877823942
4,0.397382425537402,-0.0231960639697579,0.000909682897400047
4,0.399379301296339,-0.0233360158580803,0.000919526112663817
4,0.401376177055275,-0.0234760327101249,0.00092942449602581
4,0.403373052814212,-0.0236161120046411,0.000939378018600898
4,0.405369928573149,-0.023756251220378,0.000949386650208264
4,0.407366804332086,-0.0238964478360848,0.000959450359371406
4,0.409363680091023,-0.0240366993305106,0.000969569113318136
4,0.41136055584996,-0.0241770031824046,0.000979742877980575
4,0.413357431608897,-0.0243173568705159,0.000989971617995159
4,0.415354307367833,-0.0244577578735938,0.00100025529670264
4,0.41735118312677,-0.0245982036703875,0.00101059387614807
4,0.419348058885707,-0.024738691739646,0.00102098731708083
4,0.421344934644644,-0.0248792195601185,0.00103143557895461
4,0.423341810403581,-0.0250197846105543,0.00104193861992741
4,0.425338686162518,-0.0251603843697025,0.00105249639686153
4,0.427335561921454,-0.0253010163163123,0.00106310886532361
4,0.429332437680391,-0.0254416779291328,0.00107377597958458
4,0.431329313439328,-0.0255823666869131,0.0010844976926197
4,0.433326189198265,-0.0257230800684026,0.00109527395610852
4,0.435323064957202,-0.0258638155523503,0.00110610472043493
4,0.437319940716139,-0.0260045706175054,0.00111698993468712
4,0.439316816475075,-0.0261453427426171,0.00112792954665758
4,0.441313692234012,-0.0262861294064346,0.00113892350284313
4,0.443310567992949,-0.026426928087707,0.0011499717484449
4,0.445307443751886,-0.0265677362651835,0.00116107422736833
4,0.447304319510823,-0.0267085514176132,0.00117223088222317
4,0.44930119526976,-0.0268493710237454,0.0011834416543235
4,0.451298071028697,-0.0269901925623292,0.00119470648368769
4,0.453294946787633,-0.0271310135121138,0.00120602530903842
4,0.45529182254657,-0.0272718313518483,0.00121739806780272
4,0.457288698305507,-0.0274126435602819,0.00122882469611189
4,0.459285574064444,-0.0275534476161638,0.00124030512880156
4,0.461282449823381,-0.0276942409982432,0.00125183929941169
4,0.463279325582317,-0.0278350211852692,0.00126342714018651
4,0.465276201341254,-0.0279757856559909,0.00127506858207461
4,0.467273077100191,-0.0281165318891577,0.00128676355472887
4,0.469269952859128,-0.0282572573635186,0.00129851198650647
4,0.471266828618065,-0.0283979595578228,0.00131031380446894
4,0.473263704377002,-0.0285386359508195,0.00132216893438208
4,0.475260580135939,-0.0286792840212578,0.00133407730071603
4,0.477257455894875,-0.0288199012478869,0.00134603882664523
4,0.479254331653812,-0.028960485109456,0.00135805343404845
4,0.481251207412749,-0.0291010330847143,0.00137012104350876
4,0.483248083171686,-0.0292415426524109,0.00138224157431354
4,0.485244958930623,-0.029382011291295,0.00139441494445448
4,0.48724183468956,-0.0295224364801158,0.00140664107062761
4,0.489238710448496,-0.0296628156976224,0.00141891986823323
4,0.491235586207433,-0.029803146422564,0.00143125125137599
4,0.49323246196637,-0.0299434261336898,0.00144363513286484
4,0.495229337725307,-0.0300836523097489,0.00145607142421303
4,0.497226213484244,-0.0302238224294906,0.00146856003563813
4,0.499223089243181,-0.0303639339716639,0.00148110087606205
4,0.501219965002117,-0.0305039844150181,0.00149369385311097
4,0.503216840761054,-0.0306439712383023,0.00150633887311541
4,0.505213716519991,-0.0307838919202657,0.00151903584111019
4,0.507210592278928,-0.0309237439396575,0.00153178466083446
4,0.509207468037865,-0.0310635247752269,0.00154458523473165
4,0.511204343796802,-0.0312032319057229,0.00155743746394954
4,0.513201219555738,-0.0313428628098948,0.00157034124834021
4,0.515198095314675,-0.0314824149664917,0.00158329648646004
4,0.517194971073612,-0.0316218858542629,0.00159630307556973
4,0.519191846832549,-0.0317612729519575,0.0016093609116343
4,0.521188722591486,-0.0319005737383246,0.00162246988932307
4,0.523185598350423,-0.0320397856921135,0.0016356299020097
4,0.525182474109359,-0.0321789062920732,0.00164884084177212
4,0.527179349868296,-0.032317933016953,0.00166210259939261
4,0.529176225627233,-0.0324568633455021,0.00167541506435775
4,0.53117310138617,-0.0325956947564695,0.00168877812485843
4,0.533169977145107,-0.0327344247286046,0.00170219166778984
4,0.535166852904044,-0.0328730507406563,0.00171565557875152
4,0.537163728662981,-0.033011570271374,0.00172916974204729
4,0.539160604421917,-0.0331499807995068,0.00174273404068529
4,0.541157480180854,-0.0332882798038039,0.00175634835637798
4,0.543154355939791,-0.0334264647630144,0.00177001256954212
4,0.545151231698728,-0.0335645331558874,0.00178372655929881
4,0.547148107457665,-0.0337024824611723,0.00179749020347343
4,0.549144983216602,-0.0338403101576181,0.00181130337859569
4,0.551141858975539,-0.033978013723974,0.00182516595989961
4,0.553138734734475,-0.0341155906389892,0.00183907782132353
4,0.555135610493412,-0.0342530383814128,0.00185303883551008
4,0.557132486252349,-0.034390354429994,0.00186704887380623
4,0.559129362011286,-0.0345275362634821,0.00188110780626325
4,0.561126237770223,-0.034664581360626,0.00189521550163672
4,0.563123113529159,-0.0348014872001751,0.00190937182738654
4,0.565119989288096,-0.0349382512608786,0.00192357664967693
4,0.567116865047033,-0.0350748710214855,0.00193782983337639
4,0.56911374080597,-0.035211343960745,0.00195213124205777
4,0.571110616564907,-0.0353476675574063,0.00196648073799822
4,0.573107492323844,-0.0354838392902186,0.00198087818217919
4,0.575104368082781,-0.0356198566379311,0.00199532343428646
4,0.577101243841717,-0.0357557170792929,0.00200981635271012
4,0.579098119600654,-0.0358914180930532,0.00202435679454456
4,0.581094995359591,-0.0360269571579611,0.00203894461558851
4,0.583091871118528,-0.0361623317527659,0.00205357967034497
4,0.585088746877465,-0.0362975393562166,0.0020682618120213
4,0.587085622636402,-0.0364325774470626,0.00208299089252913
4,0.589082498395339,-0.0365674435040528,0.00209776676248444
4,0.591079374154275,-0.0367021350059366,0.00211258927120751
4,0.593076249913212,-0.0368366494314631,0.00212745826672291
4,0.595073125672149,-0.0369709842593814,0.00214237359575956
4,0.597070001431086,-0.0371051369684407,0.00215733510375066
4,0.599066877190023,-0.0372391050373903,0.00217234263483374
4,0.60106375294896,-0.0373728859449792,0.00218739603185065
4,0.603060628707896,-0.0375064771699566,0.00220249513634754
4,0.605057504466833,-0.0376398761910717,0.00221763978857488
4,0.60705438022577,-0.0377730804870737,0.00223282982748743
4,0.609051255984707,-0.0379060875367117,0.0022480650907443
4,0.611048131743644,-0.038038894818735,0.00226334541470889
4,0.613045007502581,-0.0381714998118926,0.00227867063444891
4,0.615041883261517,-0.0383038999949338,0.0022940405837364
4,0.617038759020454,-0.0384360928466077,0.0023094550950477
4,0.619035634779391,-0.0385680758456634,0.00232491399956346
4,0.621032510538328,-0.0386998464708503,0.00234041712716865
4,0.623029386297265,-0.0388314022009174,0.00235596430645256
4,0.625026262056201,-0.0389627405146138,0.00237155536470877
4,0.627023137815138,-0.0390938588906889,0.00238719012793521
4,0.629020013574075,-0.0392247548078917,0.00240286842083407
4,0.631016889333012,-0.0393554257449714,0.0024185900668119
4,0.633013765091949,-0.0394858691806772,0.00243435488797955
4,0.635010640850886,-0.0396160825937582,0.00245016270515217
4,0.637007516609823,-0.0397460634629637,0.00246601333784922
4,0.639004392368759,-0.0398758092670427,0.00248190660429451
4,0.641001268127696,-0.0400053174847445,0.00249784232141611
4,0.642998143886633,-0.0401345855948183,0.00251382030484645
4,0.64499501964557,-0.0402636110760131,0.00252984036892224
4,0.646991895404507,-0.0403923914070782,0.00254590232668452
4,0.648988771163444,-0.0405209240667628,0.00256200598987864
4,0.65098564692238,-0.040649206533816,0.00257815116895425
4,0.652982522681317,-0.0407772362869869,0.00259433767306533
4,0.654979398440254,-0.0409050108050249,0.00261056531007018
4,0.656976274199191,-0.0410325275666789,0.00262683388653137
4,0.658973149958128,-0.0411597840506982,0.00264314320771584
4,0.660970025717065,-0.041286777735832,0.0026594930775948
4,0.662966901476001,-0.0414135061008294,0.00267588329884379
4,0.664963777234938,-0.0415399666244396,0.00269231367284266
4,0.666960652993875,-0.0416661567854118,0.00270878399967558
4,0.668957528752812,-0.0417920740624952,0.00272529407813101
4,0.670954404511749,-0.0419177159344388,0.00274184370570176
4,0.672951280270686,-0.0420430798799919,0.00275843267858492
4,0.674948156029623,-0.0421681633779037,0.0027750607916819
4,0.676945031788559,-0.0422929639069233,0.00279172783859843
4,0.678941907547496,-0.0424174789457999,0.00280843361164455
4,0.680938783306433,-0.0425417059732827,0.00282517790183463
4,0.68293565906537,-0.0426656424681208,0.00284196049888731
4,0.684932534824307,-0.0427892859090634,0.00285878119122558
4,0.686929410583244,-0.0429126337748597,0.00287563976597673
4,0.68892628634218,-0.0430356835442588,0.00289253600897237
4,0.690923162101117,-0.0431584326960099,0.00290946970474841
4,0.692920037860054,-0.0432808787088622,0.00292644063654508
4,0.694916913618991,-0.0434030190615649,0.00294344858630693
4,0.696913789377928,-0.0435248512328671,0.00296049333468281
4,0.698910665136865,-0.043646372701518,0.00297757466102588
4,0.700907540895801,-0.0437675809462668,0.00299469234339363
4,0.702904416654738,-0.0438884734458625,0.00301184615854786
4,0.704901292413675,-0.0440090476790545,0.00302903588195467
4,0.706898168172612,-0.0441293011245919,0.00304626128778447
4,0.708895043931549,-0.0442492312612238,0.00306352214891201
4,0.710891919690486,-0.0443688355676994,0.00308081823691633
4,0.712888795449423,-0.0444881115227679,0.00309814932208077
4,0.714885671208359,-0.0446070566051785,0.00311551517339303
4,0.716882546967296,-0.0447256682936803,0.00313291555854507
4,0.718879422726233,-0.0448439440670225,0.0031503502439332
4,0.72087629848517,-0.0449618814039542,0.00316781899465802
4,0.722873174244107,-0.0450794777832247,0.00318532157452446
4,0.724870050003044,-0.0451967306835831,0.00320285774604175
4,0.72686692576198,-0.0453136375837785,0.00322042727042344
4,0.728863801520917,-0.0454301959625602,0.00323802990758739
4,0.730860677279854,-0.0455464032986774,0.00325566541615577
4,0.732857553038791,-0.0456622570708791,0.00327333355345507
4,0.734854428797728,-0.0457777547579145,0.00329103407551608
4,0.736851304556665,-0.0458928938385329,0.00330876673707393
4,0.738848180315601,-0.0460076717914834,0.00332653129156803
4,0.740845056074538,-0.0461220860955151,0.00334432749114212
4,0.742841931833475,-0.0462361342293773,0.00336215508664425
4,0.744838807592412,-0.0463498136718191,0.00338001382762679
4,0.746835683351349,-0.0464631219015897,0.00339790346234641
4,0.748832559110286,-0.0465760563974382,0.00341582373776409
4,0.750829434869222,-0.0466886146381138,0.00343377439954515
4,0.752826310628159,-0.0468007941023657,0.00345175519205919
4,0.754823186387096,-0.0469125922689431,0.00346976585838014
4,0.756820062146033,-0.0470240066165951,0.00348780614028624
4,0.75881693790497,-0.0471350346240709,0.00350587577826004
4,0.760813813663907,-0.0472456737701197,0.00352397451148842
4,0.762810689422843,-0.0473559215334905,0.00354210207786254
4,0.76480756518178,-0.0474657753929327,0.0035602582139779
4,0.766804440940717,-0.0475752328271954,0.0035784426551343
4,0.768801316699654,-0.0476842913150277,0.00359665513533586
4,0.770798192458591,-0.0477929483351789,0.00361489538729101
4,0.772795068217528,-0.047901201366398,0.00363316314241249
4,0.774791943976464,-0.0480090478874343,0.00365145813081736
4,0.776788819735401,-0.0481164853770369,0.00366978008132699
4,0.778785695494338,-0.048223511313955,0.00368812872146704
4,0.780782571253275,-0.0483301231769377,0.00370650377746753
4,0.782779447012212,-0.0484363184447344,0.00372490497426275
4,0.784776322771149,-0.048542094596094,0.00374333203549132
4,0.786773198530086,-0.0486474491097657,0.00376178468349619
4,0.788770074289022,-0.0487523794644989,0.00378026263932458
4,0.790766950047959,-0.0488568831390425,0.00379876562272806
4,0.792763825806896,-0.0489609576121459,0.0038172933521625
4,0.794760701565833,-0.0490646003625581,0.00383584554478808
4,0.79675757732477,-0.0491678088690283,0.00385442191646931
4,0.798754453083707,-0.0492705806103057,0.00387302218177498
4,0.800751328842643,-0.0493729130651395,0.00389164605397822
4,0.80274820460158,-0.0494748037122788,0.00391029324505646
4,0.804745080360517,-0.0495762500304729,0.00392896346569146
4,0.806741956119454,-0.0496772494984708,0.00394765642526927
4,0.808738831878391,-0.0497777995950218,0.00396637183188026
4,0.810735707637328,-0.0498778977988749,0.00398510939231913
4,0.812732583396264,-0.0499775415887795,0.00400386881208486
4,0.814729459155201,-0.0500767284434846,0.00402264979538077
4,0.816726334914138,-0.0501754558417395,0.00404145204511449
4,0.818723210673075,-0.0502737212622932,0.00406027526289795
4,0.820720086432012,-0.0503715221838951,0.00407911914904741
4,0.822716962190949,-0.0504688560852941,0.00409798340258341
4,0.824713837949886,-0.0505657204452396,0.00411686772123085
4,0.826710713708822,-0.0506621127424806,0.00413577180141891
4,0.828707589467759,-0.0507580304557664,0.00415469533828108
4,0.830704465226696,-0.0508534710638461,0.00417363802565519
4,0.832701340985633,-0.0509484320454689,0.00419259955608336
4,0.83469821674457,-0.051042910879384,0.00421157962081203
4,0.836695092503507,-0.0511369050443405,0.00423057790979196
4,0.838691968262443,-0.0512304120190876,0.0042495941116782
4,0.84068884402138,-0.0513234292823744,0.00426862791383014
4,0.842685719780317,-0.0514159543129502,0.00428767900231146
4,0.844682595539254,-0.0515079845895641,0.00430674706189017
4,0.846679471298191,-0.0515995175909653,0.0043258317760386
4,0.848676347057128,-0.0516905507959029,0.00434493282693335
4,0.850673222816064,-0.0517810816831262,0.00436404989545538
4,0.852670098575001,-0.0518711077313842,0.00438318266118995
4,0.854666974333938,-0.0519606264194262,0.00440233080242662
4,0.856663850092875,-0.0520496352260013,0.00442149399615927
4,0.858660725851812,-0.0521381316298588,0.0044406719180861
4,0.860657601610749,-0.0522261131097476,0.00445986424260961
4,0.862654477369685,-0.0523135771444172,0.00447907064283661
4,0.864651353128622,-0.0524005212126165,0.00449829079057825
4,0.866648228887559,-0.0524869427930949,0.00451752435634997
4,0.868645104646496,-0.0525728393646013,0.00453677100937152
4,0.870641980405433,-0.0526582084058851,0.00455603041756697
4,0.87263885616437,-0.0527430473956954,0.00457530224756471
4,0.874635731923306,-0.0528273538127814,0.00459458616469743
4,0.876632607682243,-0.0529111251358921,0.00461388183300215
4,0.87862948344118,-0.0529943588437769,0.00463318891522018
4,0.880626359200117,-0.0530770524151849,0.00465250707279716
4,0.882623234959054,-0.0531592033288652,0.00467183596588303
4,0.884620110717991,-0.0532408090635669,0.00469117525333205
4,0.886616986476928,-0.0533218670980394,0.00471052459270281
4,0.888613862235864,-0.0534023749110318,0.00472988364025818
4,0.890610737994801,-0.0534823299812931,0.00474925205096536
4,0.892607613753738,-0.0535617297875726,0.00476862947849586
4,0.894604489512675,-0.0536405718086195,0.00478801557522551
4,0.896601365271612,-0.053718853523183,0.00480740999223444
4,0.898598241030549,-0.0537965724100121,0.00482681237930711
4,0.900595116789485,-0.0538737259478561,0.00484622238493227
4,0.902591992548422,-0.0539503116154641,0.004865639656303
4,0.904588868307359,-0.0540263268915854,0.00488506383931669
4,0.906585744066296,-0.054101769254969,0.00490449457857504
4,0.908582619825233,-0.0541766361843642,0.00492393151738407
4,0.91057949558417,-0.0542509251585201,0.0049433742977541
4,0.912576371343107,-0.0543246336561859,0.00496282256039977
4,0.914573247102043,-0.0543977591561108,0.00498227594474003
4,0.91657012286098,-0.0544702991370439,0.00500173408889814
4,0.918566998619917,-0.0545422510777344,0.00502119662970169
4,0.920563874378854,-0.0546136124569314,0.00504066320268257
4,0.922560750137791,-0.0546843807533842,0.00506013344207697
4,0.924557625896727,-0.054754553445842,0.00507960698082542
4,0.926554501655664,-0.0548241280130538,0.00509908345057275
4,0.928551377414601,-0.0548931019337688,0.00511856248166809
4,0.930548253173538,-0.0549614726867363,0.0051380437031649
4,0.932545128932475,-0.0550292377507053,0.00515752674282095
4,0.934542004691412,-0.0550963946044252,0.00517701122709832
4,0.936538880450348,-0.0551629407266449,0.00519649678116339
4,0.938535756209285,-0.0552288735961138,0.00521598302888689
4,0.940532631968222,-0.0552941906915809,0.00523546959284382
4,0.942529507727159,-0.0553588894917955,0.00525495609431353
4,0.944526383486096,-0.0554229674755067,0.00527444215327964
4,0.946523259245033,-0.0554864221214637,0.00529392738843012
4,0.94852013500397,-0.0555492509084156,0.00531341141715725
4,0.950517010762906,-0.0556114513151117,0.00533289385555759
4,0.952513886521843,-0.055673020820301,0.00535237431843206
4,0.95451076228078,-0.0557339569027328,0.00537185241928585
4,0.956507638039717,-0.0557942570411562,0.00539132777032848
4,0.958504513798654,-0.0558539187143205,0.0054107999824738
4,0.960501389557591,-0.0559129394009747,0.00543026866533995
4,0.962498265316527,-0.055971316579868,0.00544973342724939
4,0.964495141075464,-0.0560290477297497,0.00546919387522889
4,0.966492016834401,-0.0560861303293688,0.00548864961500953
4,0.968488892593338,-0.0561425618574746,0.00550810025102672
4,0.970485768352275,-0.0561983397928163,0.00552754538642017
4,0.972482644111212,-0.0562534616141429,0.00554698462303389
4,0.974479519870149,-0.0563079248002037,0.00556641756141623
4,0.976476395629085,-0.0563617268297478,0.00558584380081983
4,0.978473271388022,-0.0564148651815244,0.00560526293920167
4,0.980470147146959,-0.0564673373342827,0.005624674573223
4,0.982467022905896,-0.0565191407667718,0.00564407829824943
4,0.984463898664833,-0.056570272957741,0.00566347370835085
4,0.986460774423769,-0.0566207313859393,0.00568286039630147
4,0.988457650182706,-0.056670513530116,0.00570223795357982
4,0.990454525941643,-0.0567196168690202,0.00572160597036874
4,0.99245140170058,-0.0567680388814012,0.00574096403555539
4,0.994448277459517,-0.0568157770460079,0.00576031173673122
4,0.996445153218454,-0.0568628288415897,0.00577964866019202
4,0.998442028977391,-0.0569091917468957,0.00579897439093787
37,1.2120004212849e-05,0,0
37,0.00200871545650192,-0.000169495929944204,4.07430065445665e-08
37,0.00400531090879099,-0.0003391179013518,1.63037597767019e-07
37,0.00600190636108006,-0.000508863957991723,3.669811821005e-07
37,0.00799850181336913,-0.000678732143632909,6.52669902711496e-07
37,0.0099950972656582,-0.000848720502044294,1.02019863749984e-06
37,0.0119916927179473,-0.00101882707699481,1.46966099909873e-06
37,0.0139882881702363,-0.0011890499122534,2.00114933487468e-06
37,0.0159848836225254,-0.001359387051589,2.61475472692758e-06
37,0.0179814790748145,-0.00152983653877054,3.31056699209065e-06
37,0.0199780745271036,-0.00170039641756695,4.08867468193047e-06
37,0.0219746699793926,-0.00187106473174718,4.94916508274697e-06
37,0.0239712654316817,-0.00204183952508015,5.8921242155734e-06
37,0.0259678608839708,-0.00221271884133481,6.91763683617639e-06
37,0.0279644563362598,-0.00238370072428009,8.02578643505591e-06
37,0.0299610517885489,-0.00255478321768493,9.21665523744526e-06
37,0.031957647240838,-0.00272596436531825,1.04903242033111e-05
37,0.0339542426931271,-0.00289724221094901,1.18468730273535e-05
37,0.0359508381454161,-0.00306861479834612,1.32863801390057e-05
37,0.0379474335977052,-0.00324008017127854,1.48089227024345e-05
37,0.0399440290499943,-0.00341163637351519,1.64145766165399e-05
37,0.0419406245022833,-0.00358328144882501,1.81034165149553e-05
37,0.0439372199545724,-0.00375501344097693,1.98755157660475e-05
37,0.0459338154068615,-0.00392683039373989,2.17309464729165e-05
37,0.0479304108591505,-0.00409873035088284,2.36697794733958e-05
37,0.0499270063114396,-0.00427071135617469,2.56920843400523e-05
37,0.0519236017637287,-0.00444277145338439,2.77979293801859e-05
37,0.0539201972160177,-0.00461490868628088,2.99873816358303e-05
37,0.0559167926683068,-0.00478712109863309,3.22605068837522e-05
37,0.0579133881205959,-0.00495940673420995,3.46173696354519e-05
37,0.059909983572885,-0.0051317636367804,3.70580331371627e-05
37,0.061906579025174,-0.00530418985011338,3.95825593698518e-05
37,0.0639031744774631,-0.00547668341797782,4.21910090492191e-05
37,0.0658997699297522,-0.00564924238414266,4.48834416256985e-05
37,0.0678963653820412,-0.00582186479237683,4.76599152844566e-05
37,0.0698929608343303,-0.00599454868644927,5.05204869453938e-05
37,0.0718895562866194,-0.00616729211012892,5.34652122631438e-05
37,0.0738861517389084,-0.00634009310718471,5.64941456270735e-05
37,0.0758827471911975,-0.00651294972138557,5.96073401612832e-05
37,0.0778793426434866,-0.00668585999650045,6.28048477246065e-05
37,0.0798759380957757,-0.00685882197629827,6.60867189106104e-05
37,0.0818725335480647,-0.00703183370454798,6.94530030475954e-05
37,0.0838691290003538,-0.00720489322501851,7.29037481985951e-05
37,0.0858657244526429,-0.00737799858147879,7.64390011613766e-05
37,0.0878623199049319,-0.00755114781769776,8.00588074684402e-05
37,0.089858915357221,-0.00772433897744436,8.37632113870197e-05
37,0.0918555108095101,-0.00789757010448752,8.75522559190822e-05
37,0.0938521062617992,-0.00807083924259617,9.14259828013281e-05
37,0.0958487017140882,-0.00824414443553926,9.53844325051913e-05
37,0.0978452971663773,-0.00841748372708572,9.94276442368387e-05
37,0.0998418926186664,-0.00859085516100449,0.000103555655937171
37,0.101838488070955,-0.00876425678106449,0.000107768504281822
37,0.103835083523245,-0.00893768663103467,0.000112066224681159
37,0.105831678975534,-0.00911114275468396,0.000116448851280282
37,0.107828274427823,-0.0092846231957813,0.000120916416959025
37,0.109824869880112,-0.00945812599809563,0.000125468953331956
37,0.111821465332401,-0.00963164920539587,0.000130106490748375
37,0.11381806078469,-0.00980519086145096,0.000134829058292316
37,0.115814656236979,-0.00997874901002985,0.000139636683782546
37,0.117811251689268,-0.0101523216949015,0.000144529393772566
37,0.119807847141557,-0.0103259069598347,0.000149507213550609
37,0.121804442593846,-0.0104995028485986,0.000154570167139644
37,0.123801038046135,-0.010673107404962,0.000159718277297371
37,0.125797633498424,-0.0108467186726939,0.000164951565516223
37,0.127794228950713,-0.0110203346955632,0.000170270052023368
37,0.129790824403002,-0.0111939535173388,0.000175673755780707
37,0.131787419855291,-0.0113675731817897,0.000181162694484874
37,0.133784015307581,-0.0115411917326848,0.000186736884567236
37,0.13578061075987,-0.011714807213793,0.000192396341193894
37,0.137777206212159,-0.0118884176688834,0.000198141078265682
37,0.139773801664448,-0.0120620211417247,0.000203971108418167
37,0.141770397116737,-0.012235615676086,0.000209886443021651
37,0.143766992569026,-0.0124091993157362,0.000215887092181167
37,0.145763588021315,-0.0125827701044442,0.000221973064736484
37,0.147760183473604,-0.012756326085979,0.0002281443682621
37,0.149756778925893,-0.0129298653041095,0.000234401009067252
37,0.151753374378182,-0.0131033858026046,0.000240742992195906
37,0.153749969830471,-0.0132768856252333,0.000247170321426763
37,0.15574656528276,-0.0134503628157644,0.000253682999273258
37,0.157743160735049,-0.0136238154179671,0.000260281026983558
37,0.159739756187338,-0.0137972414756101,0.000266964404540563
37,0.161736351639628,-0.0139706390324624,0.000273733130661909
37,0.163732947091917,-0.0141440061322929,0.000280587202799963
37,0.165729542544206,-0.0143173408188707,0.000287526617141826
37,0.167726137996495,-0.0144906411359645,0.000294551368609331
37,0.169722733448784,-0.0146639051273434,0.000301661450859048
37,0.171719328901073,-0.0148371308367763,0.000308856856282276
37,0.173715924353362,-0.0150103163080322,0.00031613757600505
37,0.175712519805651,-0.0151834595848798,0.000323503599888138
37,0.17770911525794,-0.0153565587110883,0.000330954916527041
37,0.179705710710229,-0.0155296117304265,0.000338491513251993
37,0.181702306162518,-0.0157026166866634,0.000346113376127962
37,0.183698901614807,-0.0158755716235679,0.000353820489954648
37,0.185695497067096,-0.0160484745849089,0.000361612838266488
37,0.187692092519385,-0.0162213236144554,0.000369490403332648
37,0.189688687971675,-0.0163941167559763,0.000377453166157028
37,0.191685283423964,-0.0165668520532406,0.000385501106478265
37,0.193681878876253,-0.0167395275500171,0.000393634202769726
37,0.195678474328542,-0.0169121412900749,0.000401852432239511
37,0.197675069780831,-0.0170846913171828,0.000410155770830455
37,0.19967166523312,-0.0172571756751098,0.000418544193220127
37,0.201668260685409,-0.0174295924076248,0.000427017672820828
37,0.203664856137698,-0.0176019395584967,0.000435576181779591
37,0.205661451589987,-0.0177742151714946,0.000444219690978185
37,0.207658047042276,-0.0179464172903873,0.000452948170033111
37,0.209654642494565,-0.0181185439589438,0.000461761587295604
37,0.211651237946854,-0.018290593220933,0.000470659909851632
37,0.213647833399143,-0.0184625631201238,0.000479643103521896
37,0.215644428851432,-0.0186344517002852,0.00048871113286183
37,0.217641024303721,-0.0188062570051861,0.000497863961161603
37,0.219637619756011,-0.0189779770785954,0.000507101550446116
37,0.2216342152083,-0.0191496099642822,0.000516423861475004
37,0.223630810660589,-0.0193211537060152,0.000525830853742634
37,0.225627406112878,-0.0194926063475635,0.000535322485478108
37,0.227624001565167,-0.019663965932696,0.000544898713645262
37,0.229620597017456,-0.0198352305051816,0.000554559493942662
37,0.231617192469745,-0.0200063981087893,0.000564304780803611
37,0.233613787922034,-0.0201774667872879,0.000574134527396142
37,0.235610383374323,-0.0203484345844465,0.000584048685623026
37,0.237606978826612,-0.020519299544034,0.000594047206121761
37,0.239603574278901,-0.0206900597098193,0.000604130038264584
37,0.24160016973119,-0.0208607131255713,0.000614297130158463
37,0.243596765183479,-0.021031257835059,0.0006245484286451
37,0.245593360635768,-0.0212016918820512,0.000634883879300928
37,0.247589956088058,-0.0213720133103171,0.000645303426437116
37,0.249586551540347,-0.0215422201636254,0.000655807013099566
37,0.251583146992636,-0.0217123104857451,0.000666394581068914
37,0.253579742444925,-0.0218822823204452,0.000677066070860526
37,0.255576337897214,-0.0220521337114946,0.000687821421724504
37,0.257572933349503,-0.0222218627026622,0.000698660571645685
37,0.259569528801792,-0.0223914673377169,0.000709583457343635
37,0.261566124254081,-0.0225609456604278,0.000720590014272657
37,0.26356271970637,-0.0227302957145637,0.000731680176621785
37,0.265559315158659,-0.0228995155438935,0.000742853877314787
37,0.267555910610948,-0.0230686031921863,0.000754111048010167
37,0.269552506063237,-0.0232375567032109,0.000765451619101158
37,0.271549101515526,-0.0234063741207362,0.000776875519715729
37,0.273545696967815,-0.0235750534885313,0.000788382677716581
37,0.275542292420105,-0.023743592850365,0.000799973019701151
37,0.277538887872394,-0.0239119902500063,0.000811646471001606
37,0.279535483324683,-0.0240802437312241,0.000823402955684846
37,0.281532078776972,-0.0242483513377874,0.00083524239655251
37,0.283528674229261,-0.024416311113465,0.000847164715140964
37,0.28552526968155,-0.024584121102026,0.000859169831721311
37,0.287521865133839,-0.0247517793472392,0.000871257665299384
37,0.289518460586128,-0.0249192838928737,0.000883428133615754
37,0.291515056038417,-0.0250866327826982,0.000895681153145722
37,0.293511651490706,-0.0252538240604819,0.000908016639099322
37,0.295508246942995,-0.0254208557699935,0.000920434505421325
37,0.297504842395284,-0.0255877259550021,0.000932934664791231
37,0.299501437847573,-0.0257544326592765,0.000945517028623276
37,0.301498033299862,-0.0259209739265857,0.000958181507066428
37,0.303494628752152,-0.0260873478006987,0.00097092800900439
37,0.305491224204441,-0.0262535523253844,0.000983756442055595
37,0.30748781965673,-0.0264195855444117,0.000996666712573215
37,0.309484415109019,-0.0265854455015495,0.00100965872564515
37,0.311481010561308,-0.0267511302405669,0.00102273238509403
37,0.313477606013597,-0.0269166378052326,0.00103588759347724
37,0.315474201465886,-0.0270819662393157,0.00104912425208686
37,0.317470796918175,-0.0272471135865851,0.00106244226094975
37,0.319467392370464,-0.0274120778908098,0.00107584151882746
37,0.321463987822753,-0.0275768571957586,0.00108932192321629
37,0.323460583275042,-0.0277414495452005,0.00110288337034729
37,0.325457178727331,-0.0279058529829044,0.00111652575518622
37,0.32745377417962,-0.0280700655526393,0.00113024897143358
37,0.329450369631909,-0.0282340852981741,0.00114405291152461
37,0.331446965084198,-0.0283979102632778,0.00115793746662929
37,0.333443560536488,-0.0285615384917192,0.0011719025266523
37,0.335440155988777,-0.0287249680272674,0.00118594798023308
37,0.337436751441066,-0.0288881969136912,0.00120007371474582
37,0.339433346893355,-0.0290512231947596,0.00121427961629939
37,0.341429942345644,-0.0292140449142415,0.00122856556973745
37,0.343426537797933,-0.0293766601159059,0.00124293145863837
37,0.345423133250222,-0.0295390668435217,0.00125737716531523
37,0.347419728702511,-0.0297012631408578,0.00127190257081589
37,0.3494163241548,-0.0298632470516831,0.0012865075549229
37,0.351412919607089,-0.0300250166197667,0.00130119199615357
37,0.353409515059378,-0.0301865698888774,0.00131595577175994
37,0.355406110511667,-0.0303479049027842,0.00133079875772877
37,0.357402705963956,-0.030509019705256,0.00134572082878157
37,0.359399301416245,-0.0306699123400617,0.00136072185837458
37,0.361395896868535,-0.0308305808509703,0.00137580171869875
37,0.363392492320824,-0.0309910232817507,0.0013909602806798
37,0.365389087773113,-0.0311512376761719,0.00140619741397816
37,0.367385683225402,-0.0313112220780028,0.001421512986989
37,0.369382278677691,-0.0314709745310123,0.00143690686684222
37,0.37137887412998,-0.0316304930789693,0.00145237891940246
37,0.373375469582269,-0.0317897757656428,0.00146792900926909
37,0.375372065034558,-0.0319488206348018,0.0014835569997762
37,0.377368660486847,-0.0321076257302151,0.00149926275299264
37,0.379365255939136,-0.0322661890956517,0.00151504612972197
37,0.381361851391425,-0.0324245087748806,0.0015309069895025
37,0.383358446843714,-0.0325825828116706,0.00154684519060726
37,0.385355042296003,-0.0327404092497908,0.00156286059004402
37,0.387351637748292,-0.03289798613301,0.00157895304355529
37,0.389348233200582,-0.0330553115050971,0.0015951224056183
37,0.391344828652871,-0.0332123834098212,0.00161136852944501
37,0.39334142410516,-0.0333691998909512,0.00162769126698214
37,0.395338019557449,-0.0335257589922559,0.00164409046891111
37,0.397334615009738,-0.0336820587575043,0.0016605659846481
37,0.399331210462027,-0.0338380972304654,0.00167711766234401
37,0.401327805914316,-0.0339938724549081,0.00169374534888448
37,0.403324401366605,-0.0341493824746013,0.00171044888988987
37,0.405320996818894,-0.034304625333314,0.00172722812971529
37,0.407317592271183,-0.0344595990748151,0.00174408291145057
37,0.409314187723472,-0.0346143017428735,0.00176101307692029
37,0.411310783175761,-0.0347687313812582,0.00177801846668374
37,0.41330737862805,-0.0349228860337381,0.00179509892003496
37,0.415303974080339,-0.0350767637440822,0.00181225427500273
37,0.417300569532629,-0.0352303625560593,0.00182948436835053
37,0.419297164984918,-0.0353836805134384,0.00184678903557662
37,0.421293760437207,-0.0355367156599885,0.00186416811091396
37,0.423290355889496,-0.0356894660394785,0.00188162142733025
37,0.425286951341785,-0.0358419296956773,0.00189914881652793
37,0.427283546794074,-0.0359941046723538,0.00191675010894416
37,0.429280142246363,-0.036145989013277,0.00193442513375086
37,0.431276737698652,-0.0362975807622159,0.00195217371885465
37,0.433273333150941,-0.0364488779629394,0.00196999569089691
37,0.43526992860323,-0.0365998786592163,0.00198789087525374
37,0.437266524055519,-0.0367505808948157,0.00200585909603598
37,0.439263119507808,-0.0369009827135064,0.00202390017608919
37,0.441259714960097,-0.0370510821590574,0.00204201393699368
37,0.443256310412386,-0.0372008772752377,0.00206020019906448
37,0.445252905864676,-0.0373503661058162,0.00207845878135137
37,0.447249501316965,-0.0374995466945618,0.00209678950163884
37,0.449246096769254,-0.0376484170852434,0.00211519217644614
37,0.451242692221543,-0.03779697532163,0.00213366662102723
37,0.453239287673832,-0.0379452194474906,0.00215221264937082
37,0.455235883126121,-0.038093147506594,0.00217083007420034
37,0.45723247857841,-0.0382407575427091,0.00218951870697396
37,0.459229074030699,-0.0383880475996051,0.00220827835788458
37,0.461225669482988,-0.0385350157210507,0.00222710883585985
37,0.463222264935277,-0.0386816599508148,0.00224600994856213
37,0.465218860387566,-0.0388279783326665,0.00226498150238853
37,0.467215455839855,-0.0389739689103747,0.00228402330247087
37,0.469212051292144,-0.0391196297277083,0.00230313515267574
37,0.471208646744433,-0.0392649588284363,0.00232231685560443
37,0.473205242196722,-0.0394099542563275,0.00234156821259298
37,0.475201837649012,-0.0395546140551509,0.00236088902371216
37,0.477198433101301,-0.0396989362686755,0.00238027908776747
37,0.47919502855359,-0.0398429189406701,0.00239973820229916
37,0.481191624005879,-0.0399865601149038,0.00241926616358218
37,0.483188219458168,-0.0401298578351454,0.00243886276662625
37,0.485184814910457,-0.040272810145164,0.00245852780517579
37,0.487181410362746,-0.0404154150887283,0.00247826107170999
37,0.489178005815035,-0.0405576707096074,0.00249806235744274
37,0.491174601267324,-0.0406995750515702,0.00251793145232268
37,0.493171196719613,-0.0408411261583857,0.00253786814503318
37,0.495167792171902,-0.0409823220738227,0.00255787222299234
37,0.497164387624191,-0.0411231608416502,0.002577943472353
37,0.49916098307648,-0.0412636405056372,0.00259808167800273
37,0.50115757852877,-0.0414037591095526,0.00261828662356383
37,0.503154173981059,-0.0415435146971652,0.00263855809139334
37,0.505150769433348,-0.0416829053122441,0.00265889586258304
37,0.507147364885637,-0.0418219289985582,0.00267929971695941
37,0.509143960337926,-0.0419605837998765,0.00269976943308371
37,0.511140555790215,-0.0420988677599677,0.00272030478825189
37,0.513137151242504,-0.042236778922601,0.00274090555849467
37,0.515133746694793,-0.0423743153315452,0.00276157151857748
37,0.517130342147082,-0.0425114750305692,0.00278230244200049
37,0.519126937599371,-0.0426482560634421,0.0028030981009986
37,0.52112353305166,-0.0427846564739327,0.00282395826654145
37,0.523120128503949,-0.0429206743058099,0.00284488270833342
37,0.525116723956238,-0.0430563076028428,0.0028658711948136
37,0.527113319408527,-0.0431915544088002,0.00288692349315583
37,0.529109914860816,-0.043326412767451,0.00290803936926868
37,0.531106510313106,-0.0434608807225643,0.00292921858779545
37,0.533103105765395,-0.043594956317909,0.00295046091211419
37,0.535099701217684,-0.0437286375972539,0.00297176610433767
37,0.537096296669973,-0.0438619226043681,0.00299313392531337
37,0.539092892122262,-0.0439948093830203,0.00301456413462355
37,0.541089487574551,-0.0441272959769797,0.00303605649058517
37,0.54308608302684,-0.0442593804300152,0.00305761075024994
37,0.545082678479129,-0.0443910607858955,0.0030792266694043
37,0.547079273931418,-0.0445223350883898,0.0031009040025694
37,0.549075869383707,-0.0446532013812669,0.00312264250300117
37,0.551072464835996,-0.0447836577082958,0.00314444192269023
37,0.553069060288285,-0.0449137021132454,0.00316630201236196
37,0.555065655740574,-0.0450433326398846,0.00318822252147645
37,0.557062251192863,-0.0451725473319824,0.00321020319822855
37,0.559058846645152,-0.0453013442333077,0.00323224378954783
37,0.561055442097442,-0.0454297213876295,0.00325434404109859
37,0.563052037549731,-0.0455576768387167,0.00327650369727987
37,0.56504863300202,-0.0456852086303381,0.00329872250122543
37,0.567045228454309,-0.0458123148062628,0.00332100019480379
37,0.569041823906598,-0.0459389934102598,0.00334333651861818
37,0.571038419358887,-0.0460652424860978,0.00336573121200656
37,0.573035014811176,-0.0461910600775459,0.00338818401304165
37,0.575031610263465,-0.046316444228373,0.00341069465853088
37,0.577028205715754,-0.046441392982348,0.00343326288401642
37,0.579024801168043,-0.0465659043832399,0.00345588842377518
37,0.581021396620332,-0.0466899764748177,0.00347857101081879
37,0.583017992072621,-0.0468136073008501,0.00350131037689362
37,0.58501458752491,-0.0469367949051062,0.00352410625248078
37,0.5870111829772,-0.047059537331355,0.00354695836679611
37,0.589007778429489,-0.0471818326233652,0.00356986644779017
37,0.591004373881778,-0.047303678824906,0.00359283022214826
37,0.593000969334067,-0.0474250739797462,0.00361584941529044
37,0.594997564786356,-0.0475460161316547,0.00363892375137146
37,0.596994160238645,-0.0476665033244006,0.00366205295328084
37,0.598990755690934,-0.0477865336017526,0.0036852367426428
37,0.600987351143223,-0.0479061050074798,0.00370847483981632
37,0.602983946595512,-0.0480252155853512,0.0037317669638951
37,0.604980542047801,-0.0481438633791355,0.00375511283270759
37,0.60697713750009,-0.0482620464326018,0.00377851216281695
37,0.608973732952379,-0.048379762789519,0.00380196466952108
37,0.610970328404668,-0.0484970104936561,0.00382547006685263
37,0.612966923856957,-0.0486137875887819,0.00384902806757896
37,0.614963519309247,-0.0487300921186655,0.00387263838320218
37,0.616960114761536,-0.0488459221270757,0.00389630072395913
37,0.618956710213825,-0.0489612756577815,0.00392001479882137
37,0.620953305666114,-0.0490761507545518,0.00394378031549521
37,0.622949901118403,-0.0491905454611555,0.00396759698042169
37,0.624946496570692,-0.0493044578213617,0.00399146449877659
37,0.626943092022981,-0.0494178858789391,0.00401538257447039
37,0.62893968747527,-0.0495308276776569,0.00403935091014835
37,0.630936282927559,-0.0496432812612838,0.00406336920719043
37,0.632932878379848,-0.0497552446735888,0.00408743716571133
37,0.634929473832137,-0.049866715958341,0.00411155448456051
37,0.636926069284426,-0.0499776931593091,0.00413572086132211
37,0.638922664736715,-0.0500881743202622,0.00415993599231506
37,0.640919260189004,-0.0501981574849691,0.00418419957259298
37,0.642915855641293,-0.0503076406971989,0.00420851129594425
37,0.644912451093582,-0.0504166220007204,0.00423287085489197
37,0.646909046545872,-0.0505250994393026,0.00425727794069399
37,0.648905641998161,-0.0506330710567144,0.00428173224334287
37,0.65090223745045,-0.0507405348967247,0.00430623345156591
37,0.652898832902739,-0.0508474890031026,0.00433078125282516
37,0.654895428355028,-0.0509539314196169,0.00435537533331738
37,0.656892023807317,-0.0510598601900365,0.00438001537797408
37,0.658888619259606,-0.0511652733581304,0.0044047010704615
37,0.660885214711895,-0.0512701689676676,0.00442943209318061
37,0.662881810164184,-0.0513745450624169,0.00445420812726711
37,0.664878405616473,-0.0514783996861474,0.00447902885259144
37,0.666875001068762,-0.0515817308826278,0.00450389394775877
37,0.668871596521051,-0.0516845366956273,0.00452880309010901
37,0.670868191973341,-0.0517868151689146,0.0045537559557168
37,0.672864787425629,-0.0518885643462588,0.0045787522193915
37,0.674861382877919,-0.0519897822714288,0.00460379155467722
37,0.676857978330208,-0.0520904669881935,0.0046288736338528
37,0.678854573782497,-0.0521906165403219,0.00465399812793181
37,0.680851169234786,-0.0522902289715829,0.00467916470666256
37,0.682847764687075,-0.0523893023257453,0.00470437303852807
37,0.684844360139364,-0.0524878346465783,0.00472962279074613
37,0.686840955591653,-0.0525858239778506,0.00475491362926925
37,0.688837551043942,-0.0526832683633313,0.00478024521878464
37,0.690834146496231,-0.0527801658467892,0.00480561722271429
37,0.69283074194852,-0.0528765144719933,0.00483102930321491
37,0.694827337400809,-0.0529723122827126,0.00485648112117793
37,0.696823932853098,-0.0530675573227159,0.00488197233622952
37,0.698820528305387,-0.0531622476357723,0.00490750260673059
37,0.700817123757676,-0.0532563812656506,0.00493307158977677
37,0.702813719209966,-0.0533499562561198,0.00495867894119844
37,0.704810314662255,-0.0534429706509488,0.0049843243155607
37,0.706806910114544,-0.0535354224939065,0.00501000736616339
37,0.708803505566833,-0.053627309828762,0.00503572774504108
37,0.710800101019122,-0.0537186306992841,0.00506148510296307
37,0.712796696471411,-0.0538093831492417,0.00508727908943342
37,0.7147932919237,-0.0538995652224038,0.00511310935269087
37,0.716789887375989,-0.0539891749625394,0.00513897553970895
37,0.718786482828278,-0.0540782104134173,0.00516487729619589
37,0.720783078280567,-0.0541666696188065,0.00519081426659466
37,0.722779673732856,-0.054254550622476,0.00521678609408296
37,0.724776269185145,-0.0543418514681946,0.00524279242057324
37,0.726772864637434,-0.0544285701997314,0.00526883288671266
37,0.728769460089723,-0.0545147048608552,0.00529490713188313
37,0.730766055542013,-0.0546002534953349,0.00532101479420129
37,0.732762650994302,-0.0546852141469396,0.00534715551051852
37,0.734759246446591,-0.0547695848594382,0.00537332891642091
37,0.73675584189888,-0.0548533636765995,0.0053995346462293
37,0.738752437351169,-0.0549365486421926,0.00542577233299927
37,0.740749032803458,-0.0550191377999863,0.00545204160852112
37,0.742745628255747,-0.0551011291937496,0.00547834210331988
37,0.744742223708036,-0.0551825208672514,0.00550467344665534
37,0.746738819160325,-0.0552633108642607,0.005531035266522
37,0.748735414612614,-0.0553434972285465,0.00555742718964909
37,0.750732010064903,-0.0554230780038775,0.00558384884150059
37,0.752728605517192,-0.0555020512340228,0.00561029984627519
37,0.754725200969481,-0.0555804149627514,0.00563677982690635
37,0.756721796421771,-0.0556581672338321,0.00566328840506223
37,0.75871839187406,-0.0557353060910338,0.00568982520114574
37,0.760714987326349,-0.0558118295781256,0.00571638983429452
37,0.762711582778638,-0.0558877357388763,0.00574298192238093
37,0.764708178230927,-0.0559630226170549,0.00576960108201208
37,0.766704773683216,-0.0560376882564304,0.00579624692852982
37,0.768701369135505,-0.0561117307007716,0.00582291907601071
37,0.770697964587794,-0.0561851479938475,0.00584961713726606
37,0.772694560040083,-0.056257938179427,0.0058763407238419
37,0.774691155492372,-0.0563300993012791,0.00590308944601902
37,0.776687750944661,-0.0564016294031727,0.00592986291281291
37,0.77868434639695,-0.0564725265288767,0.00595666073197381
37,0.780680941849239,-0.0565427887221601,0.0059834825099867
37,0.782677537301528,-0.0566124140267919,0.00601032785207128
37,0.784674132753817,-0.0566814004865408,0.00603719636218199
37,0.786670728206107,-0.056749746145176,0.006064087643008
37,0.788667323658396,-0.0568174490464662,0.00609100129597322
37,0.790663919110685,-0.0568845072341805,0.00611793692123629
37,0.792660514562974,-0.0569509187520878,0.00614489411769057
37,0.794657110015263,-0.057016681643957,0.00617187248296418
37,0.796653705467552,-0.0570817939535571,0.00619887161341995
37,0.798650300919841,-0.057146253724657,0.00622589110415545
37,0.80064689637213,-0.0572100590010256,0.006252930549003
37,0.802643491824419,-0.0572732078264318,0.00627998954052962
37,0.804640087276708,-0.0573356982446447,0.00630706767003709
37,0.806636682728997,-0.0573975282994331,0.00633416452756193
37,0.808633278181286,-0.057458696034566,0.00636127970187535
37,0.810629873633575,-0.0575191994938123,0.00638841278048335
37,0.812626469085864,-0.0575790367209409,0.00641556334962662
37,0.814623064538153,-0.0576382057597208,0.00644273099428059
37,0.816619659990443,-0.057696704653921,0.00646991529815546
37,0.818616255442732,-0.0577545314473102,0.00649711584369612
37,0.820612850895021,-0.0578116841836576,0.0065243322120822
37,0.82260944634731,-0.057868160906732,0.00655156398322809
37,0.824606041799599,-0.0579239596603024,0.00657881073578289
37,0.826602637251888,-0.0579790784881376,0.00660607204713042
37,0.828599232704177,-0.0580335154340067,0.00663334749338928
37,0.830595828156466,-0.0580872685416785,0.00666063664941277
37,0.832592423608755,-0.0581403358549221,0.00668793908878892
37,0.834589019061044,-0.0581927154175062,0.0067152543838405
37,0.836585614513333,-0.0582444052732,0.00674258210562503
37,0.838582209965622,-0.0582954034657722,0.00676992182393474
37,0.840578805417911,-0.0583457080389919,0.0067972731072966
37,0.842575400870201,-0.058395317036628,0.00682463552297231
37,0.844571996322489,-0.0584442285024494,0.00685200863695833
37,0.846568591774779,-0.0584924404802251,0.00687939201398582
37,0.848565187227068,-0.0585399510137239,0.00690678521752069
37,0.850561782679357,-0.0585867581467149,0.00693418780976357
37,0.852558378131646,-0.0586328599229669,0.00696159935164984
37,0.854554973583935,-0.0586782543862489,0.00698901940284961
37,0.856551569036224,-0.0587229395803298,0.0070164475217677
37,0.858548164488513,-0.0587669135489786,0.00704388326554371
37,0.860544759940802,-0.0588101743359642,0.00707132619005193
37,0.862541355393091,-0.0588527199850556,0.0070987758499014
37,0.86453795084538,-0.0588945485400216,0.00712623179843589
37,0.866534546297669,-0.0589356580446312,0.00715369358773392
37,0.868531141749958,-0.0589760465426534,0.00718116076860871
37,0.870527737202247,-0.059015712077857,0.00720863289060824
37,0.872524332654537,-0.0590546526940111,0.00723610950201523
37,0.874520928106826,-0.0590928664348845,0.0072635901498471
37,0.876517523559115,-0.0591303513442462,0.00729107437985603
37,0.878514119011404,-0.0591671054658651,0.00731856173652893
37,0.880510714463693,-0.0592031268435102,0.00734605176308743
37,0.882507309915982,-0.0592384135209504,0.00737354400148791
37,0.884503905368271,-0.0592729635419546,0.00740103799242148
37,0.88650050082056,-0.0593067749502917,0.00742853327531397
37,0.888497096272849,-0.0593398457897308,0.00745602938832596
37,0.890493691725138,-0.0593721741040407,0.00748352586835275
37,0.892490287177427,-0.0594037579369903,0.00751102225102439
37,0.894486882629716,-0.0594345953323487,0.00753851807070564
37,0.896483478082005,-0.0594646843338847,0.00756601286049601
37,0.898480073534294,-0.0594940229853673,0.00759350615222974
37,0.900476668986584,-0.0595226093305655,0.00762099747647581
37,0.902473264438873,-0.059550441413248,0.00764848636253792
37,0.904469859891162,-0.059577517277184,0.00767597233845451
37,0.906466455343451,-0.0596038349661423,0.00770345493099875
37,0.90846305079574,-0.0596293925238918,0.00773093366567855
37,0.910459646248029,-0.0596541879942015,0.00775840806673655
37,0.912456241700318,-0.0596782194208403,0.00778587765715012
37,0.914452837152607,-0.0597014848475773,0.00781334195863137
37,0.916449432604896,-0.0597239823181812,0.00784080049162714
37,0.918446028057185,-0.0597457098764211,0.007868252775319
37,0.920442623509474,-0.0597666655660658,0.00789569832762325
37,0.922439218961763,-0.0597868474308843,0.00792313666519095
37,0.924435814414052,-0.0598062535146456,0.00795056730340785
37,0.926432409866341,-0.0598248818611185,0.00797798975639447
37,0.928429005318631,-0.0598427305140721,0.00800540353700605
37,0.93042560077092,-0.0598597975172752,0.00803280815683255
37,0.932422196223209,-0.0598760809144968,0.0080602031261987
37,0.934418791675498,-0.0598915787495058,0.00808758795416391
37,0.936415387127787,-0.0599062890660712,0.00811496214852238
37,0.938411982580076,-0.0599202099079619,0.008142325215803
37,0.940408578032365,-0.0599333393189468,0.00816967666126942
37,0.942405173484654,-0.0599456753427949,0.00819701598892001
37,0.944401768936943,-0.059957216023275,0.00822434270148787
37,0.946398364389232,-0.0599679594041562,0.00825165630044085
37,0.948394959841521,-0.0599779035292074,0.00827895628598151
37,0.95039155529381,-0.0599870464421975,0.00830624215704717
37,0.952388150746099,-0.0599953861868954,0.00833351341130986
37,0.954384746198388,-0.0600029208070701,0.00836076954517636
37,0.956381341650677,-0.0600096483464905,0.00838801005378818
37,0.958377937102967,-0.0600155668489256,0.00841523443102155
37,0.960374532555256,-0.0600206743581442,0.00844244216948745
37,0.962371128007545,-0.0600249689179154,0.00846963276053158
37,0.964367723459834,-0.060028448572008,0.00849680569423439
37,0.966364318912123,-0.060031111364191,0.00852396045941104
37,0.968360914364412,-0.0600329553382334,0.00855109654361146
37,0.970357509816701,-0.060033978537904,0.00857821343312026
37,0.97235410526899,-0.0600341790069718,0.00860531061295683
37,0.974350700721279,-0.0600335547892057,0.00863238756687528
37,0.976347296173568,-0.0600321039283747,0.00865944377736445
37,0.978343891625857,-0.0600298244682477,0.0086864787256479
37,0.980340487078146,-0.0600267144525937,0.00871349189168395
37,0.982337082530435,-0.0600227719251815,0.00874048275416563
37,0.984333677982724,-0.0600179949297802,0.00876745079052072
37,0.986330273435014,-0.0600123815101586,0.00879439547691173
37,0.988326868887303,-0.0600059297100857,0.0088213162882359
37,0.990323464339592,-0.0599986375733304,0.00884821269812519
37,0.992320059791881,-0.0599905031436616,0.00887508417894632
37,0.99431665524417,-0.0599815244648484,0.00890193020180073
37,0.996313250696459,-0.0599716995806596,0.00892875023652459
37,0.998309846148748,-0.0599610265348641,0.0089555437516888
64,5.7358903670244e-06,0,0
64,0.00200217227430194,-0.000209631123204334,5.31196764750762e-08
64,0.00399860865823686,-0.000419249361715059,2.12609811361282e-07
64,0.00599504504217178,-0.000628853185436527,4.786656267511e-07
64,0.0079914814261067,-0.00083844106427309,8.51480429938374e-07
64,0.00998791781004162,-0.0010480114681291,1.3312456134183e-06
64,0.0119843541939765,-0.0012575628669089,1.91815065488744e-06
64,0.0139807905779115,-0.00146709373051685,2.61238311724371e-06
64,0.0159772269618464,-0.0016766025288573,3.41412864858638e-06
64,0.0179736633457813,-0.0018860877318346,4.32357098221608e-06
64,0.0199700997297162,-0.0020955478093531,5.3408919366348e-06
64,0.0219665361136511,-0.00230498123131715,6.46627141554589e-06
64,0.0239629724975861,-0.00251438646763111,7.69988740785405e-06
64,0.025959408881521,-0.00272376198819932,9.04191598766535e-06
64,0.0279558452654559,-0.00293310626292613,1.04925313142872e-05
64,0.0299522816493908,-0.0031424177617159,1.20519056322284e-05
64,0.0319487180333257,-0.00335169495447298,1.3720209271199e-05
64,0.0339451544172607,-0.00356093631110172,1.54976106461107e-05
64,0.0359415908011956,-0.00377014030150647,1.73842762570761e-05
64,0.0379380271851305,-0.00397930539559157,1.93803706894096e-05
64,0.0399344635690654,-0.00418843006326139,2.14860566136266e-05
64,0.0419308999530003,-0.00439751277442028,2.37014947854442e-05
64,0.0439273363369352,-0.00460655199897257,2.60268440457806e-05
64,0.0459237727208702,-0.00481554620682263,2.84622613207554e-05
64,0.0479202091048051,-0.00502449386787481,3.10079016216897e-05
64,0.04991664548874,-0.00523339345203346,3.36639180451057e-05
64,0.0519130818726749,-0.00544224342920292,3.64304617727273e-05
64,0.0539095182566098,-0.00565104226928756,3.93076820714795e-05
64,0.0559059546405448,-0.00585978844219171,4.22957262934887e-05
64,0.0579023910244797,-0.00606848041781974,4.53947398760827e-05
64,0.0598988274084146,-0.00627711666607599,4.86048663417906e-05
64,0.0618952637923495,-0.00648569565686481,5.19262472983431e-05
64,0.0638917001762845,-0.00669421586009056,5.53590224386718e-05
64,0.0658881365602194,-0.00690267574565759,5.89033295409101e-05
64,0.0678845729441543,-0.00711107378347024,6.25593044683925e-05
64,0.0698810093280892,-0.00731940844343287,6.63270811696549e-05
64,0.0718774457120241,-0.00752767819544984,7.02067916784347e-05
64,0.073873882095959,-0.00773588150942548,7.41985661136705e-05
64,0.075870318479894,-0.00794401685526415,7.83025326795023e-05
64,0.0778667548638289,-0.00815208270287021,8.25188176652716e-05
64,0.0798631912477638,-0.00836007752214801,8.68475454455208e-05
64,0.0818596276316987,-0.00856799978300189,9.12888384799943e-05
64,0.0838560640156336,-0.0087758479553362,9.58428173136374e-05
64,0.0858525003995686,-0.0089836205090553,0.000100509600576597
64,0.0878489367835035,-0.00919131591406354,0.000105289304984221
64,0.0898453731674384,-0.00939893264026527,0.000110182045337059
64,0.0918418095513733,-0.00960646915756484,0.000115187934520862
64,0.0938382459353082,-0.0098139239358666,0.000120307083506583
64,0.0958346823192432,-0.0100212954450749,0.000125539601350374
64,0.0978311187031781,-0.0102285821550941,0.000130885595193591
64,0.099827555087113,-0.0104357825358286,0.00013634517026279
64,0.101823991471048,-0.0106428950571826,0.000141918429869728
64,0.103820427854983,-0.0108499181890606,0.000147605475411366
64,0.105816864238918,-0.0110568504013669,0.000153406406369862
64,0.107813300622853,-0.0112636901640058,0.00015932132031258
64,0.109809737006788,-0.0114704359468818,0.000165350312892081
64,0.111806173390723,-0.0116770862198991,0.00017149347784613
64,0.113802609774657,-0.011883639452962,0.000177750906997694
64,0.115799046158592,-0.0120900941159751,0.000184122690254939
64,0.117795482542527,-0.0122964486788426,0.000190608915611234
64,0.119791918926462,-0.0125027016114688,0.000197209669145149
64,0.121788355310397,-0.0127088513837581,0.000203925035020455
64,0.123784791694332,-0.0129148964656149,0.000210755095486124
64,0.125781228078267,-0.0131208353269434,0.000217699930876331
64,0.127777664462202,-0.0133266664376482,0.000224759619610451
64,0.129774100846137,-0.0135323882676335,0.00023193423819306
64,0.131770537230072,-0.0137379992868036,0.000239223861213937
64,0.133766973614007,-0.0139434979650629,0.000246628561348061
64,0.135763409997942,-0.0141488827723158,0.000254148409355613
64,0.137759846381876,-0.0143541521784666,0.000261783474081974
64,0.139756282765811,-0.0145593046534197,0.000269533822457729
64,0.141752719149746,-0.0147643386670794,0.000277399519498662
64,0.143749155533681,-0.0149692526893501,0.000285380628305759
64,0.145745591917616,-0.0151740451901361,0.000293477210065207
64,0.147742028301551,-0.0153787146393418,0.000301689324048397
64,0.149738464685486,-0.0155832595068715,0.000310017027611918
64,0.151734901069421,-0.0157876782626295,0.000318460376197561
64,0.153731337453356,-0.0159919693765203,0.000327019423332319
64,0.155727773837291,-0.0161961313184482,0.000335694220628388
64,0.157724210221226,-0.0164001625583175,0.000344484817783161
64,0.159720646605161,-0.0166040615660326,0.000353391262579238
64,0.161717082989096,-0.0168078268114978,0.000362413600884415
64,0.16371351937303,-0.0170114567646175,0.000371551876651694
64,0.165709955756965,-0.017214949895296,0.000380806131919273
64,0.1677063921409,-0.0174183046734377,0.000390176406810558
64,0.169702828524835,-0.017621519568947,0.00039966273953415
64,0.17169926490877,-0.0178245930517281,0.000409265166383856
64,0.173695701292705,-0.0180275235916854,0.000418983721738682
64,0.17569213767664,-0.0182303096587234,0.000428818438062835
64,0.177688574060575,-0.0184329497227463,0.000438769345905726
64,0.17968501044451,-0.0186354422536584,0.000448836473901964
64,0.181681446828445,-0.0188377857213643,0.000459019848771362
64,0.18367788321238,-0.0190399785957681,0.000469319495318932
64,0.185674319596315,-0.0192420193467742,0.000479735436434891
64,0.187670755980249,-0.0194439064442871,0.000490267693094653
64,0.189667192364184,-0.019645638358211,0.000500916284358836
64,0.191663628748119,-0.0198472135584503,0.000511681227373259
64,0.193660065132054,-0.0200486305149093,0.000522562537368943
64,0.195656501515989,-0.0202498876974924,0.000533560227662107
64,0.197652937899924,-0.020450983576104,0.000544674309654176
64,0.199649374283859,-0.0206519166206484,0.000555904792831774
64,0.201645810667794,-0.02085268530103,0.000567251684766725
64,0.203642247051729,-0.021053288087153,0.000578714991116058
64,0.205638683435664,-0.0212537234489219,0.000590294715622
64,0.207635119819599,-0.021453989856241,0.00060199086011198
64,0.209631556203534,-0.0216540857790147,0.000613803424498631
64,0.211627992587469,-0.0218540096871472,0.000625732406779784
64,0.213624428971403,-0.0220537600505431,0.000637777803038472
64,0.215620865355338,-0.0222533353391065,0.000649939607442932
64,0.217617301739273,-0.0224527340227419,0.000662217812246599
64,0.219613738123208,-0.0226519545713536,0.000674612407788112
64,0.221610174507143,-0.022850995454846,0.000687123382491308
64,0.223606610891078,-0.0230498551431234,0.00069975072286523
64,0.225603047275013,-0.0232485321060901,0.000712494413504118
64,0.227599483658948,-0.0234470248136506,0.000725354437087416
64,0.229595920042883,-0.0236453317357092,0.000738330774379768
64,0.231592356426818,-0.0238434513421701,0.000751423404231022
64,0.233588792810753,-0.0240413821029379,0.000764632303576222
64,0.235585229194688,-0.0242391224879167,0.000777957447435619
64,0.237581665578622,-0.024436670967011,0.000791398808914662
64,0.239578101962557,-0.0246340260101252,0.000804956359204002
64,0.241574538346492,-0.0248311860871635,0.000818630067579493
64,0.243570974730427,-0.0250281496680303,0.000832419901402189
64,0.245567411114362,-0.0252249152226301,0.000846325826118344
64,0.247563847498297,-0.025421481220867,0.000860347805259416
64,0.249560283882232,-0.0256178461326456,0.000874485800442063
64,0.251556720266167,-0.02581400842787,0.000888739771368144
64,0.253553156650102,-0.0260099665764448,0.00090310967582472
64,0.255549593034037,-0.0262057190482741,0.000917595469684053
64,0.257546029417972,-0.0264012643132625,0.000932197106903608
64,0.259542465801907,-0.0265966008413142,0.000946914539526048
64,0.261538902185841,-0.0267917271023336,0.000961747717679241
64,0.263535338569776,-0.026986641566225,0.000976696589576253
64,0.265531774953711,-0.0271813427028928,0.000991761101515354
64,0.267528211337646,-0.0273758289822413,0.00100694119788001
64,0.269524647721581,-0.027570098874175,0.00102223682113891
64,0.271521084105516,-0.0277641508485981,0.0010376479118459
64,0.273517520489451,-0.0279579833754149,0.00105317440864007
64,0.275513956873386,-0.0281515949245299,0.0010688162482457
64,0.277510393257321,-0.0283449839658474,0.00108457336547226
64,0.279506829641256,-0.0285381489692718,0.00110044569321443
64,0.281503266025191,-0.0287310884047073,0.00111643316245209
64,0.283499702409126,-0.0289238007420584,0.00113253570225032
64,0.285496138793061,-0.0291162844512294,0.0011487532397594
64,0.287492575176995,-0.0293085380021247,0.00116508570021482
64,0.28948901156093,-0.0295005598646485,0.00118153300693727
64,0.291485447944865,-0.0296923485087053,0.00119809508133262
64,0.2934818843288,-0.0298839024041994,0.00121477184289197
64,0.295478320712735,-0.0300752200210352,0.00123156320919161
64,0.29747475709667,-0.030266299829117,0.00124846909589302
64,0.299471193480605,-0.0304571402983491,0.00126548941674291
64,0.30146762986454,-0.0306477398986359,0.00128262408357316
64,0.303464066248475,-0.0308380970998818,0.00129987300630086
64,0.30546050263241,-0.0310282103719911,0.00131723609292832
64,0.307456939016345,-0.0312180781848682,0.00133471324954304
64,0.30945337540028,-0.0314076990084173,0.0013523043803177
64,0.311449811784214,-0.031597071312543,0.00137000938751021
64,0.313446248168149,-0.0317861935671494,0.00138782817146368
64,0.315442684552084,-0.031975064242141,0.0014057606306064
64,0.317439120936019,-0.0321636818074222,0.00142380666145188
64,0.319435557319954,-0.0323520447328972,0.00144196615859882
64,0.321431993703889,-0.0325401514884704,0.00146023901473114
64,0.323428430087824,-0.0327280005440462,0.00147862512061794
64,0.325424866471759,-0.0329155903695289,0.00149712436511353
64,0.327421302855694,-0.0331029194348229,0.00151573663515742
64,0.329417739239629,-0.0332899862098325,0.00153446181577433
64,0.331414175623564,-0.0334767891644621,0.00155329979007416
64,0.333410612007499,-0.033663326768616,0.00157225043925203
64,0.335407048391433,-0.0338495974921986,0.00159131364258827
64,0.337403484775368,-0.0340355998051142,0.00161048927744838
64,0.339399921159303,-0.0342213321772672,0.00162977721928309
64,0.341396357543238,-0.0344067930785619,0.00164917734162832
64,0.343392793927173,-0.0345919809789027,0.00166868951610519
64,0.345389230311108,-0.034776894348194,0.00168831361242001
64,0.347385666695043,-0.03496153165634,0.00170804949836433
64,0.349382103078978,-0.0351458913732452,0.00172789703981486
64,0.351378539462913,-0.0353299719688138,0.00174785610073353
64,0.353374975846848,-0.0355137719129503,0.00176792654316747
64,0.355371412230783,-0.035697289675559,0.00178810822724901
64,0.357367848614718,-0.0358805237265442,0.00180840101119568
64,0.359364284998653,-0.0360634725358103,0.00182880475131021
64,0.361360721382587,-0.0362461345732616,0.00184931930198054
64,0.363357157766522,-0.0364285083088026,0.00186994451567981
64,0.365353594150457,-0.0366105922123374,0.00189068024296634
64,0.367350030534392,-0.0367923847537706,0.00191152633248369
64,0.369346466918327,-0.0369738844030064,0.00193248263096058
64,0.371342903302262,-0.0371550896299493,0.00195354898321096
64,0.373339339686197,-0.0373359989045034,0.00197472523213398
64,0.375335776070132,-0.0375166106965733,0.00199601121871397
64,0.377332212454067,-0.0376969234760632,0.00201740678202048
64,0.379328648838002,-0.0378769357128775,0.00203891175920825
64,0.381325085221937,-0.0380566458769206,0.00206052598551724
64,0.383321521605872,-0.0382360524380968,0.0020822492942726
64,0.385317957989807,-0.0384151538663104,0.00210408151688467
64,0.387314394373741,-0.0385939486314658,0.002126022482849
64,0.389310830757676,-0.0387724352034674,0.00214807201974636
64,0.391307267141611,-0.0389506120522195,0.00217022995324268
64,0.393303703525546,-0.0391284776476265,0.00219249610708914
64,0.395300139909481,-0.0393060304595926,0.00221487030312209
64,0.397296576293416,-0.0394832689580224,0.00223735236126308
64,0.399293012677351,-0.03966019161282,0.00225994209951887
64,0.401289449061286,-0.0398367968938899,0.00228263933398144
64,0.403285885445221,-0.0400130832711365,0.00230544387882793
64,0.405282321829156,-0.0401890492144639,0.00232835554632071
64,0.407278758213091,-0.0403646931937768,0.00235137414680736
64,0.409275194597026,-0.0405400136789792,0.00237449948872063
64,0.41127163098096,-0.0407150091399757,0.0023977313785785
64,0.413268067364895,-0.0408896780466706,0.00242106962098412
64,0.41526450374883,-0.0410640188689682,0.00244451401862589
64,0.417260940132765,-0.0412380300767728,0.00246806437227736
64,0.4192573765167,-0.0414117101399889,0.00249172048079731
64,0.421253812900635,-0.0415850575285208,0.00251548214112971
64,0.42325024928457,-0.0417580707122728,0.00253934914830375
64,0.425246685668505,-0.0419307481611492,0.00256332129543379
64,0.42724312205244,-0.0421030883450545,0.00258739837371942
64,0.429239558436375,-0.042275089733893,0.00261158017244542
64,0.43123599482031,-0.042446750797569,0.00263586647898177
64,0.433232431204245,-0.0426180700059869,0.00266025707878366
64,0.435228867588179,-0.042789045829051,0.00268475175539146
64,0.437225303972114,-0.0429596767366657,0.00270935029043076
64,0.439221740356049,-0.0431299611987353,0.00273405246361236
64,0.441218176739984,-0.0432998976851642,0.00275885805273223
64,0.443214613123919,-0.0434694846658568,0.00278376683367158
64,0.445211049507854,-0.0436387206107174,0.00280877858039678
64,0.447207485891789,-0.0438076039896502,0.00283389306495944
64,0.449203922275724,-0.0439761332725598,0.00285911005749634
64,0.451200358659659,-0.0441443069293504,0.00288442932622948
64,0.453196795043594,-0.0443121234299265,0.00290985063746606
64,0.455193231427529,-0.0444795812441922,0.00293537375559848
64,0.457189667811464,-0.0446466788420521,0.00296099844310434
64,0.459186104195398,-0.0448134146934104,0.00298672446054643
64,0.461182540579333,-0.0449797872681715,0.00301255156657276
64,0.463178976963268,-0.0451457950362397,0.00303847951791653
64,0.465175413347203,-0.0453114364675194,0.00306450806939615
64,0.467171849731138,-0.045476710031915,0.00309063697391522
64,0.469168286115073,-0.0456416141993308,0.00311686598246255
64,0.471164722499008,-0.0458061474396712,0.00314319484411215
64,0.473161158882943,-0.0459703082228404,0.00316962330602323
64,0.475157595266878,-0.0461340950187429,0.0031961511134402
64,0.477154031650813,-0.046297506297283,0.00322277800969268
64,0.479150468034748,-0.0464605405283651,0.00324950373619548
64,0.481146904418683,-0.0466231961818935,0.0032763280324486
64,0.483143340802618,-0.0467854717277725,0.00330325063603729
64,0.485139777186553,-0.0469473656359066,0.00333027128263194
64,0.487136213570487,-0.0471088763762,0.00335738970598817
64,0.489132649954422,-0.0472700024185571,0.00338460563794682
64,0.491129086338357,-0.0474307422328823,0.0034119188084339
64,0.493125522722292,-0.0475910942890799,0.00343932894546064
64,0.495121959106227,-0.0477510570570543,0.00346683577512346
64,0.497118395490162,-0.0479106290067098,0.00349443902160399
64,0.499114831874097,-0.0480698086079507,0.00352213840716905
64,0.501111268258032,-0.0482285943306815,0.00354993365217068
64,0.503107704641967,-0.0483869846448065,0.00357782447504611
64,0.505104141025902,-0.0485449780202299,0.00360581059231776
64,0.507100577409837,-0.0487025729268563,0.00363389171859328
64,0.509097013793772,-0.0488597678345899,0.00366206756656549
64,0.511093450177706,-0.049016561213335,0.00369033784701243
64,0.513089886561641,-0.0491729515329961,0.00371870226879734
64,0.515086322945576,-0.0493289372634774,0.00374716053886866
64,0.517082759329511,-0.0494845168746834,0.00377571236226003
64,0.519079195713446,-0.0496396888365183,0.00380435744209029
64,0.521075632097381,-0.0497944516188866,0.00383309547956348
64,0.523072068481316,-0.0499488036916926,0.00386192617396885
64,0.525068504865251,-0.0501027435248406,0.00389084922268083
64,0.527064941249186,-0.050256269588235,0.00391986432115909
64,0.529061377633121,-0.0504093803517801,0.00394897116294847
64,0.531057814017056,-0.0505620742853803,0.00397816943967901
64,0.533054250400991,-0.0507143498589399,0.00400745884106597
64,0.535050686784926,-0.0508662055423634,0.0040368390549098
64,0.53704712316886,-0.0510176398055549,0.00406630976709615
64,0.539043559552795,-0.051168651118419,0.00409587066159588
64,0.54103999593673,-0.0513192379508599,0.00412552142046505
64,0.543036432320665,-0.051469398772782,0.00415526172384491
64,0.5450328687046,-0.0516191320540897,0.00418509124996192
64,0.547029305088535,-0.0517684362646872,0.00421500967512775
64,0.54902574147247,-0.051917309874479,0.00424501667373925
64,0.551022177856405,-0.0520657513533694,0.00427511191827849
64,0.55301861424034,-0.0522137591712627,0.00430529507931273
64,0.555015050624275,-0.0523613317980633,0.00433556582549443
64,0.55701148700821,-0.0525084677036756,0.00436592382356128
64,0.559007923392144,-0.0526551653580039,0.00439636873833612
64,0.56100435977608,-0.0528014232309525,0.00442690023272704
64,0.563000796160014,-0.0529472397924259,0.00445751796772731
64,0.564997232543949,-0.0530926135123283,0.00448822160241539
64,0.566993668927884,-0.0532375428605641,0.00451901079395497
64,0.568990105311819,-0.0533820263070376,0.00454988519759491
64,0.570986541695754,-0.0535260623216533,0.0045808444666693
64,0.572982978079689,-0.0536696493743154,0.00461188825259741
64,0.574979414463624,-0.0538127859349284,0.00464301620488372
64,0.576975850847559,-0.0539554704733965,0.00467422797111791
64,0.578972287231494,-0.0540977014596241,0.00470552319697487
64,0.580968723615429,-0.0542394773635156,0.00473690152621467
64,0.582965159999364,-0.0543807966549752,0.00476836260068261
64,0.584961596383298,-0.0545216578039075,0.00479990606030917
64,0.586958032767233,-0.0546620592802167,0.00483153154311004
64,0.588954469151168,-0.0548019995538071,0.0048632386851861
64,0.590950905535103,-0.0549414770945832,0.00489502712072345
64,0.592947341919038,-0.0550804903724493,0.00492689648199338
64,0.594943778302973,-0.0552190378573096,0.00495884639935238
64,0.596940214686908,-0.0553571180190686,0.00499087650124214
64,0.598936651070843,-0.0554947293276307,0.00502298641418956
64,0.600933087454778,-0.0556318702529002,0.00505517576280674
64,0.602929523838713,-0.0557685392647813,0.00508744416979099
64,0.604925960222648,-0.0559047348331786,0.00511979125592478
64,0.606922396606583,-0.0560404554279962,0.00515221664007584
64,0.608918832990518,-0.0561756995191387,0.00518471993919705
64,0.610915269374452,-0.0563104655765102,0.00521730076832653
64,0.612911705758387,-0.0564447520700153,0.00524995874058759
64,0.614908142142322,-0.0565785574695582,0.00528269346718871
64,0.616904578526257,-0.0567118802450433,0.00531550455742362
64,0.618901014910192,-0.0568447188663749,0.00534839161867122
64,0.620897451294127,-0.0569770718034574,0.00538135425639563
64,0.622893887678062,-0.0571089375261951,0.00541439207414616
64,0.624890324061997,-0.0572403145044925,0.00544750467355732
64,0.626886760445932,-0.0573712012082537,0.00548069165434882
64,0.628883196829867,-0.0575015961073833,0.00551395261432558
64,0.630879633213802,-0.0576314976717855,0.00554728714937771
64,0.632876069597737,-0.0577609043713647,0.00558069485348055
64,0.634872505981671,-0.0578898146760252,0.00561417531869461
64,0.636868942365606,-0.0580182270556715,0.0056477281351656
64,0.638865378749541,-0.0581461399802077,0.00568135289112446
64,0.640861815133476,-0.0582735519195384,0.00571504917288729
64,0.642858251517411,-0.0584004613435679,0.00574881656485545
64,0.644854687901346,-0.0585268667222004,0.00578265464951544
64,0.646851124285281,-0.0586527665253404,0.005816563007439
64,0.648847560669216,-0.0587781592228921,0.00585054121728306
64,0.650843997053151,-0.0589030432847601,0.00588458885578974
64,0.652840433437086,-0.0590274171808485,0.00591870549778639
64,0.654836869821021,-0.0591512793810618,0.00595289071618553
64,0.656833306204956,-0.0592746283553043,0.0059871440819849
64,0.65882974258889,-0.0593974625734804,0.00602146516426743
64,0.660826178972825,-0.0595197805054943,0.00605585353020127
64,0.66282261535676,-0.0596415806212506,0.00609030874503975
64,0.664819051740695,-0.0597628613906534,0.00612483037212142
64,0.66681548812463,-0.0598836212836072,0.00615941797287001
64,0.668811924508565,-0.0600038587700163,0.00619407110679447
64,0.6708083608925,-0.0601235723197851,0.00622878933148894
64,0.672804797276435,-0.0602427604028179,0.00626357220263277
64,0.67480123366037,-0.0603614214890191,0.00629841927399051
64,0.676797670044305,-0.060479554048293,0.00633333009741191
64,0.67879410642824,-0.0605971565505439,0.00636830422283191
64,0.680790542812175,-0.0607142274656763,0.00640334119827066
64,0.682786979196109,-0.0608307652635944,0.00643844056983353
64,0.684783415580045,-0.0609467684142027,0.00647360188171107
64,0.686779851963979,-0.0610622353874054,0.00650882467617902
64,0.688776288347914,-0.061177164653107,0.00654410849359835
64,0.690772724731849,-0.0612915546812117,0.00657945287241521
64,0.692769161115784,-0.061405403941624,0.00661485734916096
64,0.694765597499719,-0.0615187109042481,0.00665032145845218
64,0.696762033883654,-0.0616314740389885,0.00668584473299061
64,0.698758470267589,-0.0617436918157494,0.00672142670356322
64,0.700754906651524,-0.0618553627044353,0.00675706689904218
64,0.702751343035459,-0.0619664851749505,0.00679276484638485
64,0.704747779419394,-0.0620770576971993,0.0068285200706338
64,0.706744215803329,-0.0621870787410861,0.0068643320949168
64,0.708740652187263,-0.0622965467765152,0.00690020044044682
64,0.710737088571198,-0.062405460273391,0.00693612462652203
64,0.712733524955133,-0.0625138177016178,0.00697210417052581
64,0.714729961339068,-0.0626216175311001,0.00700813858792673
64,0.716726397723003,-0.062728858231742,0.00704422739227856
64,0.718722834106938,-0.0628355382734481,0.00708037009522028
64,0.720719270490873,-0.0629416561261226,0.00711656620647608
64,0.722715706874808,-0.0630472102596699,0.00715281523385532
64,0.724712143258743,-0.0631521991439944,0.0071891166832526
64,0.726708579642678,-0.0632566212490003,0.0072254700586477
64,0.728705016026613,-0.0633604750445921,0.00726187486210559
64,0.730701452410548,-0.0634637590006741,0.00729833059377647
64,0.732697888794482,-0.0635664715871506,0.00733483675189572
64,0.734694325178417,-0.063668611273926,0.00737139283278393
64,0.736690761562352,-0.0637701765309047,0.00740799833084689
64,0.738687197946287,-0.063871165827991,0.00744465273857559
64,0.740683634330222,-0.0639715776350893,0.00748135554654622
64,0.742680070714157,-0.0640714104221038,0.00751810624342017
64,0.744676507098092,-0.064170662658939,0.00755490431594405
64,0.746672943482027,-0.0642693328154992,0.00759174924894964
64,0.748669379865962,-0.0643674193616888,0.00762864052535395
64,0.750665816249897,-0.0644649207674121,0.00766557762615917
64,0.752662252633832,-0.0645618355025734,0.0077025600304527
64,0.754658689017767,-0.0646581620370772,0.00773958721540715
64,0.756655125401702,-0.0647538988408277,0.00777665865628032
64,0.758651561785636,-0.0648490443837293,0.00781377382641521
64,0.760647998169571,-0.0649435971356864,0.00785093219724003
64,0.762644434553506,-0.0650375555666033,0.00788813323826818
64,0.764640870937441,-0.0651309181463844,0.00792537641709828
64,0.766637307321376,-0.065223683344934,0.00796266119941413
64,0.768633743705311,-0.0653158496321564,0.00799998704898474
64,0.770630180089246,-0.0654074154779561,0.00803735342766434
64,0.772626616473181,-0.0654983793522373,0.00807475979539232
64,0.774623052857116,-0.0655887397249045,0.00811220561019332
64,0.776619489241051,-0.065678495065862,0.00814969032817713
64,0.778615925624986,-0.065767643845014,0.00818721340353879
64,0.780612362008921,-0.0658561845322651,0.00822477428855851
64,0.782608798392855,-0.0659441155975195,0.00826237243360171
64,0.78460523477679,-0.0660314355106815,0.00830000728711901
64,0.786601671160725,-0.0661181427416556,0.00833767829564624
64,0.78859810754466,-0.0662042357603461,0.00837538490380442
64,0.790594543928595,-0.0662897130366573,0.00841312655429978
64,0.79259098031253,-0.0663745730404935,0.00845090268792375
64,0.794587416696465,-0.0664588142417593,0.00848871274355294
64,0.7965838530804,-0.0665424351103588,0.0085265561581492
64,0.798580289464335,-0.0666254341161964,0.00856443236675957
64,0.80057672584827,-0.0667078097291765,0.00860234080251626
64,0.802573162232205,-0.0667895604192035,0.0086402808966367
64,0.80456959861614,-0.0668706846561816,0.00867825207842355
64,0.806566035000074,-0.0669511809100153,0.00871625377526464
64,0.808562471384009,-0.0670310476506089,0.008754285412633
64,0.810558907767944,-0.0671102833478667,0.00879234641408687
64,0.812555344151879,-0.0671888864716931,0.0088304362012697
64,0.814551780535814,-0.0672668554919925,0.00886855419391012
64,0.816548216919749,-0.0673441888786692,0.00890669980982199
64,0.818544653303684,-0.0674208851016275,0.00894487246490434
64,0.820541089687619,-0.0674969426307718,0.00898307157314143
64,0.822537526071554,-0.0675723599360064,0.00902129654660269
64,0.824533962455489,-0.0676471354872358,0.00905954679544279
64,0.826530398839424,-0.0677212677543642,0.00909782172790156
64,0.828526835223359,-0.067794755207296,0.00913612075030407
64,0.830523271607294,-0.0678675963159355,0.00917444326706057
64,0.832519707991229,-0.0679397895501872,0.0092127886806665
64,0.834516144375163,-0.0680113333799553,0.00925115639170253
64,0.836512580759098,-0.0680822262751442,0.00928954579883451
64,0.838509017143033,-0.0681524667056583,0.00932795629881351
64,0.840505453526968,-0.0682220531414019,0.00936638728647578
64,0.842501889910903,-0.0682909840522794,0.00940483815474277
64,0.844498326294838,-0.0683592579081951,0.00944330829462117
64,0.846494762678773,-0.0684268731790533,0.00948179709520283
64,0.848491199062708,-0.0684938283347584,0.00952030394366481
64,0.850487635446643,-0.0685601218452148,0.0095588282252694
64,0.852484071830578,-0.0686257521803269,0.00959736932336403
64,0.854480508214513,-0.0686907178099989,0.0096359266193814
64,0.856476944598447,-0.0687550172041352,0.00967449949283937
64,0.858473380982382,-0.0688186488326402,0.00971308732134102
64,0.860469817366317,-0.0688816111654182,0.00975168948057462
64,0.862466253750252,-0.0689439026723735,0.00979030534431363
64,0.864462690134187,-0.0690055218234106,0.00982893428441675
64,0.866459126518122,-0.0690664670884338,0.00986757567082784
64,0.868455562902057,-0.0691267369373474,0.00990622887157599
64,0.870451999285992,-0.0691863298400558,0.00994489325277547
64,0.872448435669927,-0.0692452442664633,0.00998356817862577
64,0.874444872053862,-0.0693034786864742,0.0100222530114116
64,0.876441308437797,-0.0693610315699931,0.0100609471115028
64,0.878437744821732,-0.069417901386924,0.0100996498373544
64,0.880434181205667,-0.0694740866071716,0.0101383605455069
64,0.882430617589601,-0.06952958570064,0.0101770785905855
64,0.884427053973536,-0.0695843971372336,0.0102158033253011
64,0.886423490357471,-0.0696385193868568,0.0102545341004496
64,0.888419926741406,-0.069691950919414,0.0102932702649119
64,0.890416363125341,-0.0697446902048094,0.0103320111656545
64,0.892412799509276,-0.0697967357129475,0.0103707561477288
64,0.894409235893211,-0.0698480859137326,0.0104095045542715
64,0.896405672277146,-0.069898739277069,0.0104482557265045
64,0.898402108661081,-0.0699486942728611,0.0104870090037349
64,0.900398545045016,-0.0699979493710132,0.010525763723355
64,0.902394981428951,-0.0700465030414298,0.0105645192208423
64,0.904391417812886,-0.070094353754015,0.0106032748297595
64,0.906387854196821,-0.0701414999786734,0.0106420298817546
64,0.908384290580755,-0.0701879401853093,0.0106807837065605
64,0.91038072696469,-0.0702336728438269,0.0107195356319957
64,0.912377163348625,-0.0702786964241307,0.0107582849839637
64,0.91437359973256,-0.070323009396125,0.010797031086453
64,0.916370036116495,-0.0703666102297141,0.0108357732615378
64,0.91836647250043,-0.0704094973948024,0.010874510829377
64,0.920362908884365,-0.0704516693612943,0.010913243108215
64,0.9223593452683,-0.0704931245990941,0.0109519694143813
64,0.924355781652235,-0.0705338615781062,0.0109906890622907
64,0.92635221803617,-0.0705738787682348,0.0110294013644429
64,0.928348654420105,-0.0706131746393844,0.0110681056314233
64,0.930345090804039,-0.0706517476614594,0.011106801171902
64,0.932341527187974,-0.0706895963043639,0.0111454872926346
64,0.934337963571909,-0.0707267190380025,0.0111841632984619
64,0.936334399955844,-0.0707631143322795,0.0112228284923097
64,0.938330836339779,-0.0707987806570992,0.0112614821751892
64,0.940327272723714,-0.0708337164823659,0.0113001236461966
64,0.942323709107649,-0.0708679202779841,0.0113387522025137
64,0.944320145491584,-0.070901390513858,0.011377367139407
64,0.946316581875519,-0.070934125659892,0.0114159677502284
64,0.948313018259454,-0.0709661241859905,0.0114545533264153
64,0.950309454643389,-0.0709973845620579,0.0114931231574898
64,0.952305891027324,-0.0710279052579984,0.0115316765310595
64,0.954302327411259,-0.0710576847437164,0.0115702127328171
64,0.956298763795194,-0.0710867214891163,0.0116087310465406
64,0.958295200179128,-0.0711150139641024,0.0116472307540932
64,0.960291636563063,-0.0711425606385791,0.0116857111354231
64,0.962288072946998,-0.0711693599824508,0.0117241714685639
64,0.964284509330933,-0.0711954104656217,0.0117626110296343
64,0.966280945714868,-0.0712207105579962,0.0118010290928384
64,0.968277382098803,-0.0712452587294787,0.0118394249304652
64,0.970273818482738,-0.0712690534499736,0.011877797812889
64,0.972270254866673,-0.0712920931893851,0.0119161470085695
64,0.974266691250608,-0.0713143764176177,0.0119544717840515
64,0.976263127634543,-0.0713359016045756,0.0119927714039647
64,0.978259564018477,-0.0713566672201633,0.0120310451310245
64,0.980256000402412,-0.0713766717342851,0.0120692922260311
64,0.982252436786347,-0.0713959136168453,0.0121075119478701
64,0.984248873170282,-0.0714143913377483,0.0121457035535122
64,0.986245309554217,-0.0714321033668985,0.0121838662980135
64,0.988241745938152,-0.0714490481742001,0.0122219994345151
64,0.990238182322087,-0.0714652242295576,0.0122601022142434
64,0.992234618706022,-0.0714806300028753,0.0122981738865098
64,0.994231055089957,-0.0714952639640575,0.0123362136987112
64,0.996227491473892,-0.0715091245830086,0.0123742208963296
64,0.998223927857827,-0.071522210329633,0.0124121947229321
65,2.7359084598651e-06,0,0
65,0.00199884925874635,-0.000384537604601342,1.45504809506578e-07
65,0.00399496260903283,-0.00076856878048008,5.82335459084351e-07
65,0.00599107595931931,-0.00115209336935681,1.31096291041236e-06
65,0.0079871893096058,-0.00153511121295213,2.33185363195893e-06
65,0.00998330265989228,-0.00191762215298665,3.64546959898174e-06
65,0.0119794160101788,-0.00229962603118094,5.25226829352772e-06
65,0.0139755293604652,-0.00268112268925562,7.15270270443314e-06
65,0.0159716427107517,-0.00306211196893128,9.34722132732358e-06
65,0.0179677560610382,-0.00344259371192852,1.18362681646139e-05
65,0.0199638694113247,-0.00382256775996794,1.46202827255083e-05
65,0.0219599827616112,-0.00420203395477012,1.76997000260002e-05
65,0.0239560961118977,-0.00458099213805568,2.10749505888725e-05
65,0.0259522094621841,-0.00495944215154521,2.47464604436973e-05
65,0.0279483228124706,-0.0053373838369593,2.87146511268359e-05
65,0.0299444361627571,-0.00571481703601855,3.2979939681439e-05
65,0.0319405495130436,-0.00609174159044356,3.75427386574468e-05
65,0.0339366628633301,-0.00646815734195493,4.24034561115885e-05
65,0.0359327762136166,-0.00684406413227326,4.75624956073827e-05
65,0.037928889563903,-0.00721946180311913,5.30202562151374e-05
65,0.0399250029141895,-0.00759435019621315,5.87771325119498e-05
65,0.041921116264476,-0.00796872915327592,6.48335145817065e-05
65,0.0439172296147625,-0.00834259851602804,7.11897880150833e-05
65,0.045913342965049,-0.0087159581261901,7.78463339095455e-05
65,0.0479094563153355,-0.0090888078254827,8.48035288693474e-05
65,0.0499055696656219,-0.00946114745562643,9.20617450055329e-05
65,0.0519016830159084,-0.0098329768583419,9.9621349935935e-05
65,0.0538977963661949,-0.0102042958753497,0.000107482706785176
65,0.0558939097164814,-0.0105751043483704,0.000115646174184668
65,0.0578900230667679,-0.0109454021191247,0.000124112106272611
65,0.0598861364170543,-0.011315189029333,0.000132880852693997
65,0.0618822497673408,-0.0116844649207161,0.000141952758600604
65,0.0638783631176273,-0.0120532296349946,0.000151328164651002
65,0.0658744764679138,-0.0124214830138889,0.000161007407010549
65,0.0678705898182003,-0.0127892248991197,0.000170990817351392
65,0.0698667031684868,-0.0131564551324077,0.000181278722852468
65,0.0718628165187733,-0.0135231735554733,0.000191871446199503
65,0.0738589298690597,-0.0138893800100373,0.000202769305585013
65,0.0758550432193462,-0.0142550743378202,0.000213972614708303
65,0.0778511565696327,-0.0146202563805425,0.000225481682775466
65,0.0798472699199192,-0.014984925979925,0.000237296814499386
65,0.0818433832702057,-0.0153490829776882,0.000249418310099736
65,0.0838394966204921,-0.0157127272155526,0.000261846465302977
65,0.0858356099707786,-0.016075858535239,0.000274581571342362
65,0.0878317233210651,-0.0164384767784678,0.00028762391495793
65,0.0898278366713516,-0.0168005817869597,0.000300973778396511
65,0.0918239500216381,-0.0171621734024353,0.000314631439411725
65,0.0938200633719246,-0.0175232514666152,0.00032859717126398
65,0.095816176722211,-0.0178838158212199,0.000342871242720474
65,0.0978122900724975,-0.0182438663079701,0.000357453918055194
65,0.099808403422784,-0.0186034027685864,0.000372345457048917
65,0.10180451677307,-0.0189624250447894,0.000387546114989207
65,0.103800630123357,-0.0193209329782996,0.000403056142670422
65,0.105796743473643,-0.0196789264108377,0.000418875786393704
65,0.10779285682393,-0.0200364051841243,0.000435005287966987
65,0.109788970174216,-0.0203933691398799,0.000451444884704994
65,0.111785083524503,-0.0207498181198252,0.000468194809429238
65,0.113781196874789,-0.0211057519656807,0.000485255290468021
65,0.115777310225076,-0.0214611705191671,0.000502626551656432
65,0.117773423575362,-0.0218160736220049,0.000520308812336352
65,0.119769536925649,-0.0221704611159147,0.000538302287356452
65,0.121765650275935,-0.0225243328426172,0.000556607187072188
65,0.123761763626222,-0.022877688643833,0.000575223717345811
65,0.125757876976508,-0.0232305283612826,0.000594152079546356
65,0.127753990326795,-0.0235828518366866,0.000613392470549652
65,0.129750103677081,-0.0239346589117657,0.000632945082738313
65,0.131746217027368,-0.0242859494282403,0.000652810104001745
65,0.133742330377654,-0.0246367232278312,0.000672987717736143
65,0.135738443727941,-0.024986980152259,0.000693478102844491
65,0.137734557078227,-0.0253367200432441,0.000714281433736562
65,0.139730670428514,-0.0256859427425073,0.000735397880328918
65,0.1417267837788,-0.0260346480917691,0.000756827608044912
65,0.143722897129087,-0.0263828359327501,0.000778570777814684
65,0.145719010479373,-0.0267305061071709,0.000800627546075165
65,0.14771512382966,-0.0270776584567521,0.000822998064770076
65,0.149711237179946,-0.0274242928232144,0.000845682481349924
65,0.151707350530233,-0.0277704090482782,0.000868680938772009
65,0.153703463880519,-0.0281160069736642,0.000891993575500418
65,0.155699577230806,-0.0284610864410931,0.000915620525506027
65,0.157695690581092,-0.0288056472922853,0.000939561918266505
65,0.159691803931378,-0.0291496893689615,0.000963817878766305
65,0.161687917281665,-0.0294932125128423,0.000988388527496673
65,0.163684030631951,-0.0298362165656483,0.00101327398045564
65,0.165680143982238,-0.0301787013691001,0.00103847434914804
65,0.167676257332524,-0.0305206667649183,0.00106398974058547
65,0.169672370682811,-0.0308621125948234,0.00108982025728635
65,0.171668484033097,-0.0312030387005362,0.00111596599727586
65,0.173664597383384,-0.0315434449237771,0.00114242705408598
65,0.17566071073367,-0.0318833311062667,0.00116920351675548
65,0.177656824083957,-0.0322226970897258,0.00119629546982993
65,0.179652937434243,-0.0325615427158748,0.00122370299336167
65,0.18164905078453,-0.0328998678264344,0.00125142616290983
65,0.183645164134816,-0.0332376722631251,0.00127946504954036
65,0.185641277485103,-0.0335749558676676,0.00130781971982595
65,0.187637390835389,-0.0339117184817824,0.00133649023584613
65,0.189633504185676,-0.0342479599471903,0.00136547665518718
65,0.191629617535962,-0.0345836801056116,0.00139477903094219
65,0.193625730886249,-0.0349188787987671,0.00142439741171103
65,0.195621844236535,-0.0352535558683774,0.00145433184160036
65,0.197617957586822,-0.035587711156163,0.00148458236022365
65,0.199614070937108,-0.0359213445038445,0.00151514900270112
65,0.201610184287395,-0.0362544557531426,0.00154603179965982
65,0.203606297637681,-0.0365870447457778,0.00157723077723355
65,0.205602410987968,-0.0369191113234707,0.00160874595706294
65,0.207598524338254,-0.037250655327942,0.00164057735629538
65,0.209594637688541,-0.0375816766009122,0.00167272498758505
65,0.211590751038827,-0.037912174984102,0.00170518885909295
65,0.213586864389113,-0.0382421503192318,0.00173796897448682
65,0.2155829777394,-0.0385716024480224,0.00177106533294123
65,0.217579091089687,-0.0389005312121943,0.00180447792913753
65,0.219575204439973,-0.0392289364534681,0.00183820675326385
65,0.221571317790259,-0.0395568180135644,0.00187225179101511
65,0.223567431140546,-0.0398841757342038,0.00190661302359303
65,0.225563544490832,-0.0402110094571069,0.0019412904277061
65,0.227559657841119,-0.0405373190239944,0.00197628397556963
65,0.229555771191405,-0.0408631042765867,0.00201159363490569
65,0.231551884541692,-0.0411883650566046,0.00204721936894316
65,0.233547997891978,-0.0415131012057685,0.00208316113641769
65,0.235544111242265,-0.0418373125657991,0.00211941889157173
65,0.237540224592551,-0.0421609989784171,0.00215599258415452
65,0.239536337942838,-0.0424841602853429,0.00219288215942209
65,0.241532451293124,-0.0428067963282972,0.00223008755813726
65,0.243528564643411,-0.0431289069490006,0.00226760871656963
65,0.245524677993697,-0.0434504919891736,0.0023054455664956
65,0.247520791343984,-0.043771551290537,0.00234359803519836
65,0.24951690469427,-0.0440920846948112,0.00238206604546787
65,0.251513018044557,-0.0444120920437169,0.0024208495156009
65,0.253509131394843,-0.0447315731789746,0.00245994835940101
65,0.25550524474513,-0.0450505279423051,0.00249936248617854
65,0.257501358095416,-0.0453689561754288,0.00253909180075061
65,0.259497471445703,-0.0456868577200663,0.00257913620344116
65,0.261493584795989,-0.0460042324179383,0.00261949559008089
65,0.263489698146276,-0.0463210801107654,0.00266016985200729
65,0.265485811496562,-0.0466374006402682,0.00270115887606467
65,0.267481924846849,-0.0469531938481672,0.00274246254460409
65,0.269478038197135,-0.047268459576183,0.00278408073548342
65,0.271474151547421,-0.0475831976660363,0.00282601332206733
65,0.273470264897708,-0.0478974079594476,0.00286826017322725
65,0.275466378247994,-0.0482110902981376,0.00291082115334143
65,0.277462491598281,-0.0485242445238268,0.00295369612229488
65,0.279458604948567,-0.0488368704782358,0.00299688493547942
65,0.281454718298854,-0.0491489680030853,0.00304038744379366
65,0.28345083164914,-0.0494605369400958,0.00308420349364299
65,0.285446944999427,-0.049771577130988,0.00312833292693958
65,0.287443058349713,-0.0500820884174823,0.00317277558110242
65,0.2894391717,-0.0503920706412995,0.00321753128905726
65,0.291435285050286,-0.0507015236441601,0.00326259987923664
65,0.293431398400573,-0.0510104472677847,0.00330798117557992
65,0.295427511750859,-0.051318841353894,0.00335367499753321
65,0.297423625101146,-0.0516267057442085,0.00339968116004944
65,0.299419738451432,-0.0519340402804487,0.00344599947358832
65,0.301415851801719,-0.0522408448043354,0.00349262974411633
65,0.303411965152005,-0.0525471191575891,0.00353957177310677
65,0.305408078502292,-0.0528528631819304,0.00358682535753971
65,0.307404191852578,-0.0531580767190799,0.00363439028990201
65,0.309400305202865,-0.0534627596107582,0.00368226635818733
65,0.311396418553151,-0.0537669116986858,0.00373045334589612
65,0.313392531903438,-0.0540705328245835,0.00377895103203559
65,0.315388645253724,-0.0543736228301718,0.00382775919111978
65,0.317384758604011,-0.0546761815571712,0.0038768775931695
65,0.319380871954297,-0.0549782088473025,0.00392630600371234
65,0.321376985304584,-0.0552797045422861,0.0039760441837827
65,0.32337309865487,-0.0555806684838427,0.00402609188992175
65,0.325369212005157,-0.0558811005136929,0.00407644887417746
65,0.327365325355443,-0.0561810004735572,0.00412711488410459
65,0.32936143870573,-0.0564803682051563,0.00417808966276469
65,0.331357552056016,-0.0567792035502108,0.00422937294872609
65,0.333353665406303,-0.0570775063504413,0.00428096447606392
65,0.335349778756589,-0.0573752764475683,0.00433286397436008
65,0.337345892106875,-0.0576725136833125,0.0043850711687033
65,0.339342005457162,-0.0579692178993944,0.00443758577968905
65,0.341338118807448,-0.0582653889375347,0.00449040752341963
65,0.343334232157735,-0.058561026639454,0.00454353611150409
65,0.345330345508021,-0.0588561308468728,0.00459697125105832
65,0.347326458858308,-0.0591507014015118,0.00465071264470495
65,0.349322572208594,-0.0594447381450914,0.00470475999057341
65,0.351318685558881,-0.0597382409193325,0.00475911298229996
65,0.353314798909167,-0.0600312095659555,0.0048137713090276
65,0.355310912259454,-0.060323643926681,0.00486873465540613
65,0.35730702560974,-0.0606155438432296,0.00492400270159217
65,0.359303138960027,-0.060906909157322,0.00497957512324908
65,0.361299252310313,-0.0611977397106787,0.00503545159154706
65,0.3632953656606,-0.0614880353450204,0.00509163177316305
65,0.365291479010886,-0.0617777959020676,0.00514811533028082
65,0.367287592361173,-0.0620670212235409,0.00520490192059092
65,0.369283705711459,-0.0623557111511609,0.00526199119729067
65,0.371279819061746,-0.0626438655266482,0.00531938280908419
65,0.373275932412032,-0.0629314841917234,0.0053770764001824
65,0.375272045762319,-0.0632185669881072,0.005435071610303
65,0.377268159112605,-0.0635051137575201,0.00549336807467048
65,0.379264272462892,-0.0637911243416826,0.00555196542401611
65,0.381260385813178,-0.0640765985823155,0.00561086328457797
65,0.383256499163465,-0.0643615363211393,0.00567006127810092
65,0.385252612513751,-0.0646459373998746,0.00572955902183659
65,0.387248725864038,-0.0649298016602419,0.00578935612854343
65,0.389244839214324,-0.065213128943962,0.00584945220648667
65,0.39124095256461,-0.0654959190927553,0.00590984685943831
65,0.393237065914897,-0.0657781719483426,0.00597053968667717
65,0.395233179265183,-0.0660598873524443,0.00603153028298883
65,0.39722929261547,-0.0663410651467812,0.00609281823866569
65,0.399225405965756,-0.0666217051730736,0.0061544031395069
65,0.401221519316043,-0.0669018072730424,0.00621628456681844
65,0.403217632666329,-0.0671813712884081,0.00627846209741306
65,0.405213746016616,-0.0674603970608912,0.00634093530361029
65,0.407209859366902,-0.0677388844322124,0.00640370375323646
65,0.409205972717189,-0.0680168332440922,0.0064667670096247
65,0.411202086067475,-0.0682942433382514,0.00653012463161491
65,0.413198199417762,-0.0685711145564104,0.00659377617355379
65,0.415194312768048,-0.0688474467402898,0.00665772118529483
65,0.417190426118335,-0.0691232397316103,0.0067219592121983
65,0.419186539468621,-0.0693984933720925,0.00678648979513126
65,0.421182652818908,-0.0696732075034569,0.00685131247046758
65,0.423178766169194,-0.0699473819674242,0.0069164267700879
65,0.425174879519481,-0.0702210166057149,0.00698183222137964
65,0.427170992869767,-0.0704941112600496,0.00704752834723704
65,0.429167106220054,-0.070766665772149,0.00711351466606111
65,0.43116321957034,-0.0710386799837336,0.00717979069175964
65,0.433159332920627,-0.0713101537365241,0.00724635593374723
65,0.435155446270913,-0.071581086872241,0.00731320989694525
65,0.4371515596212,-0.0718514792326049,0.00738035208178188
65,0.439147672971486,-0.0721213306593365,0.00744778198419208
65,0.441143786321773,-0.0723906409941563,0.00751549909561758
65,0.443139899672059,-0.0726594100787849,0.00758350290300694
65,0.445136013022346,-0.0729276377549429,0.00765179288881547
65,0.447132126372632,-0.073195323864351,0.00772036853100529
65,0.449128239722919,-0.0734624682487297,0.00778922930304531
65,0.451124353073205,-0.0737290707497995,0.00785837467391122
65,0.453120466423492,-0.0739951312092812,0.0079278041080855
65,0.455116579773778,-0.0742606494688953,0.00799751706555743
65,0.457112693124064,-0.0745256253703624,0.00806751300182308
65,0.459108806474351,-0.0747900587554031,0.00813779136788528
65,0.461104919824637,-0.075053949465738,0.00820835161025368
65,0.463101033174924,-0.0753172973430877,0.00827919317094472
65,0.46509714652521,-0.0755801022291729,0.00835031548748161
65,0.467093259875497,-0.0758423639657139,0.00842171799289437
65,0.469089373225783,-0.0761040823944316,0.00849340011571977
65,0.47108548657607,-0.0763652573570465,0.00856536128000143
65,0.473081599926356,-0.0766258886952791,0.00863760090528971
65,0.475077713276643,-0.0768859762508502,0.00871011840664177
65,0.477073826626929,-0.0771455198654802,0.00878291319462159
65,0.479069939977216,-0.0774045193808898,0.00885598467529989
65,0.481066053327502,-0.0776629746387996,0.00892933225025421
65,0.483062166677789,-0.0779208854809301,0.00900295531656888
65,0.485058280028075,-0.078178251749002,0.00907685326683501
65,0.487054393378362,-0.0784350732847358,0.0091510254891505
65,0.489050506728648,-0.0786913499298523,0.00922547136712004
65,0.491046620078935,-0.0789470815260719,0.00930019027985511
65,0.493042733429221,-0.0792022679151152,0.00937518160197399
65,0.495038846779508,-0.0794569089387029,0.00945044470360172
65,0.497034960129794,-0.0797110044385556,0.00952597895037017
65,0.499031073480081,-0.0799645542563938,0.00960178370341796
65,0.501027186830367,-0.0802175582339382,0.00967785831939053
65,0.503023300180654,-0.0804700162129093,0.00975420215044009
65,0.50501941353094,-0.0807219280350277,0.00983081454422564
65,0.507015526881227,-0.0809732935420141,0.00990769484391299
65,0.509011640231513,-0.081224112575589,0.00998484238817471
65,0.5110077535818,-0.0814743849774731,0.0100622565111902
65,0.513003866932086,-0.0817241105893869,0.0101399365426456
65,0.514999980282372,-0.081973289253051,0.0102178818077338
65,0.516996093632659,-0.082221920810186,0.0102960916271547
65,0.518992206982945,-0.0824700051025126,0.0103745653171146
65,0.520988320333232,-0.0827175419717513,0.0104533021893271
65,0.522984433683518,-0.0829645312596227,0.0105323015510121
65,0.524980547033805,-0.0832109728078474,0.0106115627048966
65,0.526976660384091,-0.0834568664581461,0.0106910849492142
65,0.528972773734378,-0.0837022120522393,0.0107708675777055
65,0.530968887084664,-0.0839470094318475,0.0108509098796176
65,0.532965000434951,-0.0841912584386915,0.0109312111397047
65,0.534961113785237,-0.0844349589144918,0.0110117706382276
65,0.536957227135524,-0.084678110700969,0.0110925876509539
65,0.53895334048581,-0.0849207136398436,0.0111736614491581
65,0.540949453836097,-0.0851627675728364,0.0112549912996214
65,0.542945567186383,-0.0854042723416679,0.0113365764646317
65,0.54494168053667,-0.0856452277880586,0.0114184162019839
65,0.546937793886956,-0.0858856337537293,0.0115005097649795
65,0.548933907237243,-0.0861254900804004,0.011582856402427
65,0.550930020587529,-0.0863647966097926,0.0116654553586414
65,0.552926133937816,-0.0866035531836265,0.0117483058734448
65,0.554922247288102,-0.0868417596436226,0.0118314071821658
65,0.556918360638389,-0.0870794158315017,0.01191475851564
65,0.558914473988675,-0.0873165215889842,0.0119983591002097
65,0.560910587338962,-0.0875530767577908,0.012082208157724
65,0.562906700689248,-0.0877890811796421,0.0121663049055388
65,0.564902814039535,-0.0880245346962586,0.0122506485565168
65,0.566898927389821,-0.0882594371493609,0.0123352383190275
65,0.568895040740107,-0.0884937883806698,0.0124200733969471
65,0.570891154090394,-0.0887275882319057,0.0125051529896587
65,0.57288726744068,-0.0889608365447892,0.0125904762920521
65,0.574883380790967,-0.089193533161041,0.012676042494524
65,0.576879494141253,-0.0894256779223817,0.0127618507829778
65,0.57887560749154,-0.0896572706705318,0.0128479003388236
65,0.580871720841826,-0.0898883112472119,0.0129341903389785
65,0.582867834192113,-0.0901187994941427,0.0130207199558663
65,0.584863947542399,-0.0903487352530447,0.0131074883574176
65,0.586860060892686,-0.0905781183656386,0.0131944947070696
65,0.588856174242972,-0.0908069486736449,0.0132817381637667
65,0.590852287593259,-0.0910352260187842,0.0133692178819597
65,0.592848400943545,-0.0912629502427772,0.0134569330116063
65,0.594844514293832,-0.0914901211873443,0.0135448826981711
65,0.596840627644118,-0.0917167386942063,0.0136330660826254
65,0.598836740994405,-0.0919428026050838,0.0137214823014473
65,0.600832854344691,-0.0921683127616972,0.0138101304866217
65,0.602828967694978,-0.0923932690057672,0.0138990097656402
65,0.604825081045264,-0.0926176711790145,0.0139881192615014
65,0.606821194395551,-0.0928415191231595,0.0140774580927106
65,0.608817307745837,-0.093064812679923,0.0141670253732796
65,0.610813421096124,-0.0932875516910255,0.0142568202127275
65,0.61280953444641,-0.0935097359981876,0.0143468417160797
65,0.614805647796697,-0.0937313654431299,0.0144370889838689
65,0.616801761146983,-0.093952439867573,0.014527561112134
65,0.61879787449727,-0.0941729591132374,0.0146182571924212
65,0.620793987847556,-0.0943929230218439,0.0147091763117832
65,0.622790101197843,-0.094612331435113,0.0148003175527797
65,0.624786214548129,-0.0948311841947652,0.0148916799934768
65,0.626782327898415,-0.0950494811425212,0.0149832627074479
65,0.628778441248702,-0.0952672221201016,0.0150750647637729
65,0.630774554598988,-0.095484406969227,0.0151670852270385
65,0.632770667949275,-0.095701035531618,0.0152593231573381
65,0.634766781299561,-0.0959171076489952,0.0153517776102722
65,0.636762894649848,-0.0961326231630791,0.0154444476369478
65,0.638759008000134,-0.0963475819155904,0.0155373322839789
65,0.640755121350421,-0.0965619837482496,0.015630430593486
65,0.642751234700707,-0.0967758285027774,0.0157237416030967
65,0.644747348050994,-0.0969891160208943,0.0158172643459452
65,0.64674346140128,-0.097201846144321,0.0159109978506725
65,0.648739574751567,-0.0974140187147781,0.0160049411414266
65,0.650735688101853,-0.0976256335739862,0.016099093237862
65,0.65273180145214,-0.0978366905636658,0.0161934531551401
65,0.654727914802426,-0.0980471895255375,0.0162880199039291
65,0.656724028152713,-0.098257130301322,0.0163827924904041
65,0.658720141502999,-0.0984665127327398,0.0164777699162468
65,0.660716254853286,-0.0986753366615115,0.0165729511786458
65,0.662712368203572,-0.0988836019293578,0.0166683352702965
65,0.664708481553859,-0.0990913083779992,0.0167639211794009
65,0.666704594904145,-0.0992984558491564,0.0168597078896681
65,0.668700708254432,-0.0995050441845499,0.0169556943803138
65,0.670696821604718,-0.0997110732259003,0.0170518796260604
65,0.672692934955005,-0.0999165428149283,0.0171482625971373
65,0.674689048305291,-0.100121452793354,0.0172448422592806
65,0.676685161655578,-0.100325803002899,0.0173416175737332
65,0.678681275005864,-0.100529593285283,0.0174385874972448
65,0.680677388356151,-0.100732823482227,0.0175357509820717
65,0.682673501706437,-0.100935493435452,0.0176331069759773
65,0.684669615056723,-0.101137602986677,0.0177306544222317
65,0.68666572840701,-0.101339151977625,0.0178283922596116
65,0.688661841757296,-0.101540140250014,0.0179263194224006
65,0.690657955107583,-0.101740567645567,0.0180244348403892
65,0.692654068457869,-0.101940434006003,0.0181227374388746
65,0.694650181808156,-0.102139739173043,0.0182212261386608
65,0.696646295158442,-0.102338482988408,0.0183198998560585
65,0.698642408508729,-0.102536665293818,0.0184187575028854
65,0.700638521859015,-0.102734285930994,0.0185177979864657
65,0.702634635209302,-0.102931344741656,0.0186170202096306
65,0.704630748559588,-0.103127841567526,0.0187164230707181
65,0.706626861909875,-0.103323776250323,0.0188160054635728
65,0.708622975260161,-0.103519148631769,0.0189157662775464
65,0.710619088610448,-0.103713958553583,0.019015704397497
65,0.712615201960734,-0.103908205857487,0.0191158187037899
65,0.714611315311021,-0.104101890385201,0.0192161080722968
65,0.716607428661307,-0.104295011978446,0.0193165713743965
65,0.718603542011594,-0.104487570478941,0.0194172074769744
65,0.72059965536188,-0.104679565728409,0.0195180152424227
65,0.722595768712167,-0.104870997568569,0.0196189935286406
65,0.724591882062453,-0.105061865841143,0.0197201411890337
65,0.72658799541274,-0.10525217038785,0.0198214570725149
65,0.728584108763026,-0.105441911050411,0.0199229400235034
65,0.730580222113313,-0.105631087670547,0.0200245888819254
65,0.732576335463599,-0.105819700089978,0.020126402483214
65,0.734572448813886,-0.106007748150426,0.0202283796583089
65,0.736568562164172,-0.10619523169361,0.0203305192336566
65,0.738564675514458,-0.106382150561251,0.0204328200312107
65,0.740560788864745,-0.10656850459507,0.020535280868431
65,0.742556902215031,-0.106754293636788,0.0206379005582848
65,0.744553015565318,-0.106939517528125,0.0207406779092455
65,0.746549128915604,-0.107124176110801,0.0208436117252938
65,0.748545242265891,-0.107308269226538,0.0209467008059169
65,0.750541355616177,-0.107491796717055,0.021049943946109
65,0.752537468966464,-0.107674758424074,0.0211533399363709
65,0.75453358231675,-0.107857154189314,0.0212568875627103
65,0.756529695667037,-0.108038983854498,0.0213605856066416
65,0.758525809017323,-0.108220247261344,0.0214644328451861
65,0.76052192236761,-0.108400944251575,0.0215684280508718
65,0.762518035717896,-0.10858107466691,0.0216725699917336
65,0.764514149068183,-0.108760638349069,0.0217768574313131
65,0.766510262418469,-0.108939635139775,0.0218812891286587
65,0.768506375768756,-0.109118064880747,0.0219858638383255
65,0.770502489119042,-0.109295927413705,0.0220905803103755
65,0.772498602469329,-0.109473222580371,0.0221954372903776
65,0.774494715819615,-0.109649950222465,0.0223004335194073
65,0.776490829169902,-0.109826110181707,0.0224055677340469
65,0.778486942520188,-0.110001702299819,0.0225108386663856
65,0.780483055870475,-0.11017672641852,0.0226162450440194
65,0.782479169220761,-0.110351182379532,0.0227217855900508
65,0.784475282571048,-0.110525070024574,0.0228274590230895
65,0.786471395921334,-0.110698389195369,0.0229332640572517
65,0.788467509271621,-0.110871139733635,0.0230391994021605
65,0.790463622621907,-0.111043321481094,0.0231452637629459
65,0.792459735972194,-0.111214934279467,0.0232514558402444
65,0.79445584932248,-0.111385977970474,0.0233577743301995
65,0.796451962672766,-0.111556452395835,0.0234642179244615
65,0.798448076023053,-0.111726357397271,0.0235707853101873
65,0.800444189373339,-0.111895692816503,0.0236774751700409
65,0.802440302723626,-0.112064458495252,0.0237842861821929
65,0.804436416073912,-0.112232654275237,0.0238912170203205
65,0.806432529424199,-0.11240027999818,0.0239982663536081
65,0.808428642774485,-0.112567335505801,0.0241054328467466
65,0.810424756124772,-0.112733820639821,0.0242127151599338
65,0.812420869475058,-0.11289973524196,0.0243201119488742
65,0.814416982825345,-0.113065079153939,0.0244276218647792
65,0.816413096175631,-0.113229852217479,0.0245352435543669
65,0.818409209525918,-0.113394054274299,0.0246429756598622
65,0.820405322876204,-0.113557685166122,0.024750816818997
65,0.822401436226491,-0.113720744734667,0.0248587656650096
65,0.824397549576777,-0.113883232821654,0.0249668208266453
65,0.826393662927064,-0.114045149268806,0.0250749809281563
65,0.82838977627735,-0.114206493917841,0.0251832445893014
65,0.830385889627637,-0.114367266610481,0.0252916104253463
65,0.832382002977923,-0.114527467188447,0.0254000770470634
65,0.83437811632821,-0.114687095493458,0.025508643060732
65,0.836374229678496,-0.114846151367236,0.0256173070681381
65,0.838370343028783,-0.115004634651501,0.0257260676665745
65,0.840366456379069,-0.115162545187973,0.0258349234488409
65,0.842362569729356,-0.115319882818374,0.0259438730032436
65,0.844358683079642,-0.115476647384424,0.0260529149135958
65,0.846354796429928,-0.115632838727844,0.0261620477592175
65,0.848350909780215,-0.115788456690353,0.0262712701149355
65,0.850347023130502,-0.115943501113673,0.0263805805510833
65,0.852343136480788,-0.116097971839525,0.0264899776335013
65,0.854339249831074,-0.116251868709628,0.0265994599235365
65,0.856335363181361,-0.116405191565704,0.026709025978043
65,0.858331476531647,-0.116557940249473,0.0268186743493814
65,0.860327589881934,-0.116710114602655,0.0269284035854193
65,0.86232370323222,-0.116861714466972,0.0270382122295308
65,0.864319816582507,-0.117012739684144,0.0271480988205972
65,0.866315929932793,-0.117163190095891,0.0272580618930063
65,0.86831204328308,-0.117313065543934,0.0273680999766527
65,0.870308156633366,-0.117462365869994,0.0274782115969379
65,0.872304269983653,-0.117611090915791,0.0275883952747701
65,0.874300383333939,-0.117759240523046,0.0276986495265644
65,0.876296496684226,-0.11790681453348,0.0278089728642425
65,0.878292610034512,-0.118053812788812,0.0279193637952332
65,0.880288723384799,-0.118200235130765,0.0280298208224717
65,0.882284836735085,-0.118346081401057,0.0281403424444002
65,0.884280950085372,-0.11849135144141,0.0282509271549678
65,0.886277063435658,-0.118636045093545,0.0283615734436301
65,0.888273176785945,-0.118780162199182,0.0284722797953498
65,0.890269290136231,-0.118923702600041,0.0285830446905962
65,0.892265403486518,-0.119066666137844,0.0286938666053454
65,0.894261516836804,-0.119209052654311,0.0288047440110804
65,0.89625763018709,-0.119350861991162,0.0289156753747908
65,0.898253743537377,-0.119492093990118,0.0290266591589731
65,0.900249856887663,-0.119632748492899,0.0291376938216307
65,0.90224597023795,-0.119772825341227,0.0292487778162736
65,0.904242083588236,-0.119912324376822,0.0293599095919186
65,0.906238196938523,-0.120051245441404,0.0294710875930895
65,0.908234310288809,-0.120189588376694,0.0295823102598167
65,0.910230423639096,-0.120327353024413,0.0296935760276374
65,0.912226536989382,-0.12046453922628,0.0298048833275956
65,0.914222650339669,-0.120601146824018,0.0299162305862422
65,0.916218763689956,-0.120737175659346,0.0300276162256348
65,0.918214877040242,-0.120872625573985,0.0301390386633376
65,0.920210990390528,-0.121007496409656,0.0302504963124221
65,0.922207103740815,-0.121141788008079,0.030361987581466
65,0.924203217091101,-0.121275500210975,0.0304735108745542
65,0.926199330441388,-0.121408632860064,0.0305850645912781
65,0.928195443791674,-0.121541185797067,0.0306966471267363
65,0.930191557141961,-0.121673158863705,0.0308082568715337
65,0.932187670492247,-0.121804551901698,0.0309198922117823
65,0.934183783842534,-0.121935364752766,0.0310315515291008
65,0.93617989719282,-0.122065597258631,0.0311432332006147
65,0.938176010543107,-0.122195249261013,0.0312549355989563
65,0.940172123893393,-0.122324320601633,0.0313666570922646
65,0.94216823724368,-0.122452811122211,0.0314783960441855
65,0.944164350593966,-0.122580720664467,0.0315901508138718
65,0.946160463944253,-0.122708049070123,0.0317019197559827
65,0.948156577294539,-0.122834796180899,0.0318137012206846
65,0.950152690644826,-0.122960961838516,0.0319254935536504
65,0.952148803995112,-0.123086545884693,0.03203729509606
65,0.954144917345399,-0.123211548161152,0.0321491041846
65,0.956141030695685,-0.123335968509614,0.0322609191514638
65,0.958137144045972,-0.123459806771799,0.0323727383243515
65,0.960133257396258,-0.123583062789427,0.0324845600264701
65,0.962129370746545,-0.123705736404219,0.0325963825765334
65,0.964125484096831,-0.123827827457897,0.0327082042887619
65,0.966121597447117,-0.123949335792179,0.0328200234728829
65,0.968117710797404,-0.124070261248787,0.0329318384341306
65,0.97011382414769,-0.124190603669442,0.0330436474732459
65,0.972109937497977,-0.124310362895864,0.0331554488864765
65,0.974106050848263,-0.124429538769774,0.0332672409655769
65,0.97610216419855,-0.124548131132892,0.0333790219978083
65,0.978098277548836,-0.124666139826939,0.0334907902659389
65,0.980094390899123,-0.124783564693636,0.0336025440482435
65,0.982090504249409,-0.124900405574702,0.0337142816185037
65,0.984086617599696,-0.12501666231186,0.033826001246008
65,0.986082730949982,-0.125132334746829,0.0339377011955517
65,0.988078844300269,-0.125247422721329,0.0340493797274366
65,0.990074957650555,-0.125361926077082,0.0341610350974717
65,0.992071071000842,-0.125475844655809,0.0342726655569725
65,0.994067184351128,-0.125589178299229,0.0343842693527615
65,0.996063297701415,-0.125701926849063,0.0344958447271677
65,0.998059411051701,-0.125814090147032,0.0346073899180272
99,3.93262785601746e-06,0,0
99,0.00200011230490876,-0.000391908297348915,1.51699200262876e-07
99,0.0039962919819615,-0.000783382717703851,6.07192548808789e-07
99,0.00599247165901425,-0.00117442263928568,1.36706982136332e-06
99,0.00798865133606699,-0.00156502744031528,2.43191566577157e-06
99,0.00998483101311973,-0.00195519649901352,3.80230960199819e-06
99,0.0119810106901725,-0.00234492919360127,5.47882602212735e-06
99,0.0139771903672252,-0.00273422490229941,7.46203419036277e-06
99,0.015973370044278,-0.00312308300332881,9.75249824302769e-06
99,0.0179695497213307,-0.00351150287491033,1.23507771885649e-05
99,0.0199657293983834,-0.00389948389526486,1.52574249075367e-05
99,0.0219619090754362,-0.00428702544261327,1.84729901526249e-05
99,0.0239580887524889,-0.00467412689517643,2.1998016548631e-05
99,0.0259542684295417,-0.00506078763117521,2.58330425924758e-05
99,0.0279504481065944,-0.00544700702883049,2.99786016531997e-05
99,0.0299466277836472,-0.00583278446636313,3.44352219719628e-05
99,0.0319428074606999,-0.00621811932199402,3.92034266620446e-05
99,0.0339389871377526,-0.00660301097394402,4.42837337088441e-05
99,0.0359351668148054,-0.006987458800434,4.967665596988e-05
99,0.0379313464918581,-0.00737146217968485,5.53827011747902e-05
99,0.0399275261689109,-0.00775502048991743,6.14023719253325e-05
99,0.0419237058459636,-0.00813813310935261,6.7736165695384e-05
99,0.0439198855230163,-0.00852079941621127,7.43845748309415e-05
99,0.0459160652000691,-0.00890301878871428,8.13480865501212e-05
99,0.0479122448771218,-0.00928479060508251,8.86271829431589e-05
99,0.0499084245541746,-0.00966611424353684,9.622234097241e-05
99,0.0519046042312273,-0.0100469890822981,0.000104134032472349
99,0.0539007839082801,-0.0104274144995873,0.000112362724149571
99,0.0558969635853328,-0.0108073898736251,0.000120908877582789
99,0.0578931432623855,-0.0111869145826326,0.000129772949222837
99,0.0598893229394383,-0.0115659880048305,0.000138955390392668
99,0.061885502616491,-0.0119446095184397,0.000148456647287355
99,0.0638816822935438,-0.0123227785016812,0.000158277160974088
99,0.0658778619705965,-0.0127004943327757,0.000168417367392181
99,0.0678740416476492,-0.0130777563899442,0.000178877697353064
99,0.069870221324702,-0.0134545640514075,0.000189658576540288
99,0.0718664010017547,-0.0138309166953864,0.000200760425509523
99,0.0738625806788075,-0.014206813700102,0.000212183659688559
99,0.0758587603558602,-0.014582254443775,0.000223928689377305
99,0.077854940032913,-0.0149572383046263,0.000235995919747789
99,0.0798511197099657,-0.0153317646608768,0.000248385750844161
99,0.0818472993870184,-0.0157058328907474,0.000261098577582687
99,0.0838434790640712,-0.0160794423724589,0.000274134789751756
99,0.0858396587411239,-0.0164525924842322,0.000287494772011874
99,0.0878358384181767,-0.0168252826042882,0.000301178903895668
99,0.0898320180952294,-0.0171975121108477,0.000315187559807884
99,0.0918281977722822,-0.0175692803821317,0.000329521109025386
99,0.0938243774493349,-0.017940586796361,0.000344179915697161
99,0.0958205571263877,-0.0183114307317564,0.000359164338844314
99,0.0978167368034404,-0.0186818115665389,0.000374474732360066
99,0.0998129164804931,-0.0190517286789293,0.000390111445009764
99,0.101809096157546,-0.0194211814471485,0.00040607482043087
99,0.103805275834599,-0.0197901692494173,0.000422365197132965
99,0.105801455511651,-0.0201586914639567,0.000438982908497754
99,0.107797635188704,-0.0205267474689875,0.000455928282779058
99,0.109793814865757,-0.0208943366427305,0.000473201643102817
99,0.11178999454281,-0.0212614583634068,0.000490803307467094
99,0.113786174219862,-0.021628112009237,0.000508733588742067
99,0.115782353896915,-0.0219942969584422,0.000526992794670037
99,0.117778533573968,-0.0223600125892431,0.000545581227865425
99,0.119774713251021,-0.0227252582798606,0.000564499185814768
99,0.121770892928073,-0.0230900334085157,0.000583746960876725
99,0.123767072605126,-0.0234543373534292,0.000603324840282073
99,0.125763252282179,-0.0238181694928219,0.000623233106133712
99,0.127759431959232,-0.0241815292049148,0.000643472035406658
99,0.129755611636284,-0.0245444158679286,0.000664041899948047
99,0.131751791313337,-0.0249068288600844,0.000684942966477136
99,0.13374797099039,-0.0252687675596029,0.000706175496585301
99,0.135744150667442,-0.025630231344705,0.000727739746736036
99,0.137740330344495,-0.0259912195936117,0.000749635968264957
99,0.139736510021548,-0.0263517316845437,0.000771864407379797
99,0.141732689698601,-0.0267117669957219,0.000794425305160412
99,0.143728869375653,-0.0270713249053673,0.000817318897558773
99,0.145725049052706,-0.0274304047917007,0.000840545415398975
99,0.147721228729759,-0.0277890060329429,0.000864105084377229
99,0.149717408406812,-0.0281471280073148,0.000887998125061868
99,0.151713588083864,-0.0285047700930374,0.000912224752893343
99,0.153709767760917,-0.0288619316683315,0.000936785178184225
99,0.15570594743797,-0.0292186121114179,0.000961679606119204
99,0.157702127115023,-0.0295748108005175,0.000986908236755091
99,0.159698306792075,-0.0299305271138512,0.00101247126502082
99,0.161694486469128,-0.0302857604296399,0.00103836888071743
99,0.163690666146181,-0.0306405101261045,0.0010646012685181
99,0.165686845823234,-0.0309947755814657,0.00109116860796811
99,0.167683025500286,-0.0313485561739446,0.00111807107348487
99,0.169679205177339,-0.0317018512817619,0.00114530883435791
99,0.171675384854392,-0.0320546602831386,0.00117288205474888
99,0.173671564531445,-0.0324069825562955,0.00120079089369154
99,0.175667744208497,-0.0327588174794534,0.00122903550509177
99,0.17766392388555,-0.0331101644308333,0.00125761603772759
99,0.179660103562603,-0.033461022788656,0.00128653263524912
99,0.181656283239656,-0.0338113919311425,0.00131578543617861
99,0.183652462916708,-0.0341612712365135,0.0013453745739104
99,0.185648642593761,-0.03451066008299,0.00137530017671101
99,0.187644822270814,-0.0348595578487927,0.00140556236771901
99,0.189641001947867,-0.0352079639121427,0.00143616126494514
99,0.191637181624919,-0.0355558776512608,0.00146709698127224
99,0.193633361301972,-0.0359032984443677,0.00149836962445527
99,0.195629540979025,-0.0362502256696845,0.00152997929712131
99,0.197625720656078,-0.036596658705432,0.00156192609676957
99,0.19962190033313,-0.036942596929831,0.00159421011577135
99,0.201618080010183,-0.0372880397211024,0.00162683144137011
99,0.203614259687236,-0.0376329864574672,0.00165979015568141
99,0.205610439364288,-0.0379774365171461,0.00169308633569291
99,0.207606619041341,-0.0383213892783601,0.00172672005326442
99,0.209602798718394,-0.03866484411933,0.00176069137512786
99,0.211598978395447,-0.0390078004182767,0.00179500036288727
99,0.213595158072499,-0.039350257553421,0.0018296470730188
99,0.215591337749552,-0.0396922149029839,0.00186463155687072
99,0.217587517426605,-0.0400336718451862,0.00189995386066344
99,0.219583697103658,-0.0403746277582488,0.00193561402548948
99,0.22157987678071,-0.0407150820203925,0.00197161208731345
99,0.223576056457763,-0.0410550340098383,0.00200794807697213
99,0.225572236134816,-0.041394483104807,0.00204462202017439
99,0.227568415811869,-0.0417334286835195,0.00208163393750121
99,0.229564595488921,-0.0420718701241966,0.00211898384440571
99,0.231560775165974,-0.0424098068050592,0.00215667175121314
99,0.233556954843027,-0.0427472381043282,0.00219469766312082
99,0.23555313452008,-0.0430841634002245,0.00223306158019825
99,0.237549314197132,-0.0434205820709689,0.002271763497387
99,0.239545493874185,-0.0437564934947823,0.0023108034045008
99,0.241541673551238,-0.0440918970498856,0.00235018128622547
99,0.243537853228291,-0.0444267921144997,0.00238989712211897
99,0.245534032905343,-0.0447611780668454,0.00242995088661135
99,0.247530212582396,-0.0450950542851436,0.00247034254900482
99,0.249526392259449,-0.0454284201476152,0.00251107207347368
99,0.251522571936502,-0.0457612750324811,0.00255213941906435
99,0.253518751613554,-0.046093618317962,0.00259354453969539
99,0.255514931290607,-0.046425449382279,0.00263528738415746
99,0.25751111096766,-0.0467567676036528,0.00267736789611336
99,0.259507290644713,-0.0470875723603043,0.00271978601409798
99,0.261503470321765,-0.0474178630304545,0.00276254167151835
99,0.263499649998818,-0.0477476389923242,0.00280563479665362
99,0.265495829675871,-0.0480768996241342,0.00284906531265505
99,0.267492009352923,-0.0484056443041054,0.00289283313754603
99,0.269488189029976,-0.0487338724104588,0.00293693818422206
99,0.271484368707029,-0.0490615833214151,0.00298138036045076
99,0.273480548384082,-0.0493887764151953,0.00302615956887188
99,0.275476728061134,-0.0497154510700202,0.00307127570699728
99,0.277472907738187,-0.0500416066641107,0.00311672866721095
99,0.27946908741524,-0.0503672425756877,0.00316251833676898
99,0.281465267092293,-0.050692358182972,0.00320864459779959
99,0.283461446769345,-0.0510169528641845,0.00325510732730313
99,0.285457626446398,-0.0513410259975461,0.00330190639715206
99,0.287453806123451,-0.0516645769612777,0.00334904167409095
99,0.289449985800504,-0.0519876051336001,0.00339651301973651
99,0.291446165477556,-0.0523101098927342,0.00344432029057755
99,0.293442345154609,-0.0526320906169008,0.00349246333797501
99,0.295438524831662,-0.052953546684321,0.00354094200816196
99,0.297434704508715,-0.0532744774732154,0.00358975614224356
99,0.299430884185767,-0.0535948823618051,0.00363890557619712
99,0.30142706386282,-0.0539147607283108,0.00368839014087205
99,0.303423243539873,-0.0542341119509534,0.00373820966198989
99,0.305419423216926,-0.0545529354079539,0.00378836396014429
99,0.307415602893978,-0.0548712304775331,0.00383885285080103
99,0.309411782571031,-0.0551889965379118,0.00388967614429801
99,0.311407962248084,-0.0555062329673109,0.00394083364584523
99,0.313404141925137,-0.0558229391439514,0.00399232515552483
99,0.315400321602189,-0.056139114446054,0.00404415046829107
99,0.317396501279242,-0.0564547582518397,0.00409630937397032
99,0.319392680956295,-0.0567698699395294,0.00414880165726106
99,0.321388860633348,-0.0570844488873438,0.00420162709773392
99,0.3233850403104,-0.0573984944735039,0.00425478546983162
99,0.325381219987453,-0.0577120060762305,0.00430827654286901
99,0.327377399664506,-0.0580249830737445,0.00436210008103307
99,0.329373579341559,-0.0583374248442668,0.00441625584338289
99,0.331369759018611,-0.0586493307660183,0.00447074358384966
99,0.333365938695664,-0.0589607002172199,0.00452556305123673
99,0.335362118372717,-0.0592715325760923,0.00458071398921955
99,0.337358298049769,-0.0595818272208565,0.00463619613634567
99,0.339354477726822,-0.0598915835297334,0.00469200922603479
99,0.341350657403875,-0.0602008008809437,0.00474815298657871
99,0.343346837080928,-0.0605094786527085,0.00480462714114137
99,0.34534301675798,-0.0608176162232486,0.00486143140775881
99,0.347339196435033,-0.0611252129707848,0.00491856549933919
99,0.349335376112086,-0.061432268273538,0.00497602912366279
99,0.351331555789139,-0.0617387815097291,0.00503382198338204
99,0.353327735466191,-0.0620447520575789,0.00509194377602144
99,0.355323915143244,-0.0623501792953084,0.00515039419397764
99,0.357320094820297,-0.0626550626011384,0.00520917292451941
99,0.35931627449735,-0.0629594013532898,0.00526827964978763
99,0.361312454174402,-0.0632631949299835,0.0053277140467953
99,0.363308633851455,-0.0635664427094402,0.00538747578742754
99,0.365304813528508,-0.063869144069881,0.0054475645384416
99,0.367300993205561,-0.0641712983895266,0.00550797996146684
99,0.369297172882613,-0.064472905046598,0.00556872171300473
99,0.371293352559666,-0.064773963419316,0.00562978944442888
99,0.373289532236719,-0.0650744728859015,0.00569118280198501
99,0.375285711913772,-0.0653744328245753,0.00575290142679095
99,0.377281891590824,-0.0656738426135584,0.00581494495483667
99,0.379278071267877,-0.0659727016310716,0.00587731301698424
99,0.38127425094493,-0.0662710092553358,0.00594000523896787
99,0.383270430621983,-0.0665687648645718,0.00600302124139386
99,0.385266610299035,-0.0668659678370006,0.00606636063974066
99,0.387262789976088,-0.0671626175508429,0.00613002304435882
99,0.389258969653141,-0.0674587133843197,0.00619400806047102
99,0.391255149330194,-0.0677542547156519,0.00625831528817206
99,0.393251329007246,-0.0680492409230603,0.00632294432242884
99,0.395247508684299,-0.0683436713847658,0.00638789475308041
99,0.397243688361352,-0.0686375454789892,0.00645316616483791
99,0.399239868038405,-0.0689308625839515,0.00651875813728463
99,0.401236047715457,-0.0692236220778735,0.00658467024487595
99,0.40323222739251,-0.069515823338976,0.00665090205693939
99,0.405228407069563,-0.06980746574548,0.00671745313767458
99,0.407224586746616,-0.0700985486756064,0.00678432304615328
99,0.409220766423668,-0.070389071507576,0.00685151133631934
99,0.411216946100721,-0.0706790336196096,0.00691901755698877
99,0.413213125777774,-0.0709684343899281,0.00698684125184968
99,0.415209305454826,-0.0712572731967525,0.00705498195946228
99,0.417205485131879,-0.0715455494183036,0.00712343921325894
99,0.419201664808932,-0.0718332624328022,0.00719221254154413
99,0.421197844485985,-0.0721204116184693,0.00726130146749443
99,0.423194024163037,-0.0724069963535257,0.00733070550915854
99,0.42519020384009,-0.0726930160161923,0.00740042417945731
99,0.427186383517143,-0.0729784699846899,0.00747045698618366
99,0.429182563194196,-0.0732633576372395,0.00754080343200269
99,0.431178742871248,-0.0735476783520618,0.00761146301445155
99,0.433174922548301,-0.0738314315073778,0.00768243522593957
99,0.435171102225354,-0.0741146164814084,0.00775371955374817
99,0.437167281902407,-0.0743972326523744,0.0078253154800309
99,0.439163461579459,-0.0746792793984967,0.00789722248181341
99,0.441159641256512,-0.0749607560979962,0.00796944003099349
99,0.443155820933565,-0.0752416621290936,0.00804196759434104
99,0.445152000610618,-0.07552199687001,0.0081148046334981
99,0.44714818028767,-0.0758017596989662,0.0081879506049788
99,0.449144359964723,-0.0760809499941831,0.0082614049601694
99,0.451140539641776,-0.0763595671338814,0.00833516714532828
99,0.453136719318829,-0.0766376104962822,0.00840923660158595
99,0.455132898995881,-0.0769150794596062,0.00848361276494502
99,0.457129078672934,-0.0771919734020744,0.00855829506628024
99,0.459125258349987,-0.0774682917019076,0.00863328293133847
99,0.46112143802704,-0.0777440337373267,0.00870857578073868
99,0.463117617704092,-0.0780191988865526,0.00878417302997198
99,0.465113797381145,-0.0782937865278061,0.00886007408940157
99,0.467109977058198,-0.0785677960393081,0.00893627836426281
99,0.46910615673525,-0.0788412267992795,0.00901278525466315
99,0.471102336412303,-0.0791140781859412,0.00908959415558216
99,0.473098516089356,-0.079386349577514,0.00916670445687154
99,0.475094695766409,-0.0796580403522188,0.0092441155432551
99,0.477090875443461,-0.0799291498882765,0.0093218267943288
99,0.479087055120514,-0.0801996775639079,0.00939983758456066
99,0.481083234797567,-0.0804696227573339,0.00947814728329088
99,0.48307941447462,-0.0807389848467754,0.00955675525473175
99,0.485075594151672,-0.0810077632104533,0.00963566085796767
99,0.487071773828725,-0.0812759572265885,0.00971486344695519
99,0.489067953505778,-0.0815435662734017,0.00979436237052295
99,0.491064133182831,-0.081810589729114,0.00987415697237173
99,0.493060312859883,-0.0820770269719461,0.00995424659107443
99,0.495056492536936,-0.0823428773801189,0.010034630560076
99,0.497052672213989,-0.0826081403318533,0.0101153082076937
99,0.499048851891042,-0.0828728152053702,0.0101962788571167
99,0.501045031568094,-0.0831369013788905,0.0102775418264063
99,0.503041211245147,-0.0834003982306349,0.0103590964284961
99,0.5050373909222,-0.0836633051388245,0.0104409419711917
99,0.507033570599252,-0.08392562148168,0.0105230777571707
99,0.509029750276305,-0.0841873466374224,0.0106055030839832
99,0.511025929953358,-0.0844484799842725,0.0106882172440509
99,0.513022109630411,-0.0847090209004512,0.010771219524668
99,0.515018289307464,-0.0849689687641793,0.0108545092080008
99,0.517014468984516,-0.0852283229536778,0.0109380855710874
99,0.519010648661569,-0.0854870828471674,0.0110219478858385
99,0.521006828338622,-0.0857452478228692,0.0111060954190365
99,0.523003008015675,-0.0860028172590039,0.0111905274323361
99,0.524999187692727,-0.0862597905337924,0.0112752431822642
99,0.52699536736978,-0.0865161670254556,0.0113602419202196
99,0.528991547046833,-0.0867719461122144,0.0114455228924735
99,0.530987726723886,-0.0870271271722896,0.0115310853401689
99,0.532983906400938,-0.0872817095839021,0.0116169284993211
99,0.534980086077991,-0.0875356927252729,0.0117030516008176
99,0.536976265755044,-0.0877890759746226,0.0117894538704178
99,0.538972445432097,-0.0880418587101724,0.0118761345287535
99,0.540968625109149,-0.0882940403101429,0.0119630927913284
99,0.542964804786202,-0.0885456201527551,0.0120503278685183
99,0.544960984463255,-0.0887965976162298,0.0121378389655712
99,0.546957164140307,-0.089046972078788,0.0122256252826073
99,0.54895334381736,-0.0892967429186504,0.0123136860146189
99,0.550949523494413,-0.0895459095140381,0.0124020203514702
99,0.552945703171466,-0.0897944712431717,0.0124906274778977
99,0.554941882848518,-0.0900424274842723,0.0125795065735101
99,0.556938062525571,-0.0902897776155607,0.012668656812788
99,0.558934242202624,-0.0905365210152578,0.0127580773650844
99,0.560930421879677,-0.0907826570615843,0.0128477673946241
99,0.562926601556729,-0.0910281851327613,0.0129377260605042
99,0.564922781233782,-0.0912731046070095,0.013027952516694
99,0.566918960910835,-0.09151741486255,0.0131184459120347
99,0.568915140587888,-0.0917611152776034,0.0132092053902397
99,0.57091132026494,-0.0920042052303907,0.0133002300898947
99,0.572907499941993,-0.0922466840991328,0.0133915191444573
99,0.574903679619046,-0.0924885512620506,0.0134830716822573
99,0.576899859296099,-0.0927298060973648,0.0135748868264966
99,0.578896038973151,-0.0929704479832965,0.0136669636952492
99,0.580892218650204,-0.0932104762980664,0.0137593014014613
99,0.582888398327257,-0.0934498904198954,0.0138518990529511
99,0.584884578004309,-0.0936886897270044,0.0139447557524091
99,0.586880757681362,-0.0939268735976144,0.0140378705973978
99,0.588876937358415,-0.094164441409946,0.0141312426803518
99,0.590873117035468,-0.0944013925422203,0.0142248710885777
99,0.59286929671252,-0.0946377263726581,0.0143187549042546
99,0.594865476389573,-0.0948734422794803,0.0144128932044334
99,0.596861656066626,-0.0951085396409077,0.0145072850610372
99,0.598857835743679,-0.0953430178351612,0.0146019295408612
99,0.600854015420731,-0.0955768762404618,0.0146968257055728
99,0.602850195097784,-0.0958101142350301,0.0147919726117114
99,0.604846374774837,-0.0960427311970872,0.0148873693106887
99,0.60684255445189,-0.096274726504854,0.0149830148487882
99,0.608838734128942,-0.0965060995365512,0.015078908267166
99,0.610834913805995,-0.0967368496703997,0.0151750486018498
99,0.612831093483048,-0.0969669762846205,0.0152714348837398
99,0.614827273160101,-0.0971964787574344,0.0153680661386082
99,0.616823452837153,-0.0974253564670622,0.0154649413870991
99,0.618819632514206,-0.0976536087917249,0.0155620596447292
99,0.620815812191259,-0.0978812351096433,0.0156594199218869
99,0.622811991868312,-0.0981082347990383,0.0157570212238328
99,0.624808171545364,-0.0983346072381308,0.0158548625506998
99,0.626804351222417,-0.0985603518051416,0.0159529428974928
99,0.62880053089947,-0.0987854678782916,0.0160512612540888
99,0.630796710576523,-0.0990099548358017,0.0161498166052368
99,0.632792890253575,-0.0992338120558927,0.0162486079305582
99,0.634789069930628,-0.0994570389167856,0.0163476342045464
99,0.636785249607681,-0.0996796347967012,0.0164468943965669
99,0.638781429284734,-0.0999015990738603,0.0165463874708572
99,0.640777608961786,-0.100122931126484,0.0166461123865271
99,0.642773788638839,-0.100343630332793,0.0167460680975585
99,0.644769968315892,-0.100563696071008,0.0168462535528053
99,0.646766147992945,-0.10078312771935,0.0169466676959937
99,0.648762327669997,-0.10100192465604,0.0170473094657218
99,0.65075850734705,-0.101220086259299,0.01714817779546
99,0.652754687024103,-0.101437611907348,0.0172492716135507
99,0.654750866701156,-0.101654500978407,0.0173505898432086
99,0.656747046378208,-0.101870752850697,0.0174521314025202
99,0.658743226055261,-0.10208636690244,0.0175538952044445
99,0.660739405732314,-0.102301342511856,0.0176558801568124
99,0.662735585409367,-0.102515679057166,0.0177580851623268
99,0.664731765086419,-0.102729375916591,0.017860509118563
99,0.666727944763472,-0.102942432468352,0.0179631509179683
99,0.668724124440525,-0.10315484809067,0.0180660094478621
99,0.670720304117577,-0.103366622161764,0.0181690835904359
99,0.67271648379463,-0.103577754059858,0.0182723722227534
99,0.674712663471683,-0.103788243163171,0.0183758742167502
99,0.676708843148736,-0.103998088849923,0.0184795884392344
99,0.678705022825788,-0.104207290498337,0.018583513751886
99,0.680701202502841,-0.104415847486633,0.0186876490112569
99,0.682697382179894,-0.104623759193032,0.0187919930687716
99,0.684693561856947,-0.104831024995754,0.0188965447707264
99,0.686689741533999,-0.10503764427302,0.0190013029582897
99,0.688685921211052,-0.105243616403053,0.0191062664675021
99,0.690682100888105,-0.105448940764071,0.0192114341292765
99,0.692678280565158,-0.105653616734296,0.0193168047693976
99,0.69467446024221,-0.10585764369195,0.0194223772085224
99,0.696670639919263,-0.106061021015252,0.0195281502621799
99,0.698666819596316,-0.106263748082425,0.0196341227407715
99,0.700662999273369,-0.106465824271687,0.0197402934495703
99,0.702659178950421,-0.106667248961262,0.0198466611887219
99,0.704655358627474,-0.106868021529368,0.0199532247532439
99,0.706651538304527,-0.107068141354228,0.0200599829330258
99,0.70864771798158,-0.107267607814062,0.0201669345128295
99,0.710643897658632,-0.107466420287091,0.020274078272289
99,0.712640077335685,-0.107664578151536,0.0203814129859102
99,0.714636257012738,-0.107862080785618,0.0204889374230713
99,0.716632436689791,-0.108058927567557,0.0205966503480226
99,0.718628616366843,-0.108255117875575,0.0207045505198865
99,0.720624796043896,-0.108450651087892,0.0208126366926575
99,0.722620975720949,-0.108645526582729,0.0209209076152023
99,0.724617155398002,-0.108839743738307,0.0210293620312596
99,0.726613335075054,-0.109033301932848,0.0211379986794403
99,0.728609514752107,-0.109226200544571,0.0212468162932273
99,0.73060569442916,-0.109418438951698,0.0213558136009759
99,0.732601874106212,-0.10961001653245,0.0214649893259132
99,0.734598053783265,-0.109800932665047,0.0215743421861386
99,0.736594233460318,-0.10999118672771,0.0216838708946236
99,0.738590413137371,-0.11018077809866,0.0217935741592117
99,0.740586592814423,-0.110369706156119,0.0219034506826187
99,0.742582772491476,-0.110557970278307,0.0220134991624324
99,0.744578952168529,-0.110745569843444,0.0221237182911128
99,0.746575131845582,-0.110932504229752,0.0222341067559919
99,0.748571311522634,-0.111118772815452,0.022344663239274
99,0.750567491199687,-0.111304374978764,0.0224553864180353
99,0.75256367087674,-0.11148931009791,0.0225662749642242
99,0.754559850553793,-0.111673577551109,0.0226773275446614
99,0.756556030230845,-0.111857176716584,0.0227885428210395
99,0.758552209907898,-0.112040106972555,0.0228999194499232
99,0.760548389584951,-0.112222367697242,0.0230114560827495
99,0.762544569262004,-0.112403958268867,0.0231231513658275
99,0.764540748939056,-0.112584878065651,0.0232350039403382
99,0.766536928616109,-0.112765126465814,0.023347012442335
99,0.768533108293162,-0.112944702847578,0.0234591755027432
99,0.770529287970215,-0.113123606589163,0.0235714917473603
99,0.772525467647267,-0.113301837068789,0.0236839597968559
99,0.77452164732432,-0.113479393664679,0.0237965782667719
99,0.776517827001373,-0.113656275755052,0.0239093457675221
99,0.778514006678426,-0.11383248271813,0.0240222609043923
99,0.780510186355478,-0.114008013932134,0.0241353222775409
99,0.782506366032531,-0.114182868775284,0.0242485284819979
99,0.784502545709584,-0.114357046625801,0.0243618781076658
99,0.786498725386636,-0.114530546861907,0.0244753697393189
99,0.788494905063689,-0.114703368861821,0.0245890019566039
99,0.790491084740742,-0.114875512003766,0.0247027733340395
99,0.792487264417795,-0.115046975665961,0.0248166824410165
99,0.794483444094848,-0.115217759226628,0.0249307278417978
99,0.7964796237719,-0.115387862063987,0.0250449080955186
99,0.798475803448953,-0.11555728355626,0.0251592217561859
99,0.800471983126006,-0.115726023081667,0.025273667372679
99,0.802468162803058,-0.115894080018429,0.0253882434887495
99,0.804464342480111,-0.116061453744767,0.0255029486430208
99,0.806460522157164,-0.116228143638903,0.0256177813689886
99,0.808456701834217,-0.116394149079055,0.0257327401950207
99,0.810452881511269,-0.116559469443447,0.025847823644357
99,0.812449061188322,-0.116724104110298,0.0259630302351094
99,0.814445240865375,-0.116888052457829,0.0260783584802622
99,0.816441420542428,-0.117051313864262,0.0261938068876715
99,0.81843760021948,-0.117213887707817,0.0263093739600658
99,0.820433779896533,-0.117375773366714,0.0264250581950456
99,0.822429959573586,-0.117536970219176,0.0265408580850834
99,0.824426139250639,-0.117697477643422,0.026656772117524
99,0.826422318927691,-0.117857295017674,0.0267727987745843
99,0.828418498604744,-0.118016421720153,0.0268889365333532
99,0.830414678281797,-0.118174857129079,0.0270051838657918
99,0.83241085795885,-0.118332600622673,0.0271215392387334
99,0.834407037635902,-0.118489651579156,0.0272380011138832
99,0.836403217312955,-0.118646009376749,0.0273545679478188
99,0.838399396990008,-0.118801673393673,0.0274712381919896
99,0.840395576667061,-0.118956643008149,0.0275880102927174
99,0.842391756344113,-0.119110917598397,0.027704882691196
99,0.844387936021166,-0.119264496542639,0.0278218538234913
99,0.846384115698219,-0.119417379219095,0.0279389221205414
99,0.848380295375271,-0.119569565005986,0.0280560860081565
99,0.850376475052324,-0.119721053281534,0.0281733439070187
99,0.852372654729377,-0.119871843423958,0.0282906942326826
99,0.85436883440643,-0.12002193481148,0.0284081353955747
99,0.856365014083483,-0.120171326822321,0.0285256658009935
99,0.858361193760535,-0.120320018834702,0.02864328384911
99,0.860357373437588,-0.120468010226843,0.0287609879349668
99,0.862353553114641,-0.120615300376965,0.0288787764484792
99,0.864349732791693,-0.120761888663289,0.0289966477744341
99,0.866345912468746,-0.120907774464037,0.0291146002924909
99,0.868342092145799,-0.121052957157428,0.0292326323771809
99,0.870338271822852,-0.121197436121685,0.0293507423979076
99,0.872334451499904,-0.121341210735027,0.0294689287189465
99,0.874330631176957,-0.121484280375675,0.0295871896994455
99,0.87632681085401,-0.121626644421851,0.0297055236934243
99,0.878322990531063,-0.121768302251776,0.0298239290497749
99,0.880319170208115,-0.121909253243669,0.0299424041122615
99,0.882315349885168,-0.122049496775753,0.0300609472195201
99,0.884311529562221,-0.122189032226247,0.0301795567050591
99,0.886307709239273,-0.122327858973373,0.030298230897259
99,0.888303888916326,-0.122465976395352,0.0304169681193723
99,0.890300068593379,-0.122603383870405,0.0305357666895237
99,0.892296248270432,-0.122740080776752,0.03065462492071
99,0.894292427947485,-0.122876066492614,0.0307735411208001
99,0.896288607624537,-0.123011340396212,0.030892513592535
99,0.89828478730159,-0.123145901865768,0.031011540633528
99,0.900280966978643,-0.123279750279501,0.0311306205362642
99,0.902277146655695,-0.123412885015633,0.0312497515881011
99,0.904273326332748,-0.123545305452385,0.0313689320712682
99,0.906269506009801,-0.123677010967977,0.0314881602628672
99,0.908265685686854,-0.123808000940631,0.0316074344348717
99,0.910261865363906,-0.123938274748567,0.0317267528541277
99,0.912258045040959,-0.124067831770006,0.0318461137823531
99,0.914254224718012,-0.124196671383169,0.0319655154761381
99,0.916250404395065,-0.124324792966277,0.0320849561869449
99,0.918246584072117,-0.124452195897551,0.0322044341611078
99,0.92024276374917,-0.124578879555211,0.0323239476398334
99,0.922238943426223,-0.124704843317479,0.0324434948592002
99,0.924235123103276,-0.124830086562575,0.0325630740501589
99,0.926231302780328,-0.124954608668721,0.0326826834385323
99,0.928227482457381,-0.125078409014137,0.0328023212450155
99,0.930223662134434,-0.125201486977043,0.0329219856851754
99,0.932219841811487,-0.125323841935662,0.0330416749694513
99,0.934216021488539,-0.125445473268213,0.0331613873031545
99,0.936212201165592,-0.125566380352918,0.0332811208864684
99,0.938208380842645,-0.125686562567997,0.0334008739144485
99,0.940204560519698,-0.125806019291672,0.0335206445770226
99,0.94220074019675,-0.125924749902163,0.0336404310589903
99,0.944196919873803,-0.126042753777691,0.0337602315400237
99,0.946193099550856,-0.126160030296477,0.0338800441946667
99,0.948189279227909,-0.126276578836742,0.0339998671923355
99,0.950185458904961,-0.126392398776707,0.0341196986973183
99,0.952181638582014,-0.126507489494592,0.0342395368687755
99,0.954177818259067,-0.126621850368619,0.0343593798607397
99,0.956173997936119,-0.126735480777008,0.0344792258221155
99,0.958170177613172,-0.126848380097981,0.0345990728966795
99,0.960166357290225,-0.126960547709757,0.0347189192230807
99,0.962162536967278,-0.127071982990558,0.0348387629348401
99,0.96415871664433,-0.127182685318606,0.0349586021603507
99,0.966154896321383,-0.12729265407212,0.0350784350228778
99,0.968151075998436,-0.127401888629321,0.0351982596405587
99,0.970147255675489,-0.127510388368431,0.0353180741264028
99,0.972143435352541,-0.12761815266767,0.0354378765882918
99,0.974139615029594,-0.12772518090526,0.0355576651289794
99,0.976135794706647,-0.127831472459421,0.0356774378460913
99,0.9781319743837,-0.127937026708373,0.0357971928321255
99,0.980128154060752,-0.128041843030338,0.0359169281744521
99,0.982124333737805,-0.128145920803538,0.0360366419553133
99,0.984120513414858,-0.128249259406191,0.0361563322518233
99,0.986116693091911,-0.12835185821652,0.0362759971359685
99,0.988112872768963,-0.128453716612746,0.0363956346746075
99,0.990109052446016,-0.128554833973088,0.036515242929471
99,0.992105232123069,-0.128655209675769,0.0366348199571617
99,0.994101411800122,-0.128754843099008,0.0367543638091545
99,0.996097591477174,-0.128853733621028,0.0368738725317965
99,0.998093771154227,-0.128951880620048,0.0369933441663067
