configuration,case_id,root,mach,density_ratio,reduced_frequency,inverse_reduced_frequency,velocity_mps,damping_g,frequency_Hz,eigenvalue_real,eigenvalue_imaginary,positive
coarse_edge_length_2p5_mm,64,1,0.2941,1,1.7666,0.56604403,30,-0.025689789,26.381179,-2.1291419,165.75784,0
coarse_edge_length_2p5_mm,64,1,0.2941,1,1.5811,0.63247916,33.5294,-0.028413035,26.387772,-2.3554301,165.79926,0
coarse_edge_length_2p5_mm,64,1,0.2941,1,1.4308,0.69889768,37.0588,-0.031271209,26.393739,-2.5929579,165.83675,0
coarse_edge_length_2p5_mm,64,1,0.2941,1,1.3067,0.76528934,40.5882,-0.034233904,26.399596,-2.8392497,165.87356,0
coarse_edge_length_2p5_mm,64,1,0.2941,1,1.2024,0.83166376,44.1176,-0.037284109,26.405066,-3.0928646,165.90792,0
coarse_edge_length_2p5_mm,64,1,0.2941,1,1.1136,0.89802573,47.6471,-0.040407941,26.410149,-3.3526441,165.93986,0
coarse_edge_length_2p5_mm,64,1,0.2941,1,1.0369,0.96437452,51.1765,-0.043594402,26.414842,-3.6176672,165.96935,0
coarse_edge_length_2p5_mm,64,1,0.2941,1,0.9702,1.0307151,54.7059,-0.046834847,26.419141,-3.887207,165.99636,0
coarse_edge_length_2p5_mm,64,1,0.2941,1,0.9115,1.0970507,58.2353,-0.050124362,26.423041,-4.1608449,166.02086,0
coarse_edge_length_2p5_mm,64,1,0.2941,1,0.8848,1.1302176,60,-0.05178681,26.424838,-4.2991378,166.03216,0
coarse_edge_length_2p5_mm,64,1,0.2941,1,0.8596,1.1633846,61.7647,-0.053460618,26.426533,-4.4383754,166.0428,0
coarse_edge_length_2p5_mm,64,1,0.2941,1,0.8132,1.2297203,65.2941,-0.05684091,26.42961,-4.7195615,166.06214,0
coarse_edge_length_2p5_mm,64,1,0.2941,1,0.7716,1.2960612,68.8235,-0.060262399,26.432266,-5.0041543,166.07883,0
coarse_edge_length_2p5_mm,64,1,0.2941,1,0.734,1.3624244,72.3529,-0.063718567,26.434231,-5.2915457,166.09117,0
coarse_edge_length_2p5_mm,64,1,0.2941,1,0.6999,1.4287872,75.8824,-0.067214326,26.436056,-5.5822385,166.10264,0
coarse_edge_length_2p5_mm,64,1,0.2941,1,0.6688,1.4951634,79.4118,-0.07074355,26.437448,-5.8756546,166.11139,0
coarse_edge_length_2p5_mm,64,1,0.2941,1,0.6404,1.5615579,82.9412,-0.074304218,26.438413,-6.1716134,166.11745,0
coarse_edge_length_2p5_mm,64,1,0.2941,1,0.6143,1.6279737,86.4706,-0.077894448,26.438953,-6.4699456,166.12084,0
coarse_edge_length_2p5_mm,64,1,0.2941,1,0.5902,1.6944137,90,-0.081512585,26.439073,-6.7705004,166.1216,0
coarse_edge_length_2p5_mm,64,1,0.2941,1,0.5679,1.7609004,93.5294,-0.085149669,26.438482,-7.0724413,166.11788,0
coarse_edge_length_2p5_mm,64,1,0.2941,1,0.5472,1.8273961,97.0588,-0.088819795,26.437805,-7.3770892,166.11363,0
coarse_edge_length_2p5_mm,64,1,0.2941,1,0.528,1.8939248,100.5882,-0.092514112,26.436714,-7.6836102,166.10677,0
coarse_edge_length_2p5_mm,64,1,0.2941,1,0.5101,1.9604896,104.1176,-0.096231687,26.43521,-7.9919128,166.09732,0
coarse_edge_length_2p5_mm,64,1,0.2941,1,0.4933,2.0270954,107.6471,-0.099971831,26.433296,-8.3019254,166.08529,0
coarse_edge_length_2p5_mm,64,1,0.2941,1,0.4776,2.0937643,111.1765,-0.10372303,26.430681,-8.6125829,166.06887,0
coarse_edge_length_2p5_mm,64,1,0.2941,1,0.4629,2.1604521,114.7059,-0.10750734,26.427999,-8.9259054,166.05201,0
coarse_edge_length_2p5_mm,64,1,0.2941,1,0.449,2.2271881,118.2353,-0.11131252,26.424905,-9.2407523,166.03257,0
coarse_edge_length_2p5_mm,64,1,0.2941,1,0.4424,2.2605751,120,-0.11322282,26.423203,-9.3987326,166.02188,0
coarse_edge_length_2p5_mm,64,1,0.2941,1,0.4359,2.2939754,121.7647,-0.11513819,26.421399,-9.5570772,166.01055,0
coarse_edge_length_2p5_mm,64,1,0.2941,1,0.4236,2.3608172,125.2941,-0.11898406,26.417483,-9.8748405,165.98594,0
coarse_edge_length_2p5_mm,64,1,0.2941,1,0.4119,2.4277165,128.8235,-0.1228499,26.413155,-10.194008,165.95875,0
coarse_edge_length_2p5_mm,64,1,0.2941,1,0.4009,2.4946765,132.3529,-0.12673556,26.408418,-10.514551,165.92898,0
coarse_edge_length_2p5_mm,64,1,0.2941,1,0.3904,2.5617024,135.8824,-0.13064118,26.403269,-10.836466,165.89663,0
coarse_edge_length_2p5_mm,64,1,0.2941,1,0.3804,2.6287935,139.4118,-0.1345672,26.397709,-11.159772,165.86169,0
coarse_edge_length_2p5_mm,64,1,0.2941,1,0.3709,2.6959549,142.9412,-0.13851452,26.391736,-11.484527,165.82417,0
coarse_edge_length_2p5_mm,64,1,0.2941,1,0.3619,2.76319,146.4706,-0.14248381,26.385351,-11.810771,165.78405,0
coarse_edge_length_2p5_mm,64,1,0.2941,1,0.3533,2.8305021,150,-0.14647567,26.378551,-12.138536,165.74133,0
coarse_edge_length_2p5_mm,64,2,0.2941,1,5.8016,0.17236491,30,-0.02263207,86.635435,-6.159844,544.34649,0
coarse_edge_length_2p5_mm,64,2,0.2941,1,5.1826,0.19295417,33.5294,-0.02307172,86.495751,-6.2693802,543.46883,0
coarse_edge_length_2p5_mm,64,2,0.2941,1,4.6824,0.21356527,37.0588,-0.022875018,86.37417,-6.2071923,542.70491,0
coarse_edge_length_2p5_mm,64,2,0.2941,1,4.2713,0.23412165,40.5882,-0.022261967,86.294154,-6.0352433,542.20216,0
coarse_edge_length_2p5_mm,64,2,0.2941,1,3.9277,0.25460149,44.1176,-0.021494922,86.252978,-5.8245161,541.94345,0
coarse_edge_length_2p5_mm,64,2,0.2941,1,3.636,0.27502682,47.6471,-0.02079635,86.235202,-5.6340615,541.83176,0
coarse_edge_length_2p5_mm,64,2,0.2941,1,3.385,0.29541822,51.1765,-0.020278275,86.229619,-5.4933511,541.79667,0
coarse_edge_length_2p5_mm,64,2,0.2941,1,3.1666,0.31579738,54.7059,-0.019992366,86.228098,-5.4158031,541.78712,0
coarse_edge_length_2p5_mm,64,2,0.2941,1,2.9746,0.33617944,58.2353,-0.019935849,86.226018,-5.4003628,541.77405,0
coarse_edge_length_2p5_mm,64,2,0.2941,1,2.8871,0.34637186,60,-0.019974218,86.224723,-5.4106751,541.76591,0
coarse_edge_length_2p5_mm,64,2,0.2941,1,2.8045,0.35656492,61.7647,-0.020047432,86.223349,-5.430421,541.75728,0
coarse_edge_length_2p5_mm,64,2,0.2941,1,2.6529,0.37695207,65.2941,-0.020276395,86.220585,-5.4922663,541.73992,0
coarse_edge_length_2p5_mm,64,2,0.2941,1,2.5167,0.39733917,68.8235,-0.020586967,86.218118,-5.5762312,541.72441,0
coarse_edge_length_2p5_mm,64,2,0.2941,1,2.3939,0.4177245,72.3529,-0.020953618,86.216256,-5.6754206,541.71271,0
coarse_edge_length_2p5_mm,64,2,0.2941,1,2.2825,0.43810693,75.8824,-0.021357969,86.215252,-5.7848742,541.7064,0
coarse_edge_length_2p5_mm,64,2,0.2941,1,2.1811,0.45848361,79.4118,-0.021786652,86.215308,-5.9009882,541.70676,0
coarse_edge_length_2p5_mm,64,2,0.2941,1,2.0883,0.47885416,82.9412,-0.022233244,86.216465,-6.0220299,541.71402,0
coarse_edge_length_2p5_mm,64,2,0.2941,1,2.0031,0.49921927,86.4706,-0.022700092,86.218467,-6.1486219,541.7266,0
coarse_edge_length_2p5_mm,64,2,0.2941,1,1.9246,0.51957987,90,-0.023189479,86.221059,-6.2813678,541.74289,0
coarse_edge_length_2p5_mm,64,2,0.2941,1,1.8521,0.5399369,93.5294,-0.023702691,86.224027,-6.4206032,541.76154,0
coarse_edge_length_2p5_mm,64,2,0.2941,1,1.7848,0.5602913,97.0588,-0.024240322,86.227183,-6.5664775,541.78137,0
coarse_edge_length_2p5_mm,64,2,0.2941,1,1.7222,0.58064398,100.5882,-0.024802432,86.230374,-6.7189964,541.80142,0
coarse_edge_length_2p5_mm,64,2,0.2941,1,1.6639,0.60099544,104.1176,-0.025387316,86.233524,-6.8776932,541.82121,0
coarse_edge_length_2p5_mm,64,2,0.2941,1,1.6094,0.62134622,107.6471,-0.025991824,86.236641,-7.0417152,541.8408,0
coarse_edge_length_2p5_mm,64,2,0.2941,1,1.5584,0.64169514,111.1765,-0.026613189,86.239734,-7.2103144,541.86023,0
coarse_edge_length_2p5_mm,64,2,0.2941,1,1.5105,0.66204272,114.7059,-0.027249145,86.242811,-7.3828774,541.87957,0
coarse_edge_length_2p5_mm,64,2,0.2941,1,1.4654,0.68238892,118.2353,-0.02789781,86.245879,-7.5588955,541.89884,0
coarse_edge_length_2p5_mm,64,2,0.2941,1,1.4439,0.69256152,120,-0.0282265,86.247407,-7.6480892,541.90844,0
coarse_edge_length_2p5_mm,64,2,0.2941,1,1.423,0.70273381,121.7647,-0.028557932,86.24893,-7.7380289,541.91801,0
coarse_edge_length_2p5_mm,64,2,0.2941,1,1.383,0.72307747,125.2941,-0.029228588,86.251956,-7.920027,541.93703,0
coarse_edge_length_2p5_mm,64,2,0.2941,1,1.3451,0.74342,128.8235,-0.029908965,86.254947,-8.1046687,541.95582,0
coarse_edge_length_2p5_mm,64,2,0.2941,1,1.3093,0.7637615,132.3529,-0.03059834,86.257895,-8.2917577,541.97434,0
coarse_edge_length_2p5_mm,64,2,0.2941,1,1.2753,0.78410265,135.8824,-0.031296094,86.260793,-8.4811249,541.99255,0
coarse_edge_length_2p5_mm,64,2,0.2941,1,1.2431,0.80444239,139.4118,-0.032001614,86.263634,-8.6726038,542.0104,0
coarse_edge_length_2p5_mm,64,2,0.2941,1,1.2124,0.82478137,142.9412,-0.032714397,86.266414,-8.8660573,542.02786,0
coarse_edge_length_2p5_mm,64,2,0.2941,1,1.1833,0.8451196,146.4706,-0.033433946,86.269136,-9.0613511,542.04497,0
coarse_edge_length_2p5_mm,64,2,0.2941,1,1.1555,0.86545712,150,-0.034159817,86.271801,-9.2583646,542.06171,0
coarse_edge_length_2p5_mm,64,3,0.2941,1,11.0125,0.090805578,30,-0.011610963,164.44925,-5.9986016,1033.2651,0
coarse_edge_length_2p5_mm,64,3,0.2941,1,9.8467,0.10155681,33.5294,-0.011912088,164.33872,-6.1500361,1032.5706,0
coarse_edge_length_2p5_mm,64,3,0.2941,1,8.9034,0.11231606,37.0588,-0.012106171,164.23762,-6.2463931,1031.9354,0
coarse_edge_length_2p5_mm,64,3,0.2941,1,8.1248,0.12308024,40.5882,-0.012216664,164.14763,-6.2999503,1031.37,0
coarse_edge_length_2p5_mm,64,3,0.2941,1,7.4713,0.13384552,44.1176,-0.012251073,164.07076,-6.314736,1030.887,0
coarse_edge_length_2p5_mm,64,3,0.2941,1,6.915,0.14461298,47.6471,-0.012254653,164.00321,-6.3139807,1030.4626,0
coarse_edge_length_2p5_mm,64,3,0.2941,1,6.4357,0.15538269,51.1765,-0.012254988,163.94233,-6.3118092,1030.08,0
coarse_edge_length_2p5_mm,64,3,0.2941,1,6.0184,0.16615639,54.7059,-0.012276263,163.88541,-6.3205712,1029.7224,0
coarse_edge_length_2p5_mm,64,3,0.2941,1,5.6518,0.17693565,58.2353,-0.012333193,163.83027,-6.3477459,1029.3759,0
coarse_edge_length_2p5_mm,64,3,0.2941,1,5.4846,0.18232755,60,-0.012374638,163.8031,-6.3680211,1029.2052,0
coarse_edge_length_2p5_mm,64,3,0.2941,1,5.3271,0.187721,61.7647,-0.012423628,163.77614,-6.3921796,1029.0359,0
coarse_edge_length_2p5_mm,64,3,0.2941,1,5.0375,0.19851265,65.2941,-0.012540913,163.7227,-6.4504191,1028.7001,0
coarse_edge_length_2p5_mm,64,3,0.2941,1,4.7776,0.20931075,68.8235,-0.012678673,163.66974,-6.5191664,1028.3673,0
coarse_edge_length_2p5_mm,64,3,0.2941,1,4.5431,0.22011532,72.3529,-0.012831307,163.61715,-6.5955283,1028.0369,0
coarse_edge_length_2p5_mm,64,3,0.2941,1,4.3304,0.23092667,75.8824,-0.012994776,163.5649,-6.6774216,1027.7086,0
coarse_edge_length_2p5_mm,64,3,0.2941,1,4.1366,0.24174462,79.4118,-0.013169696,163.51266,-6.7651432,1027.3804,0
coarse_edge_length_2p5_mm,64,3,0.2941,1,3.9593,0.25257012,82.9412,-0.013357903,163.46,-6.8596136,1027.0495,0
coarse_edge_length_2p5_mm,64,3,0.2941,1,3.7965,0.26340387,86.4706,-0.013560466,163.40656,-6.961358,1026.7137,0
coarse_edge_length_2p5_mm,64,3,0.2941,1,3.6464,0.27424654,90,-0.013777861,163.35202,-7.0705986,1026.371,0
coarse_edge_length_2p5_mm,64,3,0.2941,1,3.5076,0.28509885,93.5294,-0.01401012,163.29611,-7.1873298,1026.0197,0
coarse_edge_length_2p5_mm,64,3,0.2941,1,3.3788,0.29596151,97.0588,-0.014256945,163.23859,-7.3113773,1025.6583,0
coarse_edge_length_2p5_mm,64,3,0.2941,1,3.2591,0.30683525,100.5882,-0.014517796,163.17925,-7.442443,1025.2855,0
coarse_edge_length_2p5_mm,64,3,0.2941,1,3.1474,0.31772081,104.1176,-0.01479194,163.11791,-7.5801299,1024.9001,0
coarse_edge_length_2p5_mm,64,3,0.2941,1,3.043,0.3286191,107.6471,-0.015078071,163.05447,-7.7237526,1024.5014,0
coarse_edge_length_2p5_mm,64,3,0.2941,1,2.9452,0.33952996,111.1765,-0.015374482,162.98891,-7.872423,1024.0895,0
coarse_edge_length_2p5_mm,64,3,0.2941,1,2.8534,0.35045416,114.7059,-0.015679715,162.92124,-8.0253822,1023.6643,0
coarse_edge_length_2p5_mm,64,3,0.2941,1,2.7671,0.36139213,118.2353,-0.015992525,162.85145,-8.1819823,1023.2258,0
coarse_edge_length_2p5_mm,64,3,0.2941,1,2.7258,0.36686643,120,-0.016151436,162.81576,-8.2614723,1023.0016,0
coarse_edge_length_2p5_mm,64,3,0.2941,1,2.6857,0.37234433,121.7647,-0.01631186,162.77954,-8.341673,1022.774,0
coarse_edge_length_2p5_mm,64,3,0.2941,1,2.6088,0.3833112,125.2941,-0.016636827,162.70551,-8.5039883,1022.3089,0
coarse_edge_length_2p5_mm,64,3,0.2941,1,2.5362,0.39429319,128.8235,-0.016966676,162.62937,-8.6685331,1021.8305,0
coarse_edge_length_2p5_mm,64,3,0.2941,1,2.4674,0.40529075,132.3529,-0.01730077,162.55111,-8.8349733,1021.3387,0
coarse_edge_length_2p5_mm,64,3,0.2941,1,2.4021,0.41630466,135.8824,-0.017638586,162.47072,-9.0030306,1020.8336,0
coarse_edge_length_2p5_mm,64,3,0.2941,1,2.3401,0.42733475,139.4118,-0.017979652,162.38821,-9.1724561,1020.3152,0
coarse_edge_length_2p5_mm,64,3,0.2941,1,2.2811,0.43838179,142.9412,-0.0183236,162.30357,-9.3430518,1019.7834,0
coarse_edge_length_2p5_mm,64,3,0.2941,1,2.225,0.44944628,146.4706,-0.018670111,162.2168,-9.5146455,1019.2382,0
coarse_edge_length_2p5_mm,64,3,0.2941,1,2.1714,0.46052869,150,-0.01901893,162.12789,-9.6870979,1018.6796,0
coarse_edge_length_2p5_mm,64,4,0.2941,1,11.6614,0.085753184,30,-0.013668056,174.13824,-7.477403,1094.1429,0
coarse_edge_length_2p5_mm,64,4,0.2941,1,10.4291,0.095885349,33.5294,-0.014908808,174.05908,-8.1524754,1093.6455,0
coarse_edge_length_2p5_mm,64,4,0.2941,1,9.4309,0.10603477,37.0588,-0.016144353,173.96673,-8.8234152,1093.0652,0
coarse_edge_length_2p5_mm,64,4,0.2941,1,8.6052,0.11620881,40.5882,-0.017425368,173.85369,-9.5173434,1092.3549,0
coarse_edge_length_2p5_mm,64,4,0.2941,1,7.9104,0.1264154,44.1176,-0.018782858,173.7141,-10.250537,1091.4779,0
coarse_edge_length_2p5_mm,64,4,0.2941,1,7.3175,0.13665805,47.6471,-0.020125958,173.54991,-10.973138,1090.4463,0
coarse_edge_length_2p5_mm,64,4,0.2941,1,6.8062,0.14692521,51.1765,-0.021152575,173.37938,-11.52154,1089.3747,0
coarse_edge_length_2p5_mm,64,4,0.2941,1,6.3612,0.15720338,54.7059,-0.021666514,173.21897,-11.790558,1088.3669,0
coarse_edge_length_2p5_mm,64,4,0.2941,1,5.9709,0.16747834,58.2353,-0.021571736,173.08158,-11.72967,1087.5036,0
coarse_edge_length_2p5_mm,64,4,0.2941,1,5.7934,0.17261056,60,-0.021296517,173.02428,-11.576186,1087.1436,0
coarse_edge_length_2p5_mm,64,4,0.2941,1,5.6262,0.1777389,61.7647,-0.020915754,172.97407,-11.365915,1086.8281,0
coarse_edge_length_2p5_mm,64,4,0.2941,1,5.3196,0.18798511,65.2941,-0.019990274,172.89151,-10.857811,1086.3094,0
coarse_edge_length_2p5_mm,64,4,0.2941,1,5.0449,0.19821935,68.8235,-0.019033655,172.82791,-10.334416,1085.9098,0
coarse_edge_length_2p5_mm,64,4,0.2941,1,4.7974,0.20844417,72.3529,-0.018202308,172.77836,-9.8801989,1085.5985,0
coarse_edge_length_2p5_mm,64,4,0.2941,1,4.5733,0.21866254,75.8824,-0.017597416,172.73877,-9.5496753,1085.3497,0
coarse_edge_length_2p5_mm,64,4,0.2941,1,4.3692,0.22887451,79.4118,-0.017265962,172.70733,-9.3680981,1085.1522,0
coarse_edge_length_2p5_mm,64,4,0.2941,1,4.1826,0.23908618,82.9412,-0.017192046,172.67879,-9.3264517,1084.9728,0
coarse_edge_length_2p5_mm,64,4,0.2941,1,4.0113,0.24929655,86.4706,-0.017281017,172.65349,-9.3733437,1084.8139,0
coarse_edge_length_2p5_mm,64,4,0.2941,1,3.8535,0.25950643,90,-0.01747096,172.63051,-9.4751088,1084.6695,0
coarse_edge_length_2p5_mm,64,4,0.2941,1,3.7076,0.2697166,93.5294,-0.017715205,172.60908,-9.6063784,1084.5348,0
coarse_edge_length_2p5_mm,64,4,0.2941,1,3.5723,0.27992782,97.0588,-0.017978514,172.58856,-9.7480035,1084.4059,0
coarse_edge_length_2p5_mm,64,4,0.2941,1,3.4466,0.29014079,100.5882,-0.018234298,172.56845,-9.8855384,1084.2796,0
coarse_edge_length_2p5_mm,64,4,0.2941,1,3.3294,0.3003562,104.1176,-0.018462568,172.54831,-10.008124,1084.153,0
coarse_edge_length_2p5_mm,64,4,0.2941,1,3.2198,0.31057499,107.6471,-0.018648415,172.52777,-10.107664,1084.024,0
coarse_edge_length_2p5_mm,64,4,0.2941,1,3.1172,0.32079714,111.1765,-0.01878288,172.50658,-10.179296,1083.8908,0
coarse_edge_length_2p5_mm,64,4,0.2941,1,3.0209,0.33102279,114.7059,-0.018873953,172.48488,-10.227365,1083.7545,0
coarse_edge_length_2p5_mm,64,4,0.2941,1,2.9304,0.34125148,118.2353,-0.018934507,172.46294,-10.258873,1083.6166,0
coarse_edge_length_2p5_mm,64,4,0.2941,1,2.8871,0.34636683,120,-0.018956696,172.45195,-10.270241,1083.5476,0
coarse_edge_length_2p5_mm,64,4,0.2941,1,2.8451,0.35148277,121.7647,-0.018975021,172.441,-10.279516,1083.4787,0
coarse_edge_length_2p5_mm,64,4,0.2941,1,2.7646,0.36171621,125.2941,-0.019003997,172.41927,-10.293916,1083.3422,0
coarse_edge_length_2p5_mm,64,4,0.2941,1,2.6885,0.37195139,128.8235,-0.019028321,172.39794,-10.305817,1083.2082,0
coarse_edge_length_2p5_mm,64,4,0.2941,1,2.6165,0.38218786,132.3529,-0.019053553,172.37717,-10.318239,1083.0777,0
coarse_edge_length_2p5_mm,64,4,0.2941,1,2.5483,0.39242551,135.8824,-0.01908417,172.35708,-10.333615,1082.9515,0
coarse_edge_length_2p5_mm,64,4,0.2941,1,2.4835,0.40266335,139.4118,-0.019123757,172.33782,-10.353893,1082.8305,0
coarse_edge_length_2p5_mm,64,4,0.2941,1,2.4219,0.41290125,142.9412,-0.019175163,172.31948,-10.38062,1082.7152,0
coarse_edge_length_2p5_mm,64,4,0.2941,1,2.3633,0.42313881,146.4706,-0.019240635,172.30217,-10.415018,1082.6065,0
coarse_edge_length_2p5_mm,64,4,0.2941,1,2.3075,0.43337563,150,-0.019321922,172.28598,-10.458036,1082.5047,0
coarse_edge_length_2p5_mm,64,5,0.2941,1,13.0026,0.076907651,30,-2.5398914e-05,194.16675,-0.015493156,1219.9857,0
coarse_edge_length_2p5_mm,64,5,0.2941,1,11.6339,0.085955705,33.5294,-2.6327347e-05,194.16647,-0.01605947,1219.9839,0
coarse_edge_length_2p5_mm,64,5,0.2941,1,10.5259,0.095003775,37.0588,-2.6894193e-05,194.16621,-0.016405219,1219.9823,0
coarse_edge_length_2p5_mm,64,5,0.2941,1,9.6106,0.10405186,40.5882,-2.7290326e-05,194.16597,-0.016646836,1219.9807,0
coarse_edge_length_2p5_mm,64,5,0.2941,1,8.8417,0.11309996,44.1176,-2.7623846e-05,194.16574,-0.01685026,1219.9793,0
coarse_edge_length_2p5_mm,64,5,0.2941,1,8.1868,0.12214832,47.6471,-2.7948921e-05,194.16553,-0.017048534,1219.978,0
coarse_edge_length_2p5_mm,64,5,0.2941,1,7.6222,0.13119644,51.1765,-2.8280997e-05,194.16533,-0.017251079,1219.9767,0
coarse_edge_length_2p5_mm,64,5,0.2941,1,7.1304,0.14024458,54.7059,-2.8551186e-05,194.16514,-0.017415874,1219.9755,0
coarse_edge_length_2p5_mm,64,5,0.2941,1,6.6983,0.14929272,58.2353,-2.8685035e-05,194.16496,-0.017497504,1219.9744,0
coarse_edge_length_2p5_mm,64,5,0.2941,1,6.5012,0.1538168,60,-2.8688861e-05,194.16487,-0.01749983,1219.9738,0
coarse_edge_length_2p5_mm,64,5,0.2941,1,6.3155,0.15834087,61.7647,-2.864779e-05,194.16478,-0.01747477,1219.9733,0
coarse_edge_length_2p5_mm,64,5,0.2941,1,5.9741,0.16738904,65.2941,-2.8429493e-05,194.16461,-0.017341596,1219.9722,0
coarse_edge_length_2p5_mm,64,5,0.2941,1,5.6677,0.17643722,68.8235,-2.8054463e-05,194.16445,-0.017112819,1219.9712,0
coarse_edge_length_2p5_mm,64,5,0.2941,1,5.3913,0.18548541,72.3529,-2.7601905e-05,194.16429,-0.016836751,1219.9702,0
coarse_edge_length_2p5_mm,64,5,0.2941,1,5.1405,0.19453386,75.8824,-2.7135793e-05,194.16413,-0.016552416,1219.9692,0
coarse_edge_length_2p5_mm,64,5,0.2941,1,4.912,0.20358207,79.4118,-2.6698616e-05,194.16399,-0.016285733,1219.9683,0
coarse_edge_length_2p5_mm,64,5,0.2941,1,4.703,0.21263028,82.9412,-2.6317828e-05,194.16385,-0.016053447,1219.9674,0
coarse_edge_length_2p5_mm,64,5,0.2941,1,4.511,0.22167849,86.4706,-2.6010534e-05,194.16372,-0.015865992,1219.9666,0
coarse_edge_length_2p5_mm,64,5,0.2941,1,4.3341,0.2307267,90,-2.5783869e-05,194.1636,-0.015727721,1219.9659,0
coarse_edge_length_2p5_mm,64,5,0.2941,1,4.1706,0.23977491,93.5294,-2.5628293e-05,194.16349,-0.015632813,1219.9652,0
coarse_edge_length_2p5_mm,64,5,0.2941,1,4.0189,0.24882313,97.0588,-2.5531943e-05,194.16338,-0.015574032,1219.9645,0
coarse_edge_length_2p5_mm,64,5,0.2941,1,3.8779,0.25787135,100.5882,-2.5484955e-05,194.16328,-0.015545362,1219.9639,0
coarse_edge_length_2p5_mm,64,5,0.2941,1,3.7464,0.26691958,104.1176,-2.5479017e-05,194.16318,-0.015541732,1219.9633,0
coarse_edge_length_2p5_mm,64,5,0.2941,1,3.6236,0.27596807,107.6471,-2.5507047e-05,194.16308,-0.015558822,1219.9626,0
coarse_edge_length_2p5_mm,64,5,0.2941,1,3.5086,0.28501632,111.1765,-2.5562959e-05,194.16298,-0.015592919,1219.962,0
coarse_edge_length_2p5_mm,64,5,0.2941,1,3.4006,0.29406458,114.7059,-2.5641487e-05,194.16288,-0.015640811,1219.9613,0
coarse_edge_length_2p5_mm,64,5,0.2941,1,3.2991,0.30311285,118.2353,-2.5738059e-05,194.16277,-0.01569971,1219.9607,0
coarse_edge_length_2p5_mm,64,5,0.2941,1,3.2506,0.30763699,120,-2.5791846e-05,194.16272,-0.015732515,1219.9604,0
coarse_edge_length_2p5_mm,64,5,0.2941,1,3.2035,0.31216114,121.7647,-2.5848692e-05,194.16267,-0.015767185,1219.96,0
coarse_edge_length_2p5_mm,64,5,0.2941,1,3.1132,0.32120944,125.2941,-2.597028e-05,194.16256,-0.015841343,1219.9593,0
coarse_edge_length_2p5_mm,64,5,0.2941,1,3.0279,0.33025776,128.8235,-2.6101686e-05,194.16244,-0.015921488,1219.9586,0
coarse_edge_length_2p5_mm,64,5,0.2941,1,2.9472,0.3393061,132.3529,-2.6242261e-05,194.16232,-0.016007226,1219.9578,0
coarse_edge_length_2p5_mm,64,5,0.2941,1,2.8706,0.34835471,135.8824,-2.6391349e-05,194.1622,-0.016098156,1219.9571,0
coarse_edge_length_2p5_mm,64,5,0.2941,1,2.798,0.35740308,139.4118,-2.6548274e-05,194.16208,-0.016193867,1219.9563,0
coarse_edge_length_2p5_mm,64,5,0.2941,1,2.7289,0.36645147,142.9412,-2.6712373e-05,194.16195,-0.016293953,1219.9555,0
coarse_edge_length_2p5_mm,64,5,0.2941,1,2.6631,0.37549987,146.4706,-2.688298e-05,194.16182,-0.016398009,1219.9547,0
coarse_edge_length_2p5_mm,64,5,0.2941,1,2.6005,0.38454829,150,-2.7059439e-05,194.16169,-0.016505634,1219.9539,0
coarse_edge_length_2p5_mm,64,6,0.2941,1,17.6843,0.056547446,30,-0.0093652195,264.07751,-7.7696106,1659.2479,0
coarse_edge_length_2p5_mm,64,6,0.2941,1,15.8175,0.063220985,33.5294,-0.010061088,263.99013,-8.3441579,1658.6989,0
coarse_edge_length_2p5_mm,64,6,0.2941,1,14.3063,0.069899188,37.0588,-0.010859549,263.90182,-9.0033478,1658.144,0
coarse_edge_length_2p5_mm,64,6,0.2941,1,13.0578,0.076582523,40.5882,-0.011808902,263.81123,-9.7870696,1657.5749,0
coarse_edge_length_2p5_mm,64,6,0.2941,1,12.0089,0.083271659,44.1176,-0.012925648,263.71681,-10.708781,1656.9816,0
coarse_edge_length_2p5_mm,64,6,0.2941,1,11.1151,0.089967867,47.6471,-0.014164524,263.61627,-11.730704,1656.3499,0
coarse_edge_length_2p5_mm,64,6,0.2941,1,10.3442,0.096672693,51.1765,-0.015328786,263.50565,-12.689589,1655.6548,0
coarse_edge_length_2p5_mm,64,6,0.2941,1,9.6723,0.1033884,54.7059,-0.01627109,263.38164,-13.463315,1654.8757,0
coarse_edge_length_2p5_mm,64,6,0.2941,1,9.0813,0.11011692,58.2353,-0.016913234,263.24214,-13.987237,1653.9991,0
coarse_edge_length_2p5_mm,64,6,0.2941,1,8.8116,0.11348654,60,-0.017109261,263.16618,-14.145268,1653.5219,0
coarse_edge_length_2p5_mm,64,6,0.2941,1,8.5572,0.11685998,61.7647,-0.017218881,263.08596,-14.231559,1653.0178,0
coarse_edge_length_2p5_mm,64,6,0.2941,1,8.0894,0.12361911,65.2941,-0.017176925,262.91266,-14.18753,1651.929,0
coarse_edge_length_2p5_mm,64,6,0.2941,1,7.669,0.1303949,68.8235,-0.016783444,262.72373,-13.852567,1650.7419,0
coarse_edge_length_2p5_mm,64,6,0.2941,1,7.2895,0.13718278,72.3529,-0.016168948,262.53034,-13.335556,1649.5268,0
coarse_edge_length_2p5_mm,64,6,0.2941,1,6.9456,0.14397612,75.8824,-0.015481678,262.34559,-12.759735,1648.3659,0
coarse_edge_length_2p5_mm,64,6,0.2941,1,6.6327,0.15076789,79.4118,-0.014805866,262.17987,-12.195035,1647.3247,0
coarse_edge_length_2p5_mm,64,6,0.2941,1,6.3471,0.1575512,82.9412,-0.014194531,262.04252,-11.685376,1646.4617,0
coarse_edge_length_2p5_mm,64,6,0.2941,1,6.0856,0.16432104,86.4706,-0.013722621,261.93797,-11.292377,1645.8048,0
coarse_edge_length_2p5_mm,64,6,0.2941,1,5.8455,0.17107163,90,-0.013404196,261.87116,-11.027531,1645.385,0
coarse_edge_length_2p5_mm,64,6,0.2941,1,5.6242,0.17780345,93.5294,-0.013221709,261.83706,-10.875984,1645.1708,0
coarse_edge_length_2p5_mm,64,6,0.2941,1,5.4194,0.18452084,97.0588,-0.013137898,261.82594,-10.806584,1645.1009,0
coarse_edge_length_2p5_mm,64,6,0.2941,1,5.2294,0.19122803,100.5882,-0.01312326,261.82955,-10.794692,1645.1236,0
coarse_edge_length_2p5_mm,64,6,0.2941,1,5.0523,0.19792916,104.1176,-0.013154987,261.84093,-10.82126,1645.1951,0
coarse_edge_length_2p5_mm,64,6,0.2941,1,4.8869,0.20462849,107.6471,-0.013215621,261.85411,-10.871685,1645.2779,0
coarse_edge_length_2p5_mm,64,6,0.2941,1,4.7319,0.2113319,111.1765,-0.013296954,261.86117,-10.938887,1645.3222,0
coarse_edge_length_2p5_mm,64,6,0.2941,1,4.5863,0.21803891,114.7059,-0.01337866,261.86347,-11.0062,1645.3367,0
coarse_edge_length_2p5_mm,64,6,0.2941,1,4.4493,0.22475588,118.2353,-0.013458851,261.85403,-11.071772,1645.2774,0
coarse_edge_length_2p5_mm,64,6,0.2941,1,4.3837,0.22811891,120,-0.013497094,261.84429,-11.102819,1645.2162,0
coarse_edge_length_2p5_mm,64,6,0.2941,1,4.3199,0.2314849,121.7647,-0.013534124,261.8315,-11.132737,1645.1359,0
coarse_edge_length_2p5_mm,64,6,0.2941,1,4.1977,0.23822525,125.2941,-0.013604819,261.7978,-11.189448,1644.9241,0
coarse_edge_length_2p5_mm,64,6,0.2941,1,4.082,0.24497597,128.8235,-0.013671338,261.75487,-11.242312,1644.6544,0
coarse_edge_length_2p5_mm,64,6,0.2941,1,3.9724,0.25173609,132.3529,-0.013733921,261.70447,-11.291602,1644.3377,0
coarse_edge_length_2p5_mm,64,6,0.2941,1,3.8684,0.25850484,135.8824,-0.013792707,261.64817,-11.337495,1643.9839,0
coarse_edge_length_2p5_mm,64,6,0.2941,1,3.7696,0.26528083,139.4118,-0.013847764,261.5874,-11.380107,1643.6021,0
coarse_edge_length_2p5_mm,64,6,0.2941,1,3.6756,0.27206329,142.9412,-0.013899125,261.52345,-11.419523,1643.2003,0
coarse_edge_length_2p5_mm,64,6,0.2941,1,3.5861,0.27885122,146.4706,-0.013946798,261.45748,-11.455801,1642.7858,0
coarse_edge_length_2p5_mm,64,6,0.2941,1,3.5009,0.28564365,150,-0.013990783,261.39053,-11.488987,1642.3651,0
coarse_edge_length_2p5_mm,64,7,0.2941,1,18.3565,0.054476513,30,-0.0082017831,274.11646,-7.063066,1722.3245,0
coarse_edge_length_2p5_mm,64,7,0.2941,1,16.4183,0.060907794,33.5294,-0.0087871559,274.0161,-7.5643964,1721.6939,0
coarse_edge_length_2p5_mm,64,7,0.2941,1,14.8491,0.067344353,37.0588,-0.0093533998,273.91343,-8.048829,1721.0488,0
coarse_edge_length_2p5_mm,64,7,0.2941,1,13.5524,0.073787592,40.5882,-0.0099059223,273.80389,-8.5208791,1720.3606,0
coarse_edge_length_2p5_mm,64,7,0.2941,1,12.4628,0.080238675,44.1176,-0.010442006,273.68519,-8.9781136,1719.6147,0
coarse_edge_length_2p5_mm,64,7,0.2941,1,11.5342,0.086698576,47.6471,-0.01095667,273.5569,-9.4162098,1718.8087,0
coarse_edge_length_2p5_mm,64,7,0.2941,1,10.7335,0.093166253,51.1765,-0.011412614,273.42304,-9.8032505,1717.9677,0
coarse_edge_length_2p5_mm,64,7,0.2941,1,10.0361,0.099640158,54.7059,-0.011766007,273.28948,-10.101872,1717.1285,0
coarse_edge_length_2p5_mm,64,7,0.2941,1,9.4234,0.10611882,58.2353,-0.011999229,273.15998,-10.297227,1716.3148,0
coarse_edge_length_2p5_mm,64,7,0.2941,1,9.1441,0.10935955,60,-0.012069358,273.09748,-10.355039,1715.9221,0
coarse_edge_length_2p5_mm,64,7,0.2941,1,8.8809,0.11260105,61.7647,-0.012108736,273.03671,-10.386512,1715.5403,0
coarse_edge_length_2p5_mm,64,7,0.2941,1,8.3973,0.11908592,65.2941,-0.012097418,272.92084,-10.3724,1714.8122,0
coarse_edge_length_2p5_mm,64,7,0.2941,1,7.9635,0.12557265,68.8235,-0.011970691,272.81288,-10.259684,1714.1339,0
coarse_edge_length_2p5_mm,64,7,0.2941,1,7.5723,0.13206073,72.3529,-0.011744406,272.71272,-10.062046,1713.5046,0
coarse_edge_length_2p5_mm,64,7,0.2941,1,7.2176,0.13855027,75.8824,-0.011459031,272.61946,-9.8141938,1712.9186,0
coarse_edge_length_2p5_mm,64,7,0.2941,1,6.8946,0.14504067,79.4118,-0.011147372,272.53257,-9.5442278,1712.3727,0
coarse_edge_length_2p5_mm,64,7,0.2941,1,6.5993,0.1515317,82.9412,-0.010832062,272.45199,-9.2715212,1711.8663,0
coarse_edge_length_2p5_mm,64,7,0.2941,1,6.3282,0.15802277,86.4706,-0.010528763,272.37796,-9.0094689,1711.4012,0
coarse_edge_length_2p5_mm,64,7,0.2941,1,6.0785,0.1645132,90,-0.010249116,272.31084,-8.7680136,1710.9795,0
coarse_edge_length_2p5_mm,64,7,0.2941,1,5.8479,0.17100225,93.5294,-0.010001741,272.25099,-8.554506,1710.6034,0
coarse_edge_length_2p5_mm,64,7,0.2941,1,5.6341,0.17748989,97.0588,-0.0097908878,272.19771,-8.3725242,1710.2686,0
coarse_edge_length_2p5_mm,64,7,0.2941,1,5.4355,0.18397655,100.5882,-0.0096179855,272.14961,-8.2232162,1709.9664,0
coarse_edge_length_2p5_mm,64,7,0.2941,1,5.2504,0.19046278,104.1176,-0.0094835301,272.10541,-8.1069422,1709.6887,0
coarse_edge_length_2p5_mm,64,7,0.2941,1,5.0774,0.19694935,107.6471,-0.0093871423,272.06391,-8.0233218,1709.428,0
coarse_edge_length_2p5_mm,64,7,0.2941,1,4.9155,0.20343649,111.1765,-0.0093275757,272.02405,-7.9712413,1709.1775,0
coarse_edge_length_2p5_mm,64,7,0.2941,1,4.7636,0.20992512,114.7059,-0.0093031287,271.98472,-7.9491997,1708.9304,0
coarse_edge_length_2p5_mm,64,7,0.2941,1,4.6207,0.21641592,118.2353,-0.009311263,271.94502,-7.9549888,1708.6809,0
coarse_edge_length_2p5_mm,64,7,0.2941,1,4.5524,0.21966237,120,-0.0093266552,271.92475,-7.9675451,1708.5536,0
coarse_edge_length_2p5_mm,64,7,0.2941,1,4.4861,0.22290965,121.7647,-0.009349075,271.90406,-7.9860902,1708.4236,0
coarse_edge_length_2p5_mm,64,7,0.2941,1,4.3591,0.22940694,125.2941,-0.0094126119,271.8612,-8.0390966,1708.1543,0
coarse_edge_length_2p5_mm,64,7,0.2941,1,4.2389,0.23590802,128.8235,-0.0094960385,271.81634,-8.1090111,1707.8724,0
coarse_edge_length_2p5_mm,64,7,0.2941,1,4.1252,0.24241298,132.3529,-0.0095941942,271.76953,-8.1914189,1707.5783,0
coarse_edge_length_2p5_mm,64,7,0.2941,1,4.0173,0.24892211,135.8824,-0.0097029335,271.7208,-8.2827741,1707.2722,0
coarse_edge_length_2p5_mm,64,7,0.2941,1,3.9149,0.25543515,139.4118,-0.0098189443,271.67022,-8.3802449,1706.9544,0
coarse_edge_length_2p5_mm,64,7,0.2941,1,3.8175,0.26195234,142.9412,-0.0099396238,271.61785,-8.4816065,1706.6253,0
coarse_edge_length_2p5_mm,64,7,0.2941,1,3.7248,0.26847377,146.4706,-0.010062945,271.56372,-8.5851268,1706.2852,0
coarse_edge_length_2p5_mm,64,7,0.2941,1,3.6364,0.27499952,150,-0.010187356,271.50791,-8.6894813,1705.9345,0
coarse_edge_length_2p5_mm,64,8,0.2941,1,22.2428,0.044958335,30,-0.0082576363,332.14995,-8.6166772,2086.9597,0
coarse_edge_length_2p5_mm,64,8,0.2941,1,19.8937,0.050267208,33.5294,-0.0090575686,332.01995,-9.4476911,2086.1429,0
coarse_edge_length_2p5_mm,64,8,0.2941,1,17.9921,0.055580023,37.0588,-0.0097273917,331.89124,-10.142431,2085.3342,0
coarse_edge_length_2p5_mm,64,8,0.2941,1,16.421,0.06089758,40.5882,-0.010304082,331.75916,-10.739452,2084.5043,0
coarse_edge_length_2p5_mm,64,8,0.2941,1,15.101,0.066220914,44.1176,-0.010817732,331.61935,-11.270053,2083.6258,0
coarse_edge_length_2p5_mm,64,8,0.2941,1,13.976,0.071551247,47.6471,-0.011290208,331.46863,-11.756938,2082.6788,0
coarse_edge_length_2p5_mm,64,8,0.2941,1,13.0057,0.07688944,51.1765,-0.011737503,331.30428,-12.216664,2081.6462,0
coarse_edge_length_2p5_mm,64,8,0.2941,1,12.16,0.082236931,54.7059,-0.01217102,331.12383,-12.660978,2080.5124,0
coarse_edge_length_2p5_mm,64,8,0.2941,1,11.4162,0.087594813,58.2353,-0.012591667,330.92615,-13.09074,2079.2703,0
coarse_edge_length_2p5_mm,64,8,0.2941,1,11.077,0.090277319,60,-0.012784062,330.82305,-13.286619,2078.6225,0
coarse_edge_length_2p5_mm,64,8,0.2941,1,10.7571,0.092961786,61.7647,-0.012955693,330.71892,-13.460759,2077.9682,0
coarse_edge_length_2p5_mm,64,8,0.2941,1,10.1693,0.098335291,65.2941,-0.013218591,330.51235,-13.725328,2076.6704,0
coarse_edge_length_2p5_mm,64,8,0.2941,1,9.6421,0.10371234,68.8235,-0.013346807,330.31589,-13.850221,2075.4359,0
coarse_edge_length_2p5_mm,64,8,0.2941,1,9.1667,0.10909037,72.3529,-0.013337254,330.13586,-13.832765,2074.3048,0
coarse_edge_length_2p5_mm,64,8,0.2941,1,8.7362,0.11446599,75.8824,-0.013170827,329.98009,-13.65371,2073.3261,0
coarse_edge_length_2p5_mm,64,8,0.2941,1,8.3447,0.1198366,79.4118,-0.012863006,329.85168,-13.329413,2072.5193,0
coarse_edge_length_2p5_mm,64,8,0.2941,1,7.9873,0.1251992,82.9412,-0.012411979,329.75541,-12.858279,2071.9143,0
coarse_edge_length_2p5_mm,64,8,0.2941,1,7.6598,0.13055185,86.4706,-0.011838398,329.69215,-12.261721,2071.5169,0
coarse_edge_length_2p5_mm,64,8,0.2941,1,7.3586,0.13589594,90,-0.011206471,329.65464,-11.605876,2071.2812,0
coarse_edge_length_2p5_mm,64,8,0.2941,1,7.0805,0.14123359,93.5294,-0.010573137,329.63499,-10.949317,2071.1577,0
coarse_edge_length_2p5_mm,64,8,0.2941,1,6.8228,0.14656688,97.0588,-0.0099794327,329.62658,-10.334226,2071.1049,0
coarse_edge_length_2p5_mm,64,8,0.2941,1,6.5834,0.15189782,100.5882,-0.0094545925,329.62386,-9.7906457,2071.0878,0
coarse_edge_length_2p5_mm,64,8,0.2941,1,6.3602,0.15722838,104.1176,-0.0090191189,329.62213,-9.3396446,2071.0769,0
coarse_edge_length_2p5_mm,64,8,0.2941,1,6.1516,0.16256064,107.6471,-0.0086871311,329.61738,-8.9957288,2071.0471,0
coarse_edge_length_2p5_mm,64,8,0.2941,1,5.9561,0.16789619,111.1765,-0.0084681325,329.60616,-8.7686522,2070.9766,0
coarse_edge_length_2p5_mm,64,8,0.2941,1,5.7725,0.17323646,114.7059,-0.0083583666,329.58665,-8.6544785,2070.854,0
coarse_edge_length_2p5_mm,64,8,0.2941,1,5.5997,0.17858138,118.2353,-0.0083336097,329.55973,-8.6281396,2070.6848,0
coarse_edge_length_2p5_mm,64,8,0.2941,1,5.5171,0.18125552,120,-0.0083459897,329.54382,-8.6405401,2070.5849,0
coarse_edge_length_2p5_mm,64,8,0.2941,1,5.4368,0.18393072,121.7647,-0.008371625,329.52645,-8.6666233,2070.4758,0
coarse_edge_length_2p5_mm,64,8,0.2941,1,5.2831,0.18928426,125.2941,-0.0084542718,329.48776,-8.7511547,2070.2327,0
coarse_edge_length_2p5_mm,64,8,0.2941,1,5.1376,0.19464176,128.8235,-0.0085666668,329.44448,-8.8663318,2069.9607,0
coarse_edge_length_2p5_mm,64,8,0.2941,1,4.9999,0.20000301,132.3529,-0.0086965441,329.39734,-8.9994643,2069.6645,0
coarse_edge_length_2p5_mm,64,8,0.2941,1,4.8693,0.20536795,135.8824,-0.0088337642,329.347,-9.1400671,2069.3482,0
coarse_edge_length_2p5_mm,64,8,0.2941,1,4.7453,0.21073603,139.4118,-0.0089699145,329.29407,-9.2794468,2069.0157,0
coarse_edge_length_2p5_mm,64,8,0.2941,1,4.6273,0.21610718,142.9412,-0.0090980344,329.23909,-9.4104163,2068.6702,0
coarse_edge_length_2p5_mm,64,8,0.2941,1,4.5151,0.22148117,146.4706,-0.0092123643,329.18255,-9.5270355,2068.315,0
coarse_edge_length_2p5_mm,64,8,0.2941,1,4.408,0.2268578,150,-0.0093088475,329.12488,-9.6251276,2067.9526,0
coarse_edge_length_2p5_mm,64,9,0.2941,1,24.6182,0.040620359,30,-0.0066038727,367.62129,-7.6269206,2309.8327,0
coarse_edge_length_2p5_mm,64,9,0.2941,1,22.0204,0.045412369,33.5294,-0.007306206,367.51476,-8.4356115,2309.1633,0
coarse_edge_length_2p5_mm,64,9,0.2941,1,19.9175,0.050207073,37.0588,-0.0081255326,367.40884,-9.3788872,2308.4979,0
coarse_edge_length_2p5_mm,64,9,0.2941,1,18.1803,0.055004623,40.5882,-0.0090330945,367.3024,-10.423419,2307.829,0
coarse_edge_length_2p5_mm,64,9,0.2941,1,16.7208,0.059805828,44.1176,-0.0099080159,367.19058,-11.429523,2307.1265,0
coarse_edge_length_2p5_mm,64,9,0.2941,1,15.4771,0.06461177,47.6471,-0.010672357,367.06924,-12.30717,2306.3641,0
coarse_edge_length_2p5_mm,64,9,0.2941,1,14.4044,0.069423101,51.1765,-0.011290181,366.9355,-13.01489,2305.5237,0
coarse_edge_length_2p5_mm,64,9,0.2941,1,13.4697,0.074240868,54.7059,-0.011747928,366.7873,-13.537094,2304.5926,0
coarse_edge_length_2p5_mm,64,9,0.2941,1,12.6477,0.079065965,58.2353,-0.012044004,366.62317,-13.87205,2303.5613,0
coarse_edge_length_2p5_mm,64,9,0.2941,1,12.2727,0.081481538,60,-0.012132827,366.53478,-13.970986,2303.006,0
coarse_edge_length_2p5_mm,64,9,0.2941,1,11.9191,0.083899273,61.7647,-0.012183473,366.44205,-14.025756,2302.4233,0
coarse_edge_length_2p5_mm,64,9,0.2941,1,11.2687,0.088741017,65.2941,-0.012182591,366.24584,-14.017231,2301.1905,0
coarse_edge_length_2p5_mm,64,9,0.2941,1,10.6849,0.093589595,68.8235,-0.012076045,366.0432,-13.886953,2299.9173,0
coarse_edge_length_2p5_mm,64,9,0.2941,1,10.1582,0.09844311,72.3529,-0.011893268,365.84218,-13.669256,2298.6542,0
coarse_edge_length_2p5_mm,64,9,0.2941,1,9.6806,0.10329984,75.8824,-0.01165649,365.64914,-13.39005,2297.4413,0
coarse_edge_length_2p5_mm,64,9,0.2941,1,9.2458,0.1081577,79.4118,-0.011382322,365.46918,-13.068674,2296.3106,0
coarse_edge_length_2p5_mm,64,9,0.2941,1,8.8484,0.11301503,82.9412,-0.01108322,365.30638,-12.719589,2295.2877,0
coarse_edge_length_2p5_mm,64,9,0.2941,1,8.484,0.11786957,86.4706,-0.010758676,365.16567,-12.342372,2294.4036,0
coarse_edge_length_2p5_mm,64,9,0.2941,1,8.1486,0.12272029,90,-0.010432028,365.04744,-11.963766,2293.6607,0
coarse_edge_length_2p5_mm,64,9,0.2941,1,7.8391,0.12756515,93.5294,-0.010100093,364.95496,-11.580159,2293.0796,0
coarse_edge_length_2p5_mm,64,9,0.2941,1,7.5527,0.13240376,97.0588,-0.0097692243,364.88646,-11.198703,2292.6493,0
coarse_edge_length_2p5_mm,64,9,0.2941,1,7.2867,0.13723702,100.5882,-0.0094471824,364.83703,-10.828071,2292.3387,0
coarse_edge_length_2p5_mm,64,9,0.2941,1,7.039,0.14206586,104.1176,-0.0091399982,364.80231,-10.474989,2292.1205,0
coarse_edge_length_2p5_mm,64,9,0.2941,1,6.8078,0.14689136,107.6471,-0.0088523851,364.77851,-10.144705,2291.971,0
coarse_edge_length_2p5_mm,64,9,0.2941,1,6.5913,0.15171419,111.1765,-0.0085881098,364.7623,-9.841412,2291.8691,0
coarse_edge_length_2p5_mm,64,9,0.2941,1,6.3883,0.15653547,114.7059,-0.0083501529,364.75072,-9.568425,2291.7963,0
coarse_edge_length_2p5_mm,64,9,0.2941,1,6.1975,0.1613562,118.2353,-0.0081408619,364.74107,-9.328352,2291.7357,0
coarse_edge_length_2p5_mm,64,9,0.2941,1,6.1062,0.16376668,120,-0.008047531,364.7362,-9.2212841,2291.7051,0
coarse_edge_length_2p5_mm,64,9,0.2941,1,6.0177,0.1661774,121.7647,-0.0079619704,364.73093,-9.1231124,2291.672,0
coarse_edge_length_2p5_mm,64,9,0.2941,1,5.848,0.17100003,125.2941,-0.0078141105,364.71833,-8.9533797,2291.5928,0
coarse_edge_length_2p5_mm,64,9,0.2941,1,5.6875,0.17582439,128.8235,-0.0076945352,364.70283,-8.8159962,2291.4955,0
coarse_edge_length_2p5_mm,64,9,0.2941,1,5.5355,0.18065054,132.3529,-0.0075996299,364.68455,-8.7068222,2291.3806,0
coarse_edge_length_2p5_mm,64,9,0.2941,1,5.3915,0.18547866,135.8824,-0.0075261526,364.6636,-8.6221447,2291.249,0
coarse_edge_length_2p5_mm,64,9,0.2941,1,5.2546,0.19030853,139.4118,-0.0074712349,364.64011,-8.5586782,2291.1014,0
coarse_edge_length_2p5_mm,64,9,0.2941,1,5.1245,0.19514032,142.9412,-0.0074323487,364.6142,-8.5135272,2290.9386,0
coarse_edge_length_2p5_mm,64,9,0.2941,1,5.0006,0.19997404,146.4706,-0.0074072876,364.58601,-8.4841645,2290.7615,0
coarse_edge_length_2p5_mm,64,9,0.2941,1,4.8826,0.20480972,150,-0.007394134,364.55567,-8.468394,2290.5709,0
coarse_edge_length_2p5_mm,64,10,0.2941,1,26.7734,0.037350557,30,-0.0067952936,399.80418,-8.5350374,2512.0438,0
coarse_edge_length_2p5_mm,64,10,0.2941,1,23.9479,0.041757327,33.5294,-0.0077432638,399.68353,-9.7227738,2511.2857,0
coarse_edge_length_2p5_mm,64,10,0.2941,1,21.6591,0.046169882,37.0588,-0.008689013,399.53584,-10.906265,2510.3577,0
coarse_edge_length_2p5_mm,64,10,0.2941,1,19.767,0.050589289,40.5882,-0.00963327,399.35983,-12.08615,2509.2518,0
coarse_edge_length_2p5_mm,64,10,0.2941,1,18.1765,0.055016079,44.1176,-0.010540181,399.15852,-13.217318,2507.9869,0
coarse_edge_length_2p5_mm,64,10,0.2941,1,16.821,0.059449554,47.6471,-0.011309078,398.94317,-14.173858,2506.6338,0
coarse_edge_length_2p5_mm,64,10,0.2941,1,15.6523,0.063888454,51.1765,-0.011882144,398.72307,-14.883876,2505.2509,0
coarse_edge_length_2p5_mm,64,10,0.2941,1,14.6344,0.068331925,54.7059,-0.012236715,398.5049,-15.319634,2503.8802,0
coarse_edge_length_2p5_mm,64,10,0.2941,1,13.7402,0.072779002,58.2353,-0.012368834,398.29365,-15.476831,2502.5528,0
coarse_edge_length_2p5_mm,64,10,0.2941,1,13.3327,0.075003589,60,-0.012353118,398.19185,-15.453214,2501.9132,0
coarse_edge_length_2p5_mm,64,10,0.2941,1,12.9486,0.077228713,61.7647,-0.012284535,398.09315,-15.36361,2501.293,0
coarse_edge_length_2p5_mm,64,10,0.2941,1,12.2429,0.081680073,65.2941,-0.011995031,397.90646,-14.994508,2500.12,0
coarse_edge_length_2p5_mm,64,10,0.2941,1,11.6101,0.086132095,68.8235,-0.011517354,397.736,-14.391216,2499.049,0
coarse_edge_length_2p5_mm,64,10,0.2941,1,11.0395,0.090584093,72.3529,-0.010910331,397.58241,-13.627461,2498.084,0
coarse_edge_length_2p5_mm,64,10,0.2941,1,10.5224,0.095035746,75.8824,-0.010244322,397.44518,-12.791172,2497.2217,0
coarse_edge_length_2p5_mm,64,10,0.2941,1,10.0516,0.099486378,79.4118,-0.0095688495,397.3238,-11.944121,2496.4591,0
coarse_edge_length_2p5_mm,64,10,0.2941,1,9.6213,0.10393571,82.9412,-0.0089180256,397.21779,-11.128773,2495.793,0
coarse_edge_length_2p5_mm,64,10,0.2941,1,9.2265,0.10838336,86.4706,-0.008315238,397.12665,-10.374176,2495.2203,0
coarse_edge_length_2p5_mm,64,10,0.2941,1,8.863,0.1128282,90,-0.0077649438,397.05258,-9.685816,2494.7549,0
coarse_edge_length_2p5_mm,64,10,0.2941,1,8.5272,0.11727116,93.5294,-0.0072992225,396.99046,-9.1034613,2494.3646,0
coarse_edge_length_2p5_mm,64,10,0.2941,1,8.2162,0.12171129,97.0588,-0.0069134411,396.94214,-8.6212721,2494.061,0
coarse_edge_length_2p5_mm,64,10,0.2941,1,7.9272,0.12614819,100.5882,-0.0066109463,396.90737,-8.2433296,2493.8426,0
coarse_edge_length_2p5_mm,64,10,0.2941,1,7.658,0.1305818,104.1176,-0.0063877288,396.88498,-7.9645455,2493.7018,0
coarse_edge_length_2p5_mm,64,10,0.2941,1,7.4067,0.13501281,107.6471,-0.0062296104,396.87206,-7.7671427,2493.6207,0
coarse_edge_length_2p5_mm,64,10,0.2941,1,7.1715,0.13944161,111.1765,-0.0061239006,396.86588,-7.6352238,2493.5819,0
coarse_edge_length_2p5_mm,64,10,0.2941,1,6.9508,0.14386899,114.7059,-0.0060602006,396.86403,-7.5557679,2493.5702,0
coarse_edge_length_2p5_mm,64,10,0.2941,1,6.7433,0.14829559,118.2353,-0.0060299344,396.86435,-7.5180386,2493.5723,0
coarse_edge_length_2p5_mm,64,10,0.2941,1,6.6441,0.1505088,120,-0.0060250638,396.86473,-7.5119731,2493.5746,0
coarse_edge_length_2p5_mm,64,10,0.2941,1,6.5478,0.15272208,121.7647,-0.0060259765,396.86495,-7.5131152,2493.576,0
coarse_edge_length_2p5_mm,64,10,0.2941,1,6.3634,0.15714913,125.2941,-0.0060423732,396.86409,-7.533542,2493.5706,0
coarse_edge_length_2p5_mm,64,10,0.2941,1,6.189,0.16157743,128.8235,-0.0060741304,396.86021,-7.5730625,2493.5462,0
coarse_edge_length_2p5_mm,64,10,0.2941,1,6.0238,0.16600767,132.3529,-0.0061170367,396.8519,-7.6263973,2493.494,0
coarse_edge_length_2p5_mm,64,10,0.2941,1,5.8671,0.17044059,135.8824,-0.0061675968,396.83807,-7.6891649,2493.4071,0
coarse_edge_length_2p5_mm,64,10,0.2941,1,5.7183,0.17487607,139.4118,-0.0062233027,396.81886,-7.758238,2493.2864,0
coarse_edge_length_2p5_mm,64,10,0.2941,1,5.5768,0.17931414,142.9412,-0.0062822494,396.79486,-7.83125,2493.1357,0
coarse_edge_length_2p5_mm,64,10,0.2941,1,5.442,0.1837547,146.4706,-0.0063428623,396.76666,-7.9062461,2492.9584,0
coarse_edge_length_2p5_mm,64,10,0.2941,1,5.3136,0.18819764,150,-0.0064038449,396.73475,-7.9816176,2492.7579,0
coarse_edge_length_2p5_mm,64,11,0.2941,1,29.3057,0.034123091,30,-0.0064357556,437.61888,-8.8480072,2749.6405,0
coarse_edge_length_2p5_mm,64,11,0.2941,1,26.2118,0.038150769,33.5294,-0.0070914093,437.46736,-9.7460374,2748.6885,0
coarse_edge_length_2p5_mm,64,11,0.2941,1,23.7064,0.042182647,37.0588,-0.0076520727,437.30122,-10.512588,2747.6446,0
coarse_edge_length_2p5_mm,64,11,0.2941,1,21.6361,0.046219017,40.5882,-0.0081396783,437.12158,-11.177878,2746.5159,0
coarse_edge_length_2p5_mm,64,11,0.2941,1,19.8965,0.050260169,44.1176,-0.0085693271,436.92922,-11.762718,2745.3073,0
coarse_edge_length_2p5_mm,64,11,0.2941,1,18.4141,0.054306267,47.6471,-0.0089412671,436.72664,-12.267572,2744.0344,0
coarse_edge_length_2p5_mm,64,11,0.2941,1,17.1361,0.058356345,51.1765,-0.0092293802,436.52152,-12.656921,2742.7456,0
coarse_edge_length_2p5_mm,64,11,0.2941,1,16.0232,0.062409614,54.7059,-0.0094185434,436.32071,-12.910392,2741.4839,0
coarse_edge_length_2p5_mm,64,11,0.2941,1,15.0455,0.066465176,58.2353,-0.0095049962,436.12936,-13.023183,2740.2816,0
coarse_edge_length_2p5_mm,64,11,0.2941,1,14.5999,0.068493535,60,-0.0095103044,436.03849,-13.027741,2739.7106,0
coarse_edge_length_2p5_mm,64,11,0.2941,1,14.1799,0.070522133,61.7647,-0.0094911251,435.95138,-12.998871,2739.1633,0
coarse_edge_length_2p5_mm,64,11,0.2941,1,13.4085,0.074579597,65.2941,-0.0093824606,435.78981,-12.845283,2738.1481,0
coarse_edge_length_2p5_mm,64,11,0.2941,1,12.7167,0.078636692,68.8235,-0.0091859459,435.64695,-12.572118,2737.2505,0
coarse_edge_length_2p5_mm,64,11,0.2941,1,12.093,0.082692549,72.3529,-0.0089088384,435.52463,-12.189438,2736.482,0
coarse_edge_length_2p5_mm,64,11,0.2941,1,11.5278,0.086746541,75.8824,-0.0085615038,435.42369,-11.711485,2735.8477,0
coarse_edge_length_2p5_mm,64,11,0.2941,1,11.0134,0.090798485,79.4118,-0.0081733206,435.34103,-11.178358,2735.3284,0
coarse_edge_length_2p5_mm,64,11,0.2941,1,10.5431,0.094848864,82.9412,-0.0077728879,435.27261,-10.62903,2734.8985,0
coarse_edge_length_2p5_mm,64,11,0.2941,1,10.1114,0.098898033,86.4706,-0.0073800856,435.21512,-10.09056,2734.5373,0
coarse_edge_length_2p5_mm,64,11,0.2941,1,9.7139,0.10294571,90,-0.0070002938,435.16847,-9.5702562,2734.2442,0
coarse_edge_length_2p5_mm,64,11,0.2941,1,9.3464,0.10699339,93.5294,-0.0066595266,435.12531,-9.1034828,2733.9729,0
coarse_edge_length_2p5_mm,64,11,0.2941,1,9.0057,0.11104085,97.0588,-0.0063555097,435.08621,-8.687115,2733.7273,0
coarse_edge_length_2p5_mm,64,11,0.2941,1,8.689,0.11508836,100.5882,-0.0060920989,435.04964,-8.3263685,2733.4975,0
coarse_edge_length_2p5_mm,64,11,0.2941,1,8.3938,0.11913621,104.1176,-0.0058716485,435.0143,-8.0244164,2733.2755,0
coarse_edge_length_2p5_mm,64,11,0.2941,1,8.1179,0.12318479,107.6471,-0.0056955003,434.97911,-7.783056,2733.0544,0
coarse_edge_length_2p5_mm,64,11,0.2941,1,7.8595,0.12723414,111.1765,-0.0055640661,434.94315,-7.6028189,2732.8284,0
coarse_edge_length_2p5_mm,64,11,0.2941,1,7.617,0.13128447,114.7059,-0.0054722189,434.90617,-7.4766819,2732.5961,0
coarse_edge_length_2p5_mm,64,11,0.2941,1,7.389,0.13533571,118.2353,-0.0054112966,434.86845,-7.3928025,2732.359,0
coarse_edge_length_2p5_mm,64,11,0.2941,1,7.2801,0.13736167,120,-0.0053901346,434.84937,-7.3635685,2732.2392,0
coarse_edge_length_2p5_mm,64,11,0.2941,1,7.1742,0.13938784,121.7647,-0.0053741196,434.83018,-7.3413661,2732.1186,0
coarse_edge_length_2p5_mm,64,11,0.2941,1,6.9715,0.14344081,125.2941,-0.0053547942,434.79152,-7.314316,2731.8757,0
coarse_edge_length_2p5_mm,64,11,0.2941,1,6.7799,0.14749459,128.8235,-0.0053484273,434.75257,-7.3049647,2731.6309,0
coarse_edge_length_2p5_mm,64,11,0.2941,1,6.5985,0.15154918,132.3529,-0.0053509189,434.7134,-7.3077094,2731.3848,0
coarse_edge_length_2p5_mm,64,11,0.2941,1,6.4265,0.15560467,135.8824,-0.0053588085,434.67407,-7.3178221,2731.1378,0
coarse_edge_length_2p5_mm,64,11,0.2941,1,6.2633,0.15966082,139.4118,-0.0053691587,434.63463,-7.3312907,2730.8899,0
coarse_edge_length_2p5_mm,64,11,0.2941,1,6.1081,0.16371774,142.9412,-0.0053794707,434.59511,-7.3447033,2730.6416,0
coarse_edge_length_2p5_mm,64,11,0.2941,1,5.9603,0.16777541,146.4706,-0.0053876259,434.55555,-7.3551682,2730.3931,0
coarse_edge_length_2p5_mm,64,11,0.2941,1,5.8196,0.17183385,150,-0.0053927534,434.51592,-7.3614967,2730.144,0
coarse_edge_length_2p5_mm,64,12,0.2941,1,31.3375,0.031910699,30,-0.0057009826,467.95932,-8.3812287,2940.2751,0
coarse_edge_length_2p5_mm,64,12,0.2941,1,28.0326,0.035672701,33.5294,-0.0065493991,467.8568,-9.6264083,2939.631,0
coarse_edge_length_2p5_mm,64,12,0.2941,1,25.3568,0.039437229,37.0588,-0.0073336067,467.74389,-10.776447,2938.9215,0
coarse_edge_length_2p5_mm,64,12,0.2941,1,23.1452,0.043205504,40.5882,-0.0080206279,467.61009,-11.782627,2938.0809,0
coarse_edge_length_2p5_mm,64,12,0.2941,1,21.2862,0.046978734,44.1176,-0.0086024426,467.44846,-12.632968,2937.0653,0
coarse_edge_length_2p5_mm,64,12,0.2941,1,19.7012,0.05075823,47.6471,-0.0090828537,467.25415,-13.332923,2935.8444,0
coarse_edge_length_2p5_mm,64,12,0.2941,1,18.3337,0.054544303,51.1765,-0.0094650793,467.02953,-13.887321,2934.4331,0
coarse_edge_length_2p5_mm,64,12,0.2941,1,17.1421,0.058336055,54.7059,-0.0097444655,466.78864,-14.289866,2932.9195,0
coarse_edge_length_2p5_mm,64,12,0.2941,1,16.0947,0.062132275,58.2353,-0.0099210647,466.54359,-14.541204,2931.3798,0
coarse_edge_length_2p5_mm,64,12,0.2941,1,15.6173,0.064031685,60,-0.0099717888,466.42249,-14.611756,2930.6189,0
coarse_edge_length_2p5_mm,64,12,0.2941,1,15.1672,0.065931761,61.7647,-0.0099982013,466.30366,-14.646727,2929.8723,0
coarse_edge_length_2p5_mm,64,12,0.2941,1,14.3403,0.069733311,65.2941,-0.009980644,466.07608,-14.613871,2928.4424,0
coarse_edge_length_2p5_mm,64,12,0.2941,1,13.5988,0.07353573,68.8235,-0.009873774,465.86653,-14.450889,2927.1257,0
coarse_edge_length_2p5_mm,64,12,0.2941,1,12.9303,0.077337824,72.3529,-0.0096832181,465.67954,-14.16631,2925.9508,0
coarse_edge_length_2p5_mm,64,12,0.2941,1,12.3246,0.081138512,75.8824,-0.0094146608,465.51875,-13.768662,2924.9406,0
coarse_edge_length_2p5_mm,64,12,0.2941,1,11.7735,0.084936402,79.4118,-0.0090739969,465.3871,-13.266698,2924.1134,0
coarse_edge_length_2p5_mm,64,12,0.2941,1,11.27,0.088731076,82.9412,-0.0086789279,465.28358,-12.686262,2923.4629,0
coarse_edge_length_2p5_mm,64,12,0.2941,1,10.8081,0.092522832,86.4706,-0.0082571023,465.20322,-12.067582,2922.9581,0
coarse_edge_length_2p5_mm,64,12,0.2941,1,10.3829,0.096312016,90,-0.007829657,465.14161,-11.441364,2922.571,0
coarse_edge_length_2p5_mm,64,12,0.2941,1,9.9901,0.10009895,93.5294,-0.0074116083,465.09513,-10.829393,2922.2789,0
coarse_edge_length_2p5_mm,64,12,0.2941,1,9.6261,0.10388396,97.0588,-0.0070139999,465.06062,-10.247671,2922.062,0
coarse_edge_length_2p5_mm,64,12,0.2941,1,9.2879,0.10766739,100.5882,-0.0066445811,465.0354,-9.7074127,2921.9036,0
coarse_edge_length_2p5_mm,64,12,0.2941,1,8.9727,0.11144955,104.1176,-0.0063087356,465.01717,-9.2163973,2921.7891,0
coarse_edge_length_2p5_mm,64,12,0.2941,1,8.6782,0.11523088,107.6471,-0.0060100917,465.00393,-8.7798601,2921.7059,0
coarse_edge_length_2p5_mm,64,12,0.2941,1,8.4026,0.11901148,111.1765,-0.0057510202,464.99393,-8.4012141,2921.6431,0
coarse_edge_length_2p5_mm,64,12,0.2941,1,8.1439,0.1227918,114.7059,-0.0055329415,464.98563,-8.0824958,2921.5909,0
coarse_edge_length_2p5_mm,64,12,0.2941,1,7.9006,0.12657217,118.2353,-0.0053565496,464.97768,-7.8246895,2921.5409,0
coarse_edge_length_2p5_mm,64,12,0.2941,1,7.7844,0.12846245,120,-0.005283413,464.97352,-7.7177846,2921.5148,0
coarse_edge_length_2p5_mm,64,12,0.2941,1,7.6715,0.13035282,121.7647,-0.0052193324,464.96915,-7.6241067,2921.4874,0
coarse_edge_length_2p5_mm,64,12,0.2941,1,7.4552,0.1341339,125.2941,-0.0051154933,464.95961,-7.4722712,2921.4274,0
coarse_edge_length_2p5_mm,64,12,0.2941,1,7.2508,0.13791555,128.8235,-0.0050399045,464.94868,-7.3616845,2921.3587,0
coarse_edge_length_2p5_mm,64,12,0.2941,1,7.0573,0.1416979,132.3529,-0.0049882209,464.93602,-7.2859929,2921.2792,0
coarse_edge_length_2p5_mm,64,12,0.2941,1,6.8737,0.14548121,135.8824,-0.0049567353,464.92132,-7.239775,2921.1868,0
coarse_edge_length_2p5_mm,64,12,0.2941,1,6.6995,0.14926539,139.4118,-0.0049422643,464.90431,-7.2183745,2921.0799,0
coarse_edge_length_2p5_mm,64,12,0.2941,1,6.5338,0.1530507,142.9412,-0.0049420485,464.88472,-7.2177552,2920.9568,0
coarse_edge_length_2p5_mm,64,12,0.2941,1,6.376,0.15683727,146.4706,-0.0049536796,464.86231,-7.2343934,2920.816,0
coarse_edge_length_2p5_mm,64,12,0.2941,1,6.2257,0.16062527,150,-0.0049750371,464.83686,-7.2651863,2920.6561,0
coarse_edge_length_2p5_mm,64,13,0.2941,1,33.4695,0.029877986,30,-0.0051888853,499.79637,-8.1473624,3140.3132,0
coarse_edge_length_2p5_mm,64,13,0.2941,1,29.9381,0.033402213,33.5294,-0.0060158449,499.65898,-9.4432221,3139.45,0
coarse_edge_length_2p5_mm,64,13,0.2941,1,27.0778,0.036930618,37.0588,-0.0067745656,499.49131,-10.630636,3138.3964,0
coarse_edge_length_2p5_mm,64,13,0.2941,1,24.7141,0.040462671,40.5882,-0.0074071811,499.30786,-11.619067,3137.2438,0
coarse_edge_length_2p5_mm,64,13,0.2941,1,22.7284,0.043997872,44.1176,-0.0078957237,499.11815,-12.380699,3136.0518,0
coarse_edge_length_2p5_mm,64,13,0.2941,1,21.0368,0.047535837,47.6471,-0.0082403539,498.9287,-12.916184,3134.8615,0
coarse_edge_length_2p5_mm,64,13,0.2941,1,19.5787,0.051075871,51.1765,-0.0084490856,498.74432,-13.238462,3133.703,0
coarse_edge_length_2p5_mm,64,13,0.2941,1,18.3091,0.054617684,54.7059,-0.0085450964,498.5676,-13.384153,3132.5926,0
coarse_edge_length_2p5_mm,64,13,0.2941,1,17.1936,0.058161104,58.2353,-0.0085647324,498.39863,-13.410362,3131.5309,0
coarse_edge_length_2p5_mm,64,13,0.2941,1,16.6852,0.059933374,60,-0.0085544056,498.31698,-13.391999,3131.0179,0
coarse_edge_length_2p5_mm,64,13,0.2941,1,16.2059,0.061705997,61.7647,-0.0085340004,498.23717,-13.357914,3130.5165,0
coarse_edge_length_2p5_mm,64,13,0.2941,1,15.3251,0.065252237,65.2941,-0.0084704867,498.08297,-13.254396,3129.5476,0
coarse_edge_length_2p5_mm,64,13,0.2941,1,14.5349,0.068799701,68.8235,-0.0083862031,497.93582,-13.118634,3128.623,0
coarse_edge_length_2p5_mm,64,13,0.2941,1,13.822,0.072348258,72.3529,-0.0082893983,497.79557,-12.963549,3127.7418,0
coarse_edge_length_2p5_mm,64,13,0.2941,1,13.1756,0.075897868,75.8824,-0.0081857255,497.66219,-12.797988,3126.9037,0
coarse_edge_length_2p5_mm,64,13,0.2941,1,12.5868,0.079448181,79.4118,-0.0080790194,497.5357,-12.627948,3126.109,0
coarse_edge_length_2p5_mm,64,13,0.2941,1,12.0483,0.082999139,82.9412,-0.0079717848,497.41616,-12.45734,3125.3579,0
coarse_edge_length_2p5_mm,64,13,0.2941,1,11.5539,0.086550584,86.4706,-0.0078647757,497.30363,-12.287339,3124.6509,0
coarse_edge_length_2p5_mm,64,13,0.2941,1,11.0985,0.090102361,90,-0.0077544718,497.19814,-12.112439,3123.9881,0
coarse_edge_length_2p5_mm,64,13,0.2941,1,10.6776,0.093654323,93.5294,-0.0076373354,497.09968,-11.92711,3123.3694,0
coarse_edge_length_2p5_mm,64,13,0.2941,1,10.2874,0.097206328,97.0588,-0.0075111754,497.00819,-11.727929,3122.7945,0
coarse_edge_length_2p5_mm,64,13,0.2941,1,9.9247,0.10075824,100.5882,-0.0073748112,496.9236,-11.51305,3122.2631,0
coarse_edge_length_2p5_mm,64,13,0.2941,1,9.5868,0.10430993,104.1176,-0.0072277912,496.84584,-11.281767,3121.7745,0
coarse_edge_length_2p5_mm,64,13,0.2941,1,9.2712,0.10786137,107.6471,-0.0070701596,496.77482,-11.034144,3121.3282,0
coarse_edge_length_2p5_mm,64,13,0.2941,1,8.9757,0.11141223,111.1765,-0.00690229,496.71046,-10.770761,3120.9238,0
coarse_edge_length_2p5_mm,64,13,0.2941,1,8.6985,0.11496249,114.7059,-0.0067247127,496.65265,-10.492437,3120.5607,0
coarse_edge_length_2p5_mm,64,13,0.2941,1,8.438,0.11851203,118.2353,-0.0065380176,496.60131,-10.200086,3120.2381,0
coarse_edge_length_2p5_mm,64,13,0.2941,1,8.3135,0.1202865,120,-0.0064414254,496.57803,-10.048919,3120.0918,0
coarse_edge_length_2p5_mm,64,13,0.2941,1,8.1926,0.12206075,121.7647,-0.0063427502,496.55634,-9.8945491,3119.9555,0
coarse_edge_length_2p5_mm,64,13,0.2941,1,7.9612,0.12560852,125.2941,-0.0061393463,496.51762,-9.5764969,3119.7122,0
coarse_edge_length_2p5_mm,64,13,0.2941,1,7.7426,0.12915532,128.8235,-0.0059295197,496.48481,-9.2485863,3119.506,0
coarse_edge_length_2p5_mm,64,13,0.2941,1,7.5357,0.13270128,132.3529,-0.0057180777,496.45687,-8.918287,3119.3305,0
coarse_edge_length_2p5_mm,64,13,0.2941,1,7.3396,0.13624667,135.8824,-0.0055093174,496.4328,-8.5922744,3119.1793,0
coarse_edge_length_2p5_mm,64,13,0.2941,1,7.1535,0.13979147,139.4118,-0.0053066489,496.41173,-8.2758433,3119.0469,0
coarse_edge_length_2p5_mm,64,13,0.2941,1,6.9766,0.14333592,142.9412,-0.0051127672,496.39288,-7.9731775,3118.9284,0
coarse_edge_length_2p5_mm,64,13,0.2941,1,6.8083,0.14688018,146.4706,-0.0049298313,496.37558,-7.6876277,3118.8198,0
coarse_edge_length_2p5_mm,64,13,0.2941,1,6.6479,0.1504244,150,-0.0047595729,496.35925,-7.4218809,3118.7172,0
coarse_edge_length_2p5_mm,64,14,0.2941,1,34.7307,0.028792997,30,-0.0051796695,518.62988,-8.4393589,3258.6477,0
coarse_edge_length_2p5_mm,64,14,0.2941,1,31.0649,0.032190652,33.5294,-0.0059839485,518.46468,-9.7466843,3257.6097,0
coarse_edge_length_2p5_mm,64,14,0.2941,1,28.097,0.03559093,37.0588,-0.0067645273,518.2928,-11.014442,3256.5297,0
coarse_edge_length_2p5_mm,64,14,0.2941,1,25.645,0.038993978,40.5882,-0.0074093165,518.11409,-12.06017,3255.4069,0
coarse_edge_length_2p5_mm,64,14,0.2941,1,23.585,0.042399918,44.1176,-0.0078688406,517.92875,-12.803557,3254.2423,0
coarse_edge_length_2p5_mm,64,14,0.2941,1,21.8298,0.045808936,47.6471,-0.0081311471,517.73727,-13.22547,3253.0392,0
coarse_edge_length_2p5_mm,64,14,0.2941,1,20.3166,0.049220926,51.1765,-0.0082016035,517.54005,-13.334987,3251.8,0
coarse_edge_length_2p5_mm,64,14,0.2941,1,18.9984,0.052636038,54.7059,-0.0080978871,517.33771,-13.161207,3250.5287,0
coarse_edge_length_2p5_mm,64,14,0.2941,1,17.84,0.056053894,58.2353,-0.0078723291,517.13472,-12.789596,3249.2532,0
coarse_edge_length_2p5_mm,64,14,0.2941,1,17.3119,0.057763659,60,-0.0077304621,517.03473,-12.556686,3248.625,0
coarse_edge_length_2p5_mm,64,14,0.2941,1,16.8141,0.059473877,61.7647,-0.0075756815,516.93656,-12.302938,3248.0082,0
coarse_edge_length_2p5_mm,64,14,0.2941,1,15.8994,0.062895351,65.2941,-0.0072417011,516.7477,-11.756256,3246.8216,0
coarse_edge_length_2p5_mm,64,14,0.2941,1,15.0789,0.066317656,68.8235,-0.0068928787,516.57186,-11.186166,3245.7167,0
coarse_edge_length_2p5_mm,64,14,0.2941,1,14.3389,0.069740119,72.3529,-0.0065441597,516.41211,-10.61696,3244.713,0
coarse_edge_length_2p5_mm,64,14,0.2941,1,13.6683,0.073162155,75.8824,-0.0062053495,516.271,-10.064538,3243.8263,0
coarse_edge_length_2p5_mm,64,14,0.2941,1,13.0577,0.076582883,79.4118,-0.0058827533,516.15066,-9.5390911,3243.0702,0
coarse_edge_length_2p5_mm,64,14,0.2941,1,12.4997,0.080001715,82.9412,-0.0055802029,516.05285,-9.0467802,3242.4557,0
coarse_edge_length_2p5_mm,64,14,0.2941,1,11.9878,0.083417965,86.4706,-0.0052998235,515.97902,-8.5909922,3241.9918,0
coarse_edge_length_2p5_mm,64,14,0.2941,1,11.5166,0.086831139,90,-0.0050427163,515.92927,-8.1734344,3241.6792,0
coarse_edge_length_2p5_mm,64,14,0.2941,1,11.0814,0.090241489,93.5294,-0.0048100316,515.89944,-7.795839,3241.4918,0
coarse_edge_length_2p5_mm,64,14,0.2941,1,10.6781,0.093649442,97.0588,-0.0046024649,515.88498,-7.4592169,3241.4009,0
coarse_edge_length_2p5_mm,64,14,0.2941,1,10.3034,0.097055428,100.5882,-0.0044202313,515.88199,-7.1638294,3241.3822,0
coarse_edge_length_2p5_mm,64,14,0.2941,1,9.9542,0.10045988,104.1176,-0.0042632112,515.88711,-6.9094169,3241.4143,0
coarse_edge_length_2p5_mm,64,14,0.2941,1,9.628,0.10386331,107.6471,-0.0041310484,515.8974,-6.6953533,3241.479,0
coarse_edge_length_2p5_mm,64,14,0.2941,1,9.3226,0.10726596,111.1765,-0.0040232371,515.91033,-6.5207826,3241.5602,0
coarse_edge_length_2p5_mm,64,14,0.2941,1,9.036,0.11066836,114.7059,-0.0039391542,515.92364,-6.3846675,3241.6439,0
coarse_edge_length_2p5_mm,64,14,0.2941,1,8.7665,0.11407094,118.2353,-0.0038781159,515.93538,-6.2858782,3241.7176,0
coarse_edge_length_2p5_mm,64,14,0.2941,1,8.6376,0.11577242,120,-0.0038560149,515.9401,-6.2501129,3241.7473,0
coarse_edge_length_2p5_mm,64,14,0.2941,1,8.5125,0.11747411,121.7647,-0.003839405,515.94379,-6.2232348,3241.7705,0
coarse_edge_length_2p5_mm,64,14,0.2941,1,8.2728,0.12087832,125.2941,-0.0038222949,515.94733,-6.1955438,3241.7927,0
coarse_edge_length_2p5_mm,64,14,0.2941,1,8.0461,0.12428399,128.8235,-0.0038260717,515.94458,-6.2016326,3241.7754,0
coarse_edge_length_2p5_mm,64,14,0.2941,1,7.8314,0.12769153,132.3529,-0.0038496957,515.93446,-6.239802,3241.7118,0
coarse_edge_length_2p5_mm,64,14,0.2941,1,7.6277,0.13110109,135.8824,-0.0038895117,515.91728,-6.3041281,3241.6039,0
coarse_edge_length_2p5_mm,64,14,0.2941,1,7.4343,0.13451238,139.4118,-0.0039411886,515.89395,-6.3875973,3241.4573,0
coarse_edge_length_2p5_mm,64,14,0.2941,1,7.2503,0.13792541,142.9412,-0.0040010895,515.86529,-6.4843201,3241.2772,0
coarse_edge_length_2p5_mm,64,14,0.2941,1,7.0751,0.14134007,146.4706,-0.0040661566,515.83204,-6.5893456,3241.0683,0
coarse_edge_length_2p5_mm,64,14,0.2941,1,6.9082,0.14475627,150,-0.0041338159,515.79488,-6.6985072,3240.8348,0
coarse_edge_length_2p5_mm,64,15,0.2941,1,37.5119,0.026658176,30,-0.0046203499,560.16244,-8.1309018,3519.6044,0
coarse_edge_length_2p5_mm,64,15,0.2941,1,33.5531,0.029803512,33.5294,-0.005356347,559.99157,-9.423236,3518.5308,0
coarse_edge_length_2p5_mm,64,15,0.2941,1,30.3462,0.032953081,37.0588,-0.0061685916,559.78143,-10.848117,3517.2104,0
coarse_edge_length_2p5_mm,64,15,0.2941,1,27.6956,0.036106835,40.5882,-0.0069469287,559.54308,-12.211703,3515.7129,0
coarse_edge_length_2p5_mm,64,15,0.2941,1,25.4686,0.039263982,44.1176,-0.0075607686,559.29469,-13.284846,3514.1522,0
coarse_edge_length_2p5_mm,64,15,0.2941,1,23.5717,0.042423801,47.6471,-0.0079544169,559.04923,-13.970382,3512.6099,0
coarse_edge_length_2p5_mm,64,15,0.2941,1,21.9369,0.045585319,51.1765,-0.0081118617,558.81589,-14.240956,3511.1438,0
coarse_edge_length_2p5_mm,64,15,0.2941,1,20.5137,0.048747845,54.7059,-0.0080364107,558.60126,-14.103078,3509.7952,0
coarse_edge_length_2p5_mm,64,15,0.2941,1,19.2639,0.051910631,58.2353,-0.0077435818,558.40997,-13.58454,3508.5933,0
coarse_edge_length_2p5_mm,64,15,0.2941,1,18.6944,0.053491986,60,-0.0075345234,558.32322,-13.215736,3508.0482,0
coarse_edge_length_2p5_mm,64,15,0.2941,1,18.1576,0.055073296,61.7647,-0.0072985731,558.2419,-12.800009,3507.5373,0
coarse_edge_length_2p5_mm,64,15,0.2941,1,17.1716,0.058235725,65.2941,-0.0067795328,558.09434,-11.886589,3506.6101,0
coarse_edge_length_2p5_mm,64,15,0.2941,1,16.2872,0.061397805,68.8235,-0.0062389436,557.96514,-10.936239,3505.7984,0
coarse_edge_length_2p5_mm,64,15,0.2941,1,15.4896,0.064559421,72.3529,-0.0057115683,557.85262,-10.009785,3505.0914,0
coarse_edge_length_2p5_mm,64,15,0.2941,1,14.7666,0.067720544,75.8824,-0.0052202825,557.7554,-9.1471892,3504.4805,0
coarse_edge_length_2p5_mm,64,15,0.2941,1,14.1082,0.070880881,79.4118,-0.0047799252,557.67233,-8.3743299,3503.9586,0
coarse_edge_length_2p5_mm,64,15,0.2941,1,13.5061,0.074040411,82.9412,-0.0043997387,557.60242,-7.7072849,3503.5193,0
coarse_edge_length_2p5_mm,64,15,0.2941,1,12.9535,0.077199027,86.4706,-0.004085123,557.54485,-7.1554149,3503.1576,0
coarse_edge_length_2p5_mm,64,15,0.2941,1,12.4445,0.080356622,90,-0.0038387744,557.49888,-6.7233614,3502.8688,0
coarse_edge_length_2p5_mm,64,15,0.2941,1,11.9742,0.08351309,93.5294,-0.0036614791,557.46391,-6.4124382,3502.649,0
coarse_edge_length_2p5_mm,64,15,0.2941,1,11.5382,0.08666838,97.0588,-0.0035495449,557.43906,-6.2161279,3502.4929,0
coarse_edge_length_2p5_mm,64,15,0.2941,1,11.1331,0.089822641,100.5882,-0.0034886617,557.42235,-6.1093233,3502.3879,0
coarse_edge_length_2p5_mm,64,15,0.2941,1,10.7555,0.092976063,104.1176,-0.0034652006,557.4118,-6.0681236,3502.3216,0
coarse_edge_length_2p5_mm,64,15,0.2941,1,10.4027,0.096128924,107.6471,-0.0034684116,557.40571,-6.0736801,3502.2834,0
coarse_edge_length_2p5_mm,64,15,0.2941,1,10.0724,0.099281237,111.1765,-0.0034898166,557.40259,-6.1111291,3502.2637,0
coarse_edge_length_2p5_mm,64,15,0.2941,1,9.7625,0.10243328,114.7059,-0.0035227351,557.40112,-6.1687575,3502.2545,0
coarse_edge_length_2p5_mm,64,15,0.2941,1,9.471,0.10558524,118.2353,-0.0035619088,557.40017,-6.237345,3502.2485,0
coarse_edge_length_2p5_mm,64,15,0.2941,1,9.3317,0.10716126,120,-0.0035825128,557.39955,-6.2734182,3502.2447,0
coarse_edge_length_2p5_mm,64,15,0.2941,1,9.1965,0.10873732,121.7647,-0.0036032053,557.39868,-6.3096434,3502.2392,0
coarse_edge_length_2p5_mm,64,15,0.2941,1,8.9374,0.1118897,125.2941,-0.0036433833,557.39576,-6.3799664,3502.2208,0
coarse_edge_length_2p5_mm,64,15,0.2941,1,8.6924,0.11504259,128.8235,-0.0036799055,557.39055,-6.4438606,3502.1881,0
coarse_edge_length_2p5_mm,64,15,0.2941,1,8.4605,0.11819618,132.3529,-0.0037107912,557.38231,-6.4978484,3502.1364,0
coarse_edge_length_2p5_mm,64,15,0.2941,1,8.2406,0.12135076,135.8824,-0.0037345018,557.37035,-6.539227,3502.0612,0
coarse_edge_length_2p5_mm,64,15,0.2941,1,8.0317,0.12450636,139.4118,-0.0037498435,557.35403,-6.5658984,3501.9587,0
coarse_edge_length_2p5_mm,64,15,0.2941,1,7.8331,0.12766326,142.9412,-0.0037562098,557.33287,-6.576796,3501.8257,0
coarse_edge_length_2p5_mm,64,15,0.2941,1,7.644,0.13082146,146.4706,-0.003755277,557.30717,-6.5748595,3501.6642,0
coarse_edge_length_2p5_mm,64,15,0.2941,1,7.4638,0.1339809,150,-0.00374932,557.27752,-6.5640807,3501.4779,0
coarse_edge_length_2p5_mm,64,16,0.2941,1,38.306,0.026105557,30,-1.1562633e-05,572.02032,-0.020778685,3594.1097,0
coarse_edge_length_2p5_mm,64,16,0.2941,1,34.2738,0.029176811,33.5294,-1.3038069e-05,572.01988,-0.023430107,3594.1069,0
coarse_edge_length_2p5_mm,64,16,0.2941,1,31.0096,0.032248075,37.0588,-1.4459188e-05,572.01935,-0.02598391,3594.1036,0
coarse_edge_length_2p5_mm,64,16,0.2941,1,28.3131,0.035319349,40.5882,-1.5702601e-05,572.01875,-0.028218357,3594.0998,0
coarse_edge_length_2p5_mm,64,16,0.2941,1,26.048,0.038390629,44.1176,-1.6603631e-05,572.01815,-0.029837523,3594.096,0
coarse_edge_length_2p5_mm,64,16,0.2941,1,24.1185,0.041462,47.6471,-1.7133267e-05,572.01759,-0.030789273,3594.0925,0
coarse_edge_length_2p5_mm,64,16,0.2941,1,22.4551,0.044533286,51.1765,-1.7323986e-05,572.01709,-0.031131977,3594.0894,0
coarse_edge_length_2p5_mm,64,16,0.2941,1,21.0064,0.04760457,54.7059,-1.722429e-05,572.01666,-0.030952797,3594.0867,0
coarse_edge_length_2p5_mm,64,16,0.2941,1,19.7333,0.050675853,58.2353,-1.6880423e-05,572.01631,-0.030334833,3594.0845,0
coarse_edge_length_2p5_mm,64,16,0.2941,1,19.1529,0.052211493,60,-1.6634715e-05,572.01616,-0.029893277,3594.0836,0
coarse_edge_length_2p5_mm,64,16,0.2941,1,18.6056,0.053747133,61.7647,-1.635683e-05,572.01603,-0.029393899,3594.0827,0
coarse_edge_length_2p5_mm,64,16,0.2941,1,17.5999,0.056818411,65.2941,-1.5746413e-05,572.01579,-0.028296944,3594.0812,0
coarse_edge_length_2p5_mm,64,16,0.2941,1,16.6974,0.059889689,68.8235,-1.5112311e-05,572.01558,-0.027157427,3594.0799,0
coarse_edge_length_2p5_mm,64,16,0.2941,1,15.8829,0.062960966,72.3529,-1.4493712e-05,572.0154,-0.026045772,3594.0787,0
coarse_edge_length_2p5_mm,64,16,0.2941,1,15.1441,0.066032331,75.8824,-1.3914521e-05,572.01523,-0.025004935,3594.0777,0
coarse_edge_length_2p5_mm,64,16,0.2941,1,14.471,0.069103609,79.4118,-1.3388755e-05,572.01507,-0.024060105,3594.0767,0
coarse_edge_length_2p5_mm,64,16,0.2941,1,13.8552,0.072174888,82.9412,-1.2923797e-05,572.01492,-0.023224553,3594.0757,0
coarse_edge_length_2p5_mm,64,16,0.2941,1,13.2897,0.075246168,86.4706,-1.2522733e-05,572.01477,-0.02250382,3594.0748,0
coarse_edge_length_2p5_mm,64,16,0.2941,1,12.7685,0.078317449,90,-1.2185872e-05,572.01463,-0.021898463,3594.0739,0
coarse_edge_length_2p5_mm,64,16,0.2941,1,12.2867,0.081388731,93.5294,-1.1911797e-05,572.01449,-0.021405935,3594.0731,0
coarse_edge_length_2p5_mm,64,16,0.2941,1,11.8399,0.084460014,97.0588,-1.1698007e-05,572.01436,-0.02102174,3594.0722,0
coarse_edge_length_2p5_mm,64,16,0.2941,1,11.4245,0.087531298,100.5882,-1.1536187e-05,572.01423,-0.02073094,3594.0714,0
coarse_edge_length_2p5_mm,64,16,0.2941,1,11.0372,0.090602583,104.1176,-1.1412536e-05,572.0141,-0.02050873,3594.0706,0
coarse_edge_length_2p5_mm,64,16,0.2941,1,10.6753,0.093673955,107.6471,-1.1316093e-05,572.01397,-0.020335413,3594.0698,0
coarse_edge_length_2p5_mm,64,16,0.2941,1,10.3364,0.096745242,111.1765,-1.1238537e-05,572.01385,-0.02019604,3594.069,0
coarse_edge_length_2p5_mm,64,16,0.2941,1,10.0184,0.099816529,114.7059,-1.117352e-05,572.01373,-0.020079197,3594.0683,0
coarse_edge_length_2p5_mm,64,16,0.2941,1,9.7193,0.10288782,118.2353,-1.1116172e-05,572.01362,-0.019976137,3594.0676,0
coarse_edge_length_2p5_mm,64,16,0.2941,1,9.5764,0.10442346,120,-1.1089164e-05,572.01356,-0.0199276,3594.0672,0
coarse_edge_length_2p5_mm,64,16,0.2941,1,9.4376,0.1059591,121.7647,-1.1062733e-05,572.01351,-0.019880101,3594.0669,0
coarse_edge_length_2p5_mm,64,16,0.2941,1,9.1718,0.10903039,125.2941,-1.1010277e-05,572.0134,-0.019785831,3594.0662,0
coarse_edge_length_2p5_mm,64,16,0.2941,1,8.9205,0.11210168,128.8235,-1.0956515e-05,572.0133,-0.019689217,3594.0656,0
coarse_edge_length_2p5_mm,64,16,0.2941,1,8.6826,0.11517297,132.3529,-1.0899655e-05,572.0132,-0.019587034,3594.0649,0
coarse_edge_length_2p5_mm,64,16,0.2941,1,8.4571,0.11824435,135.8824,-1.083828e-05,572.0131,-0.019476738,3594.0643,0
coarse_edge_length_2p5_mm,64,16,0.2941,1,8.243,0.12131564,139.4118,-1.0771291e-05,572.013,-0.019356352,3594.0637,0
coarse_edge_length_2p5_mm,64,16,0.2941,1,8.0394,0.12438693,142.9412,-1.0697814e-05,572.01291,-0.019224309,3594.0631,0
coarse_edge_length_2p5_mm,64,16,0.2941,1,7.8457,0.12745822,146.4706,-1.0617425e-05,572.01282,-0.019079846,3594.0625,0
coarse_edge_length_2p5_mm,64,16,0.2941,1,7.6611,0.13052952,150,-1.0531115e-05,572.01273,-0.018924741,3594.062,0
coarse_edge_length_2p5_mm,64,17,0.2941,1,39.4755,0.02533217,30,-0.0043235427,589.48401,-8.0068493,3703.8372,0
coarse_edge_length_2p5_mm,64,17,0.2941,1,35.3144,0.028317038,33.5294,-0.0050481757,589.38778,-9.3472845,3703.2326,0
coarse_edge_length_2p5_mm,64,17,0.2941,1,31.9435,0.031305284,37.0588,-0.0057053026,589.24631,-10.561496,3702.3437,0
coarse_edge_length_2p5_mm,64,17,0.2941,1,29.1563,0.034297861,40.5882,-0.0062872893,589.05509,-11.635076,3701.1423,0
coarse_edge_length_2p5_mm,64,17,0.2941,1,26.8137,0.03729435,44.1176,-0.0067827998,588.83281,-12.547317,3699.7457,0
coarse_edge_length_2p5_mm,64,17,0.2941,1,24.8175,0.040294082,47.6471,-0.0071888551,588.59744,-13.293152,3698.2668,0
coarse_edge_length_2p5_mm,64,17,0.2941,1,23.0968,0.043296124,51.1765,-0.0075088939,588.36214,-13.879396,3696.7884,0
coarse_edge_length_2p5_mm,64,17,0.2941,1,21.5984,0.04629979,54.7059,-0.0077492894,588.13674,-14.318254,3695.3721,0
coarse_edge_length_2p5_mm,64,17,0.2941,1,20.2822,0.049304301,58.2353,-0.0079176638,587.92872,-14.624183,3694.0651,0
coarse_edge_length_2p5_mm,64,17,0.2941,1,19.6825,0.050806633,60,-0.0079773417,587.83305,-14.732012,3693.464,0
coarse_edge_length_2p5_mm,64,17,0.2941,1,19.1172,0.05230894,61.7647,-0.008021946,587.74315,-14.812119,3692.8992,0
coarse_edge_length_2p5_mm,64,17,0.2941,1,18.0788,0.05531349,65.2941,-0.0080691804,587.57869,-14.895166,3691.8658,0
coarse_edge_length_2p5_mm,64,17,0.2941,1,17.1474,0.058317987,68.8235,-0.0080651849,587.43171,-14.884066,3690.9423,0
coarse_edge_length_2p5_mm,64,17,0.2941,1,16.3072,0.061322475,72.3529,-0.0080147137,587.29923,-14.787587,3690.1099,0
coarse_edge_length_2p5_mm,64,17,0.2941,1,15.5456,0.06432708,75.8824,-0.0079216109,587.17882,-14.612811,3689.3534,0
coarse_edge_length_2p5_mm,64,17,0.2941,1,14.8519,0.067331664,79.4118,-0.0077891145,587.0686,-14.365701,3688.6608,0
coarse_edge_length_2p5_mm,64,17,0.2941,1,14.2174,0.070336337,82.9412,-0.0076199017,586.96706,-14.051186,3688.0228,0
coarse_edge_length_2p5_mm,64,17,0.2941,1,13.6349,0.073341109,86.4706,-0.0074164148,586.87304,-13.673763,3687.4321,0
coarse_edge_length_2p5_mm,64,17,0.2941,1,13.0983,0.07634598,90,-0.0071809091,586.78567,-13.237586,3686.8831,0
coarse_edge_length_2p5_mm,64,17,0.2941,1,12.6022,0.079350937,93.5294,-0.0069155552,586.70427,-12.746653,3686.3717,0
coarse_edge_length_2p5_mm,64,17,0.2941,1,12.1424,0.08235596,97.0588,-0.0066224974,586.62835,-12.204914,3685.8946,0
coarse_edge_length_2p5_mm,64,17,0.2941,1,11.7149,0.085361022,100.5882,-0.0063045691,586.5575,-11.617585,3685.4494,0
coarse_edge_length_2p5_mm,64,17,0.2941,1,11.3166,0.088366078,104.1176,-0.0059717177,586.49151,-11.002994,3685.0348,0
coarse_edge_length_2p5_mm,64,17,0.2941,1,10.9444,0.091371165,107.6471,-0.0056361138,586.43021,-10.383552,3684.6497,0
coarse_edge_length_2p5_mm,64,17,0.2941,1,10.5959,0.094376077,111.1765,-0.0053072072,586.37337,-9.7766519,3684.2925,0
coarse_edge_length_2p5_mm,64,17,0.2941,1,10.269,0.097380871,114.7059,-0.0049921267,586.32075,-9.1954023,3683.9619,0
coarse_edge_length_2p5_mm,64,17,0.2941,1,9.9616,0.10038553,118.2353,-0.0046962079,586.27208,-8.6496075,3683.6561,0
coarse_edge_length_2p5_mm,64,17,0.2941,1,9.8147,0.1018878,120,-0.0045567025,586.24914,-8.3923342,3683.512,0
coarse_edge_length_2p5_mm,64,17,0.2941,1,9.6721,0.10339003,121.7647,-0.0044233592,586.2271,-8.146442,3683.3735,0
coarse_edge_length_2p5_mm,64,17,0.2941,1,9.399,0.10639437,125.2941,-0.0041763642,586.18557,-7.6910097,3683.1126,0
coarse_edge_length_2p5_mm,64,17,0.2941,1,9.1409,0.10939854,128.8235,-0.0039571356,586.14725,-7.2868115,3682.8718,0
coarse_edge_length_2p5_mm,64,17,0.2941,1,8.8966,0.11240252,132.3529,-0.0037668884,586.11193,-6.9360654,3682.6499,0
coarse_edge_length_2p5_mm,64,17,0.2941,1,8.665,0.1154064,135.8824,-0.0036063069,586.0794,-6.6400143,3682.4455,0
coarse_edge_length_2p5_mm,64,17,0.2941,1,8.4452,0.11841,139.4118,-0.0034756919,586.04951,-6.3991966,3682.2577,0
coarse_edge_length_2p5_mm,64,17,0.2941,1,8.2363,0.12141339,142.9412,-0.0033750143,586.02211,-6.2135457,3682.0855,0
coarse_edge_length_2p5_mm,64,17,0.2941,1,8.0375,0.12441656,146.4706,-0.0033040251,585.99707,-6.0825915,3681.9282,0
coarse_edge_length_2p5_mm,64,17,0.2941,1,7.8481,0.12741949,150,-0.0032618043,585.97426,-6.004631,3681.7849,0
coarse_edge_length_2p5_mm,64,18,0.2941,1,40.2271,0.024858843,30,-0.0048068685,600.70813,-9.0714273,3774.3605,0
coarse_edge_length_2p5_mm,64,18,0.2941,1,35.9838,0.027790269,33.5294,-0.0055796879,600.55971,-10.527275,3773.4279,0
coarse_edge_length_2p5_mm,64,18,0.2941,1,32.5467,0.030725111,37.0588,-0.0062209242,600.37287,-11.733453,3772.254,0
coarse_edge_length_2p5_mm,64,18,0.2941,1,29.7055,0.033663851,40.5882,-0.0067241926,600.1491,-12.677954,3770.848,0
coarse_edge_length_2p5_mm,64,18,0.2941,1,27.3178,0.036606134,44.1176,-0.0070991464,599.90319,-13.379416,3769.3029,0
coarse_edge_length_2p5_mm,64,18,0.2941,1,25.2836,0.039551361,47.6471,-0.0073599814,599.6505,-13.865157,3767.7152,0
coarse_edge_length_2p5_mm,64,18,0.2941,1,23.5301,0.042498706,51.1765,-0.0075205373,599.40179,-14.161745,3766.1525,0
coarse_edge_length_2p5_mm,64,18,0.2941,1,22.0034,0.045447608,54.7059,-0.0075929751,599.16481,-14.292498,3764.6635,0
coarse_edge_length_2p5_mm,64,18,0.2941,1,20.6623,0.048397423,58.2353,-0.0075872865,598.94541,-14.276561,3763.285,0
coarse_edge_length_2p5_mm,64,18,0.2941,1,20.0511,0.049872469,60,-0.0075576865,598.84378,-14.218451,3762.6464,0
coarse_edge_length_2p5_mm,64,18,0.2941,1,19.4751,0.051347508,61.7647,-0.0075116632,598.74807,-14.129608,3762.0451,0
coarse_edge_length_2p5_mm,64,18,0.2941,1,18.417,0.054297519,65.2941,-0.0073803155,598.57299,-13.87848,3760.945,0
coarse_edge_length_2p5_mm,64,18,0.2941,1,17.468,0.057247455,68.8235,-0.0072117509,598.41673,-13.557959,3759.9632,0
coarse_edge_length_2p5_mm,64,18,0.2941,1,16.612,0.060197323,72.3529,-0.0070198817,598.27647,-13.194155,3759.0819,0
coarse_edge_length_2p5_mm,64,18,0.2941,1,15.836,0.063147215,75.8824,-0.0068151633,598.14988,-12.806668,3758.2865,0
coarse_edge_length_2p5_mm,64,18,0.2941,1,15.1293,0.066096979,79.4118,-0.0066056221,598.03498,-12.410526,3757.5646,0
coarse_edge_length_2p5_mm,64,18,0.2941,1,14.4829,0.069046727,82.9412,-0.0063974428,597.93005,-12.017293,3756.9053,0
coarse_edge_length_2p5_mm,64,18,0.2941,1,13.8896,0.071996497,86.4706,-0.006195382,597.83353,-11.635853,3756.2988,0
coarse_edge_length_2p5_mm,64,18,0.2941,1,13.3429,0.074946342,90,-0.0060030493,597.74401,-11.272935,3755.7364,0
coarse_edge_length_2p5_mm,64,18,0.2941,1,12.8376,0.077896324,93.5294,-0.0058230984,597.66022,-10.933478,3755.2099,0
coarse_edge_length_2p5_mm,64,18,0.2941,1,12.3691,0.080846516,97.0588,-0.0056573895,597.58098,-10.620934,3754.712,0
coarse_edge_length_2p5_mm,64,18,0.2941,1,11.9336,0.083797001,100.5882,-0.0055071097,597.50525,-10.337495,3754.2362,0
coarse_edge_length_2p5_mm,64,18,0.2941,1,11.5277,0.08674786,104.1176,-0.0053719594,597.43208,-10.082567,3753.7765,0
coarse_edge_length_2p5_mm,64,18,0.2941,1,11.1484,0.089699251,107.6471,-0.0052491782,597.36074,-9.8509444,3753.3282,0
coarse_edge_length_2p5_mm,64,18,0.2941,1,10.7932,0.092651071,111.1765,-0.0051360506,597.29065,-9.6375108,3752.8878,0
coarse_edge_length_2p5_mm,64,18,0.2941,1,10.4599,0.095603459,114.7059,-0.0050302839,597.22134,-9.4379502,3752.4523,0
coarse_edge_length_2p5_mm,64,18,0.2941,1,10.1465,0.098556463,118.2353,-0.0049299761,597.15243,-9.248683,3752.0194,0
coarse_edge_length_2p5_mm,64,18,0.2941,1,9.9967,0.10003321,120,-0.0048813701,597.11805,-9.1569704,3751.8033,0
coarse_edge_length_2p5_mm,64,18,0.2941,1,9.8512,0.10151013,121.7647,-0.0048335682,597.08365,-9.0667765,3751.5872,0
coarse_edge_length_2p5_mm,64,18,0.2941,1,9.5726,0.1044645,125.2941,-0.0047397943,597.01476,-8.88985,3751.1543,0
coarse_edge_length_2p5_mm,64,18,0.2941,1,9.3093,0.1074196,128.8235,-0.0046476362,596.94555,-8.7159899,3750.7195,0
coarse_edge_length_2p5_mm,64,18,0.2941,1,9.06,0.11037548,132.3529,-0.0045562867,596.87588,-8.5436794,3750.2817,0
coarse_edge_length_2p5_mm,64,18,0.2941,1,8.8236,0.11333224,135.8824,-0.0044651052,596.8056,-8.3717154,3749.8402,0
coarse_edge_length_2p5_mm,64,18,0.2941,1,8.5992,0.11628976,139.4118,-0.0043736049,596.73461,-8.1991844,3749.3941,0
coarse_edge_length_2p5_mm,64,18,0.2941,1,8.3859,0.11924814,142.9412,-0.0042814079,596.66281,-8.0253771,3748.943,0
coarse_edge_length_2p5_mm,64,18,0.2941,1,8.1828,0.12220742,146.4706,-0.0041882343,596.5901,-7.8497691,3748.4861,0
coarse_edge_length_2p5_mm,64,18,0.2941,1,7.9893,0.12516763,150,-0.0040938811,596.5164,-7.6719804,3748.0231,0
coarse_edge_length_2p5_mm,64,19,0.2941,1,40.2309,0.024856488,30,-1.0871969e-05,600.76504,-0.020519309,3774.7181,0
coarse_edge_length_2p5_mm,64,19,0.2941,1,35.9961,0.027780784,33.5294,-1.2274144e-05,600.76475,-0.023165706,3774.7162,0
coarse_edge_length_2p5_mm,64,19,0.2941,1,32.5679,0.030705089,37.0588,-1.343775e-05,600.76434,-0.025361829,3774.7137,0
coarse_edge_length_2p5_mm,64,19,0.2941,1,29.7359,0.033629404,40.5882,-1.431693e-05,600.76383,-0.027021132,3774.7105,0
coarse_edge_length_2p5_mm,64,19,0.2941,1,27.357,0.036553728,44.1176,-1.4881138e-05,600.76326,-0.028085967,3774.7069,0
coarse_edge_length_2p5_mm,64,19,0.2941,1,25.3305,0.03947814,47.6471,-1.5165589e-05,600.76268,-0.0286228,3774.7033,0
coarse_edge_length_2p5_mm,64,19,0.2941,1,23.5835,0.042402473,51.1765,-1.5197649e-05,600.76214,-0.028683282,3774.6998,0
coarse_edge_length_2p5_mm,64,19,0.2941,1,22.062,0.045326808,54.7059,-1.5028419e-05,600.76164,-0.028363862,3774.6967,0
coarse_edge_length_2p5_mm,64,19,0.2941,1,20.7249,0.048251142,58.2353,-1.4706422e-05,600.7612,-0.027756122,3774.694,0
coarse_edge_length_2p5_mm,64,19,0.2941,1,20.1153,0.049713309,60,-1.4482288e-05,600.76101,-0.027333093,3774.6927,0
coarse_edge_length_2p5_mm,64,19,0.2941,1,19.5406,0.051175476,61.7647,-1.4233897e-05,600.76083,-0.026864286,3774.6916,0
coarse_edge_length_2p5_mm,64,19,0.2941,1,18.4844,0.054099806,65.2941,-1.4195557e-05,600.76053,-0.026791912,3774.6897,0
coarse_edge_length_2p5_mm,64,19,0.2941,1,17.5364,0.057024134,68.8235,-1.2979844e-05,600.76029,-0.024497433,3774.6882,0
coarse_edge_length_2p5_mm,64,19,0.2941,1,16.681,0.05994846,72.3529,-1.2540959e-05,600.76009,-0.023669097,3774.687,0
coarse_edge_length_2p5_mm,64,19,0.2941,1,15.9051,0.062872865,75.8824,-1.1927241e-05,600.75994,-0.022510796,3774.686,0
coarse_edge_length_2p5_mm,64,19,0.2941,1,15.1982,0.065797186,79.4118,-8.6541223e-06,600.75982,-0.016333294,3774.6853,0
coarse_edge_length_2p5_mm,64,19,0.2941,1,14.5515,0.068721505,82.9412,-1.0726428e-05,600.75973,-0.020244441,3774.6847,0
coarse_edge_length_2p5_mm,64,19,0.2941,1,13.9575,0.071645822,86.4706,-1.0149315e-05,600.75966,-0.01915523,3774.6843,0
coarse_edge_length_2p5_mm,64,19,0.2941,1,13.4102,0.074570138,90,-9.5961346e-06,600.75961,-0.018111188,3774.684,0
coarse_edge_length_2p5_mm,64,19,0.2941,1,12.9041,0.077494452,93.5294,-9.0650678e-06,600.75957,-0.017108882,3774.6837,0
coarse_edge_length_2p5_mm,64,19,0.2941,1,12.4349,0.080418765,97.0588,-8.5627185e-06,600.75955,-0.016160776,3774.6836,0
coarse_edge_length_2p5_mm,64,19,0.2941,1,11.9986,0.083343077,100.5882,1.8983639e-06,600.75952,0.0035828614,3774.6834,1
coarse_edge_length_2p5_mm,64,19,0.2941,1,11.5919,0.086267389,104.1176,-7.6289881e-06,600.75951,-0.014398507,3774.6833,0
coarse_edge_length_2p5_mm,64,19,0.2941,1,11.2118,0.089191784,107.6471,-7.1993317e-06,600.7595,-0.013587598,3774.6833,0
coarse_edge_length_2p5_mm,64,19,0.2941,1,10.8559,0.092116095,111.1765,-7.0950006e-06,600.75949,-0.01339069,3774.6832,0
coarse_edge_length_2p5_mm,64,19,0.2941,1,10.5218,0.095040407,114.7059,-7.8297798e-06,600.75947,-0.014777469,3774.6831,0
coarse_edge_length_2p5_mm,64,19,0.2941,1,10.2078,0.09796472,118.2353,-6.0915761e-06,600.75946,-0.011496884,3774.683,0
coarse_edge_length_2p5_mm,64,19,0.2941,1,10.0576,0.099426876,120,-5.9333391e-06,600.75945,-0.011198237,3774.683,0
coarse_edge_length_2p5_mm,64,19,0.2941,1,9.9119,0.10088903,121.7647,-5.7838753e-06,600.75944,-0.010916148,3774.6829,0
coarse_edge_length_2p5_mm,64,19,0.2941,1,9.6327,0.10381335,125.2941,-5.509635e-06,600.75943,-0.010398562,3774.6828,0
coarse_edge_length_2p5_mm,64,19,0.2941,1,9.3688,0.10673766,128.8235,-5.2724691e-06,600.75941,-0.009950949,3774.6827,0
coarse_edge_length_2p5_mm,64,19,0.2941,1,9.1189,0.10966197,132.3529,-5.0574889e-06,600.75938,-0.0095452076,3774.6825,0
coarse_edge_length_2p5_mm,64,19,0.2941,1,8.8821,0.11258637,135.8824,-4.878949e-06,600.75936,-0.0092082415,3774.6824,0
coarse_edge_length_2p5_mm,64,19,0.2941,1,8.6572,0.11551069,139.4118,-4.7317419e-06,600.75933,-0.0089304111,3774.6822,0
coarse_edge_length_2p5_mm,64,19,0.2941,1,8.4434,0.118435,142.9412,-4.6127365e-06,600.75931,-0.0087058068,3774.682,0
coarse_edge_length_2p5_mm,64,19,0.2941,1,8.24,0.12135932,146.4706,-4.5223947e-06,600.75928,-0.0085353006,3774.6819,0
coarse_edge_length_2p5_mm,64,19,0.2941,1,8.0461,0.12428364,150,-4.4702455e-06,600.75925,-0.0084368769,3774.6817,0
coarse_edge_length_2p5_mm,64,20,0.2941,1,40.8209,0.024497245,30,-1.390185e-05,609.57503,-0.026622549,3830.0729,0
coarse_edge_length_2p5_mm,64,20,0.2941,1,36.524,0.027379285,33.5294,-1.615581e-05,609.57456,-0.03093894,3830.0699,0
coarse_edge_length_2p5_mm,64,20,0.2941,1,33.0455,0.030261335,37.0588,-1.8018033e-05,609.57398,-0.03450513,3830.0663,0
coarse_edge_length_2p5_mm,64,20,0.2941,1,30.1719,0.033143397,40.5882,-1.9475307e-05,609.57329,-0.037295817,3830.062,0
coarse_edge_length_2p5_mm,64,20,0.2941,1,27.7581,0.036025469,44.1176,-2.0574436e-05,609.57254,-0.039400634,3830.0572,0
coarse_edge_length_2p5_mm,64,20,0.2941,1,25.7019,0.038907631,47.6471,-2.1385499e-05,609.57178,-0.040953792,3830.0524,0
coarse_edge_length_2p5_mm,64,20,0.2941,1,23.9293,0.041789716,51.1765,-2.195131e-05,609.57104,-0.042037284,3830.0478,0
coarse_edge_length_2p5_mm,64,20,0.2941,1,22.3855,0.044671804,54.7059,-2.2374921e-05,609.57036,-0.042848461,3830.0435,0
coarse_edge_length_2p5_mm,64,20,0.2941,1,21.0288,0.047553893,58.2353,-2.2651236e-05,609.56974,-0.043377566,3830.0397,0
coarse_edge_length_2p5_mm,64,20,0.2941,1,20.4103,0.048994937,60,-2.2744459e-05,609.56947,-0.04355607,3830.0379,0
coarse_edge_length_2p5_mm,64,20,0.2941,1,19.8271,0.050435981,61.7647,-2.2812453e-05,609.56921,-0.043686262,3830.0363,0
coarse_edge_length_2p5_mm,64,20,0.2941,1,18.7554,0.053318067,65.2941,-2.2876818e-05,609.56877,-0.04380949,3830.0335,0
coarse_edge_length_2p5_mm,64,20,0.2941,1,17.7935,0.056200151,68.8235,-2.2760681e-05,609.56838,-0.043587058,3830.0311,0
coarse_edge_length_2p5_mm,64,20,0.2941,1,16.9256,0.059082234,72.3529,-2.2735317e-05,609.56805,-0.043538461,3830.029,0
coarse_edge_length_2p5_mm,64,20,0.2941,1,16.1383,0.061964399,75.8824,-2.2537267e-05,609.56774,-0.043159171,3830.0271,0
coarse_edge_length_2p5_mm,64,20,0.2941,1,15.421,0.064846482,79.4118,-2.2261358e-05,609.56746,-0.042630783,3830.0253,0
coarse_edge_length_2p5_mm,64,20,0.2941,1,14.7648,0.067728567,82.9412,-2.191508e-05,609.5672,-0.041967637,3830.0237,0
coarse_edge_length_2p5_mm,64,20,0.2941,1,14.1622,0.070610653,86.4706,-2.1132775e-05,609.56694,-0.040469497,3830.0221,0
coarse_edge_length_2p5_mm,64,20,0.2941,1,13.6068,0.073492741,90,-2.1045196e-05,609.56669,-0.040301766,3830.0205,0
coarse_edge_length_2p5_mm,64,20,0.2941,1,13.0933,0.076374831,93.5294,-2.226642e-05,609.56644,-0.042640405,3830.0189,0
coarse_edge_length_2p5_mm,64,20,0.2941,1,12.6172,0.079256925,97.0588,-2.0091648e-05,609.56618,-0.038475679,3830.0172,0
coarse_edge_length_2p5_mm,64,20,0.2941,1,12.1745,0.082139022,100.5882,-1.9434965e-05,609.56591,-0.037218109,3830.0156,0
coarse_edge_length_2p5_mm,64,20,0.2941,1,11.7618,0.085021124,104.1176,-1.885231e-05,609.56563,-0.036102304,3830.0138,0
coarse_edge_length_2p5_mm,64,20,0.2941,1,11.3761,0.087903311,107.6471,-1.84064e-05,609.56533,-0.035248365,3830.0119,0
coarse_edge_length_2p5_mm,64,20,0.2941,1,11.015,0.090785421,111.1765,-1.767655e-05,609.56503,-0.033850682,3830.0101,0
coarse_edge_length_2p5_mm,64,20,0.2941,1,10.6761,0.093667534,114.7059,-1.7099641e-05,609.56473,-0.032745882,3830.0082,0
coarse_edge_length_2p5_mm,64,20,0.2941,1,10.3574,0.09654965,118.2353,-1.653756e-05,609.56443,-0.031669478,3830.0063,0
coarse_edge_length_2p5_mm,64,20,0.2941,1,10.205,0.097990708,120,-1.6263283e-05,609.56428,-0.031144231,3830.0053,0
coarse_edge_length_2p5_mm,64,20,0.2941,1,10.0571,0.099431768,121.7647,-1.5993801e-05,609.56413,-0.030628163,3830.0044,0
coarse_edge_length_2p5_mm,64,20,0.2941,1,9.7738,0.10231389,125.2941,-1.5470477e-05,609.56384,-0.029625982,3830.0026,0
coarse_edge_length_2p5_mm,64,20,0.2941,1,9.5061,0.10519601,128.8235,-1.6228271e-05,609.56356,-0.031077146,3830.0008,0
coarse_edge_length_2p5_mm,64,20,0.2941,1,9.2526,0.10807813,132.3529,-1.4534454e-05,609.56328,-0.027833472,3829.9991,0
coarse_edge_length_2p5_mm,64,20,0.2941,1,9.0122,0.11096033,135.8824,-1.4031107e-05,609.56302,-0.026869552,3829.9974,0
coarse_edge_length_2p5_mm,64,20,0.2941,1,8.7841,0.11384246,139.4118,-1.3201756e-05,609.56277,-0.025281336,3829.9959,0
coarse_edge_length_2p5_mm,64,20,0.2941,1,8.5672,0.11672458,142.9412,-1.1450842e-05,609.56254,-0.021928329,3829.9944,0
coarse_edge_length_2p5_mm,64,20,0.2941,1,8.3607,0.1196067,146.4706,-1.278085e-05,609.56233,-0.024475284,3829.9931,0
coarse_edge_length_2p5_mm,64,20,0.2941,1,8.164,0.12248882,150,-1.2473624e-05,609.56213,-0.023886939,3829.9918,0
geometry_tolerance_2p0_mm,64,1,0.2941,1,1.7665,0.56607938,30,-0.025691714,26.379532,-2.1291685,165.74749,0
geometry_tolerance_2p0_mm,64,1,0.2941,1,1.581,0.63251865,33.5294,-0.028415212,26.386124,-2.3554635,165.78891,0
geometry_tolerance_2p0_mm,64,1,0.2941,1,1.4307,0.69894132,37.0588,-0.031273643,26.392091,-2.5929977,165.8264,0
geometry_tolerance_2p0_mm,64,1,0.2941,1,1.3066,0.76533712,40.5882,-0.0342366,26.397948,-2.839296,165.8632,0
geometry_tolerance_2p0_mm,64,1,0.2941,1,1.2023,0.83171568,44.1176,-0.037287073,26.403418,-3.0929174,165.89757,0
geometry_tolerance_2p0_mm,64,1,0.2941,1,1.1135,0.89808178,47.6471,-0.040411177,26.408501,-3.3527033,165.9295,0
geometry_tolerance_2p0_mm,64,1,0.2941,1,1.0369,0.96443472,51.1765,-0.043597914,26.413193,-3.6177328,165.95899,0
geometry_tolerance_2p0_mm,64,1,0.2941,1,0.9701,1.0307794,54.7059,-0.046838637,26.417492,-3.8872789,165.986,0
geometry_tolerance_2p0_mm,64,1,0.2941,1,0.9115,1.0971191,58.2353,-0.050128438,26.421392,-4.1609235,166.0105,0
geometry_tolerance_2p0_mm,64,1,0.2941,1,0.8847,1.1302882,60,-0.05179103,26.423189,-4.2992198,166.02179,0
geometry_tolerance_2p0_mm,64,1,0.2941,1,0.8595,1.1634572,61.7647,-0.053464984,26.424883,-4.4384608,166.03244,0
geometry_tolerance_2p0_mm,64,1,0.2941,1,0.8131,1.2297971,65.2941,-0.056845572,26.42796,-4.7196539,166.05177,0
geometry_tolerance_2p0_mm,64,1,0.2941,1,0.7715,1.2961422,68.8235,-0.060267361,26.430616,-5.0042538,166.06846,0
geometry_tolerance_2p0_mm,64,1,0.2941,1,0.7339,1.3625095,72.3529,-0.063723833,26.43258,-5.2916525,166.0808,0
geometry_tolerance_2p0_mm,64,1,0.2941,1,0.6999,1.4288765,75.8824,-0.0672199,26.434404,-5.5823525,166.09226,0
geometry_tolerance_2p0_mm,64,1,0.2941,1,0.6688,1.4952569,79.4118,-0.070749434,26.435796,-5.8757761,166.101,0
geometry_tolerance_2p0_mm,64,1,0.2941,1,0.6403,1.5616556,82.9412,-0.074310415,26.436759,-6.1717422,166.10706,0
geometry_tolerance_2p0_mm,64,1,0.2941,1,0.6142,1.6280755,86.4706,-0.077900961,26.437299,-6.4700818,166.11045,0
geometry_tolerance_2p0_mm,64,1,0.2941,1,0.5901,1.6945197,90,-0.081519416,26.437418,-6.770644,166.1112,0
geometry_tolerance_2p0_mm,64,1,0.2941,1,0.5679,1.7610107,93.5294,-0.08515682,26.436826,-7.0725924,166.10748,0
geometry_tolerance_2p0_mm,64,1,0.2941,1,0.5472,1.8275106,97.0588,-0.088827269,26.436149,-7.3772477,166.10322,0
geometry_tolerance_2p0_mm,64,1,0.2941,1,0.528,1.8940435,100.5882,-0.092521911,26.435056,-7.6837762,166.09636,0
geometry_tolerance_2p0_mm,64,1,0.2941,1,0.51,1.9606126,104.1176,-0.096239813,26.433552,-7.9920863,166.0869,0
geometry_tolerance_2p0_mm,64,1,0.2941,1,0.4933,2.0272226,107.6471,-0.099980285,26.431636,-8.3021063,166.07487,0
geometry_tolerance_2p0_mm,64,1,0.2941,1,0.4776,2.0938959,111.1765,-0.10373182,26.429021,-8.6127716,166.05844,0
geometry_tolerance_2p0_mm,64,1,0.2941,1,0.4628,2.1605879,114.7059,-0.10751646,26.426338,-8.9261015,166.04158,0
geometry_tolerance_2p0_mm,64,1,0.2941,1,0.449,2.2273282,118.2353,-0.11132198,26.423242,-9.2409558,166.02213,0
geometry_tolerance_2p0_mm,64,1,0.2941,1,0.4423,2.2607174,120,-0.11323244,26.42154,-9.3989399,166.01143,0
geometry_tolerance_2p0_mm,64,1,0.2941,1,0.4359,2.2941198,121.7647,-0.11514799,26.419735,-9.5572882,166.00009,0
geometry_tolerance_2p0_mm,64,1,0.2941,1,0.4236,2.360966,125.2941,-0.11899419,26.415818,-9.8750588,165.97548,0
geometry_tolerance_2p0_mm,64,1,0.2941,1,0.4119,2.4278697,128.8235,-0.12286037,26.411489,-10.194234,165.94828,0
geometry_tolerance_2p0_mm,64,1,0.2941,1,0.4008,2.4948341,132.3529,-0.12674637,26.40675,-10.514784,165.9185,0
geometry_tolerance_2p0_mm,64,1,0.2941,1,0.3903,2.5618643,135.8824,-0.13065233,26.4016,-10.836706,165.88614,0
geometry_tolerance_2p0_mm,64,1,0.2941,1,0.3804,2.6289598,139.4118,-0.13457871,26.396038,-11.16002,165.8512,0
geometry_tolerance_2p0_mm,64,1,0.2941,1,0.3709,2.6961257,142.9412,-0.13852638,26.390064,-11.484783,165.81366,0
geometry_tolerance_2p0_mm,64,1,0.2941,1,0.3619,2.7633653,146.4706,-0.14249602,26.383677,-11.811034,165.77353,0
geometry_tolerance_2p0_mm,64,1,0.2941,1,0.3533,2.8306819,150,-0.14648824,26.376876,-12.138807,165.7308,0
geometry_tolerance_2p0_mm,64,2,0.2941,1,5.8005,0.172398,30,-0.022636181,86.618808,-6.1597804,544.24202,0
geometry_tolerance_2p0_mm,64,2,0.2941,1,5.1816,0.1929913,33.5294,-0.023074945,86.479108,-6.2690503,543.36426,0
geometry_tolerance_2p0_mm,64,2,0.2941,1,4.6815,0.21360633,37.0588,-0.022877556,86.357565,-6.2066877,542.60058,0
geometry_tolerance_2p0_mm,64,2,0.2941,1,4.2705,0.23416651,40.5882,-0.022264152,86.277623,-6.0346795,542.0983,0
geometry_tolerance_2p0_mm,64,2,0.2941,1,3.927,0.25465014,44.1176,-0.021497335,86.2365,-5.8240571,541.83991,0
geometry_tolerance_2p0_mm,64,2,0.2941,1,3.6353,0.2750793,47.6471,-0.020799333,86.218752,-5.6337948,541.72839,0
geometry_tolerance_2p0_mm,64,2,0.2941,1,3.3844,0.29547457,51.1765,-0.020281995,86.213174,-5.493311,541.69335,0
geometry_tolerance_2p0_mm,64,2,0.2941,1,3.166,0.31585766,54.7059,-0.019996884,86.21164,-5.4159932,541.68371,0
geometry_tolerance_2p0_mm,64,2,0.2941,1,2.974,0.33624369,58.2353,-0.019941014,86.209542,-5.4007297,541.67053,0
geometry_tolerance_2p0_mm,64,2,0.2941,1,2.8865,0.34643809,60,-0.019979629,86.208238,-5.4111062,541.66234,0
geometry_tolerance_2p0_mm,64,2,0.2941,1,2.804,0.35663314,61.7647,-0.020053049,86.206856,-5.4309035,541.65365,0
geometry_tolerance_2p0_mm,64,2,0.2941,1,2.6523,0.37702426,65.2941,-0.020282329,86.204077,-5.4928217,541.63619,0
geometry_tolerance_2p0_mm,64,2,0.2941,1,2.5163,0.39741533,68.8235,-0.020593123,86.201595,-5.5768297,541.6206,0
geometry_tolerance_2p0_mm,64,2,0.2941,1,2.3935,0.41780461,72.3529,-0.02095993,86.199723,-5.6760417,541.60883,0
geometry_tolerance_2p0_mm,64,2,0.2941,1,2.2821,0.438191,75.8824,-0.021364393,86.198711,-5.7855042,541.60247,0
geometry_tolerance_2p0_mm,64,2,0.2941,1,2.1807,0.45857162,79.4118,-0.021793161,86.198762,-5.9016184,541.60279,0
geometry_tolerance_2p0_mm,64,2,0.2941,1,2.0879,0.4789461,82.9412,-0.022239854,86.199915,-6.0226641,541.61004,0
geometry_tolerance_2p0_mm,64,2,0.2941,1,2.0027,0.49931513,86.4706,-0.022706837,86.201913,-6.1492681,541.6226,0
geometry_tolerance_2p0_mm,64,2,0.2941,1,1.9243,0.51967966,90,-0.023196388,86.204503,-6.2820326,541.63887,0
geometry_tolerance_2p0_mm,64,2,0.2941,1,1.8517,0.54004062,93.5294,-0.023709789,86.207466,-6.4212924,541.65749,0
geometry_tolerance_2p0_mm,64,2,0.2941,1,1.7844,0.56039895,97.0588,-0.024247633,86.210619,-6.567196,541.67729,0
geometry_tolerance_2p0_mm,64,2,0.2941,1,1.7219,0.58075557,100.5882,-0.024809973,86.213805,-6.7197479,541.69731,0
geometry_tolerance_2p0_mm,64,2,0.2941,1,1.6636,0.60111097,104.1176,-0.025395091,86.21695,-6.8784772,541.71707,0
geometry_tolerance_2p0_mm,64,2,0.2941,1,1.6091,0.6214657,107.6471,-0.025999832,86.220062,-7.0425307,541.73663,0
geometry_tolerance_2p0_mm,64,2,0.2941,1,1.5581,0.64181856,111.1765,-0.026621431,86.22315,-7.2111605,541.75603,0
geometry_tolerance_2p0_mm,64,2,0.2941,1,1.5102,0.66217009,114.7059,-0.027257622,86.226222,-7.3837535,541.77533,0
geometry_tolerance_2p0_mm,64,2,0.2941,1,1.4652,0.68252025,118.2353,-0.027906523,86.229284,-7.5598013,541.79457,0
geometry_tolerance_2p0_mm,64,2,0.2941,1,1.4436,0.69269482,120,-0.028235331,86.23081,-7.64901,541.80416,0
geometry_tolerance_2p0_mm,64,2,0.2941,1,1.4227,0.70286908,121.7647,-0.028566884,86.232331,-7.7389647,541.81371,0
geometry_tolerance_2p0_mm,64,2,0.2941,1,1.3827,0.7232167,125.2941,-0.029237783,86.235351,-7.9209934,541.83269,0
geometry_tolerance_2p0_mm,64,2,0.2941,1,1.3449,0.74356319,128.8235,-0.029918407,86.238337,-8.105666,541.85145,0
geometry_tolerance_2p0_mm,64,2,0.2941,1,1.3091,0.76390866,132.3529,-0.030608032,86.241279,-8.2927863,541.86994,0
geometry_tolerance_2p0_mm,64,2,0.2941,1,1.2751,0.78425378,135.8824,-0.031306039,86.24417,-8.4821851,541.8881,0
geometry_tolerance_2p0_mm,64,2,0.2941,1,1.2429,0.80459749,139.4118,-0.032011815,86.247005,-8.6736958,541.90591,0
geometry_tolerance_2p0_mm,64,2,0.2941,1,1.2122,0.82494044,142.9412,-0.032724855,86.249779,-8.8671814,541.92334,0
geometry_tolerance_2p0_mm,64,2,0.2941,1,1.183,0.84528266,146.4706,-0.033444665,86.252494,-9.0625076,541.9404,0
geometry_tolerance_2p0_mm,64,2,0.2941,1,1.1552,0.86562416,150,-0.034170798,86.255153,-9.2595535,541.95711,0
geometry_tolerance_2p0_mm,64,3,0.2941,1,11.01,0.090826338,30,-0.011614338,164.41166,-5.9989736,1033.0289,0
geometry_tolerance_2p0_mm,64,3,0.2941,1,9.8445,0.10158004,33.5294,-0.011916057,164.30113,-6.1506779,1032.3345,0
geometry_tolerance_2p0_mm,64,3,0.2941,1,8.9014,0.11234178,37.0588,-0.012110613,164.20002,-6.2472547,1031.6992,0
geometry_tolerance_2p0_mm,64,3,0.2941,1,8.1229,0.12310846,40.5882,-0.012221398,164.11,-6.3009467,1031.1336,0
geometry_tolerance_2p0_mm,64,3,0.2941,1,7.4696,0.13387625,44.1176,-0.012255933,164.03311,-6.3157909,1030.6504,0
geometry_tolerance_2p0_mm,64,3,0.2941,1,6.9134,0.14464622,47.6471,-0.012259531,163.96552,-6.3150423,1030.2257,0
geometry_tolerance_2p0_mm,64,3,0.2941,1,6.4342,0.15541846,51.1765,-0.012259751,163.9046,-6.3128093,1029.843,0
geometry_tolerance_2p0_mm,64,3,0.2941,1,6.017,0.16619467,54.7059,-0.01228076,163.84766,-6.3214302,1029.4852,0
geometry_tolerance_2p0_mm,64,3,0.2941,1,5.6505,0.17697642,58.2353,-0.012337263,163.79252,-6.3483778,1029.1388,0
geometry_tolerance_2p0_mm,64,3,0.2941,1,5.4834,0.18236956,60,-0.01237846,163.76536,-6.3685202,1028.9681,0
geometry_tolerance_2p0_mm,64,3,0.2941,1,5.3258,0.18776425,61.7647,-0.0124272,163.73842,-6.3925443,1028.7988,0
geometry_tolerance_2p0_mm,64,3,0.2941,1,5.0363,0.19855836,65.2941,-0.012544025,163.68501,-6.4505347,1028.4633,0
geometry_tolerance_2p0_mm,64,3,0.2941,1,4.7765,0.20935891,68.8235,-0.012681435,163.63209,-6.5190865,1028.1307,0
geometry_tolerance_2p0_mm,64,3,0.2941,1,4.542,0.22016593,72.3529,-0.012833864,163.57954,-6.5953264,1027.8006,0
geometry_tolerance_2p0_mm,64,3,0.2941,1,4.3294,0.23097972,75.8824,-0.012997297,163.52734,-6.6771827,1027.4726,0
geometry_tolerance_2p0_mm,64,3,0.2941,1,4.1356,0.24180012,79.4118,-0.013172323,163.47513,-6.7649396,1027.1445,0
geometry_tolerance_2p0_mm,64,3,0.2941,1,3.9584,0.25262809,82.9412,-0.013360727,163.42249,-6.8594897,1026.8138,0
geometry_tolerance_2p0_mm,64,3,0.2941,1,3.7956,0.2634643,86.4706,-0.013563539,163.36908,-6.9613382,1026.4782,0
geometry_tolerance_2p0_mm,64,3,0.2941,1,3.6455,0.27430945,90,-0.013781204,163.31456,-7.0706924,1026.1356,0
geometry_tolerance_2p0_mm,64,3,0.2941,1,3.5068,0.28516424,93.5294,-0.014013736,163.25867,-7.1875362,1025.7845,0
geometry_tolerance_2p0_mm,64,3,0.2941,1,3.378,0.29602939,97.0588,-0.01426082,163.20116,-7.3116875,1025.4231,0
geometry_tolerance_2p0_mm,64,3,0.2941,1,3.2583,0.30690563,100.5882,-0.014521906,163.14183,-7.4428426,1025.0504,0
geometry_tolerance_2p0_mm,64,3,0.2941,1,3.1467,0.31779369,104.1176,-0.014796251,163.0805,-7.5806002,1024.665,0
geometry_tolerance_2p0_mm,64,3,0.2941,1,3.0423,0.3286945,107.6471,-0.015082545,163.01706,-7.7242723,1024.2664,0
geometry_tolerance_2p0_mm,64,3,0.2941,1,2.9446,0.33960788,111.1765,-0.015379085,162.95151,-7.8729733,1023.8546,0
geometry_tolerance_2p0_mm,64,3,0.2941,1,2.8528,0.3505346,114.7059,-0.015684418,162.88385,-8.0259473,1023.4294,0
geometry_tolerance_2p0_mm,64,3,0.2941,1,2.7664,0.36147511,118.2353,-0.015997304,162.81407,-8.1825485,1022.991,0
geometry_tolerance_2p0_mm,64,3,0.2941,1,2.7252,0.36695067,120,-0.016156244,162.77838,-8.2620347,1022.7667,0
geometry_tolerance_2p0_mm,64,3,0.2941,1,2.6851,0.37242984,121.7647,-0.016316693,162.74217,-8.342229,1022.5392,0
geometry_tolerance_2p0_mm,64,3,0.2941,1,2.6082,0.38339925,125.2941,-0.016641698,162.66815,-8.5045241,1022.0741,0
geometry_tolerance_2p0_mm,64,3,0.2941,1,2.5356,0.39438379,128.8235,-0.016971567,162.59201,-8.6690404,1021.5957,0
geometry_tolerance_2p0_mm,64,3,0.2941,1,2.4668,0.40538391,132.3529,-0.01730567,162.51375,-8.8354449,1021.104,0
geometry_tolerance_2p0_mm,64,3,0.2941,1,2.4015,0.41640037,135.8824,-0.017643483,162.43337,-9.0034605,1020.599,0
geometry_tolerance_2p0_mm,64,3,0.2941,1,2.3395,0.42743302,139.4118,-0.017984538,162.35087,-9.1728393,1020.0806,0
geometry_tolerance_2p0_mm,64,3,0.2941,1,2.2806,0.43848264,142.9412,-0.018328467,162.26624,-9.3433839,1019.5489,0
geometry_tolerance_2p0_mm,64,3,0.2941,1,2.2244,0.4495497,146.4706,-0.018674952,162.17948,-9.514923,1019.0037,0
geometry_tolerance_2p0_mm,64,3,0.2941,1,2.1709,0.4606347,150,-0.019023741,162.09058,-9.6873182,1018.4451,0
geometry_tolerance_2p0_mm,64,4,0.2941,1,11.6576,0.085780662,30,-0.013669459,174.08246,-7.4757753,1093.7924,0
geometry_tolerance_2p0_mm,64,4,0.2941,1,10.4258,0.095916059,33.5294,-0.014910268,174.00335,-8.150663,1093.2953,0
geometry_tolerance_2p0_mm,64,4,0.2941,1,9.4278,0.10606874,37.0588,-0.016146156,173.91102,-8.8215747,1092.7151,0
geometry_tolerance_2p0_mm,64,4,0.2941,1,8.6024,0.11624608,40.5882,-0.017427767,173.79794,-9.5156012,1092.0047,0
geometry_tolerance_2p0_mm,64,4,0.2941,1,7.9079,0.12645605,44.1176,-0.01878606,173.65825,-10.248988,1091.1269,0
geometry_tolerance_2p0_mm,64,4,0.2941,1,7.3152,0.13670213,47.6471,-0.02012902,173.49396,-10.971269,1090.0947,0
geometry_tolerance_2p0_mm,64,4,0.2941,1,6.804,0.14697267,51.1765,-0.021154279,173.32338,-11.518747,1089.0229,0
geometry_tolerance_2p0_mm,64,4,0.2941,1,6.3591,0.15725418,54.7059,-0.021666047,173.16301,-11.786495,1088.0153,0
geometry_tolerance_2p0_mm,64,4,0.2941,1,5.969,0.16753237,58.2353,-0.021568583,173.02575,-11.724173,1087.1528,0
geometry_tolerance_2p0_mm,64,4,0.2941,1,5.7915,0.17266618,60,-0.021292259,172.96854,-11.570143,1086.7934,0
geometry_tolerance_2p0_mm,64,4,0.2941,1,5.6244,0.17779611,61.7647,-0.020910832,172.91841,-11.359584,1086.4784,0
geometry_tolerance_2p0_mm,64,4,0.2941,1,5.3179,0.18804547,65.2941,-0.019985099,172.836,-10.851515,1085.9606,0
geometry_tolerance_2p0_mm,64,4,0.2941,1,5.0433,0.19828288,68.8235,-0.019029327,172.77253,-10.328756,1085.5618,0
geometry_tolerance_2p0_mm,64,4,0.2941,1,4.7959,0.20851088,72.3529,-0.01819963,172.72308,-9.8755844,1085.2511,0
geometry_tolerance_2p0_mm,64,4,0.2941,1,4.5718,0.21873249,75.8824,-0.017596977,172.68354,-9.5463832,1085.0027,0
geometry_tolerance_2p0_mm,64,4,0.2941,1,4.3678,0.22894775,79.4118,-0.01726804,172.65209,-9.3662284,1084.805,0
geometry_tolerance_2p0_mm,64,4,0.2941,1,4.1813,0.23916276,82.9412,-0.017196053,172.6235,-9.3256386,1084.6254,0
geometry_tolerance_2p0_mm,64,4,0.2941,1,4.01,0.24937651,86.4706,-0.01728644,172.59814,-9.3732787,1084.4661,0
geometry_tolerance_2p0_mm,64,4,0.2941,1,3.8522,0.25958981,90,-0.017477362,172.57506,-9.4755359,1084.3211,0
geometry_tolerance_2p0_mm,64,4,0.2941,1,3.7064,0.26980344,93.5294,-0.017722207,172.55352,-9.6070824,1084.1858,0
geometry_tolerance_2p0_mm,64,4,0.2941,1,3.5712,0.28001813,97.0588,-0.017985788,172.5329,-9.7488021,1084.0562,0
geometry_tolerance_2p0_mm,64,4,0.2941,1,3.4455,0.2902346,100.5882,-0.018241555,172.51267,-9.8862759,1083.9291,0
geometry_tolerance_2p0_mm,64,4,0.2941,1,3.3283,0.30045352,104.1176,-0.018469551,172.49242,-10.008667,1083.8018,0
geometry_tolerance_2p0_mm,64,4,0.2941,1,3.2188,0.31067583,107.6471,-0.018654899,172.47178,-10.107897,1083.6721,0
geometry_tolerance_2p0_mm,64,4,0.2941,1,3.1162,0.32090149,111.1765,-0.018788743,172.45049,-10.179162,1083.5384,0
geometry_tolerance_2p0_mm,64,4,0.2941,1,3.02,0.33113065,114.7059,-0.01887925,172.42869,-10.226903,1083.4014,0
geometry_tolerance_2p0_mm,64,4,0.2941,1,2.9294,0.34136284,118.2353,-0.018939299,172.40668,-10.258122,1083.2631,0
geometry_tolerance_2p0_mm,64,4,0.2941,1,2.8862,0.34647993,120,-0.01896126,172.39566,-10.26936,1083.1939,0
geometry_tolerance_2p0_mm,64,4,0.2941,1,2.8442,0.35159761,121.7647,-0.018979374,172.38467,-10.278516,1083.1248,0
geometry_tolerance_2p0_mm,64,4,0.2941,1,2.7637,0.36183454,125.2941,-0.019007975,172.36289,-10.292704,1082.988,0
geometry_tolerance_2p0_mm,64,4,0.2941,1,2.6876,0.37207318,128.8235,-0.019031987,172.34151,-10.304428,1082.8536,0
geometry_tolerance_2p0_mm,64,4,0.2941,1,2.6157,0.38231312,132.3529,-0.019056972,172.32069,-10.316709,1082.7228,0
geometry_tolerance_2p0_mm,64,4,0.2941,1,2.5474,0.39255424,135.8824,-0.019087403,172.30056,-10.331977,1082.5964,0
geometry_tolerance_2p0_mm,64,4,0.2941,1,2.4826,0.40279553,139.4118,-0.019126864,172.28126,-10.352177,1082.4751,0
geometry_tolerance_2p0_mm,64,4,0.2941,1,2.4211,0.41303689,142.9412,-0.019178202,172.2629,-10.378857,1082.3597,0
geometry_tolerance_2p0_mm,64,4,0.2941,1,2.3625,0.42327791,146.4706,-0.019243664,172.24555,-10.413235,1082.2507,0
geometry_tolerance_2p0_mm,64,4,0.2941,1,2.3067,0.43351817,150,-0.019324994,172.22933,-10.456259,1082.1488,0
geometry_tolerance_2p0_mm,64,5,0.2941,1,13.0023,0.076909489,30,-2.5341887e-05,194.16211,-0.015458,1219.9565,0
geometry_tolerance_2p0_mm,64,5,0.2941,1,11.6336,0.085957758,33.5294,-2.6269007e-05,194.16183,-0.0160235,1219.9548,0
geometry_tolerance_2p0_mm,64,5,0.2941,1,10.5256,0.095006044,37.0588,-2.6835436e-05,194.16157,-0.016368987,1219.9531,0
geometry_tolerance_2p0_mm,64,5,0.2941,1,9.6104,0.10405434,40.5882,-2.7231548e-05,194.16133,-0.016610585,1219.9516,0
geometry_tolerance_2p0_mm,64,5,0.2941,1,8.8415,0.11310266,44.1176,-2.7565145e-05,194.1611,-0.016814052,1219.9502,0
geometry_tolerance_2p0_mm,64,5,0.2941,1,8.1866,0.12215124,47.6471,-2.789025e-05,194.16089,-0.017012339,1219.9488,0
geometry_tolerance_2p0_mm,64,5,0.2941,1,7.622,0.13119958,51.1765,-2.8222256e-05,194.16069,-0.017214837,1219.9476,0
geometry_tolerance_2p0_mm,64,5,0.2941,1,7.1302,0.14024792,54.7059,-2.8492335e-05,194.1605,-0.017379561,1219.9464,0
geometry_tolerance_2p0_mm,64,5,0.2941,1,6.6981,0.14929628,58.2353,-2.862615e-05,194.16032,-0.017461168,1219.9453,0
geometry_tolerance_2p0_mm,64,5,0.2941,1,6.5011,0.15382047,60,-2.8630004e-05,194.16023,-0.017463511,1219.9447,0
geometry_tolerance_2p0_mm,64,5,0.2941,1,6.3153,0.15834465,61.7647,-2.8588996e-05,194.16015,-0.017438489,1219.9442,0
geometry_tolerance_2p0_mm,64,5,0.2941,1,5.974,0.16739304,65.2941,-2.8370926e-05,194.15998,-0.017305458,1219.9431,0
geometry_tolerance_2p0_mm,64,5,0.2941,1,5.6676,0.17644143,68.8235,-2.7996257e-05,194.15981,-0.017076906,1219.9421,0
geometry_tolerance_2p0_mm,64,5,0.2941,1,5.3911,0.18548984,72.3529,-2.7544121e-05,194.15965,-0.016801103,1219.9411,0
geometry_tolerance_2p0_mm,64,5,0.2941,1,5.1404,0.19453851,75.8824,-2.707843e-05,194.1595,-0.016517031,1219.9401,0
geometry_tolerance_2p0_mm,64,5,0.2941,1,4.9119,0.20358693,79.4118,-2.664163e-05,194.15935,-0.016250584,1219.9392,0
geometry_tolerance_2p0_mm,64,5,0.2941,1,4.7029,0.21263535,82.9412,-2.6261155e-05,194.15922,-0.016018495,1219.9383,0
geometry_tolerance_2p0_mm,64,5,0.2941,1,4.5109,0.22168378,86.4706,-2.5954099e-05,194.15909,-0.015831189,1219.9375,0
geometry_tolerance_2p0_mm,64,5,0.2941,1,4.334,0.2307322,90,-2.5727589e-05,194.15897,-0.015693016,1219.9368,0
geometry_tolerance_2p0_mm,64,5,0.2941,1,4.1705,0.23978063,93.5294,-2.5572088e-05,194.15886,-0.015598156,1219.9361,0
geometry_tolerance_2p0_mm,64,5,0.2941,1,4.0188,0.24882906,97.0588,-2.5475742e-05,194.15875,-0.01553938,1219.9354,0
geometry_tolerance_2p0_mm,64,5,0.2941,1,3.8778,0.2578775,100.5882,-2.5428694e-05,194.15865,-0.015510674,1219.9348,0
geometry_tolerance_2p0_mm,64,5,0.2941,1,3.7464,0.26692595,104.1176,-2.5422641e-05,194.15855,-0.015506974,1219.9341,0
geometry_tolerance_2p0_mm,64,5,0.2941,1,3.6235,0.27597466,107.6471,-2.5450506e-05,194.15845,-0.015523963,1219.9335,0
geometry_tolerance_2p0_mm,64,5,0.2941,1,3.5085,0.28502312,111.1765,-2.550621e-05,194.15835,-0.015557932,1219.9329,0
geometry_tolerance_2p0_mm,64,5,0.2941,1,3.4005,0.29407159,114.7059,-2.5584495e-05,194.15825,-0.015605675,1219.9322,0
geometry_tolerance_2p0_mm,64,5,0.2941,1,3.299,0.30312008,118.2353,-2.5680792e-05,194.15814,-0.015664405,1219.9316,0
geometry_tolerance_2p0_mm,64,5,0.2941,1,3.2505,0.30764433,120,-2.5734432e-05,194.15809,-0.015697119,1219.9313,0
geometry_tolerance_2p0_mm,64,5,0.2941,1,3.2034,0.31216858,121.7647,-2.5791125e-05,194.15804,-0.015731696,1219.9309,0
geometry_tolerance_2p0_mm,64,5,0.2941,1,3.1132,0.3212171,125.2941,-2.5912395e-05,194.15792,-0.015805657,1219.9302,0
geometry_tolerance_2p0_mm,64,5,0.2941,1,3.0279,0.33026564,128.8235,-2.6043466e-05,194.15781,-0.015885596,1219.9295,0
geometry_tolerance_2p0_mm,64,5,0.2941,1,2.9471,0.33931419,132.3529,-2.618369e-05,194.15769,-0.015971118,1219.9288,0
geometry_tolerance_2p0_mm,64,5,0.2941,1,2.8706,0.34836301,135.8824,-2.6332414e-05,194.15757,-0.016061825,1219.928,0
geometry_tolerance_2p0_mm,64,5,0.2941,1,2.7979,0.3574116,139.4118,-2.6488964e-05,194.15745,-0.016157304,1219.9272,0
geometry_tolerance_2p0_mm,64,5,0.2941,1,2.7288,0.3664602,142.9412,-2.6652676e-05,194.15732,-0.016257151,1219.9264,0
geometry_tolerance_2p0_mm,64,5,0.2941,1,2.6631,0.37550882,146.4706,-2.6822887e-05,194.15719,-0.016360963,1219.9256,0
geometry_tolerance_2p0_mm,64,5,0.2941,1,2.6004,0.38455746,150,-2.6998943e-05,194.15706,-0.016468339,1219.9248,0
geometry_tolerance_2p0_mm,64,6,0.2941,1,17.6761,0.056573628,30,-0.009369019,263.9553,-7.7691656,1658.48,0
geometry_tolerance_2p0_mm,64,6,0.2941,1,15.8102,0.063250259,33.5294,-0.010066356,263.86795,-8.3446625,1657.9312,0
geometry_tolerance_2p0_mm,64,6,0.2941,1,14.2997,0.069931569,37.0588,-0.010867212,263.77962,-9.0055294,1657.3762,0
geometry_tolerance_2p0_mm,64,6,0.2941,1,13.0518,0.07661803,40.5882,-0.011819779,263.68897,-9.7915446,1656.8067,0
geometry_tolerance_2p0_mm,64,6,0.2941,1,12.0033,0.083310316,44.1176,-0.012940439,263.59445,-10.71606,1656.2128,0
geometry_tolerance_2p0_mm,64,6,0.2941,1,11.1099,0.090009698,47.6471,-0.014182868,263.49376,-11.740437,1655.5801,0
geometry_tolerance_2p0_mm,64,6,0.2941,1,10.3394,0.096717728,51.1765,-0.015349179,263.38295,-12.700555,1654.8839,0
geometry_tolerance_2p0_mm,64,6,0.2941,1,9.6678,0.10343667,54.7059,-0.016291976,263.25874,-13.474307,1654.1035,0
geometry_tolerance_2p0_mm,64,6,0.2941,1,9.077,0.11016844,58.2353,-0.016933089,263.11903,-13.997109,1653.2256,0
geometry_tolerance_2p0_mm,64,6,0.2941,1,8.8075,0.11353969,60,-0.017128053,263.04297,-14.154175,1652.7477,0
geometry_tolerance_2p0_mm,64,6,0.2941,1,8.5532,0.11691478,61.7647,-0.01723626,262.96265,-14.239245,1652.243,0
geometry_tolerance_2p0_mm,64,6,0.2941,1,8.0856,0.12367721,65.2941,-0.017190486,262.78915,-14.19206,1651.1529,0
geometry_tolerance_2p0_mm,64,6,0.2941,1,7.6654,0.13045631,68.8235,-0.016792398,262.60007,-13.853434,1649.9649,0
geometry_tolerance_2p0_mm,64,6,0.2941,1,7.2861,0.13724743,72.3529,-0.016174011,262.40668,-13.333449,1648.7498,0
geometry_tolerance_2p0_mm,64,6,0.2941,1,6.9423,0.14404394,75.8824,-0.015483921,262.22205,-12.755575,1647.5897,0
geometry_tolerance_2p0_mm,64,6,0.2941,1,6.6296,0.15083883,79.4118,-0.014806451,262.05657,-12.189781,1646.55,0
geometry_tolerance_2p0_mm,64,6,0.2941,1,6.3442,0.15762517,82.9412,-0.014194672,261.91955,-11.680009,1645.6891,0
geometry_tolerance_2p0_mm,64,6,0.2941,1,6.0828,0.16439796,86.4706,-0.013723544,261.81542,-11.287854,1645.0348,0
geometry_tolerance_2p0_mm,64,6,0.2941,1,5.8428,0.17115143,90,-0.013406897,261.74906,-11.024611,1644.6179,0
geometry_tolerance_2p0_mm,64,6,0.2941,1,5.6216,0.17788616,93.5294,-0.013226449,261.71532,-10.874825,1644.4058,0
geometry_tolerance_2p0_mm,64,6,0.2941,1,5.4169,0.18460649,97.0588,-0.013144716,261.70445,-10.807175,1644.3376,0
geometry_tolerance_2p0_mm,64,6,0.2941,1,5.2269,0.19131666,100.5882,-0.01313207,261.70824,-10.796934,1644.3614,0
geometry_tolerance_2p0_mm,64,6,0.2941,1,5.05,0.19802082,104.1176,-0.013165619,261.71972,-10.824993,1644.4335,0
geometry_tolerance_2p0_mm,64,6,0.2941,1,4.8846,0.2047256,107.6471,-0.013233328,261.7299,-10.881087,1644.4974,0
geometry_tolerance_2p0_mm,64,6,0.2941,1,4.7297,0.21142977,111.1765,-0.013310462,261.73995,-10.944931,1644.5606,0
geometry_tolerance_2p0_mm,64,6,0.2941,1,4.5842,0.21813998,114.7059,-0.013393163,261.74214,-11.013027,1644.5744,0
geometry_tolerance_2p0_mm,64,6,0.2941,1,4.4472,0.22486021,118.2353,-0.013474006,261.73253,-11.079096,1644.514,0
geometry_tolerance_2p0_mm,64,6,0.2941,1,4.3816,0.22822488,120,-0.013512468,261.72271,-11.110305,1644.4523,0
geometry_tolerance_2p0_mm,64,6,0.2941,1,4.3179,0.23159251,121.7647,-0.013549661,261.70985,-11.140338,1644.3715,0
geometry_tolerance_2p0_mm,64,6,0.2941,1,4.1958,0.23833613,125.2941,-0.013620534,261.676,-11.197161,1644.1588,0
geometry_tolerance_2p0_mm,64,6,0.2941,1,4.0801,0.24509013,128.8235,-0.013687067,261.63295,-11.250004,1643.8883,0
geometry_tolerance_2p0_mm,64,6,0.2941,1,3.9706,0.25185352,132.3529,-0.013749536,261.58245,-11.299169,1643.571,0
geometry_tolerance_2p0_mm,64,6,0.2941,1,3.8666,0.25862552,135.8824,-0.013808111,261.52608,-11.34486,1643.2168,0
geometry_tolerance_2p0_mm,64,6,0.2941,1,3.7678,0.26540476,139.4118,-0.013862886,261.46526,-11.387215,1642.8347,0
geometry_tolerance_2p0_mm,64,6,0.2941,1,3.6739,0.27219044,142.9412,-0.013913915,261.40128,-11.426335,1642.4327,0
geometry_tolerance_2p0_mm,64,6,0.2941,1,3.5845,0.27898159,146.4706,-0.013961229,261.3353,-11.462296,1642.0181,0
geometry_tolerance_2p0_mm,64,6,0.2941,1,3.4992,0.2857772,150,-0.014004845,261.26837,-11.49516,1641.5976,0
geometry_tolerance_2p0_mm,64,7,0.2941,1,18.3495,0.054497464,30,-0.0082007115,274.01108,-7.0594283,1721.6624,0
geometry_tolerance_2p0_mm,64,7,0.2941,1,16.4119,0.06093122,33.5294,-0.0087847721,273.91074,-7.5594368,1721.032,0
geometry_tolerance_2p0_mm,64,7,0.2941,1,14.8433,0.067370254,37.0588,-0.0093497499,273.80812,-8.0425949,1720.3872,0
geometry_tolerance_2p0_mm,64,7,0.2941,1,13.5472,0.07381597,40.5882,-0.0099010612,273.69863,-8.5134236,1719.6992,0
geometry_tolerance_2p0_mm,64,7,0.2941,1,12.458,0.080269538,44.1176,-0.010436003,273.57996,-8.9695023,1718.9536,0
geometry_tolerance_2p0_mm,64,7,0.2941,1,11.5298,0.086731934,47.6471,-0.01094955,273.45169,-9.4064714,1718.1476,0
geometry_tolerance_2p0_mm,64,7,0.2941,1,10.7294,0.093202108,51.1765,-0.011404218,273.31786,-9.7922701,1717.3068,0
geometry_tolerance_2p0_mm,64,7,0.2941,1,10.0323,0.099678509,54.7059,-0.011756352,273.18434,-10.0897,1716.4678,0
geometry_tolerance_2p0_mm,64,7,0.2941,1,9.4198,0.10615966,58.2353,-0.011988465,273.05489,-10.284032,1715.6545,0
geometry_tolerance_2p0_mm,64,7,0.2941,1,9.1406,0.10940164,60,-0.012058118,272.99242,-10.341415,1715.2619,0
geometry_tolerance_2p0_mm,64,7,0.2941,1,8.8775,0.11264438,61.7647,-0.012097081,272.93169,-10.372524,1714.8804,0
geometry_tolerance_2p0_mm,64,7,0.2941,1,8.3941,0.11913172,65.2941,-0.012085124,272.81591,-10.357875,1714.1529,0
geometry_tolerance_2p0_mm,64,7,0.2941,1,7.9605,0.12562091,68.8235,-0.01195802,272.70806,-10.244886,1713.4753,0
geometry_tolerance_2p0_mm,64,7,0.2941,1,7.5694,0.13211144,72.3529,-0.011731777,272.60805,-10.047369,1712.8469,0
geometry_tolerance_2p0_mm,64,7,0.2941,1,7.2148,0.13860341,75.8824,-0.011446797,272.51492,-9.7999562,1712.2618,0
geometry_tolerance_2p0_mm,64,7,0.2941,1,6.892,0.14509625,79.4118,-0.011135697,272.42817,-9.5305795,1711.7167,0
geometry_tolerance_2p0_mm,64,7,0.2941,1,6.5968,0.15158972,82.9412,-0.01082099,272.34771,-9.258499,1711.2112,0
geometry_tolerance_2p0_mm,64,7,0.2941,1,6.3258,0.15808323,86.4706,-0.010518258,272.27378,-8.9970372,1710.7466,0
geometry_tolerance_2p0_mm,64,7,0.2941,1,6.0762,0.16457612,90,-0.010239094,272.20673,-8.756091,1710.3253,0
geometry_tolerance_2p0_mm,64,7,0.2941,1,5.8456,0.17106765,93.5294,-0.0099920798,272.14691,-8.5429759,1709.9495,0
geometry_tolerance_2p0_mm,64,7,0.2941,1,5.632,0.17755779,97.0588,-0.0097814557,272.09361,-8.3612596,1709.6146,0
geometry_tolerance_2p0_mm,64,7,0.2941,1,5.4334,0.18404699,100.5882,-0.0096086885,272.04545,-8.2121231,1709.312,0
geometry_tolerance_2p0_mm,64,7,0.2941,1,5.2484,0.19053579,104.1176,-0.0094743034,272.00115,-8.0959517,1709.0337,0
geometry_tolerance_2p0_mm,64,7,0.2941,1,5.0755,0.19702492,107.6471,-0.0093778513,271.95957,-8.0123065,1708.7724,0
geometry_tolerance_2p0_mm,64,7,0.2941,1,4.9137,0.20351469,111.1765,-0.0093183723,271.91952,-7.9603162,1708.5208,0
geometry_tolerance_2p0_mm,64,7,0.2941,1,4.7618,0.21000595,114.7059,-0.0092939049,271.88004,-7.9382619,1708.2727,0
geometry_tolerance_2p0_mm,64,7,0.2941,1,4.619,0.21649939,118.2353,-0.0093020117,271.84017,-7.9440212,1708.0222,0
geometry_tolerance_2p0_mm,64,7,0.2941,1,4.5507,0.21974717,120,-0.0093173904,271.81982,-7.956559,1707.8943,0
geometry_tolerance_2p0_mm,64,7,0.2941,1,4.4844,0.22299577,121.7647,-0.0093397979,271.79905,-7.9750844,1707.7638,0
geometry_tolerance_2p0_mm,64,7,0.2941,1,4.3574,0.22949572,125.2941,-0.0094032891,271.75603,-8.0280276,1707.4935,0
geometry_tolerance_2p0_mm,64,7,0.2941,1,4.2373,0.23599944,128.8235,-0.0094866366,271.71103,-8.0978442,1707.2108,0
geometry_tolerance_2p0_mm,64,7,0.2941,1,4.1236,0.24250706,132.3529,-0.0095846861,271.66409,-8.1801262,1706.9158,0
geometry_tolerance_2p0_mm,64,7,0.2941,1,4.0158,0.24901885,135.8824,-0.0096932972,271.61524,-8.2713337,1706.6089,0
geometry_tolerance_2p0_mm,64,7,0.2941,1,3.9134,0.25553454,139.4118,-0.009809162,271.56455,-8.3686395,1706.2904,0
geometry_tolerance_2p0_mm,64,7,0.2941,1,3.816,0.2620544,142.9412,-0.0099296816,271.51206,-8.4698228,1705.9606,0
geometry_tolerance_2p0_mm,64,7,0.2941,1,3.7233,0.2685785,146.4706,-0.010052832,271.45783,-8.5731546,1705.6199,0
geometry_tolerance_2p0_mm,64,7,0.2941,1,3.635,0.27510692,150,-0.010177064,271.40191,-8.677313,1705.2685,0
geometry_tolerance_2p0_mm,64,8,0.2941,1,22.2303,0.044983712,30,-0.0082605007,331.96258,-8.6148034,2085.7824,0
geometry_tolerance_2p0_mm,64,8,0.2941,1,19.8825,0.050295576,33.5294,-0.0090609255,331.83268,-9.4458618,2084.9662,0
geometry_tolerance_2p0_mm,64,8,0.2941,1,17.9819,0.055611388,37.0588,-0.0097314953,331.70405,-10.140987,2084.158,0
geometry_tolerance_2p0_mm,64,8,0.2941,1,16.4117,0.060931956,40.5882,-0.010308974,331.57199,-10.738489,2083.3282,0
geometry_tolerance_2p0_mm,64,8,0.2941,1,15.0924,0.066258318,44.1176,-0.010823272,331.43215,-11.26946,2082.4496,0
geometry_tolerance_2p0_mm,64,8,0.2941,1,13.9681,0.071591703,47.6471,-0.011296179,331.28132,-11.756509,2081.5019,0
geometry_tolerance_2p0_mm,64,8,0.2941,1,12.9983,0.076932977,51.1765,-0.011743657,331.11679,-12.216152,2080.4682,0
geometry_tolerance_2p0_mm,64,8,0.2941,1,12.1531,0.082283584,54.7059,-0.012177096,330.93609,-12.660118,2079.3328,0
geometry_tolerance_2p0_mm,64,8,0.2941,1,11.4097,0.087644611,58.2353,-0.012597197,330.73812,-13.089048,2078.0889,0
geometry_tolerance_2p0_mm,64,8,0.2941,1,11.0707,0.090328691,60,-0.012789034,330.6349,-13.284227,2077.4404,0
geometry_tolerance_2p0_mm,64,8,0.2941,1,10.751,0.093014731,61.7647,-0.012959968,330.53067,-13.457537,2076.7855,0
geometry_tolerance_2p0_mm,64,8,0.2941,1,10.1635,0.098391369,65.2941,-0.013221182,330.32398,-13.720194,2075.4868,0
geometry_tolerance_2p0_mm,64,8,0.2941,1,9.6366,0.10377153,68.8235,-0.013347455,330.12749,-13.842994,2074.2522,0
geometry_tolerance_2p0_mm,64,8,0.2941,1,9.1615,0.10915263,72.3529,-0.013335912,329.94755,-13.823484,2073.1216,0
geometry_tolerance_2p0_mm,64,8,0.2941,1,8.7312,0.11453128,75.8824,-0.013167498,329.792,-13.642478,2072.1443,0
geometry_tolerance_2p0_mm,64,8,0.2941,1,8.3399,0.11990485,79.4118,-0.012857838,329.66393,-13.316474,2071.3396,0
geometry_tolerance_2p0_mm,64,8,0.2941,1,7.9827,0.12527035,82.9412,-0.012405148,329.56812,-12.843903,2070.7376,0
geometry_tolerance_2p0_mm,64,8,0.2941,1,7.6555,0.13062586,86.4706,-0.011830627,329.50536,-12.24673,2070.3432,0
geometry_tolerance_2p0_mm,64,8,0.2941,1,7.3544,0.13597281,90,-0.011198734,329.46828,-11.591307,2070.1102,0
geometry_tolerance_2p0_mm,64,8,0.2941,1,7.0765,0.14131333,93.5294,-0.010566145,329.44899,-10.935902,2069.989,0
geometry_tolerance_2p0_mm,64,8,0.2941,1,6.819,0.14664951,97.0588,-0.0099736958,329.44087,-10.322466,2069.938,0
geometry_tolerance_2p0_mm,64,8,0.2941,1,6.5797,0.15198336,100.5882,-0.0094504701,329.43835,-9.7808689,2069.9222,0
geometry_tolerance_2p0_mm,64,8,0.2941,1,6.3566,0.15731687,104.1176,-0.0090168574,329.43673,-9.3320507,2069.912,0
geometry_tolerance_2p0_mm,64,8,0.2941,1,6.1481,0.16265211,107.6471,-0.0086868947,329.432,-8.9904248,2069.8823,0
geometry_tolerance_2p0_mm,64,8,0.2941,1,5.9527,0.16799071,111.1765,-0.0084700094,329.42071,-8.7656607,2069.8113,0
geometry_tolerance_2p0_mm,64,8,0.2941,1,5.7692,0.17333406,114.7059,-0.0083620065,329.40108,-8.6533723,2069.688,0
geometry_tolerance_2p0_mm,64,8,0.2941,1,5.5965,0.17868208,118.2353,-0.0083385486,329.37401,-8.628388,2069.518,0
geometry_tolerance_2p0_mm,64,8,0.2941,1,5.514,0.18135776,120,-0.0083514293,329.35804,-8.6412972,2069.4176,0
geometry_tolerance_2p0_mm,64,8,0.2941,1,5.4338,0.18403452,121.7647,-0.0083774774,329.34059,-8.6677903,2069.308,0
geometry_tolerance_2p0_mm,64,8,0.2941,1,5.2801,0.18939118,125.2941,-0.0084607152,329.30175,-8.7528802,2069.0639,0
geometry_tolerance_2p0_mm,64,8,0.2941,1,5.1347,0.19475181,128.8235,-0.00857343,329.25831,-8.8683174,2068.791,0
geometry_tolerance_2p0_mm,64,8,0.2941,1,4.9971,0.2001162,132.3529,-0.008703398,329.21103,-9.0014628,2068.4939,0
geometry_tolerance_2p0_mm,64,8,0.2941,1,4.8666,0.20548427,135.8824,-0.0088405149,329.16056,-9.1418738,2068.1768,0
geometry_tolerance_2p0_mm,64,8,0.2941,1,4.7426,0.21085549,139.4118,-0.0089763979,329.10751,-9.2808928,2067.8435,0
geometry_tolerance_2p0_mm,64,8,0.2941,1,4.6247,0.21622977,142.9412,-0.009104112,329.05242,-9.4113638,2067.4974,0
geometry_tolerance_2p0_mm,64,8,0.2941,1,4.5125,0.22160689,146.4706,-0.0092179201,328.99581,-9.5273732,2067.1416,0
geometry_tolerance_2p0_mm,64,8,0.2941,1,4.4055,0.22698662,150,-0.0093138439,328.93808,-9.624828,2066.7789,0
geometry_tolerance_2p0_mm,64,9,0.2941,1,24.6046,0.040642783,30,-0.0066055449,367.41847,-7.6246428,2308.5583,0
geometry_tolerance_2p0_mm,64,9,0.2941,1,22.0083,0.045437455,33.5294,-0.0073085309,367.31186,-8.4336371,2307.8885,0
geometry_tolerance_2p0_mm,64,9,0.2941,1,19.9065,0.050234818,37.0588,-0.0081290363,367.20593,-9.3777492,2307.2229,0
geometry_tolerance_2p0_mm,64,9,0.2941,1,18.1702,0.055035023,40.5882,-0.0090375715,367.09951,-10.422824,2306.5542,0
geometry_tolerance_2p0_mm,64,9,0.2941,1,16.7115,0.059838884,44.1176,-0.0099127607,366.98774,-11.428679,2305.852,0
geometry_tolerance_2p0_mm,64,9,0.2941,1,15.4685,0.064647487,47.6471,-0.010676755,366.86644,-12.305439,2305.0898,0
geometry_tolerance_2p0_mm,64,9,0.2941,1,14.3965,0.069461488,51.1765,-0.011293699,366.73272,-13.011751,2304.2496,0
geometry_tolerance_2p0_mm,64,9,0.2941,1,13.4622,0.074281938,54.7059,-0.011750101,366.58451,-13.532112,2303.3184,0
geometry_tolerance_2p0_mm,64,9,0.2941,1,12.6407,0.079109733,58.2353,-0.012044426,366.42033,-13.864861,2302.2868,0
geometry_tolerance_2p0_mm,64,9,0.2941,1,12.2659,0.081526663,60,-0.012132237,366.33191,-13.962575,2301.7312,0
geometry_tolerance_2p0_mm,64,9,0.2941,1,11.9125,0.08394576,61.7647,-0.012181792,366.23912,-14.016055,2301.1483,0
geometry_tolerance_2p0_mm,64,9,0.2941,1,11.2625,0.08879023,65.2941,-0.012178743,366.04284,-14.005036,2299.915,0
geometry_tolerance_2p0_mm,64,9,0.2941,1,10.679,0.093641526,68.8235,-0.012070231,365.84021,-13.872569,2298.6418,0
geometry_tolerance_2p0_mm,64,9,0.2941,1,10.1525,0.098497748,72.3529,-0.011885781,365.63925,-13.653072,2297.3791,0
geometry_tolerance_2p0_mm,64,9,0.2941,1,9.6752,0.10335717,75.8824,-0.011647676,365.44632,-13.372505,2296.167,0
geometry_tolerance_2p0_mm,64,9,0.2941,1,9.2406,0.10821771,79.4118,-0.011372558,365.26653,-13.050222,2295.0373,0
geometry_tolerance_2p0_mm,64,9,0.2941,1,8.8435,0.1130777,82.9412,-0.01107289,365.10394,-12.700691,2294.0157,0
geometry_tolerance_2p0_mm,64,9,0.2941,1,8.4793,0.11793486,86.4706,-0.01074814,364.9635,-12.323459,2293.1333,0
geometry_tolerance_2p0_mm,64,9,0.2941,1,8.1441,0.12278819,90,-0.010421674,364.84557,-11.945283,2292.3923,0
geometry_tolerance_2p0_mm,64,9,0.2941,1,7.8348,0.12763564,93.5294,-0.010090283,364.75341,-11.562523,2291.8133,0
geometry_tolerance_2p0_mm,64,9,0.2941,1,7.5485,0.13247684,97.0588,-0.0097603068,364.68518,-11.182308,2291.3846,0
geometry_tolerance_2p0_mm,64,9,0.2941,1,7.2826,0.1373127,100.5882,-0.0094393798,364.63595,-10.813165,2291.0753,0
geometry_tolerance_2p0_mm,64,9,0.2941,1,7.0351,0.14214416,104.1176,-0.0091334266,364.60138,-10.461692,2290.858,0
geometry_tolerance_2p0_mm,64,9,0.2941,1,6.804,0.14697228,107.6471,-0.0088470806,364.57767,-10.133044,2290.7091,0
geometry_tolerance_2p0_mm,64,9,0.2941,1,6.5877,0.15179776,111.1765,-0.0085840482,364.56151,-9.8313426,2290.6075,0
geometry_tolerance_2p0_mm,64,9,0.2941,1,6.3848,0.15662169,114.7059,-0.008347264,364.54992,-9.5598488,2290.5347,0
geometry_tolerance_2p0_mm,64,9,0.2941,1,6.1941,0.1614451,118.2353,-0.0081390396,364.54022,-9.3211281,2290.4737,0
geometry_tolerance_2p0_mm,64,9,0.2941,1,6.1029,0.16385693,120,-0.0080461928,364.53531,-9.2146725,2290.4429,0
geometry_tolerance_2p0_mm,64,9,0.2941,1,6.0143,0.16626901,121.7647,-0.0079610792,364.52998,-9.1170653,2290.4094,0
geometry_tolerance_2p0_mm,64,9,0.2941,1,5.8447,0.17109436,125.2941,-0.0078139627,364.51725,-8.9482744,2290.3294,0
geometry_tolerance_2p0_mm,64,9,0.2941,1,5.6844,0.17592145,128.8235,-0.0076949175,364.50163,-8.8115703,2290.2313,0
geometry_tolerance_2p0_mm,64,9,0.2941,1,5.5325,0.18075033,132.3529,-0.0076003695,364.48321,-8.7028623,2290.1156,0
geometry_tolerance_2p0_mm,64,9,0.2941,1,5.3885,0.18558119,135.8824,-0.007527112,364.46214,-8.6184798,2289.9831,0
geometry_tolerance_2p0_mm,64,9,0.2941,1,5.2517,0.1904138,139.4118,-0.0074723069,364.43852,-8.5551739,2289.8347,0
geometry_tolerance_2p0_mm,64,9,0.2941,1,5.1217,0.19524833,142.9412,-0.0074334519,364.41248,-8.5100803,2289.6712,0
geometry_tolerance_2p0_mm,64,9,0.2941,1,4.9979,0.20008481,146.4706,-0.0074083633,364.38417,-8.480699,2289.4933,0
geometry_tolerance_2p0_mm,64,9,0.2941,1,4.8799,0.20492324,150,-0.0073951425,364.35371,-8.4648569,2289.3019,0
geometry_tolerance_2p0_mm,64,10,0.2941,1,26.7561,0.03737468,30,-0.0067975695,399.54613,-8.5323853,2510.4224,0
geometry_tolerance_2p0_mm,64,10,0.2941,1,23.9324,0.041784291,33.5294,-0.0077462977,399.4256,-9.7203064,2509.6651,0
geometry_tolerance_2p0_mm,64,10,0.2941,1,21.6452,0.046199704,37.0588,-0.0086932542,399.27794,-10.904546,2508.7373,0
geometry_tolerance_2p0_mm,64,10,0.2941,1,19.7543,0.050621993,40.5882,-0.0096391417,399.10183,-12.085704,2507.6307,0
geometry_tolerance_2p0_mm,64,10,0.2941,1,18.1647,0.055051687,44.1176,-0.010547276,398.90034,-13.21766,2506.3647,0
geometry_tolerance_2p0_mm,64,10,0.2941,1,16.8101,0.05948808,47.6471,-0.011316592,398.6848,-14.17409,2505.0105,0
geometry_tolerance_2p0_mm,64,10,0.2941,1,15.6421,0.063929905,51.1765,-0.011889379,398.46454,-14.883282,2503.6266,0
geometry_tolerance_2p0_mm,64,10,0.2941,1,14.6249,0.068376304,54.7059,-0.012243061,398.24626,-15.31763,2502.2551,0
geometry_tolerance_2p0_mm,64,10,0.2941,1,13.7313,0.072826304,58.2353,-0.012373761,398.03495,-15.472939,2500.9274,0
geometry_tolerance_2p0_mm,64,10,0.2941,1,13.324,0.07505235,60,-0.01235716,397.93315,-15.448228,2500.2877,0
geometry_tolerance_2p0_mm,64,10,0.2941,1,12.9401,0.077278929,61.7647,-0.012287587,397.83447,-15.357442,2499.6677,0
geometry_tolerance_2p0_mm,64,10,0.2941,1,12.2349,0.081733186,65.2941,-0.011995818,397.64788,-14.985748,2498.4953,0
geometry_tolerance_2p0_mm,64,10,0.2941,1,11.6025,0.086188085,68.8235,-0.011515756,397.47762,-14.379872,2497.4256,0
geometry_tolerance_2p0_mm,64,10,0.2941,1,11.0323,0.090642944,72.3529,-0.010906983,397.32428,-13.614435,2496.4621,0
geometry_tolerance_2p0_mm,64,10,0.2941,1,10.5155,0.095097444,75.8824,-0.010239827,397.18732,-12.777264,2495.6015,0
geometry_tolerance_2p0_mm,64,10,0.2941,1,10.0451,0.099550912,79.4118,-0.0095637131,397.06624,-11.929971,2494.8407,0
geometry_tolerance_2p0_mm,64,10,0.2941,1,9.6151,0.10400307,82.9412,-0.0089126725,396.96052,-11.114889,2494.1765,0
geometry_tolerance_2p0_mm,64,10,0.2941,1,9.2205,0.10845354,86.4706,-0.0083100265,396.86967,-10.360965,2493.6057,0
geometry_tolerance_2p0_mm,64,10,0.2941,1,8.8573,0.11290119,90,-0.0077601857,396.79587,-9.6736224,2493.142,0
geometry_tolerance_2p0_mm,64,10,0.2941,1,8.5217,0.11734697,93.5294,-0.0072951724,396.734,-9.0925324,2492.7533,0
geometry_tolerance_2p0_mm,64,10,0.2941,1,8.2109,0.12178991,97.0588,-0.0069103209,396.68591,-8.6118184,2492.4511,0
geometry_tolerance_2p0_mm,64,10,0.2941,1,7.9221,0.12622962,100.5882,-0.0066089406,396.65133,-8.2355125,2492.2338,0
geometry_tolerance_2p0_mm,64,10,0.2941,1,7.6531,0.13066606,104.1176,-0.0063867717,396.62905,-7.9582173,2492.0938,0
geometry_tolerance_2p0_mm,64,10,0.2941,1,7.4019,0.13509991,107.6471,-0.0062295524,396.61619,-7.7620627,2492.013,0
geometry_tolerance_2p0_mm,64,10,0.2941,1,7.1668,0.13953158,111.1765,-0.0061246066,396.61,-7.6311805,2491.9741,0
geometry_tolerance_2p0_mm,64,10,0.2941,1,6.9463,0.14396183,114.7059,-0.0060615469,396.60808,-7.5525725,2491.9621,0
geometry_tolerance_2p0_mm,64,10,0.2941,1,6.7389,0.14839132,118.2353,-0.0060318058,396.60831,-7.5155199,2491.9635,0
geometry_tolerance_2p0_mm,64,10,0.2941,1,6.6398,0.15060599,120,-0.0060271564,396.60862,-7.5097328,2491.9655,0
geometry_tolerance_2p0_mm,64,10,0.2941,1,6.5436,0.15282072,121.7647,-0.0060282638,396.60877,-7.5111154,2491.9664,0
geometry_tolerance_2p0_mm,64,10,0.2941,1,6.3593,0.1572507,125.2941,-0.0060449716,396.60775,-7.5319138,2491.96,0
geometry_tolerance_2p0_mm,64,10,0.2941,1,6.185,0.16168193,128.8235,-0.0060769385,396.6037,-7.5716665,2491.9345,0
geometry_tolerance_2p0_mm,64,10,0.2941,1,6.0199,0.16611512,132.3529,-0.006119955,396.59521,-7.6251004,2491.8812,0
geometry_tolerance_2p0_mm,64,10,0.2941,1,5.8633,0.17055099,135.8824,-0.0061705353,396.5812,-7.6878488,2491.7932,0
geometry_tolerance_2p0_mm,64,10,0.2941,1,5.7146,0.17498941,139.4118,-0.006226193,396.56184,-7.7568139,2491.6715,0
geometry_tolerance_2p0_mm,64,10,0.2941,1,5.5732,0.17943041,142.9412,-0.0062850349,396.53774,-7.8296455,2491.5201,0
geometry_tolerance_2p0_mm,64,10,0.2941,1,5.4385,0.1838739,146.4706,-0.0063454971,396.50945,-7.9044029,2491.3424,0
geometry_tolerance_2p0_mm,64,10,0.2941,1,5.3101,0.18831976,150,-0.0064062922,396.47749,-7.9794903,2491.1415,0
geometry_tolerance_2p0_mm,64,11,0.2941,1,29.2851,0.034147057,30,-0.0064384596,437.31175,-8.8455123,2747.7107,0
geometry_tolerance_2p0_mm,64,11,0.2941,1,26.1934,0.038177579,33.5294,-0.0070950026,437.16014,-9.7441282,2746.7582,0
geometry_tolerance_2p0_mm,64,11,0.2941,1,23.6898,0.042212316,37.0588,-0.0076564822,436.99386,-10.511253,2745.7134,0
geometry_tolerance_2p0_mm,64,11,0.2941,1,21.6209,0.046251557,40.5882,-0.0081446744,436.81404,-11.17687,2744.5836,0
geometry_tolerance_2p0_mm,64,11,0.2941,1,19.8825,0.050295593,44.1176,-0.0085746215,436.62149,-11.761696,2743.3737,0
geometry_tolerance_2p0_mm,64,11,0.2941,1,18.4011,0.05434458,47.6471,-0.0089463318,436.41875,-12.265868,2742.0999,0
geometry_tolerance_2p0_mm,64,11,0.2941,1,17.124,0.058397544,51.1765,-0.0092337014,436.21356,-12.653913,2740.8106,0
geometry_tolerance_2p0_mm,64,11,0.2941,1,16.0119,0.062453697,54.7059,-0.0094217995,436.01274,-12.90574,2739.5488,0
geometry_tolerance_2p0_mm,64,11,0.2941,1,15.0349,0.066512133,58.2353,-0.0095069918,435.82145,-13.016721,2738.3469,0
geometry_tolerance_2p0_mm,64,11,0.2941,1,14.5896,0.068541926,60,-0.0095116238,435.73065,-13.02035,2737.7764,0
geometry_tolerance_2p0_mm,64,11,0.2941,1,14.1699,0.070571954,61.7647,-0.0094917486,435.64361,-12.990547,2737.2296,0
geometry_tolerance_2p0_mm,64,11,0.2941,1,13.399,0.07463227,65.2941,-0.0093816574,435.48224,-12.835119,2736.2156,0
geometry_tolerance_2p0_mm,64,11,0.2941,1,12.7077,0.078692199,68.8235,-0.0091837005,435.33966,-12.560179,2735.3197,0
geometry_tolerance_2p0_mm,64,11,0.2941,1,12.0845,0.082750871,72.3529,-0.0089051603,435.21768,-12.175818,2734.5533,0
geometry_tolerance_2p0_mm,64,11,0.2941,1,11.5197,0.086807662,75.8824,-0.0085566016,435.11711,-11.696538,2733.9214,0
geometry_tolerance_2p0_mm,64,11,0.2941,1,11.0057,0.090862402,79.4118,-0.0081676719,435.03479,-11.162774,2733.4042,0
geometry_tolerance_2p0_mm,64,11,0.2941,1,10.5357,0.094915576,82.9412,-0.0077668738,434.96668,-10.613341,2732.9762,0
geometry_tolerance_2p0_mm,64,11,0.2941,1,10.1043,0.098967542,86.4706,-0.0073740051,434.90946,-10.075165,2732.6167,0
geometry_tolerance_2p0_mm,64,11,0.2941,1,9.707,0.10301802,90,-0.0069943861,434.86303,-9.555468,2732.325,0
geometry_tolerance_2p0_mm,64,11,0.2941,1,9.3398,0.10706851,93.5294,-0.0066539724,434.82005,-9.0895091,2732.0549,0
geometry_tolerance_2p0_mm,64,11,0.2941,1,8.9994,0.11111877,97.0588,-0.0063504492,434.78109,-8.6741108,2731.8101,0
geometry_tolerance_2p0_mm,64,11,0.2941,1,8.6829,0.11516911,100.5882,-0.0060876406,434.7446,-8.3144415,2731.5809,0
geometry_tolerance_2p0_mm,64,11,0.2941,1,8.3879,0.11921979,104.1176,-0.0058678766,434.70932,-8.0136393,2731.3592,0
geometry_tolerance_2p0_mm,64,11,0.2941,1,8.1122,0.12327123,107.6471,-0.005692481,434.67412,-7.7734757,2731.138,0
geometry_tolerance_2p0_mm,64,11,0.2941,1,7.854,0.12732344,111.1765,-0.0055618174,434.6381,-7.5944162,2730.9117,0
geometry_tolerance_2p0_mm,64,11,0.2941,1,7.6117,0.13137664,114.7059,-0.0054705864,434.60105,-7.4692075,2730.6789,0
geometry_tolerance_2p0_mm,64,11,0.2941,1,7.3838,0.13543077,118.2353,-0.0054101264,434.56323,-7.3860163,2730.4413,0
geometry_tolerance_2p0_mm,64,11,0.2941,1,7.2749,0.13745816,120,-0.0053891447,434.54411,-7.3570478,2730.3212,0
geometry_tolerance_2p0_mm,64,11,0.2941,1,7.1692,0.13948578,121.7647,-0.0053732788,434.52487,-7.3350636,2730.2003,0
geometry_tolerance_2p0_mm,64,11,0.2941,1,6.9666,0.14354164,125.2941,-0.0053541663,434.4861,-7.308321,2729.9567,0
geometry_tolerance_2p0_mm,64,11,0.2941,1,6.7751,0.14759832,128.8235,-0.0053479095,434.44704,-7.2991245,2729.7113,0
geometry_tolerance_2p0_mm,64,11,0.2941,1,6.5939,0.1516558,132.3529,-0.0053504193,434.40778,-7.3018899,2729.4646,0
geometry_tolerance_2p0_mm,64,11,0.2941,1,6.422,0.15571419,135.8824,-0.0053582444,434.36836,-7.3119056,2729.2169,0
geometry_tolerance_2p0_mm,64,11,0.2941,1,6.2589,0.15977324,139.4118,-0.0053684553,434.32884,-7.3251729,2728.9686,0
geometry_tolerance_2p0_mm,64,11,0.2941,1,6.1038,0.16383304,142.9412,-0.0053785601,434.28926,-7.3382919,2728.7199,0
geometry_tolerance_2p0_mm,64,11,0.2941,1,5.9562,0.1678936,146.4706,-0.0053864495,434.24965,-7.3483857,2728.471,0
geometry_tolerance_2p0_mm,64,11,0.2941,1,5.8155,0.17195493,150,-0.0053913186,434.20998,-7.3543563,2728.2218,0
geometry_tolerance_2p0_mm,64,12,0.2941,1,31.3154,0.031933147,30,-0.0057055732,467.63036,-8.382081,2938.2082,0
geometry_tolerance_2p0_mm,64,12,0.2941,1,28.0129,0.035697803,33.5294,-0.0065527126,467.52782,-9.6245061,2937.5639,0
geometry_tolerance_2p0_mm,64,12,0.2941,1,25.3389,0.039464992,37.0588,-0.0073351995,467.41484,-10.771205,2936.854,0
geometry_tolerance_2p0_mm,64,12,0.2941,1,23.1289,0.043235942,40.5882,-0.0080206353,467.2809,-11.774343,2936.0125,0
geometry_tolerance_2p0_mm,64,12,0.2941,1,21.2712,0.047011863,44.1176,-0.0086012576,467.11904,-12.622326,2934.9955,0
geometry_tolerance_2p0_mm,64,12,0.2941,1,19.6873,0.050794074,47.6471,-0.0090809804,466.92441,-13.320766,2933.7726,0
geometry_tolerance_2p0_mm,64,12,0.2941,1,18.3208,0.054582873,51.1765,-0.0094628453,466.69952,-13.874232,2932.3595,0
geometry_tolerance_2p0_mm,64,12,0.2941,1,17.1299,0.058377348,54.7059,-0.0097419711,466.45845,-14.276103,2930.8449,0
geometry_tolerance_2p0_mm,64,12,0.2941,1,16.0833,0.062176287,58.2353,-0.0099182959,466.21334,-14.526856,2929.3048,0
geometry_tolerance_2p0_mm,64,12,0.2941,1,15.6062,0.064077052,60,-0.0099688524,466.09226,-14.597112,2928.544,0
geometry_tolerance_2p0_mm,64,12,0.2941,1,15.1565,0.06597848,61.7647,-0.0099950675,465.97347,-14.631768,2927.7977,0
geometry_tolerance_2p0_mm,64,12,0.2941,1,14.3302,0.069782723,65.2941,-0.0099770044,465.74606,-14.598197,2926.3688,0
geometry_tolerance_2p0_mm,64,12,0.2941,1,13.5892,0.073587815,68.8235,-0.0098694564,465.53679,-14.434346,2925.0539,0
geometry_tolerance_2p0_mm,64,12,0.2941,1,12.9211,0.077392558,72.3529,-0.0096780338,465.3502,-14.148712,2923.8815,0
geometry_tolerance_2p0_mm,64,12,0.2941,1,12.3159,0.081195867,75.8824,-0.0094084142,465.18992,-13.749807,2922.8745,0
geometry_tolerance_2p0_mm,64,12,0.2941,1,11.7652,0.084996348,79.4118,-0.0090665357,465.05887,-13.24644,2922.0511,0
geometry_tolerance_2p0_mm,64,12,0.2941,1,11.2621,0.0887936,82.9412,-0.0086704687,464.95595,-12.664973,2921.4044,0
geometry_tolerance_2p0_mm,64,12,0.2941,1,10.8005,0.092587926,86.4706,-0.0082479278,464.87617,-12.045699,2920.9031,0
geometry_tolerance_2p0_mm,64,12,0.2941,1,10.3756,0.096379676,90,-0.0078200297,464.81508,-11.419274,2920.5193,0
geometry_tolerance_2p0_mm,64,12,0.2941,1,9.9831,0.10016917,93.5294,-0.0074017702,464.76907,-10.807436,2920.2302,0
geometry_tolerance_2p0_mm,64,12,0.2941,1,9.6194,0.10395676,97.0588,-0.0070041744,464.73498,-10.226151,2920.016,0
geometry_tolerance_2p0_mm,64,12,0.2941,1,9.2814,0.10774275,100.5882,-0.0066349738,464.71013,-9.6865967,2919.8598,0
geometry_tolerance_2p0_mm,64,12,0.2941,1,8.9664,0.11152749,104.1176,-0.0062995362,464.6922,-9.1965267,2919.7472,0
geometry_tolerance_2p0_mm,64,12,0.2941,1,8.6722,0.11531141,107.6471,-0.0060014761,464.6792,-8.7611514,2919.6655,0
geometry_tolerance_2p0_mm,64,12,0.2941,1,8.3967,0.11909461,111.1765,-0.0057431519,464.66937,-8.3838639,2919.6037,0
geometry_tolerance_2p0_mm,64,12,0.2941,1,8.1382,0.12287755,114.7059,-0.0055259746,464.66116,-8.0666857,2919.5522,0
geometry_tolerance_2p0_mm,64,12,0.2941,1,7.8951,0.12666055,118.2353,-0.0053506167,464.65323,-7.810569,2919.5024,0
geometry_tolerance_2p0_mm,64,12,0.2941,1,7.7789,0.12855215,120,-0.0052780007,464.64906,-7.7044985,2919.4761,0
geometry_tolerance_2p0_mm,64,12,0.2941,1,7.6661,0.13044385,121.7647,-0.0052144308,464.64467,-7.6116312,2919.4486,0
geometry_tolerance_2p0_mm,64,12,0.2941,1,7.45,0.1342276,125.2941,-0.0051115782,464.63505,-7.4613403,2919.3881,0
geometry_tolerance_2p0_mm,64,12,0.2941,1,7.2458,0.13801193,128.8235,-0.005036922,464.624,-7.3521902,2919.3187,0
geometry_tolerance_2p0_mm,64,12,0.2941,1,7.0523,0.14179697,132.3529,-0.0049861098,464.61118,-7.277821,2919.2382,0
geometry_tolerance_2p0_mm,64,12,0.2941,1,6.8689,0.14558298,135.8824,-0.0049554285,464.59631,-7.2328066,2919.1447,0
geometry_tolerance_2p0_mm,64,12,0.2941,1,6.6948,0.14936988,139.4118,-0.0049416901,464.57911,-7.2124872,2919.0366,0
geometry_tolerance_2p0_mm,64,12,0.2941,1,6.5292,0.1531579,142.9412,-0.0049421313,464.55931,-7.2128237,2918.9122,0
geometry_tolerance_2p0_mm,64,12,0.2941,1,6.3716,0.15694721,146.4706,-0.0049543402,464.53669,-7.23029,2918.7701,0
geometry_tolerance_2p0_mm,64,12,0.2941,1,6.2213,0.16073794,150,-0.0049761937,464.51102,-7.2617815,2918.6088,0
geometry_tolerance_2p0_mm,64,13,0.2941,1,33.4479,0.029897254,30,-0.0051883718,499.47426,-8.1413059,3138.2893,0
geometry_tolerance_2p0_mm,64,13,0.2941,1,29.9188,0.033423747,33.5294,-0.0060176068,499.33708,-9.4399022,3137.4274,0
geometry_tolerance_2p0_mm,64,13,0.2941,1,27.0604,0.036954419,37.0588,-0.0067789237,499.16961,-10.630624,3136.3752,0
geometry_tolerance_2p0_mm,64,13,0.2941,1,24.6982,0.040488744,40.5882,-0.0074137044,498.98633,-11.62181,3135.2236,0
geometry_tolerance_2p0_mm,64,13,0.2941,1,22.7137,0.044026227,44.1176,-0.0079037095,498.7967,-12.38524,3134.0321,0
geometry_tolerance_2p0_mm,64,13,0.2941,1,21.0232,0.047566487,47.6471,-0.0082490225,498.60722,-12.92144,3132.8415,0
geometry_tolerance_2p0_mm,64,13,0.2941,1,19.5661,0.051108832,51.1765,-0.0084576767,498.42267,-13.243377,3131.682,0
geometry_tolerance_2p0_mm,64,13,0.2941,1,18.2973,0.054652977,54.7059,-0.0085532073,498.24563,-13.388206,3130.5697,0
geometry_tolerance_2p0_mm,64,13,0.2941,1,17.1825,0.058198748,58.2353,-0.0085722,498.07625,-13.413373,3129.5054,0
geometry_tolerance_2p0_mm,64,13,0.2941,1,16.6744,0.059972199,60,-0.0085615245,497.99437,-13.394466,3128.9909,0
geometry_tolerance_2p0_mm,64,13,0.2941,1,16.1954,0.061746005,61.7647,-0.0085407666,497.91434,-13.359843,3128.488,0
geometry_tolerance_2p0_mm,64,13,0.2941,1,15.3152,0.065294619,65.2941,-0.0084765695,497.75967,-13.255304,3127.5163,0
geometry_tolerance_2p0_mm,64,13,0.2941,1,14.5255,0.068844461,68.8235,-0.0083916779,497.61208,-13.118664,3126.5889,0
geometry_tolerance_2p0_mm,64,13,0.2941,1,13.813,0.072395395,72.3529,-0.0082943859,497.47145,-12.962903,3125.7053,0
geometry_tolerance_2p0_mm,64,13,0.2941,1,13.167,0.075947377,75.8824,-0.0081903805,497.33776,-12.796918,3124.8653,0
geometry_tolerance_2p0_mm,64,13,0.2941,1,12.5786,0.079500052,79.4118,-0.0080835203,497.21107,-12.626739,3124.0693,0
geometry_tolerance_2p0_mm,64,13,0.2941,1,12.0405,0.083053357,82.9412,-0.0079763233,497.09144,-12.456296,3123.3176,0
geometry_tolerance_2p0_mm,64,13,0.2941,1,11.5464,0.086607129,86.4706,-0.0078694967,496.97894,-12.286688,3122.6108,0
geometry_tolerance_2p0_mm,64,13,0.2941,1,11.0912,0.090161216,90,-0.0077594181,496.87359,-12.112253,3121.9488,0
geometry_tolerance_2p0_mm,64,13,0.2941,1,10.6706,0.093715473,93.5294,-0.0076425086,496.77532,-11.927401,3121.3314,0
geometry_tolerance_2p0_mm,64,13,0.2941,1,10.2807,0.097269761,97.0588,-0.0075165459,496.68407,-11.728661,3120.7581,0
geometry_tolerance_2p0_mm,64,13,0.2941,1,9.9183,0.10082395,100.5882,-0.0073803255,496.59976,-11.51415,3120.2283,0
geometry_tolerance_2p0_mm,64,13,0.2941,1,9.5806,0.1043779,104.1176,-0.0072333787,496.52229,-11.283136,3119.7416,0
geometry_tolerance_2p0_mm,64,13,0.2941,1,9.2651,0.1079316,107.6471,-0.0070757372,496.45158,-11.035664,3119.2973,0
geometry_tolerance_2p0_mm,64,13,0.2941,1,8.9698,0.11148471,111.1765,-0.0069077667,496.38751,-10.772298,3118.8947,0
geometry_tolerance_2p0_mm,64,13,0.2941,1,8.6928,0.11503723,114.7059,-0.0067299918,496.32999,-10.493852,3118.5333,0
geometry_tolerance_2p0_mm,64,13,0.2941,1,8.4325,0.11858902,118.2353,-0.0065429989,496.27892,-10.20123,3118.2124,0
geometry_tolerance_2p0_mm,64,13,0.2941,1,8.3081,0.12036462,120,-0.0064462193,496.25577,-10.049872,3118.0669,0
geometry_tolerance_2p0_mm,64,13,0.2941,1,8.1873,0.12213999,121.7647,-0.0063473309,496.23419,-9.895271,3117.9314,0
geometry_tolerance_2p0_mm,64,13,0.2941,1,7.9561,0.12569002,125.2941,-0.0061434237,496.1957,-9.5766438,3117.6895,0
geometry_tolerance_2p0_mm,64,13,0.2941,1,7.7376,0.12923907,128.8235,-0.0059330808,496.16306,-9.2481434,3117.4844,0
geometry_tolerance_2p0_mm,64,13,0.2941,1,7.5308,0.1327873,132.3529,-0.005721165,496.13525,-8.9173216,3117.3097,0
geometry_tolerance_2p0_mm,64,13,0.2941,1,7.3349,0.13633497,135.8824,-0.0055119796,496.11127,-8.5908584,3117.159,0
geometry_tolerance_2p0_mm,64,13,0.2941,1,7.1489,0.13988205,139.4118,-0.0053089395,496.09026,-8.2740539,3117.027,0
geometry_tolerance_2p0_mm,64,13,0.2941,1,6.9721,0.1434288,142.9412,-0.0051147446,496.07144,-7.9710963,3116.9088,0
geometry_tolerance_2p0_mm,64,13,0.2941,1,6.8039,0.14697536,146.4706,-0.0049315575,496.05416,-7.6853398,3116.8002,0
geometry_tolerance_2p0_mm,64,13,0.2941,1,6.6436,0.15052188,150,-0.0047611129,496.03783,-7.4194746,3116.6976,0
geometry_tolerance_2p0_mm,64,14,0.2941,1,34.6995,0.02881887,30,-0.00518443,518.16428,-8.4395319,3255.7222,0
geometry_tolerance_2p0_mm,64,14,0.2941,1,31.037,0.03221959,33.5294,-0.005989387,517.99901,-9.7467804,3254.6838,0
geometry_tolerance_2p0_mm,64,14,0.2941,1,28.0718,0.03562294,37.0588,-0.0067691409,517.82708,-11.01205,3253.6035,0
geometry_tolerance_2p0_mm,64,14,0.2941,1,25.6219,0.039029064,40.5882,-0.0074119488,517.64832,-12.053609,3252.4803,0
geometry_tolerance_2p0_mm,64,14,0.2941,1,23.5637,0.042438084,44.1176,-0.0078688466,517.46296,-12.792052,3251.3157,0
geometry_tolerance_2p0_mm,64,14,0.2941,1,21.8102,0.045850183,47.6471,-0.0081281571,517.27151,-13.208714,3250.1127,0
geometry_tolerance_2p0_mm,64,14,0.2941,1,20.2983,0.049265255,51.1765,-0.0081953941,517.07437,-13.312902,3248.8741,0
geometry_tolerance_2p0_mm,64,14,0.2941,1,18.9813,0.052683445,54.7059,-0.0080885862,516.87218,-13.134261,3247.6037,0
geometry_tolerance_2p0_mm,64,14,0.2941,1,17.8239,0.056104369,58.2353,-0.0078606288,516.66947,-12.759098,3246.33,0
geometry_tolerance_2p0_mm,64,14,0.2941,1,17.2964,0.057815664,60,-0.0077178018,516.56966,-12.524846,3245.7029,0
geometry_tolerance_2p0_mm,64,14,0.2941,1,16.799,0.05952741,61.7647,-0.007562208,516.47168,-12.270012,3245.0873,0
geometry_tolerance_2p0_mm,64,14,0.2941,1,15.8851,0.062951931,65.2941,-0.007227006,516.28326,-11.721855,3243.9034,0
geometry_tolerance_2p0_mm,64,14,0.2941,1,15.0654,0.066377273,68.8235,-0.0068774476,516.1079,-11.151099,3242.8016,0
geometry_tolerance_2p0_mm,64,14,0.2941,1,14.3261,0.069802763,72.3529,-0.0065284185,515.94866,-10.581917,3241.801,0
geometry_tolerance_2p0_mm,64,14,0.2941,1,13.656,0.073227817,75.8824,-0.0061896693,515.80807,-10.030104,3240.9177,0
geometry_tolerance_2p0_mm,64,14,0.2941,1,13.046,0.076651554,79.4118,-0.0058674557,515.68825,-9.5057618,3240.1648,0
geometry_tolerance_2p0_mm,64,14,0.2941,1,12.4885,0.080073386,82.9412,-0.0055655644,515.59094,-9.0149717,3239.5534,0
geometry_tolerance_2p0_mm,64,14,0.2941,1,11.9771,0.08349263,86.4706,-0.0052860803,515.5176,-8.5610518,3239.0926,0
geometry_tolerance_2p0_mm,64,14,0.2941,1,11.5063,0.086908803,90,-0.0050300721,515.46823,-8.1456545,3238.7824,0
geometry_tolerance_2p0_mm,64,14,0.2941,1,11.0715,0.090322168,93.5294,-0.0047986216,515.43862,-7.7703992,3238.5964,0
geometry_tolerance_2p0_mm,64,14,0.2941,1,10.6686,0.093733151,97.0588,-0.0045923545,515.42427,-7.4361843,3238.5062,0
geometry_tolerance_2p0_mm,64,14,0.2941,1,10.2942,0.09714218,100.5882,-0.0044114368,515.42129,-7.1431914,3238.4875,0
geometry_tolerance_2p0_mm,64,14,0.2941,1,9.9453,0.10054968,104.1176,-0.0042557136,515.42634,-6.8911051,3238.5192,0
geometry_tolerance_2p0_mm,64,14,0.2941,1,9.6194,0.10395618,107.6471,-0.0041248039,515.4365,-6.67926,3238.5831,0
geometry_tolerance_2p0_mm,64,14,0.2941,1,9.3143,0.10736192,111.1765,-0.0040181843,515.44925,-6.5067726,3238.6631,0
geometry_tolerance_2p0_mm,64,14,0.2941,1,9.0279,0.1107674,114.7059,-0.0039352197,515.46234,-6.3725874,3238.7454,0
geometry_tolerance_2p0_mm,64,14,0.2941,1,8.7586,0.11417308,118.2353,-0.0038752179,515.47383,-6.2755619,3238.8176,0
geometry_tolerance_2p0_mm,64,14,0.2941,1,8.6299,0.11587611,120,-0.0038536026,515.47842,-6.2406135,3238.8464,0
geometry_tolerance_2p0_mm,64,14,0.2941,1,8.5049,0.11757936,121.7647,-0.0038374559,515.48196,-6.2145079,3238.8687,0
geometry_tolerance_2p0_mm,64,14,0.2941,1,8.2654,0.12098668,125.2941,-0.0038212034,515.48521,-6.1882269,3238.8891,0
geometry_tolerance_2p0_mm,64,14,0.2941,1,8.0389,0.12439548,128.8235,-0.0038257437,515.48216,-6.1955431,3238.8699,0
geometry_tolerance_2p0_mm,64,14,0.2941,1,7.8243,0.12780615,132.3529,-0.0038499907,515.47175,-6.2346837,3238.8046,0
geometry_tolerance_2p0_mm,64,14,0.2941,1,7.6209,0.13121883,135.8824,-0.0038902133,515.45435,-6.2996075,3238.6952,0
geometry_tolerance_2p0_mm,64,14,0.2941,1,7.4276,0.13463324,139.4118,-0.0039421131,515.43084,-6.3833603,3238.5475,0
geometry_tolerance_2p0_mm,64,14,0.2941,1,7.2438,0.13804938,142.9412,-0.0040020835,515.40204,-6.4801067,3238.3665,0
geometry_tolerance_2p0_mm,64,14,0.2941,1,7.0688,0.14146714,146.4706,-0.0040670925,515.3687,-6.5849422,3238.157,0
geometry_tolerance_2p0_mm,64,14,0.2941,1,6.902,0.14488644,150,-0.004134588,515.33147,-6.693739,3237.9231,0
geometry_tolerance_2p0_mm,64,15,0.2941,1,37.4757,0.026683972,30,-0.0046260427,559.62092,-8.1330503,3516.202,0
geometry_tolerance_2p0_mm,64,15,0.2941,1,33.5206,0.029832388,33.5294,-0.0053632265,559.44954,-9.4262061,3515.1251,0
geometry_tolerance_2p0_mm,64,15,0.2941,1,30.3168,0.03298505,37.0588,-0.0061764564,559.23889,-10.851421,3513.8016,0
geometry_tolerance_2p0_mm,64,15,0.2941,1,27.6687,0.036141896,40.5882,-0.0069539507,559.00028,-12.212189,3512.3024,0
geometry_tolerance_2p0_mm,64,15,0.2941,1,25.4439,0.039302128,44.1176,-0.0075655254,558.75185,-13.280302,3510.7414,0
geometry_tolerance_2p0_mm,64,15,0.2941,1,23.5488,0.042465023,47.6471,-0.0079559466,558.50655,-13.959504,3509.2002,0
geometry_tolerance_2p0_mm,64,15,0.2941,1,21.9156,0.045629603,51.1765,-0.008109508,558.27355,-14.223007,3507.7361,0
geometry_tolerance_2p0_mm,64,15,0.2941,1,20.4938,0.048795175,54.7059,-0.0080297233,558.05942,-14.077674,3506.3908,0
geometry_tolerance_2p0_mm,64,15,0.2941,1,19.2452,0.051960991,58.2353,-0.0077325396,557.86878,-13.552021,3505.1929,0
geometry_tolerance_2p0_mm,64,15,0.2941,1,18.6763,0.053543855,60,-0.0075217138,557.78236,-13.180487,3504.6499,0
geometry_tolerance_2p0_mm,64,15,0.2941,1,18.14,0.055126672,61.7647,-0.0072842728,557.70138,-12.76256,3504.1411,0
geometry_tolerance_2p0_mm,64,15,0.2941,1,17.155,0.05829211,65.2941,-0.0067629813,557.5545,-11.8461,3503.2182,0
geometry_tolerance_2p0_mm,64,15,0.2941,1,16.2715,0.061457193,68.8235,-0.006220976,557.42597,-10.894206,3502.4107,0
geometry_tolerance_2p0_mm,64,15,0.2941,1,15.4747,0.064621804,72.3529,-0.0056928835,557.31409,-9.9674069,3501.7077,0
geometry_tolerance_2p0_mm,64,15,0.2941,1,14.7523,0.06778592,75.8824,-0.0052014677,557.21747,-9.105431,3501.1006,0
geometry_tolerance_2p0_mm,64,15,0.2941,1,14.0946,0.070949248,79.4118,-0.0047614772,557.13495,-8.333971,3500.5821,0
geometry_tolerance_2p0_mm,64,15,0.2941,1,13.4931,0.074111768,82.9412,-0.0043820786,557.06555,-7.6689575,3500.1461,0
geometry_tolerance_2p0_mm,64,15,0.2941,1,12.9411,0.077273375,86.4706,-0.0040686089,557.00841,-7.1196324,3499.7871,0
geometry_tolerance_2p0_mm,64,15,0.2941,1,12.4326,0.080433963,90,-0.0038237103,556.96282,-6.6905382,3499.5006,0
geometry_tolerance_2p0_mm,64,15,0.2941,1,11.9627,0.083593428,93.5294,-0.0036481263,556.92816,-6.3829128,3499.2828,0
geometry_tolerance_2p0_mm,64,15,0.2941,1,11.5271,0.086751724,97.0588,-0.0035378777,556.90352,-6.1897434,3499.128,0
geometry_tolerance_2p0_mm,64,15,0.2941,1,11.1224,0.089909001,100.5882,-0.0034784505,556.88693,-6.0855906,3499.0238,0
geometry_tolerance_2p0_mm,64,15,0.2941,1,10.7451,0.09306545,104.1176,-0.0034562308,556.87642,-6.0466028,3498.9577,0
geometry_tolerance_2p0_mm,64,15,0.2941,1,10.3927,0.096221349,107.6471,-0.0034604846,556.8703,-6.0539782,3498.9193,0
geometry_tolerance_2p0_mm,64,15,0.2941,1,10.0627,0.099376708,111.1765,-0.0034827491,556.86709,-6.0928938,3498.8991,0
geometry_tolerance_2p0_mm,64,15,0.2941,1,9.7531,0.10253181,114.7059,-0.0035163577,556.8655,-6.1516729,3498.8891,0
geometry_tolerance_2p0_mm,64,15,0.2941,1,9.4619,0.10568683,118.2353,-0.0035560651,556.86438,-6.2211262,3498.8821,0
geometry_tolerance_2p0_mm,64,15,0.2941,1,9.3228,0.10726438,120,-0.0035768808,556.86367,-6.2575341,3498.8777,0
geometry_tolerance_2p0_mm,64,15,0.2941,1,9.1876,0.10884198,121.7647,-0.0035977501,556.86271,-6.2940327,3498.8716,0
geometry_tolerance_2p0_mm,64,15,0.2941,1,8.9288,0.11199744,125.2941,-0.003638181,556.85957,-6.3647282,3498.8518,0
geometry_tolerance_2p0_mm,64,15,0.2941,1,8.6841,0.11515341,128.8235,-0.0036748294,556.85413,-6.428779,3498.8177,0
geometry_tolerance_2p0_mm,64,15,0.2941,1,8.4524,0.11831009,132.3529,-0.0037057216,556.84565,-6.4827234,3498.7644,0
geometry_tolerance_2p0_mm,64,15,0.2941,1,8.2326,0.12146777,135.8824,-0.0037293253,556.83344,-6.5238723,3498.6877,0
geometry_tolerance_2p0_mm,64,15,0.2941,1,8.024,0.12462648,139.4118,-0.0037444525,556.81687,-6.55014,3498.5836,0
geometry_tolerance_2p0_mm,64,15,0.2941,1,7.8256,0.12778648,142.9412,-0.003750547,556.79546,-6.5605488,3498.4491,0
geometry_tolerance_2p0_mm,64,15,0.2941,1,7.6366,0.13094778,146.4706,-0.0037493777,556.76956,-6.5581984,3498.2863,0
geometry_tolerance_2p0_mm,64,15,0.2941,1,7.4565,0.13411031,150,-0.0037432197,556.73976,-6.5470767,3498.0991,0
geometry_tolerance_2p0_mm,64,16,0.2941,1,38.3047,0.026106442,30,-1.0963053e-05,572.00092,-0.01970054,3593.9877,0
geometry_tolerance_2p0_mm,64,16,0.2941,1,34.2726,0.029177799,33.5294,-1.2378817e-05,572.0005,-0.022244642,3593.9852,0
geometry_tolerance_2p0_mm,64,16,0.2941,1,31.0086,0.032249166,37.0588,-1.3747666e-05,572,-0.024704432,3593.982,0
geometry_tolerance_2p0_mm,64,16,0.2941,1,28.3121,0.035320541,40.5882,-1.4954038e-05,571.99944,-0.026872244,3593.9784,0
geometry_tolerance_2p0_mm,64,16,0.2941,1,26.0471,0.038391923,44.1176,-1.5840853e-05,571.99887,-0.028465813,3593.9749,0
geometry_tolerance_2p0_mm,64,16,0.2941,1,24.1177,0.041463396,47.6471,-1.6377519e-05,571.99834,-0.029430169,3593.9716,0
geometry_tolerance_2p0_mm,64,16,0.2941,1,22.4544,0.044534782,51.1765,-1.6591913e-05,571.99786,-0.029815407,3593.9686,0
geometry_tolerance_2p0_mm,64,16,0.2941,1,21.0057,0.047606169,54.7059,-1.6528107e-05,571.99745,-0.029700728,3593.966,0
geometry_tolerance_2p0_mm,64,16,0.2941,1,19.7326,0.050677553,58.2353,-1.6229023e-05,571.99712,-0.029163261,3593.9639,0
geometry_tolerance_2p0_mm,64,16,0.2941,1,19.1522,0.052213245,60,-1.6008067e-05,571.99697,-0.0287662,3593.963,0
geometry_tolerance_2p0_mm,64,16,0.2941,1,18.605,0.053748936,61.7647,-1.5755687e-05,571.99684,-0.028312671,3593.9621,0
geometry_tolerance_2p0_mm,64,16,0.2941,1,17.5993,0.056820317,65.2941,-1.5196599e-05,571.99661,-0.027307989,3593.9607,0
geometry_tolerance_2p0_mm,64,16,0.2941,1,16.6968,0.059891697,68.8235,-1.4612129e-05,571.9964,-0.026257699,3593.9594,0
geometry_tolerance_2p0_mm,64,16,0.2941,1,15.8823,0.062963077,72.3529,-1.4039852e-05,571.99622,-0.025229321,3593.9583,0
geometry_tolerance_2p0_mm,64,16,0.2941,1,15.1436,0.066034544,75.8824,-1.350277e-05,571.99606,-0.024264188,3593.9572,0
geometry_tolerance_2p0_mm,64,16,0.2941,1,14.4705,0.069105925,79.4118,-1.3014389e-05,571.9959,-0.023386573,3593.9562,0
geometry_tolerance_2p0_mm,64,16,0.2941,1,13.8548,0.072177307,82.9412,-1.2581864e-05,571.99575,-0.022609329,3593.9553,0
geometry_tolerance_2p0_mm,64,16,0.2941,1,13.2893,0.075248689,86.4706,-1.2208206e-05,571.99561,-0.021937868,3593.9544,0
geometry_tolerance_2p0_mm,64,16,0.2941,1,12.7681,0.078320072,90,-1.189375e-05,571.99547,-0.021372792,3593.9535,0
geometry_tolerance_2p0_mm,64,16,0.2941,1,12.2863,0.081391457,93.5294,-1.1637174e-05,571.99534,-0.020911726,3593.9527,0
geometry_tolerance_2p0_mm,64,16,0.2941,1,11.8395,0.084462842,97.0588,-1.1436105e-05,571.9952,-0.020550405,3593.9518,0
geometry_tolerance_2p0_mm,64,16,0.2941,1,11.4241,0.087534229,100.5882,-1.128278e-05,571.99507,-0.020274879,3593.951,0
geometry_tolerance_2p0_mm,64,16,0.2941,1,11.0368,0.090605617,104.1176,-1.1164391e-05,571.99494,-0.020062133,3593.9502,0
geometry_tolerance_2p0_mm,64,16,0.2941,1,10.675,0.093677092,107.6471,-1.1070803e-05,571.99482,-0.019893952,3593.9494,0
geometry_tolerance_2p0_mm,64,16,0.2941,1,10.3361,0.096748481,111.1765,-1.0994356e-05,571.9947,-0.019756576,3593.9487,0
geometry_tolerance_2p0_mm,64,16,0.2941,1,10.018,0.099819871,114.7059,-1.0929232e-05,571.99458,-0.019639545,3593.9479,0
geometry_tolerance_2p0_mm,64,16,0.2941,1,9.719,0.10289126,118.2353,-1.0870991e-05,571.99447,-0.019534884,3593.9472,0
geometry_tolerance_2p0_mm,64,16,0.2941,1,9.5761,0.10442696,120,-1.0843352e-05,571.99441,-0.019485215,3593.9469,0
geometry_tolerance_2p0_mm,64,16,0.2941,1,9.4373,0.10596265,121.7647,-1.0816218e-05,571.99436,-0.019436455,3593.9465,0
geometry_tolerance_2p0_mm,64,16,0.2941,1,9.1714,0.10903404,125.2941,-1.0762278e-05,571.99425,-0.019339522,3593.9459,0
geometry_tolerance_2p0_mm,64,16,0.2941,1,8.9202,0.11210544,128.8235,-1.0707114e-05,571.99415,-0.01924039,3593.9452,0
geometry_tolerance_2p0_mm,64,16,0.2941,1,8.6823,0.11517683,132.3529,-1.0649123e-05,571.99405,-0.019136179,3593.9446,0
geometry_tolerance_2p0_mm,64,16,0.2941,1,8.4568,0.11824831,135.8824,-1.0587047e-05,571.99395,-0.019024626,3593.944,0
geometry_tolerance_2p0_mm,64,16,0.2941,1,8.2427,0.1213197,139.4118,-1.0519908e-05,571.99385,-0.018903978,3593.9434,0
geometry_tolerance_2p0_mm,64,16,0.2941,1,8.0392,0.1243911,142.9412,-1.0446951e-05,571.99376,-0.018772871,3593.9428,0
geometry_tolerance_2p0_mm,64,16,0.2941,1,7.8454,0.12746249,146.4706,-1.0367773e-05,571.99367,-0.018630588,3593.9422,0
geometry_tolerance_2p0_mm,64,16,0.2941,1,7.6608,0.13053389,150,-1.0283285e-05,571.99358,-0.018478763,3593.9417,0
geometry_tolerance_2p0_mm,64,17,0.2941,1,39.4485,0.025349475,30,-0.0043276507,589.08157,-8.0089857,3701.3087,0
geometry_tolerance_2p0_mm,64,17,0.2941,1,35.2903,0.028336413,33.5294,-0.0050523483,588.98478,-9.3486139,3700.7005,0
geometry_tolerance_2p0_mm,64,17,0.2941,1,31.9216,0.031326764,37.0588,-0.0057102337,588.84228,-10.563376,3699.8051,0
geometry_tolerance_2p0_mm,64,17,0.2941,1,29.1363,0.034321482,40.5882,-0.0062934263,588.6497,-11.638418,3698.5951,0
geometry_tolerance_2p0_mm,64,17,0.2941,1,26.7952,0.03732013,44.1176,-0.006789582,588.42605,-12.551187,3697.1899,0
geometry_tolerance_2p0_mm,64,17,0.2941,1,24.8003,0.040322029,47.6471,-0.0071951642,588.18949,-13.295597,3695.7036,0
geometry_tolerance_2p0_mm,64,17,0.2941,1,23.0807,0.043326229,51.1765,-0.0075133528,587.95332,-13.877988,3694.2197,0
geometry_tolerance_2p0_mm,64,17,0.2941,1,21.5833,0.04633203,54.7059,-0.0077504738,587.72748,-14.310477,3692.8007,0
geometry_tolerance_2p0_mm,64,17,0.2941,1,20.2681,0.049338639,58.2353,-0.0079142045,587.51953,-14.60762,3691.4941,0
geometry_tolerance_2p0_mm,64,17,0.2941,1,19.6688,0.050842003,60,-0.0079710852,587.4241,-14.710217,3690.8945,0
geometry_tolerance_2p0_mm,64,17,0.2941,1,19.1039,0.05234533,61.7647,-0.0080126548,587.33456,-14.784678,3690.3319,0
geometry_tolerance_2p0_mm,64,17,0.2941,1,18.0662,0.055351891,65.2941,-0.0080535276,587.17106,-14.855958,3689.3046,0
geometry_tolerance_2p0_mm,64,17,0.2941,1,17.1355,0.058358364,68.8235,-0.0080432842,587.02528,-14.833379,3688.3886,0
geometry_tolerance_2p0_mm,64,17,0.2941,1,16.296,0.061364799,72.3529,-0.0079870837,586.89416,-14.726444,3687.5648,0
geometry_tolerance_2p0_mm,64,17,0.2941,1,15.5349,0.064371327,75.8824,-0.0078890234,586.77521,-14.542694,3686.8174,0
geometry_tolerance_2p0_mm,64,17,0.2941,1,14.8417,0.067377819,79.4118,-0.0077524269,586.66645,-14.288242,3686.134,0
geometry_tolerance_2p0_mm,64,17,0.2941,1,14.2077,0.070384387,82.9412,-0.0075800744,586.56635,-13.968201,3685.5051,0
geometry_tolerance_2p0_mm,64,17,0.2941,1,13.6256,0.073391047,86.4706,-0.0073744039,586.47371,-13.587055,3684.923,0
geometry_tolerance_2p0_mm,64,17,0.2941,1,13.0894,0.076397805,90,-0.007137653,586.38762,-13.14892,3684.3821,0
geometry_tolerance_2p0_mm,64,17,0.2941,1,12.5937,0.079404652,93.5294,-0.0068719585,586.30738,-12.657728,3683.8779,0
geometry_tolerance_2p0_mm,64,17,0.2941,1,12.1342,0.082411574,97.0588,-0.0065794239,586.23247,-12.117349,3683.4072,0
geometry_tolerance_2p0_mm,64,17,0.2941,1,11.7071,0.085418546,100.5882,-0.0062628906,586.16249,-11.533011,3682.9675,0
geometry_tolerance_2p0_mm,64,17,0.2941,1,11.309,0.088425522,104.1176,-0.0059322693,586.09724,-10.922962,3682.5576,0
geometry_tolerance_2p0_mm,64,17,0.2941,1,10.937,0.091432541,107.6471,-0.0055995032,586.03655,-10.309179,3682.1763,0
geometry_tolerance_2p0_mm,64,17,0.2941,1,10.5888,0.094439394,111.1765,-0.0052738217,585.98023,-9.7086374,3681.8224,0
geometry_tolerance_2p0_mm,64,17,0.2941,1,10.2621,0.097446138,114.7059,-0.0049621976,585.92804,-9.1341515,3681.4945,0
geometry_tolerance_2p0_mm,64,17,0.2941,1,9.9549,0.10045275,118.2353,-0.0046698404,585.87973,-8.5952871,3681.1909,0
geometry_tolerance_2p0_mm,64,17,0.2941,1,9.8082,0.10195601,120,-0.0045321236,585.85695,-8.3414817,3681.0478,0
geometry_tolerance_2p0_mm,64,17,0.2941,1,9.6656,0.10345922,121.7647,-0.0044005599,585.83505,-8.0990329,3680.9102,0
geometry_tolerance_2p0_mm,64,17,0.2941,1,9.3927,0.10646554,125.2941,-0.0041570643,585.79375,-7.6503508,3680.6507,0
geometry_tolerance_2p0_mm,64,17,0.2941,1,9.1348,0.10947169,128.8235,-0.0039411992,585.7556,-7.2526165,3680.411,0
geometry_tolerance_2p0_mm,64,17,0.2941,1,8.8907,0.11247766,132.3529,-0.0037541383,585.7204,-6.9079708,3680.1898,0
geometry_tolerance_2p0_mm,64,17,0.2941,1,8.6592,0.11548354,135.8824,-0.0035965319,585.68795,-6.6175934,3679.9859,0
geometry_tolerance_2p0_mm,64,17,0.2941,1,8.4396,0.11848914,139.4118,-0.0034686459,585.65809,-6.3819587,3679.7983,0
geometry_tolerance_2p0_mm,64,17,0.2941,1,8.2308,0.12149454,142.9412,-0.003370418,585.63068,-6.2009389,3679.6261,0
geometry_tolerance_2p0_mm,64,17,0.2941,1,8.0321,0.12449973,146.4706,-0.0033016259,585.60559,-6.0741142,3679.4684,0
geometry_tolerance_2p0_mm,64,17,0.2941,1,7.8428,0.1275047,150,-0.003261246,585.5827,-5.9995913,3679.3246,0
geometry_tolerance_2p0_mm,64,18,0.2941,1,40.1991,0.024876164,30,-0.0048089849,600.28985,-9.0691019,3771.7324,0
geometry_tolerance_2p0_mm,64,18,0.2941,1,35.9588,0.027809635,33.5294,-0.0055808731,600.1415,-10.522179,3770.8003,0
geometry_tolerance_2p0_mm,64,18,0.2941,1,32.524,0.030746518,37.0588,-0.0062209079,599.95485,-11.725253,3769.6275,0
geometry_tolerance_2p0_mm,64,18,0.2941,1,29.6848,0.033687294,40.5882,-0.0067228628,599.73145,-12.666626,3768.2238,0
geometry_tolerance_2p0_mm,64,18,0.2941,1,27.2988,0.036631604,44.1176,-0.007096757,599.48609,-13.365614,3766.6822,0
geometry_tolerance_2p0_mm,64,18,0.2941,1,25.266,0.03957885,47.6471,-0.0073569314,599.23401,-13.849785,3765.0984,0
geometry_tolerance_2p0_mm,64,18,0.2941,1,23.5138,0.042528215,51.1765,-0.007517338,598.98588,-14.145898,3763.5393,0
geometry_tolerance_2p0_mm,64,18,0.2941,1,21.9881,0.045479141,54.7059,-0.0075901382,598.74938,-14.277252,3762.0533,0
geometry_tolerance_2p0_mm,64,18,0.2941,1,20.6479,0.04843099,58.2353,-0.0075852964,598.53029,-14.262924,3760.6767,0
geometry_tolerance_2p0_mm,64,18,0.2941,1,20.0372,0.049907058,60,-0.007556282,598.42874,-14.205956,3760.0386,0
geometry_tolerance_2p0_mm,64,18,0.2941,1,19.4616,0.051383125,61.7647,-0.0075109567,598.33304,-14.118486,3759.4374,0
geometry_tolerance_2p0_mm,64,18,0.2941,1,18.4043,0.054335209,65.2941,-0.0073812614,598.15779,-13.870631,3758.3362,0
geometry_tolerance_2p0_mm,64,18,0.2941,1,17.4559,0.057287237,68.8235,-0.0072144234,598.00118,-13.553565,3757.3522,0
geometry_tolerance_2p0_mm,64,18,0.2941,1,16.6005,0.060239213,72.3529,-0.0070241211,597.86043,-13.192943,3756.4679,0
geometry_tolerance_2p0_mm,64,18,0.2941,1,15.825,0.063191225,75.8824,-0.0068207051,597.73329,-12.808155,3755.669,0
geometry_tolerance_2p0_mm,64,18,0.2941,1,15.1187,0.066143117,79.4118,-0.0066120344,597.61783,-12.413908,3754.9435,0
geometry_tolerance_2p0_mm,64,18,0.2941,1,14.4728,0.069094996,82.9412,-0.0064045572,597.51234,-12.022253,3754.2808,0
geometry_tolerance_2p0_mm,64,18,0.2941,1,13.8798,0.072046896,86.4706,-0.0062027506,597.41532,-11.641543,3753.6712,0
geometry_tolerance_2p0_mm,64,18,0.2941,1,13.3335,0.074998867,90,-0.0060103188,597.32538,-11.278682,3753.106,0
geometry_tolerance_2p0_mm,64,18,0.2941,1,12.8286,0.077950969,93.5294,-0.0058299511,597.24125,-10.938671,3752.5774,0
geometry_tolerance_2p0_mm,64,18,0.2941,1,12.3604,0.080903271,97.0588,-0.0056635319,597.16177,-10.625007,3752.0781,0
geometry_tolerance_2p0_mm,64,18,0.2941,1,11.9252,0.083855852,100.5882,-0.0055122626,597.08591,-10.339906,3751.6014,0
geometry_tolerance_2p0_mm,64,18,0.2941,1,11.5196,0.086808794,104.1176,-0.0053758438,597.01272,-10.082776,3751.1416,0
geometry_tolerance_2p0_mm,64,18,0.2941,1,11.1405,0.089762256,107.6471,-0.0052516059,596.94145,-9.8485827,3750.6937,0
geometry_tolerance_2p0_mm,64,18,0.2941,1,10.7856,0.092716137,111.1765,-0.0051369078,596.87148,-9.6323549,3750.2541,0
geometry_tolerance_2p0_mm,64,18,0.2941,1,10.4525,0.095670577,114.7059,-0.0050295601,596.80235,-9.4299718,3749.8197,0
geometry_tolerance_2p0_mm,64,18,0.2941,1,10.1394,0.098625628,118.2353,-0.0049276572,596.73366,-9.2378499,3749.3882,0
geometry_tolerance_2p0_mm,64,18,0.2941,1,9.9897,0.1001034,120,-0.0048782841,596.69939,-9.1447651,3749.1728,0
geometry_tolerance_2p0_mm,64,18,0.2941,1,9.8443,0.10158133,121.7647,-0.0048297349,596.66512,-9.0532355,3748.9575,0
geometry_tolerance_2p0_mm,64,18,0.2941,1,9.5659,0.10453774,125.2941,-0.0047345401,596.59648,-8.8737739,3748.5262,0
geometry_tolerance_2p0_mm,64,18,0.2941,1,9.3028,0.10749487,128.8235,-0.0046410798,596.52754,-8.6975997,3748.0931,0
geometry_tolerance_2p0_mm,64,18,0.2941,1,9.0536,0.11045278,132.3529,-0.0045485628,596.45815,-8.5232267,3747.6571,0
geometry_tolerance_2p0_mm,64,18,0.2941,1,8.8174,0.11341157,135.8824,-0.0044563622,596.38815,-8.3494786,3747.2172,0
geometry_tolerance_2p0_mm,64,18,0.2941,1,8.5932,0.11637111,139.4118,-0.004364012,596.31743,-8.175481,3746.7729,0
geometry_tolerance_2p0_mm,64,18,0.2941,1,8.38,0.11933152,142.9412,-0.0042711322,596.2459,-8.0005213,3746.3235,0
geometry_tolerance_2p0_mm,64,18,0.2941,1,8.1771,0.12229283,146.4706,-0.004177452,596.17345,-7.8240924,3745.8683,0
geometry_tolerance_2p0_mm,64,18,0.2941,1,7.9837,0.12525506,150,-0.0040827768,596.10001,-7.6458301,3745.4068,0
geometry_tolerance_2p0_mm,64,19,0.2941,1,40.23,0.024857069,30,-1.063734e-05,600.751,-0.020076011,3774.6299,0
geometry_tolerance_2p0_mm,64,19,0.2941,1,35.9953,0.027781434,33.5294,-1.1896594e-05,600.7507,-0.022452609,3774.628,0
geometry_tolerance_2p0_mm,64,19,0.2941,1,32.5671,0.030705806,37.0588,-1.296387e-05,600.75032,-0.024466878,3774.6256,0
geometry_tolerance_2p0_mm,64,19,0.2941,1,29.7352,0.033630189,40.5882,-1.3804135e-05,600.74982,-0.026052699,3774.6224,0
geometry_tolerance_2p0_mm,64,19,0.2941,1,27.3564,0.036554579,44.1176,-1.4338848e-05,600.74927,-0.027061843,3774.619,0
geometry_tolerance_2p0_mm,64,19,0.2941,1,25.3299,0.039479058,47.6471,-1.4590127e-05,600.74872,-0.02753606,3774.6155,0
geometry_tolerance_2p0_mm,64,19,0.2941,1,23.583,0.042403457,51.1765,-1.4071946e-05,600.74819,-0.02655807,3774.6122,0
geometry_tolerance_2p0_mm,64,19,0.2941,1,22.0615,0.045327859,54.7059,-1.4455167e-05,600.74771,-0.027281303,3774.6092,0
geometry_tolerance_2p0_mm,64,19,0.2941,1,20.7244,0.04825226,58.2353,-1.4138268e-05,600.74729,-0.026683199,3774.6065,0
geometry_tolerance_2p0_mm,64,19,0.2941,1,20.1149,0.04971446,60,-1.3935576e-05,600.7471,-0.02630065,3774.6054,0
geometry_tolerance_2p0_mm,64,19,0.2941,1,19.5402,0.05117666,61.7647,-1.3705417e-05,600.74693,-0.025866264,3774.6043,0
geometry_tolerance_2p0_mm,64,19,0.2941,1,18.4839,0.054101057,65.2941,-1.3187086e-05,600.74664,-0.024888005,3774.6025,0
geometry_tolerance_2p0_mm,64,19,0.2941,1,17.536,0.057025452,68.8235,-1.262186e-05,600.7464,-0.023821242,3774.601,0
geometry_tolerance_2p0_mm,64,19,0.2941,1,16.6806,0.059949844,72.3529,-1.2028137e-05,600.74622,-0.022700702,3774.5998,0
geometry_tolerance_2p0_mm,64,19,0.2941,1,15.9047,0.062874317,75.8824,-1.1430015e-05,600.74607,-0.021571862,3774.5989,0
geometry_tolerance_2p0_mm,64,19,0.2941,1,15.1979,0.065798705,79.4118,-1.0836645e-05,600.74595,-0.02045199,3774.5981,0
geometry_tolerance_2p0_mm,64,19,0.2941,1,14.5511,0.068723092,82.9412,-1.0257395e-05,600.74586,-0.019358769,3774.5976,0
geometry_tolerance_2p0_mm,64,19,0.2941,1,13.9572,0.071647476,86.4706,-9.6975426e-06,600.74579,-0.018302158,3774.5971,0
geometry_tolerance_2p0_mm,64,19,0.2941,1,13.4099,0.074571859,90,-9.2347717e-06,600.74574,-0.01742877,3774.5968,0
geometry_tolerance_2p0_mm,64,19,0.2941,1,12.9039,0.07749624,93.5294,-8.6461765e-06,600.74571,-0.016317914,3774.5966,0
geometry_tolerance_2p0_mm,64,19,0.2941,1,12.4346,0.08042062,97.0588,-8.1617954e-06,600.74568,-0.015403742,3774.5965,0
geometry_tolerance_2p0_mm,64,19,0.2941,1,11.9983,0.083345,100.5882,-7.6982291e-06,600.74566,-0.014528854,3774.5963,0
geometry_tolerance_2p0_mm,64,19,0.2941,1,11.5916,0.086269379,104.1176,-7.2599077e-06,600.74565,-0.01370161,3774.5962,0
geometry_tolerance_2p0_mm,64,19,0.2941,1,11.2115,0.089193841,107.6471,-6.8500808e-06,600.74564,-0.012928144,3774.5962,0
geometry_tolerance_2p0_mm,64,19,0.2941,1,10.8556,0.09211822,111.1765,-6.4336917e-06,600.74563,-0.012142294,3774.5961,0
geometry_tolerance_2p0_mm,64,19,0.2941,1,10.5216,0.0950426,114.7059,-6.1311705e-06,600.74561,-0.011571346,3774.596,0
geometry_tolerance_2p0_mm,64,19,0.2941,1,10.2075,0.097966979,118.2353,-5.7972877e-06,600.7456,-0.010941209,3774.596,0
geometry_tolerance_2p0_mm,64,19,0.2941,1,10.0574,0.099429169,120,-5.648945e-06,600.7456,-0.010661242,3774.5959,0
geometry_tolerance_2p0_mm,64,19,0.2941,1,9.9117,0.10089136,121.7647,-5.5083873e-06,600.74559,-0.010395968,3774.5959,0
geometry_tolerance_2p0_mm,64,19,0.2941,1,9.6325,0.10381574,125.2941,-5.2507582e-06,600.74557,-0.0099097448,3774.5958,0
geometry_tolerance_2p0_mm,64,19,0.2941,1,9.3685,0.10674012,128.8235,-5.0224085e-06,600.74556,-0.0094787806,3774.5956,0
geometry_tolerance_2p0_mm,64,19,0.2941,1,9.1187,0.1096645,132.3529,1.223384e-06,600.74553,0.00230889,3774.5955,1
geometry_tolerance_2p0_mm,64,19,0.2941,1,8.8819,0.11258897,135.8824,-4.6660954e-06,600.74551,-0.0088063111,3774.5954,0
geometry_tolerance_2p0_mm,64,19,0.2941,1,8.657,0.11551335,139.4118,-4.524391e-06,600.74549,-0.0085388724,3774.5952,0
geometry_tolerance_2p0_mm,64,19,0.2941,1,8.4433,0.11843773,142.9412,-4.4197549e-06,600.74546,-0.0083413926,3774.5951,0
geometry_tolerance_2p0_mm,64,19,0.2941,1,8.2398,0.12136212,146.4706,-4.3395817e-06,600.74544,-0.0081900815,3774.5949,0
geometry_tolerance_2p0_mm,64,19,0.2941,1,8.0459,0.1242865,150,-1.654224e-06,600.74541,-0.0031220125,3774.5947,0
geometry_tolerance_2p0_mm,64,20,0.2941,1,40.8202,0.024497703,30,-1.6344783e-05,609.56363,-0.03130027,3830.0013,0
geometry_tolerance_2p0_mm,64,20,0.2941,1,36.5233,0.027379801,33.5294,-1.8991613e-05,609.56309,-0.036368917,3829.9978,0
geometry_tolerance_2p0_mm,64,20,0.2941,1,33.0448,0.03026191,37.0588,-2.1188959e-05,609.56241,-0.040576789,3829.9936,0
geometry_tolerance_2p0_mm,64,20,0.2941,1,30.1713,0.033144033,40.5882,-2.2913728e-05,609.5616,-0.043879658,3829.9885,0
geometry_tolerance_2p0_mm,64,20,0.2941,1,27.7576,0.036026168,44.1176,-2.4225839e-05,609.56071,-0.046392274,3829.9829,0
geometry_tolerance_2p0_mm,64,20,0.2941,1,25.7014,0.038908394,47.6471,-2.5205256e-05,609.55982,-0.048267778,3829.9773,0
geometry_tolerance_2p0_mm,64,20,0.2941,1,23.9289,0.041790544,51.1765,-2.5922108e-05,609.55895,-0.049640473,3829.9718,0
geometry_tolerance_2p0_mm,64,20,0.2941,1,22.385,0.044672699,54.7059,-2.6443604e-05,609.55815,-0.050639063,3829.9668,0
geometry_tolerance_2p0_mm,64,20,0.2941,1,21.0283,0.047554854,58.2353,-2.6680649e-05,609.55742,-0.05109294,3829.9622,0
geometry_tolerance_2p0_mm,64,20,0.2941,1,20.4099,0.048995932,60,-2.6938518e-05,609.5571,-0.051586726,3829.9602,0
geometry_tolerance_2p0_mm,64,20,0.2941,1,19.8267,0.050437008,61.7647,-2.7042123e-05,609.5568,-0.051785103,3829.9583,0
geometry_tolerance_2p0_mm,64,20,0.2941,1,18.755,0.05331916,65.2941,-2.7234239e-05,609.55627,-0.052152956,3829.955,0
geometry_tolerance_2p0_mm,64,20,0.2941,1,17.7932,0.05620131,68.8235,-2.7700273e-05,609.55582,-0.053045361,3829.9521,0
geometry_tolerance_2p0_mm,64,20,0.2941,1,16.9252,0.059083458,72.3529,-2.7091813e-05,609.55542,-0.05188014,3829.9496,0
geometry_tolerance_2p0_mm,64,20,0.2941,1,16.138,0.061965689,75.8824,-2.6896955e-05,609.55506,-0.051506961,3829.9474,0
geometry_tolerance_2p0_mm,64,20,0.2941,1,15.4207,0.064847838,79.4118,-2.6605064e-05,609.55472,-0.05094797,3829.9453,0
geometry_tolerance_2p0_mm,64,20,0.2941,1,14.7645,0.067729988,82.9412,-2.6070881e-05,609.55441,-0.049924998,3829.9433,0
geometry_tolerance_2p0_mm,64,20,0.2941,1,14.1619,0.07061214,86.4706,-2.1871531e-05,609.5541,-0.041883341,3829.9414,0
geometry_tolerance_2p0_mm,64,20,0.2941,1,13.6065,0.073494295,90,-2.5230367e-05,609.5538,-0.048315388,3829.9395,0
geometry_tolerance_2p0_mm,64,20,0.2941,1,13.093,0.076376453,93.5294,-2.4642915e-05,609.55349,-0.047190412,3829.9376,0
geometry_tolerance_2p0_mm,64,20,0.2941,1,12.6169,0.079258614,97.0588,-2.400786e-05,609.55318,-0.045974279,3829.9356,0
geometry_tolerance_2p0_mm,64,20,0.2941,1,12.1742,0.082140781,100.5882,-2.3337596e-05,609.55286,-0.044690721,3829.9336,0
geometry_tolerance_2p0_mm,64,20,0.2941,1,11.7615,0.085022952,104.1176,-2.2640383e-05,609.55252,-0.043355557,3829.9314,0
geometry_tolerance_2p0_mm,64,20,0.2941,1,11.3759,0.08790521,107.6471,-2.3262403e-05,609.55217,-0.044546679,3829.9292,0
geometry_tolerance_2p0_mm,64,20,0.2941,1,11.0147,0.090787391,111.1765,-2.1222296e-05,609.55181,-0.040639922,3829.927,0
geometry_tolerance_2p0_mm,64,20,0.2941,1,10.6758,0.093669575,114.7059,-2.0524339e-05,609.55145,-0.039303336,3829.9247,0
geometry_tolerance_2p0_mm,64,20,0.2941,1,10.3571,0.096551763,118.2353,-1.8774784e-05,609.55109,-0.035952983,3829.9224,0
geometry_tolerance_2p0_mm,64,20,0.2941,1,10.2048,0.097992858,120,-1.9509193e-05,609.55091,-0.037359337,3829.9213,0
geometry_tolerance_2p0_mm,64,20,0.2941,1,10.0569,0.099433954,121.7647,-1.9182013e-05,609.55073,-0.03673279,3829.9202,0
geometry_tolerance_2p0_mm,64,20,0.2941,1,9.7736,0.10231615,125.2941,-1.8546708e-05,609.55038,-0.035516186,3829.918,0
geometry_tolerance_2p0_mm,64,20,0.2941,1,9.5059,0.10519834,128.8235,-1.7936658e-05,609.55004,-0.034347945,3829.9158,0
geometry_tolerance_2p0_mm,64,20,0.2941,1,9.2524,0.10808054,132.3529,-1.7353476e-05,609.54971,-0.033231158,3829.9138,0
geometry_tolerance_2p0_mm,64,20,0.2941,1,9.012,0.11096281,135.8824,-1.6798838e-05,609.5494,-0.032169034,3829.9118,0
geometry_tolerance_2p0_mm,64,20,0.2941,1,8.7839,0.11384501,139.4118,-1.6270076e-05,609.5491,-0.031156463,3829.9099,0
geometry_tolerance_2p0_mm,64,20,0.2941,1,8.567,0.11672721,142.9412,-1.5762083e-05,609.54882,-0.030183666,3829.9082,0
geometry_tolerance_2p0_mm,64,20,0.2941,1,8.3605,0.1196094,146.4706,-1.5185737e-05,609.54856,-0.029079977,3829.9066,0
geometry_tolerance_2p0_mm,64,20,0.2941,1,8.1638,0.12249159,150,-1.4831718e-05,609.54833,-0.028402036,3829.9051,0
