shell_element_id,local_vertex,grid_id,x_m,y_m,z_m,receiving_for_visible_node,projection_for_rejected_visible_node
449453,1,225189,0.253054291,0.97819215059,0.032351598143,0,0
449453,2,225187,0.2508560419,0.97645759582,0.032305072993,0,0
449453,3,225193,0.25298905372,0.97592109441,0.032373905181,0,0
449456,1,225189,0.253054291,0.97819215059,0.032351598143,0,0
449456,2,225190,0.25282526016,0.98018234968,0.032323565334,0,0
449456,3,225188,0.25088831782,0.97884327173,0.032280579209,0,0
449457,1,225191,0.25342196226,0.97086703777,0.032440643757,0,0
449457,2,225192,0.25327357649,0.97350519895,0.032408066093,0,0
449457,3,225185,0.25065785646,0.97219628095,0.032344620674,0,0
449458,1,225192,0.25327357649,0.97350519895,0.032408066093,0,0
449458,2,225193,0.25298905372,0.97592109441,0.032373905181,0,0
449458,3,225186,0.25133037567,0.97427254915,0.032342549413,0,0
449459,1,225197,0.25516879558,0.98019987344,0.032390873879,0,0
449459,2,225189,0.253054291,0.97819215059,0.032351598143,0,0
449459,3,225196,0.25505948066,0.97752308845,0.032416462898,0,0
449460,1,225189,0.253054291,0.97819215059,0.032351598143,0,0
449460,2,225197,0.25516879558,0.98019987344,0.032390873879,0,0
449460,3,225190,0.25282526016,0.98018234968,0.032323565334,0,0
449461,1,225192,0.25327357649,0.97350519895,0.032408066093,0,0
449461,2,225191,0.25342196226,0.97086703777,0.032440643757,0,0
449461,3,225194,0.2555129528,0.97330331802,0.032474461942,0,0
449463,1,225193,0.25298905372,0.97592109441,0.032373905181,0,0
449463,2,225192,0.25327357649,0.97350519895,0.032408066093,0,0
449463,3,225195,0.25470414757,0.97532755136,0.032429948449,0,0
449464,1,225194,0.2555129528,0.97330331802,0.032474461942,0,0
449464,2,225195,0.25470414757,0.97532755136,0.032429948449,0,0
449464,3,225192,0.25327357649,0.97350519895,0.032408066093,0,0
449465,1,225193,0.25298905372,0.97592109441,0.032373905181,0,0
449465,2,225196,0.25505948066,0.97752308845,0.032416462898,0,0
449465,3,225189,0.253054291,0.97819215059,0.032351598143,0,0
449466,1,225195,0.25470414757,0.97532755136,0.032429948449,0,0
449466,2,225196,0.25505948066,0.97752308845,0.032416462898,0,0
449466,3,225193,0.25298905372,0.97592109441,0.032373905181,0,0
449468,1,225198,0.25679174065,0.97585695981,0.032482583075,0,0
449468,2,225195,0.25470414757,0.97532755136,0.032429948449,0,0
449468,3,225194,0.2555129528,0.97330331802,0.032474461942,0,0
449469,1,225201,0.25749602913,0.97845429182,0.03247372806,0,1
449469,2,225196,0.25505948066,0.97752308845,0.032416462898,0,1
449469,3,225198,0.25679174065,0.97585695981,0.032482583075,0,1
449470,1,225195,0.25470414757,0.97532755136,0.032429948449,0,0
449470,2,225198,0.25679174065,0.97585695981,0.032482583075,0,0
449470,3,225196,0.25505948066,0.97752308845,0.032416462898,0,0
449471,1,225218,0.25800794363,0.98097771406,0.032459694892,0,0
449471,2,225197,0.25516879558,0.98019987344,0.032390873879,0,0
449471,3,225201,0.25749602913,0.97845429182,0.03247372806,0,0
449472,1,225196,0.25505948066,0.97752308845,0.032416462898,0,0
449472,2,225201,0.25749602913,0.97845429182,0.03247372806,0,0
449472,3,225197,0.25516879558,0.98019987344,0.032390873879,0,0
449473,1,225198,0.25679174065,0.97585695981,0.032482583075,0,0
449473,2,225194,0.2555129528,0.97330331802,0.032474461942,0,0
449473,3,225200,0.25809821486,0.97358655929,0.032541655004,0,0
449474,1,225204,0.26074135303,0.97400027513,0.032602585852,0,0
449474,2,225200,0.25809821486,0.97358655929,0.032541655004,0,0
449474,3,225203,0.25951001048,0.9710368514,0.032605268061,0,0
449475,1,225201,0.25749602913,0.97845429182,0.03247372806,0,0
449475,2,225198,0.25679174065,0.97585695981,0.032482583075,0,0
449475,3,225202,0.25932252407,0.97634583711,0.03254314512,0,0
449477,1,225194,0.2555129528,0.97330331802,0.032474461942,0,0
449477,2,225199,0.25665646791,0.97083455324,0.032532706856,0,0
449477,3,225200,0.25809821486,0.97358655929,0.032541655004,0,0
449478,1,225200,0.25809821486,0.97358655929,0.032541655004,0,0
449478,2,225202,0.25932252407,0.97634583711,0.03254314512,0,0
449478,3,225198,0.25679174065,0.97585695981,0.032482583075,0,0
449479,1,225218,0.25800794363,0.98097771406,0.032459694892,0,0
449479,2,225201,0.25749602913,0.97845429182,0.03247372806,0,0
449479,3,225205,0.26045978069,0.97898989915,0.032542105764,0,0
449480,1,225200,0.25809821486,0.97358655929,0.032541655004,0,0
449480,2,225204,0.26074135303,0.97400027513,0.032602585852,0,0
449480,3,225202,0.25932252407,0.97634583711,0.03254314512,0,0
449481,1,225205,0.26045978069,0.97898989915,0.032542105764,0,0
449481,2,225202,0.25932252407,0.97634583711,0.03254314512,0,0
449481,3,225426,0.26236641407,0.97684293985,0.032608583569,0,0
449482,1,225202,0.25932252407,0.97634583711,0.03254314512,1,1
449482,2,225205,0.26045978069,0.97898989915,0.032542105764,1,1
449482,3,225201,0.25749602913,0.97845429182,0.03247372806,1,1
449484,1,225223,0.25124183297,0.99184018373,0.032152436673,0,0
449484,2,224997,0.25131955742,0.98919332027,0.032182976603,0,0
449484,3,225213,0.25364390015,0.99034583568,0.032239038497,0,0
449486,1,225190,0.25282526016,0.98018234968,0.032323565334,0,0
449486,2,225209,0.25326526165,0.98238074779,0.03231305629,0,0
449486,3,225206,0.25111687183,0.98134219646,0.032260745763,0,0
449488,1,225209,0.25326526165,0.98238074779,0.03231305629,0,0
449488,2,225210,0.25357329845,0.98488420248,0.032295368611,0,0
449488,3,225207,0.25114226341,0.98405921459,0.032232504338,0,0
449489,1,225211,0.2536509633,0.98752892017,0.032269373536,0,0
449489,2,225213,0.25364390015,0.99034583568,0.032239038497,0,0
449489,3,224997,0.25131955742,0.98919332027,0.032182976603,0,0
449490,1,225208,0.2512102127,0.98660624027,0.032207351177,0,0
449490,2,225211,0.2536509633,0.98752892017,0.032269373536,0,0
449490,3,224997,0.25131955742,0.98919332027,0.032182976603,0,0
449491,1,225197,0.25516879558,0.98019987344,0.032390873879,0,0
449491,2,225209,0.25326526165,0.98238074779,0.03231305629,0,0
449491,3,225190,0.25282526016,0.98018234968,0.032323565334,0,0
449492,1,225208,0.2512102127,0.98660624027,0.032207351177,0,0
449492,2,225210,0.25357329845,0.98488420248,0.032295368611,0,0
449492,3,225211,0.2536509633,0.98752892017,0.032269373536,0,0
449493,1,225215,0.25829520821,0.98368442058,0.032437872141,0,0
449493,2,225212,0.25574335455,0.98293155431,0.032377790659,0,0
449493,3,225218,0.25800794363,0.98097771406,0.032459694892,0,0
449494,1,225214,0.2559607625,0.98565173149,0.03235470876,0,0
449494,2,225210,0.25357329845,0.98488420248,0.032295368611,0,0
449494,3,225212,0.25574335455,0.98293155431,0.032377790659,0,0
449495,1,225209,0.25326526165,0.98238074779,0.03231305629,0,1
449495,2,225212,0.25574335455,0.98293155431,0.032377790659,0,1
449495,3,225210,0.25357329845,0.98488420248,0.032295368611,0,1
449496,1,225211,0.2536509633,0.98752892017,0.032269373536,0,0
449496,2,225210,0.25357329845,0.98488420248,0.032295368611,0,0
449496,3,225214,0.2559607625,0.98565173149,0.03235470876,0,0
449497,1,225213,0.25364390015,0.99034583568,0.032239038497,0,0
449497,2,225211,0.2536509633,0.98752892017,0.032269373536,0,0
449497,3,225216,0.25593036413,0.98862993717,0.032321874052,0,0
449498,1,225209,0.25326526165,0.98238074779,0.03231305629,0,0
449498,2,225197,0.25516879558,0.98019987344,0.032390873879,0,0
449498,3,225212,0.25574335455,0.98293155431,0.032377790659,0,0
449499,1,225214,0.2559607625,0.98565173149,0.03235470876,0,0
449499,2,225212,0.25574335455,0.98293155431,0.032377790659,0,0
449499,3,225215,0.25829520821,0.98368442058,0.032437872141,0,0
449500,1,225214,0.2559607625,0.98565173149,0.03235470876,0,0
449500,2,225216,0.25593036413,0.98862993717,0.032321874052,0,0
449500,3,225211,0.2536509633,0.98752892017,0.032269373536,0,0
449501,1,225197,0.25516879558,0.98019987344,0.032390873879,0,0
449501,2,225218,0.25800794363,0.98097771406,0.032459694892,0,0
449501,3,225212,0.25574335455,0.98293155431,0.032377790659,0,0
449502,1,225216,0.25593036413,0.98862993717,0.032321874052,0,1
449502,2,225214,0.2559607625,0.98565173149,0.03235470876,0,1
449502,3,225219,0.25819346308,0.98663932085,0.032403428107,0,1
449503,1,225216,0.25593036413,0.98862993717,0.032321874052,0,0
449503,2,225217,0.2559249103,0.99167197942,0.032289288938,0,0
449503,3,225213,0.25364390015,0.99034583568,0.032239038497,0,0
449504,1,225219,0.25819346308,0.98663932085,0.032403428107,1,0
449504,2,225215,0.25829520821,0.98368442058,0.032437872141,1,0
449504,3,225221,0.26056140661,0.9847599864,0.032481834292,1,0
449505,1,225220,0.25820493698,0.98981153964,0.032369680702,0,0
449505,2,225216,0.25593036413,0.98862993717,0.032321874052,0,0
449505,3,225219,0.25819346308,0.98663932085,0.032403428107,0,0
449506,1,225215,0.25829520821,0.98368442058,0.032437872141,0,0
449506,2,225219,0.25819346308,0.98663932085,0.032403428107,0,0
449506,3,225214,0.2559607625,0.98565173149,0.03235470876,0,0
449507,1,225217,0.2559249103,0.99167197942,0.032289288938,1,1
449507,2,225220,0.25820493698,0.98981153964,0.032369680702,1,1
449507,3,225231,0.2582347393,0.99295926094,0.03233647719,1,1
449508,1,225216,0.25593036413,0.98862993717,0.032321874052,0,0
449508,2,225220,0.25820493698,0.98981153964,0.032369680702,0,0
449508,3,225217,0.2559249103,0.99167197942,0.032289288938,0,0
449509,1,225218,0.25800794363,0.98097771406,0.032459694892,0,1
449509,2,225435,0.2608513236,0.98161405324,0.032522447407,0,1
449509,3,225215,0.25829520821,0.98368442058,0.032437872141,0,1
449510,1,225221,0.26056140661,0.9847599864,0.032481834292,1,0
449510,2,225215,0.25829520821,0.98368442058,0.032437872141,1,0
449510,3,225435,0.2608513236,0.98161405324,0.032522447407,1,0
449511,1,225220,0.25820493698,0.98981153964,0.032369680702,0,0
449511,2,225219,0.25819346308,0.98663932085,0.032403428107,0,0
449511,3,225222,0.26042607426,0.98791718482,0.032444458454,0,0
449512,1,225221,0.26056140661,0.9847599864,0.032481834292,0,1
449512,2,225222,0.26042607426,0.98791718482,0.032444458454,0,1
449512,3,225219,0.25819346308,0.98663932085,0.032403428107,0,1
449513,1,225438,0.26274016499,0.98606926202,0.032515335828,0,0
449513,2,225437,0.26281747221,0.98916208744,0.032482940703,0,0
449513,3,225222,0.26042607426,0.98791718482,0.032444458454,0,0
449517,1,225213,0.25364390015,0.99034583568,0.032239038497,0,0
449517,2,225226,0.25356632471,0.99331396818,0.032205011695,0,0
449517,3,225223,0.25124183297,0.99184018373,0.032152436673,0,0
449518,1,225227,0.25320094823,0.99665796756,0.032158538699,0,0
449518,2,225224,0.25078663229,0.99459505081,0.032109424471,0,0
449518,3,225226,0.25356632471,0.99331396818,0.032205011695,0,0
449520,1,225228,0.25449961423,0.99932909011,0.032167084515,0,0
449520,2,225225,0.25160560011,0.99976438283,0.032078500837,0,0
449520,3,225227,0.25320094823,0.99665796756,0.032158538699,0,0
449522,1,225226,0.25356632471,0.99331396818,0.032205011695,0,1
449522,2,225213,0.25364390015,0.99034583568,0.032239038497,0,1
449522,3,225217,0.2559249103,0.99167197942,0.032289288938,0,1
449523,1,225227,0.25320094823,0.99665796756,0.032158538699,0,0
449523,2,225226,0.25356632471,0.99331396818,0.032205011695,0,0
449523,3,225230,0.25588330626,0.99471348524,0.032255455851,0,0
449524,1,225217,0.2559249103,0.99167197942,0.032289288938,0,0
449524,2,225230,0.25588330626,0.99471348524,0.032255455851,0,0
449524,3,225226,0.25356632471,0.99331396818,0.032205011695,0,0
449525,1,225228,0.25449961423,0.99932909011,0.032167084515,0,0
449525,2,225227,0.25320094823,0.99665796756,0.032158538699,0,0
449525,3,225229,0.25611108541,0.99741005897,0.032232906669,0,0
449526,1,225230,0.25588330626,0.99471348524,0.032255455851,0,0
449526,2,225229,0.25611108541,0.99741005897,0.032232906669,0,0
449526,3,225227,0.25320094823,0.99665796756,0.032158538699,0,0
449527,1,225240,0.25355488061,1.0018399953,0.032113503664,0,1
449527,2,225228,0.25449961423,0.99932909011,0.032167084515,0,1
449527,3,225244,0.25572228431,1.0012755393,0.032180491834,0,1
449528,1,225233,0.25688686966,0.9997678399,0.032228063791,0,0
449528,2,225229,0.25611108541,0.99741005897,0.032232906669,0,0
449528,3,225232,0.25813549757,0.99816662073,0.032277714461,0,0
449529,1,225228,0.25449961423,0.99932909011,0.032167084515,0,0
449529,2,225233,0.25688686966,0.9997678399,0.032228063791,0,0
449529,3,225244,0.25572228431,1.0012755393,0.032180491834,0,0
449530,1,225229,0.25611108541,0.99741005897,0.032232906669,0,0
449530,2,225233,0.25688686966,0.9997678399,0.032228063791,0,0
449530,3,225228,0.25449961423,0.99932909011,0.032167084515,0,0
449531,1,225235,0.26045748591,0.99112308025,0.032410278916,0,1
449531,2,225231,0.2582347393,0.99295926094,0.03233647719,0,1
449531,3,225220,0.25820493698,0.98981153964,0.032369680702,0,1
449532,1,225230,0.25588330626,0.99471348524,0.032255455851,0,1
449532,2,225234,0.25824287533,0.99578815698,0.032306175678,0,1
449532,3,225229,0.25611108541,0.99741005897,0.032232906669,0,1
449533,1,225217,0.2559249103,0.99167197942,0.032289288938,0,0
449533,2,225231,0.2582347393,0.99295926094,0.03233647719,0,0
449533,3,225230,0.25588330626,0.99471348524,0.032255455851,0,0
449534,1,225232,0.25813549757,0.99816662073,0.032277714461,0,0
449534,2,225229,0.25611108541,0.99741005897,0.032232906669,0,0
449534,3,225234,0.25824287533,0.99578815698,0.032306175678,0,0
449535,1,225445,0.26064425706,0.99436312913,0.032379310578,0,0
449535,2,225231,0.2582347393,0.99295926094,0.03233647719,0,0
449535,3,225235,0.26045748591,0.99112308025,0.032410278916,0,0
449536,1,225231,0.2582347393,0.99295926094,0.03233647719,0,0
449536,2,225234,0.25824287533,0.99578815698,0.032306175678,0,0
449536,3,225230,0.25588330626,0.99471348524,0.032255455851,0,0
449537,1,225445,0.26064425706,0.99436312913,0.032379310578,0,0
449537,2,225234,0.25824287533,0.99578815698,0.032306175678,0,0
449537,3,225231,0.2582347393,0.99295926094,0.03233647719,0,0
449538,1,225236,0.26050084829,0.99741798639,0.032342966645,1,0
449538,2,225250,0.25931704044,1.0000734329,0.032286603003,1,0
449538,3,225232,0.25813549757,0.99816662073,0.032277714461,1,0
449539,1,225448,0.26231864094,0.99985337257,0.032356314361,0,0
449539,2,225236,0.26050084829,0.99741798639,0.032342966645,0,0
449539,3,225447,0.26324245333,0.99604558944,0.032415412366,0,0
449540,1,225233,0.25688686966,0.9997678399,0.032228063791,0,0
449540,2,225232,0.25813549757,0.99816662073,0.032277714461,0,0
449540,3,225250,0.25931704044,1.0000734329,0.032286603003,0,0
449541,1,225234,0.25824287533,0.99578815698,0.032306175678,1,0
449541,2,225236,0.26050084829,0.99741798639,0.032342966645,1,0
449541,3,225232,0.25813549757,0.99816662073,0.032277714461,1,0
449545,1,225228,0.25449961423,0.99932909011,0.032167084515,0,0
449545,2,225240,0.25355488061,1.0018399953,0.032113503664,0,0
449545,3,225225,0.25160560011,0.99976438283,0.032078500837,0,0
449547,1,225240,0.25355488061,1.0018399953,0.032113503664,0,0
449547,2,225241,0.25350582599,1.0044451951,0.032084207981,0,0
449547,3,225237,0.25054880976,1.0031368732,0.032011207193,0,0
449548,1,225241,0.25350582599,1.0044451951,0.032084207981,0,0
449548,2,225242,0.253323704,1.0071716308,0.032049734145,0,0
449548,3,225238,0.25126516819,1.0057179927,0.032004941254,0,0
449549,1,225242,0.253323704,1.0071716308,0.032049734145,0,0
449549,2,225243,0.25260701775,1.0098365545,0.032000467181,0,0
449549,3,225017,0.25034132599,1.008198142,0.031951025128,0,0
449552,1,225244,0.25572228431,1.0012755393,0.032180491834,0,0
449552,2,225245,0.25579872727,1.0034773349,0.032158993184,0,0
449552,3,225240,0.25355488061,1.0018399953,0.032113503664,0,0
449553,1,225241,0.25350582599,1.0044451951,0.032084207981,0,0
449553,2,225240,0.25355488061,1.0018399953,0.032113503664,0,0
449553,3,225245,0.25579872727,1.0034773349,0.032158993184,0,0
449554,1,225242,0.253323704,1.0071716308,0.032049734145,0,0
449554,2,225241,0.25350582599,1.0044451951,0.032084207981,0,0
449554,3,225246,0.25600761175,1.0060528516,0.032137170433,0,0
449555,1,225245,0.25579872727,1.0034773349,0.032158993184,0,0
449555,2,225246,0.25600761175,1.0060528516,0.032137170433,0,0
449555,3,225241,0.25350582599,1.0044451951,0.032084207981,0,0
449556,1,225242,0.253323704,1.0071716308,0.032049734145,0,0
449556,2,225247,0.2558722794,1.0086154937,0.03210588172,0,0
449556,3,225243,0.25260701775,1.0098365545,0.032000467181,0,0
449557,1,225258,0.25539654493,1.0113070011,0.032063763588,1,0
449557,2,225243,0.25260701775,1.0098365545,0.032000467181,1,0
449557,3,225247,0.2558722794,1.0086154937,0.03210588172,1,0
449558,1,225246,0.25600761175,1.0060528516,0.032137170433,0,0
449558,2,225247,0.2558722794,1.0086154937,0.03210588172,0,0
449558,3,225242,0.253323704,1.0071716308,0.032049734145,0,0
449559,1,225245,0.25579872727,1.0034773349,0.032158993184,0,0
449559,2,225244,0.25572228431,1.0012755393,0.032180491834,0,0
449559,3,225248,0.25766584277,1.0019999742,0.032224237918,0,0
449560,1,225233,0.25688686966,0.9997678399,0.032228063791,0,0
449560,2,225248,0.25766584277,1.0019999742,0.032224237918,0,0
449560,3,225244,0.25572228431,1.0012755393,0.032180491834,0,0
449561,1,225248,0.25766584277,1.0019999742,0.032224237918,0,0
449561,2,225249,0.2580525875,1.0045365095,0.032206986099,0,0
449561,3,225245,0.25579872727,1.0034773349,0.032158993184,0,0
449562,1,225245,0.25579872727,1.0034773349,0.032158993184,0,0
449562,2,225249,0.2580525875,1.0045365095,0.032206986099,0,0
449562,3,225246,0.25600761175,1.0060528516,0.032137170433,0,0
449563,1,225247,0.2558722794,1.0086154937,0.03210588172,0,0
449563,2,225246,0.25600761175,1.0060528516,0.032137170433,0,0
449563,3,225251,0.25914826989,1.0072028636,0.032205481082,0,0
449564,1,225249,0.2580525875,1.0045365095,0.032206986099,0,1
449564,2,225251,0.25914826989,1.0072028636,0.032205481082,0,1
449564,3,225246,0.25600761175,1.0060528516,0.032137170433,0,1
449565,1,225251,0.25914826989,1.0072028636,0.032205481082,0,0
449565,2,225252,0.25875258445,1.0099967718,0.032166093587,0,0
449565,3,225247,0.2558722794,1.0086154937,0.03210588172,0,0
449566,1,225254,0.26042586565,1.0047448873,0.032261606305,1,0
449566,2,225249,0.2580525875,1.0045365095,0.032206986099,1,0
449566,3,225253,0.26008811593,1.0023524761,0.032280262559,1,0
449567,1,225233,0.25688686966,0.9997678399,0.032228063791,0,0
449567,2,225250,0.25931704044,1.0000734329,0.032286603003,0,0
449567,3,225248,0.25766584277,1.0019999742,0.032224237918,0,0
449568,1,225251,0.25914826989,1.0072028636,0.032205481082,0,1
449568,2,225249,0.2580525875,1.0045365095,0.032206986099,0,1
449568,3,225254,0.26042586565,1.0047448873,0.032261606305,0,1
449569,1,225457,0.26262462139,1.003304243,0.03232429549,0,0
449569,2,225253,0.26008811593,1.0023524761,0.032280262559,0,0
449569,3,225448,0.26231864094,0.99985337257,0.032356314361,0,0
449570,1,225250,0.25931704044,1.0000734329,0.032286603003,1,1
449570,2,225253,0.26008811593,1.0023524761,0.032280262559,1,1
449570,3,225248,0.25766584277,1.0019999742,0.032224237918,1,1
449571,1,225248,0.25766584277,1.0019999742,0.032224237918,0,0
449571,2,225253,0.26008811593,1.0023524761,0.032280262559,0,0
449571,3,225249,0.2580525875,1.0045365095,0.032206986099,0,0
449572,1,225251,0.25914826989,1.0072028636,0.032205481082,0,0
449572,2,225459,0.26194891333,1.0090498924,0.032247897237,0,0
449572,3,225252,0.25875258445,1.0099967718,0.032166093587,0,0
449573,1,225264,0.26152908802,1.0116873979,0.032210469245,0,1
449573,2,225252,0.25875258445,1.0099967718,0.032166093587,0,1
449573,3,225459,0.26194891333,1.0090498924,0.032247897237,0,1
449579,1,225257,0.25283691287,1.0187634229,0.031911823898,0,0
449579,2,225255,0.25261506438,1.0158168077,0.031936835497,0,0
449579,3,225260,0.25568041205,1.0168869495,0.032011758536,0,0
449580,1,225256,0.25192221999,1.012771964,0.031948983669,0,0
449580,2,225259,0.25552260875,1.0140388011,0.032037954777,0,0
449580,3,225255,0.25261506438,1.0158168077,0.031936835497,0,0
449581,1,225243,0.25260701775,1.0098365545,0.032000467181,1,1
449581,2,225258,0.25539654493,1.0113070011,0.032063763588,1,1
449581,3,225256,0.25192221999,1.012771964,0.031948983669,1,1
449582,1,225259,0.25552260875,1.0140388011,0.032037954777,0,0
449582,2,225256,0.25192221999,1.012771964,0.031948983669,0,0
449582,3,225258,0.25539654493,1.0113070011,0.032063763588,0,0
449583,1,225259,0.25552260875,1.0140388011,0.032037954777,0,0
449583,2,225260,0.25568041205,1.0168869495,0.032011758536,0,0
449583,3,225255,0.25261506438,1.0158168077,0.031936835497,0,0
449584,1,225252,0.25875258445,1.0099967718,0.032166093587,0,0
449584,2,225261,0.25853183865,1.0125312805,0.032132998108,0,0
449584,3,225258,0.25539654493,1.0113070011,0.032063763588,0,0
449585,1,225262,0.25852459669,1.0150871276,0.032105173915,0,1
449585,2,225260,0.25568041205,1.0168869495,0.032011758536,0,1
449585,3,225259,0.25552260875,1.0140388011,0.032037954777,0,1
449586,1,225266,0.25300183892,1.0217795372,0.031884450465,0,1
449586,2,225257,0.25283691287,1.0187634229,0.031911823898,0,1
449586,3,225269,0.25577723979,1.0199469327,0.031981591135,0,1
449587,1,225247,0.2558722794,1.0086154937,0.03210588172,1,1
449587,2,225252,0.25875258445,1.0099967718,0.032166093587,1,1
449587,3,225258,0.25539654493,1.0113070011,0.032063763588,1,1
449588,1,225259,0.25552260875,1.0140388011,0.032037954777,0,0
449588,2,225258,0.25539654493,1.0113070011,0.032063763588,0,0
449588,3,225261,0.25853183865,1.0125312805,0.032132998108,0,0
449589,1,225261,0.25853183865,1.0125312805,0.032132998108,0,0
449589,2,225262,0.25852459669,1.0150871276,0.032105173915,0,0
449589,3,225259,0.25552260875,1.0140388011,0.032037954777,0,0
449590,1,225262,0.25852459669,1.0150871276,0.032105173915,0,0
449590,2,225263,0.2585465312,1.0179333686,0.03207495436,0,0
449590,3,225260,0.25568041205,1.0168869495,0.032011758536,0,0
449591,1,225269,0.25577723979,1.0199469327,0.031981591135,0,0
449591,2,225263,0.2585465312,1.0179333686,0.03207495436,0,0
449591,3,225265,0.25835761427,1.0211653709,0.032035198062,0,0
449592,1,225260,0.25568041205,1.0168869495,0.032011758536,0,0
449592,2,225263,0.2585465312,1.0179333686,0.03207495436,0,0
449592,3,225269,0.25577723979,1.0199469327,0.031981591135,0,0
449593,1,225261,0.25853183865,1.0125312805,0.032132998108,0,0
449593,2,225252,0.25875258445,1.0099967718,0.032166093587,0,0
449593,3,225264,0.26152908802,1.0116873979,0.032210469245,0,0
449594,1,225469,0.26138374209,1.016118288,0.03215925768,0,1
449594,2,225262,0.25852459669,1.0150871276,0.032105173915,0,1
449594,3,225471,0.26084402203,1.0139074325,0.032171372324,0,1
449595,1,225265,0.25835761427,1.0211653709,0.032035198062,1,1
449595,2,225263,0.2585465312,1.0179333686,0.03207495436,1,1
449595,3,225470,0.26128682494,1.0191385746,0.032124646008,1,1
449597,1,225268,0.25302517414,1.0250765085,0.031849671155,0,0
449597,2,225267,0.25304314494,1.0284570455,0.031813923269,0,0
449597,3,225044,0.25044029951,1.0266994237,0.031756479293,0,0
449599,1,225266,0.25300183892,1.0217795372,0.031884450465,0,0
449599,2,225268,0.25302517414,1.0250765085,0.031849671155,0,0
449599,3,225042,0.25043529272,1.0234727859,0.031790781766,0,0
449600,1,225267,0.25304314494,1.0284570455,0.031813923269,0,0
449600,2,225268,0.25302517414,1.0250765085,0.031849671155,0,0
449600,3,225271,0.25552475452,1.0265893936,0.031903497874,0,0
449601,1,225269,0.25577723979,1.0199469327,0.031981591135,0,0
449601,2,225257,0.25283691287,1.0187634229,0.031911823898,0,0
449601,3,225260,0.25568041205,1.0168869495,0.032011758536,0,0
449602,1,225270,0.25555759668,1.0232334136,0.031940322369,0,0
449602,2,225266,0.25300183892,1.0217795372,0.031884450465,0,0
449602,3,225269,0.25577723979,1.0199469327,0.031981591135,0,0
449603,1,225268,0.25302517414,1.0250765085,0.031849671155,0,0
449603,2,225266,0.25300183892,1.0217795372,0.031884450465,0,0
449603,3,225270,0.25555759668,1.0232334136,0.031940322369,0,0
449604,1,225270,0.25555759668,1.0232334136,0.031940322369,0,0
449604,2,225271,0.25552475452,1.0265893936,0.031903497874,0,0
449604,3,225268,0.25302517414,1.0250765085,0.031849671155,0,0
449607,1,225274,0.25791674852,1.0244618654,0.03198839724,0,0
449607,2,225270,0.25555759668,1.0232334136,0.031940322369,0,0
449607,3,225265,0.25835761427,1.0211653709,0.032035198062,0,0
449608,1,225271,0.25552475452,1.0265893936,0.031903497874,0,1
449608,2,225270,0.25555759668,1.0232334136,0.031940322369,0,1
449608,3,225274,0.25791674852,1.0244618654,0.03198839724,0,1
449609,1,225275,0.25975555181,1.02556777,0.032020121812,0,0
449609,2,225273,0.25785836577,1.0277497768,0.031951453536,0,0
449609,3,225274,0.25791674852,1.0244618654,0.03198839724,0,0
449610,1,225270,0.25555759668,1.0232334136,0.031940322369,0,0
449610,2,225269,0.25577723979,1.0199469327,0.031981591135,0,0
449610,3,225265,0.25835761427,1.0211653709,0.032035198062,0,0
449611,1,225482,0.26206499338,1.0254131555,0.032070837914,0,1
449611,2,225275,0.25975555181,1.02556777,0.032020121812,0,1
449611,3,225481,0.26100605726,1.0225415229,0.032081250101,0,1
449612,1,225271,0.25552475452,1.0265893936,0.031903497874,0,0
449612,2,225274,0.25791674852,1.0244618654,0.03198839724,0,0
449612,3,225273,0.25785836577,1.0277497768,0.031951453536,0,0
449614,1,225481,0.26100605726,1.0225415229,0.032081250101,1,0
449614,2,225274,0.25791674852,1.0244618654,0.03198839724,1,0
449614,3,225265,0.25835761427,1.0211653709,0.032035198062,1,0
449617,1,225275,0.25975555181,1.02556777,0.032020121812,0,0
449617,2,225276,0.26024827361,1.0280548334,0.032004129141,0,0
449617,3,225273,0.25785836577,1.0277497768,0.031951453536,0,0
449907,1,225204,0.26074135303,0.97400027513,0.032602585852,0,0
449907,2,225203,0.25951001048,0.9710368514,0.032605268061,0,0
449907,3,225424,0.26201730966,0.97148954868,0.032658737152,0,0
449908,1,225202,0.25932252407,0.97634583711,0.03254314512,0,1
449908,2,225204,0.26074135303,0.97400027513,0.032602585852,0,1
449908,3,225426,0.26236641407,0.97684293985,0.032608583569,0,1
449909,1,225425,0.26354941725,0.97418808937,0.032660856842,0,0
449909,2,225426,0.26236641407,0.97684293985,0.032608583569,0,0
449909,3,225204,0.26074135303,0.97400027513,0.032602585852,0,0
449910,1,225426,0.26236641407,0.97684293985,0.032608583569,0,0
449910,2,225428,0.26397830247,0.97975945472,0.032607872039,0,0
449910,3,225205,0.26045978069,0.97898989915,0.032542105764,0,0
449911,1,225427,0.26434254646,0.9717823863,0.03270259127,0,0
449911,2,225425,0.26354941725,0.97418808937,0.032660856842,0,0
449911,3,225424,0.26201730966,0.97148954868,0.032658737152,0,0
449912,1,225424,0.26201730966,0.97148954868,0.032658737152,0,0
449912,2,225425,0.26354941725,0.97418808937,0.032660856842,0,0
449912,3,225204,0.26074135303,0.97400027513,0.032602585852,0,0
449913,1,225435,0.2608513236,0.98161405324,0.032522447407,0,0
449913,2,225205,0.26045978069,0.97898989915,0.032542105764,0,0
449913,3,225428,0.26397830247,0.97975945472,0.032607872039,0,0
449914,1,225428,0.26397830247,0.97975945472,0.032607872039,0,0
449914,2,225426,0.26236641407,0.97684293985,0.032608583569,0,0
449914,3,225430,0.26586052775,0.97659486532,0.032675735652,0,0
449919,1,225430,0.26586052775,0.97659486532,0.032675735652,0,0
449919,2,225425,0.26354941725,0.97418808937,0.032660856842,0,0
449919,3,225429,0.26632258296,0.9734057188,0.032718256115,0,0
449920,1,225427,0.26434254646,0.9717823863,0.03270259127,0,0
449920,2,225429,0.26632258296,0.9734057188,0.032718256115,0,0
449920,3,225425,0.26354941725,0.97418808937,0.032660856842,0,0
449921,1,225425,0.26354941725,0.97418808937,0.032660856842,0,0
449921,2,225430,0.26586052775,0.97659486532,0.032675735652,0,0
449921,3,225426,0.26236641407,0.97684293985,0.032608583569,0,0
449922,1,225441,0.26631563901,0.98226213455,0.032620001584,0,0
449922,2,225428,0.26397830247,0.97975945472,0.032607872039,0,0
449922,3,225434,0.26771906018,0.97952467203,0.032668747007,0,0
449923,1,225432,0.26886856555,0.97464424371,0.032737459987,0,0
449923,2,225429,0.26632258296,0.9734057188,0.032718256115,0,0
449923,3,225431,0.26890036463,0.97181588411,0.032769460231,0,0
449924,1,225430,0.26586052775,0.97659486532,0.032675735652,0,1
449924,2,225429,0.26632258296,0.9734057188,0.032718256115,0,1
449924,3,225432,0.26886856555,0.97464424371,0.032737459987,0,1
449925,1,225432,0.26886856555,0.97464424371,0.032737459987,0,1
449925,2,225433,0.26890045404,0.97707819938,0.032710392028,0,1
449925,3,225430,0.26586052775,0.97659486532,0.032675735652,0,1
449926,1,225433,0.26890045404,0.97707819938,0.032710392028,0,0
449926,2,225434,0.26771906018,0.97952467203,0.032668747007,0,0
449926,3,225430,0.26586052775,0.97659486532,0.032675735652,0,0
449927,1,225430,0.26586052775,0.97659486532,0.032675735652,0,0
449927,2,225434,0.26771906018,0.97952467203,0.032668747007,0,0
449927,3,225428,0.26397830247,0.97975945472,0.032607872039,0,0
449928,1,225205,0.26045978069,0.97898989915,0.032542105764,1,0
449928,2,225435,0.2608513236,0.98161405324,0.032522447407,1,0
449928,3,225218,0.25800794363,0.98097771406,0.032459694892,1,0
449929,1,225438,0.26274016499,0.98606926202,0.032515335828,0,0
449929,2,225221,0.26056140661,0.9847599864,0.032481834292,0,0
449929,3,225436,0.26309248805,0.9829390645,0.032556220889,0,0
449930,1,225221,0.26056140661,0.9847599864,0.032481834292,0,1
449930,2,225438,0.26274016499,0.98606926202,0.032515335828,0,1
449930,3,225222,0.26042607426,0.98791718482,0.032444458454,0,1
449931,1,225235,0.26045748591,0.99112308025,0.032410278916,0,0
449931,2,225222,0.26042607426,0.98791718482,0.032444458454,0,0
449931,3,225437,0.26281747221,0.98916208744,0.032482940703,0,0
449932,1,225220,0.25820493698,0.98981153964,0.032369680702,0,0
449932,2,225222,0.26042607426,0.98791718482,0.032444458454,0,0
449932,3,225235,0.26045748591,0.99112308025,0.032410278916,0,0
449933,1,225441,0.26631563901,0.98226213455,0.032620001584,0,1
449933,2,225436,0.26309248805,0.9829390645,0.032556220889,0,1
449933,3,225428,0.26397830247,0.97975945472,0.032607872039,0,1
449934,1,225435,0.2608513236,0.98161405324,0.032522447407,0,0
449934,2,225436,0.26309248805,0.9829390645,0.032556220889,0,0
449934,3,225221,0.26056140661,0.9847599864,0.032481834292,0,0
449935,1,225435,0.2608513236,0.98161405324,0.032522447407,0,0
449935,2,225428,0.26397830247,0.97975945472,0.032607872039,0,0
449935,3,225436,0.26309248805,0.9829390645,0.032556220889,0,0
449936,1,225441,0.26631563901,0.98226213455,0.032620001584,0,0
449936,2,225439,0.26500567793,0.98466163873,0.032573137432,0,0
449936,3,225436,0.26309248805,0.9829390645,0.032556220889,0,0
449937,1,225437,0.26281747221,0.98916208744,0.032482940703,0,0
449937,2,225438,0.26274016499,0.98606926202,0.032515335828,0,0
449937,3,225440,0.26539570093,0.98734122514,0.032549597322,0,0
449938,1,225438,0.26274016499,0.98606926202,0.032515335828,0,0
449938,2,225436,0.26309248805,0.9829390645,0.032556220889,0,0
449938,3,225439,0.26500567793,0.98466163873,0.032573137432,0,0
449939,1,225439,0.26500567793,0.98466163873,0.032573137432,0,0
449939,2,225440,0.26539570093,0.98734122514,0.032549597322,0,0
449939,3,225438,0.26274016499,0.98606926202,0.032515335828,0,0
449940,1,225441,0.26631563901,0.98226213455,0.032620001584,0,1
449940,2,225443,0.26782512664,0.98505413532,0.032608728855,0,1
449940,3,225439,0.26500567793,0.98466163873,0.032573137432,0,1
449941,1,225443,0.26782512664,0.98505413532,0.032608728855,1,0
449941,2,225441,0.26631563901,0.98226213455,0.032620001584,1,0
449941,3,225631,0.27010288834,0.98232245445,0.032660514116,1,0
449942,1,225443,0.26782512664,0.98505413532,0.032608728855,0,0
449942,2,225440,0.26539570093,0.98734122514,0.032549597322,0,0
449942,3,225439,0.26500567793,0.98466163873,0.032573137432,0,0
449943,1,225443,0.26782512664,0.98505413532,0.032608728855,0,0
449943,2,225444,0.26837077736,0.9882774353,0.032578684389,0,0
449943,3,225440,0.26539570093,0.98734122514,0.032549597322,0,0
449944,1,225444,0.26837077736,0.9882774353,0.032578684389,1,1
449944,2,225442,0.26549220085,0.9904077053,0.032517023384,1,1
449944,3,225440,0.26539570093,0.98734122514,0.032549597322,1,1
449945,1,225454,0.26849627494,0.99146705865,0.032544292509,0,0
449945,2,225442,0.26549220085,0.9904077053,0.032517023384,0,0
449945,3,225444,0.26837077736,0.9882774353,0.032578684389,0,0
449946,1,225434,0.26771906018,0.97952467203,0.032668747007,1,0
449946,2,225631,0.27010288834,0.98232245445,0.032660514116,1,0
449946,3,225441,0.26631563901,0.98226213455,0.032620001584,1,0
449947,1,225632,0.27079635858,0.9859817028,0.032624162733,0,1
449947,2,225443,0.26782512664,0.98505413532,0.032608728855,0,1
449947,3,225631,0.27010288834,0.98232245445,0.032660514116,0,1
449948,1,225444,0.26837077736,0.9882774353,0.032578684389,0,0
449948,2,225443,0.26782512664,0.98505413532,0.032608728855,0,0
449948,3,225632,0.27079635858,0.9859817028,0.032624162733,0,0
449949,1,225632,0.27079635858,0.9859817028,0.032624162733,0,1
449949,2,225633,0.27167299389,0.98954105377,0.032587669789,0,1
449949,3,225444,0.26837077736,0.9882774353,0.032578684389,0,1
449950,1,225454,0.26849627494,0.99146705865,0.032544292509,0,1
449950,2,225444,0.26837077736,0.9882774353,0.032578684389,0,1
449950,3,225633,0.27167299389,0.98954105377,0.032587669789,0,1
449951,1,225445,0.26064425706,0.99436312913,0.032379310578,0,0
449951,2,225235,0.26045748591,0.99112308025,0.032410278916,0,0
449951,3,225446,0.26288640499,0.99243170022,0.032448459416,0,0
449952,1,225447,0.26324245333,0.99604558944,0.032415412366,0,1
449952,2,225236,0.26050084829,0.99741798639,0.032342966645,0,1
449952,3,225445,0.26064425706,0.99436312913,0.032379310578,0,1
449953,1,225234,0.25824287533,0.99578815698,0.032306175678,0,1
449953,2,225445,0.26064425706,0.99436312913,0.032379310578,0,1
449953,3,225236,0.26050084829,0.99741798639,0.032342966645,0,1
449954,1,225437,0.26281747221,0.98916208744,0.032482940703,1,1
449954,2,225446,0.26288640499,0.99243170022,0.032448459416,1,1
449954,3,225235,0.26045748591,0.99112308025,0.032410278916,1,1
449955,1,225449,0.2656083405,0.99331223964,0.032486498355,0,0
449955,2,225446,0.26288640499,0.99243170022,0.032448459416,0,0
449955,3,225442,0.26549220085,0.9904077053,0.032517023384,0,0
449956,1,225446,0.26288640499,0.99243170022,0.032448459416,0,0
449956,2,225447,0.26324245333,0.99604558944,0.032415412366,0,0
449956,3,225445,0.26064425706,0.99436312913,0.032379310578,0,0
449957,1,225447,0.26324245333,0.99604558944,0.032415412366,0,0
449957,2,225449,0.2656083405,0.99331223964,0.032486498355,0,0
449957,3,225451,0.26613336801,0.99594730138,0.032464686781,0,0
449958,1,225450,0.26533925533,0.9986205101,0.032423879951,0,0
449958,2,225448,0.26231864094,0.99985337257,0.032356314361,0,0
449958,3,225447,0.26324245333,0.99604558944,0.032415412366,0,0
449959,1,225457,0.26262462139,1.003304243,0.03232429549,0,0
449959,2,225448,0.26231864094,0.99985337257,0.032356314361,0,0
449959,3,225460,0.26504102349,1.0018161535,0.032384384423,0,0
449960,1,225437,0.26281747221,0.98916208744,0.032482940703,0,1
449960,2,225442,0.26549220085,0.9904077053,0.032517023384,0,1
449960,3,225446,0.26288640499,0.99243170022,0.032448459416,0,1
449961,1,225446,0.26288640499,0.99243170022,0.032448459416,0,0
449961,2,225449,0.2656083405,0.99331223964,0.032486498355,0,0
449961,3,225447,0.26324245333,0.99604558944,0.032415412366,0,0
449962,1,225450,0.26533925533,0.9986205101,0.032423879951,0,0
449962,2,225447,0.26324245333,0.99604558944,0.032415412366,0,0
449962,3,225451,0.26613336801,0.99594730138,0.032464686781,0,0
449963,1,225460,0.26504102349,1.0018161535,0.032384384423,0,0
449963,2,225450,0.26533925533,0.9986205101,0.032423879951,0,0
449963,3,225452,0.26780691742,1.0005913972,0.032434824854,0,0
449964,1,225440,0.26539570093,0.98734122514,0.032549597322,0,1
449964,2,225442,0.26549220085,0.9904077053,0.032517023384,0,1
449964,3,225437,0.26281747221,0.98916208744,0.032482940703,0,1
449965,1,225451,0.26613336801,0.99594730138,0.032464686781,0,1
449965,2,225449,0.2656083405,0.99331223964,0.032486498355,0,1
449965,3,225455,0.26852148771,0.99451404809,0.03251023963,0,1
449966,1,225442,0.26549220085,0.9904077053,0.032517023384,0,0
449966,2,225454,0.26849627494,0.99146705865,0.032544292509,0,0
449966,3,225449,0.2656083405,0.99331223964,0.032486498355,0,0
449967,1,225454,0.26849627494,0.99146705865,0.032544292509,0,0
449967,2,225455,0.26852148771,0.99451404809,0.03251023963,0,0
449967,3,225449,0.2656083405,0.99331223964,0.032486498355,0,0
449968,1,225455,0.26852148771,0.99451404809,0.03251023963,0,0
449968,2,225453,0.26828432083,0.99752455949,0.032473839819,0,0
449968,3,225451,0.26613336801,0.99594730138,0.032464686781,0,0
449969,1,225451,0.26613336801,0.99594730138,0.032464686781,0,0
449969,2,225453,0.26828432083,0.99752455949,0.032473839819,0,0
449969,3,225450,0.26533925533,0.9986205101,0.032423879951,0,0
449970,1,225450,0.26533925533,0.9986205101,0.032423879951,0,0
449970,2,225453,0.26828432083,0.99752455949,0.032473839819,0,0
449970,3,225452,0.26780691742,1.0005913972,0.032434824854,0,0
449971,1,225633,0.27167299389,0.98954105377,0.032587669789,0,0
449971,2,225644,0.27127310633,0.99290204048,0.032548625022,0,0
449971,3,225454,0.26849627494,0.99146705865,0.032544292509,0,0
449972,1,225454,0.26849627494,0.99146705865,0.032544292509,0,1
449972,2,225644,0.27127310633,0.99290204048,0.032548625022,0,1
449972,3,225455,0.26852148771,0.99451404809,0.03251023963,0,1
449973,1,225644,0.27127310633,0.99290204048,0.032548625022,0,0
449973,2,225645,0.27110570669,0.99609041213,0.032510928809,0,0
449973,3,225455,0.26852148771,0.99451404809,0.03251023963,0,0
449974,1,225452,0.26780691742,1.0005913972,0.032434824854,0,1
449974,2,225453,0.26828432083,0.99752455949,0.032473839819,0,1
449974,3,225456,0.27084067463,0.99922859668,0.03247353062,0,1
449975,1,225455,0.26852148771,0.99451404809,0.03251023963,1,0
449975,2,225645,0.27110570669,0.99609041213,0.032510928809,1,0
449975,3,225453,0.26828432083,0.99752455949,0.032473839819,1,0
449976,1,225456,0.27084067463,0.99922859668,0.03247353062,0,0
449976,2,225453,0.26828432083,0.99752455949,0.032473839819,0,0
449976,3,225645,0.27110570669,0.99609041213,0.032510928809,0,0
449977,1,225253,0.26008811593,1.0023524761,0.032280262559,0,0
449977,2,225250,0.25931704044,1.0000734329,0.032286603003,0,0
449977,3,225448,0.26231864094,0.99985337257,0.032356314361,0,0
449978,1,225236,0.26050084829,0.99741798639,0.032342966645,0,0
449978,2,225448,0.26231864094,0.99985337257,0.032356314361,0,0
449978,3,225250,0.25931704044,1.0000734329,0.032286603003,0,0
449979,1,225458,0.2624618411,1.006324172,0.032288230955,0,1
449979,2,225254,0.26042586565,1.0047448873,0.032261606305,0,1
449979,3,225457,0.26262462139,1.003304243,0.03232429549,0,1
449980,1,225253,0.26008811593,1.0023524761,0.032280262559,0,0
449980,2,225457,0.26262462139,1.003304243,0.03232429549,0,0
449980,3,225254,0.26042586565,1.0047448873,0.032261606305,0,0
449981,1,225254,0.26042586565,1.0047448873,0.032261606305,0,0
449981,2,225458,0.2624618411,1.006324172,0.032288230955,0,0
449981,3,225251,0.25914826989,1.0072028636,0.032205481082,0,0
449982,1,225458,0.2624618411,1.006324172,0.032288230955,0,0
449982,2,225459,0.26194891333,1.0090498924,0.032247897237,0,0
449982,3,225251,0.25914826989,1.0072028636,0.032205481082,0,0
449983,1,225450,0.26533925533,0.9986205101,0.032423879951,0,1
449983,2,225460,0.26504102349,1.0018161535,0.032384384423,0,1
449983,3,225448,0.26231864094,0.99985337257,0.032356314361,0,1
449984,1,225461,0.26507940888,1.0051729679,0.032347783446,0,0
449984,2,225457,0.26262462139,1.003304243,0.03232429549,0,0
449984,3,225460,0.26504102349,1.0018161535,0.032384384423,0,0
449985,1,225461,0.26507940888,1.0051729679,0.032347783446,0,0
449985,2,225462,0.26497408747,1.0083203315,0.03231145814,0,0
449985,3,225458,0.2624618411,1.006324172,0.032288230955,0,0
449986,1,225458,0.2624618411,1.006324172,0.032288230955,0,0
449986,2,225457,0.26262462139,1.003304243,0.03232429549,0,0
449986,3,225461,0.26507940888,1.0051729679,0.032347783446,0,0
449987,1,225458,0.2624618411,1.006324172,0.032288230955,0,0
449987,2,225462,0.26497408747,1.0083203315,0.03231145814,0,0
449987,3,225459,0.26194891333,1.0090498924,0.032247897237,0,0
449988,1,225459,0.26194891333,1.0090498924,0.032247897237,0,0
449988,2,225475,0.26454612612,1.0113637447,0.032270319759,0,0
449988,3,225264,0.26152908802,1.0116873979,0.032210469245,0,0
449989,1,225462,0.26497408747,1.0083203315,0.03231145814,0,0
449989,2,225461,0.26507940888,1.0051729679,0.032347783446,0,0
449989,3,225465,0.26758137345,1.0073412656,0.03235707432,0,0
449990,1,225462,0.26497408747,1.0083203315,0.03231145814,1,1
449990,2,225475,0.26454612612,1.0113637447,0.032270319759,1,1
449990,3,225459,0.26194891333,1.0090498924,0.032247897237,1,1
449991,1,225461,0.26507940888,1.0051729679,0.032347783446,0,1
449991,2,225460,0.26504102349,1.0018161535,0.032384384423,0,1
449991,3,225463,0.26760536432,1.0039211511,0.032395653426,0,1
449992,1,225475,0.26454612612,1.0113637447,0.032270319759,0,0
449992,2,225462,0.26497408747,1.0083203315,0.03231145814,0,0
449992,3,225464,0.26750010251,1.0107725858,0.032317891716,0,0
449993,1,225460,0.26504102349,1.0018161535,0.032384384423,0,0
449993,2,225452,0.26780691742,1.0005913972,0.032434824854,0,0
449993,3,225463,0.26760536432,1.0039211511,0.032395653426,0,0
449994,1,225461,0.26507940888,1.0051729679,0.032347783446,0,0
449994,2,225463,0.26760536432,1.0039211511,0.032395653426,0,0
449994,3,225465,0.26758137345,1.0073412656,0.03235707432,0,0
449995,1,225465,0.26758137345,1.0073412656,0.03235707432,1,1
449995,2,225464,0.26750010251,1.0107725858,0.032317891716,1,1
449995,3,225462,0.26497408747,1.0083203315,0.03231145814,1,1
449996,1,225464,0.26750010251,1.0107725858,0.032317891716,0,0
449996,2,225468,0.27009183168,1.0094488859,0.032353755086,0,0
449996,3,225478,0.27019074559,1.0127689838,0.032316621392,0,0
449997,1,225456,0.27084067463,0.99922859668,0.03247353062,1,0
449997,2,225466,0.2703551054,1.0027143955,0.032431501895,1,0
449997,3,225452,0.26780691742,1.0005913972,0.032434824854,1,0
449998,1,225467,0.27011188864,1.0060851573,0.032391969114,0,1
449998,2,225463,0.26760536432,1.0039211511,0.032395653426,0,1
449998,3,225466,0.2703551054,1.0027143955,0.032431501895,0,1
449999,1,225452,0.26780691742,1.0005913972,0.032434824854,1,1
449999,2,225466,0.2703551054,1.0027143955,0.032431501895,1,1
449999,3,225463,0.26760536432,1.0039211511,0.032395653426,1,1
450000,1,225468,0.27009183168,1.0094488859,0.032353755086,0,1
450000,2,225465,0.26758137345,1.0073412656,0.03235707432,0,1
450000,3,225467,0.27011188864,1.0060851573,0.032391969114,0,1
450001,1,225463,0.26760536432,1.0039211511,0.032395653426,0,0
450001,2,225467,0.27011188864,1.0060851573,0.032391969114,0,0
450001,3,225465,0.26758137345,1.0073412656,0.03235707432,0,0
450002,1,225465,0.26758137345,1.0073412656,0.03235707432,0,0
450002,2,225468,0.27009183168,1.0094488859,0.032353755086,0,0
450002,3,225464,0.26750010251,1.0107725858,0.032317891716,0,0
450003,1,225471,0.26084402203,1.0139074325,0.032171372324,0,0
450003,2,225264,0.26152908802,1.0116873979,0.032210469245,0,0
450003,3,225472,0.26354935765,1.0140885114,0.03222297877,0,0
450004,1,225264,0.26152908802,1.0116873979,0.032210469245,0,0
450004,2,225471,0.26084402203,1.0139074325,0.032171372324,0,0
450004,3,225261,0.25853183865,1.0125312805,0.032132998108,0,0
450005,1,225262,0.25852459669,1.0150871276,0.032105173915,0,0
450005,2,225261,0.25853183865,1.0125312805,0.032132998108,0,0
450005,3,225471,0.26084402203,1.0139074325,0.032171372324,0,0
450006,1,225262,0.25852459669,1.0150871276,0.032105173915,1,0
450006,2,225469,0.26138374209,1.016118288,0.03215925768,1,0
450006,3,225263,0.2585465312,1.0179333686,0.03207495436,1,0
450007,1,225481,0.26100605726,1.0225415229,0.032081250101,1,0
450007,2,225265,0.25835761427,1.0211653709,0.032035198062,1,0
450007,3,225470,0.26128682494,1.0191385746,0.032124646008,1,0
450008,1,225470,0.26128682494,1.0191385746,0.032124646008,1,0
450008,2,225263,0.2585465312,1.0179333686,0.03207495436,1,0
450008,3,225469,0.26138374209,1.016118288,0.03215925768,1,0
450009,1,225481,0.26100605726,1.0225415229,0.032081250101,0,0
450009,2,225470,0.26128682494,1.0191385746,0.032124646008,0,0
450009,3,225474,0.26409426331,1.0202889442,0.032164368778,0,0
450010,1,225473,0.26432883739,1.0170621871,0.032203730195,0,0
450010,2,225469,0.26138374209,1.016118288,0.03215925768,0,0
450010,3,225472,0.26354935765,1.0140885114,0.03222297877,0,0
450011,1,225472,0.26354935765,1.0140885114,0.03222297877,0,1
450011,2,225469,0.26138374209,1.016118288,0.03215925768,0,1
450011,3,225471,0.26084402203,1.0139074325,0.032171372324,0,1
450012,1,225473,0.26432883739,1.0170621871,0.032203730195,0,1
450012,2,225474,0.26409426331,1.0202889442,0.032164368778,0,1
450012,3,225470,0.26128682494,1.0191385746,0.032124646008,0,1
450013,1,225469,0.26138374209,1.016118288,0.03215925768,0,0
450013,2,225473,0.26432883739,1.0170621871,0.032203730195,0,0
450013,3,225470,0.26128682494,1.0191385746,0.032124646008,0,0
450014,1,225472,0.26354935765,1.0140885114,0.03222297877,0,0
450014,2,225264,0.26152908802,1.0116873979,0.032210469245,0,0
450014,3,225475,0.26454612612,1.0113637447,0.032270319759,0,0
450015,1,225478,0.27019074559,1.0127689838,0.032316621392,0,1
450015,2,225476,0.26703962683,1.0144723653,0.032270386815,0,1
450015,3,225464,0.26750010251,1.0107725858,0.032317891716,0,1
450016,1,225476,0.26703962683,1.0144723653,0.032270386815,0,0
450016,2,225473,0.26432883739,1.0170621871,0.032203730195,0,0
450016,3,225472,0.26354935765,1.0140885114,0.03222297877,0,0
450017,1,225472,0.26354935765,1.0140885114,0.03222297877,0,0
450017,2,225475,0.26454612612,1.0113637447,0.032270319759,0,0
450017,3,225476,0.26703962683,1.0144723653,0.032270386815,0,0
450018,1,225473,0.26432883739,1.0170621871,0.032203730195,0,0
450018,2,225477,0.26761746406,1.0183913707,0.032233353704,0,0
450018,3,225474,0.26409426331,1.0202889442,0.032164368778,0,0
450019,1,225490,0.26682642102,1.0216484069,0.032187446951,0,0
450019,2,225474,0.26409426331,1.0202889442,0.032164368778,0,0
450019,3,225477,0.26761746406,1.0183913707,0.032233353704,0,0
450020,1,225475,0.26454612612,1.0113637447,0.032270319759,0,1
450020,2,225464,0.26750010251,1.0107725858,0.032317891716,0,1
450020,3,225476,0.26703962683,1.0144723653,0.032270386815,0,1
450021,1,225476,0.26703962683,1.0144723653,0.032270386815,0,0
450021,2,225477,0.26761746406,1.0183913707,0.032233353704,0,0
450021,3,225473,0.26432883739,1.0170621871,0.032203730195,0,0
450022,1,225478,0.27019074559,1.0127689838,0.032316621392,1,0
450022,2,225479,0.27058684825,1.0159189701,0.032281734049,1,0
450022,3,225476,0.26703962683,1.0144723653,0.032270386815,1,0
450023,1,225480,0.27115893363,1.0187374353,0.032250933349,0,1
450023,2,225477,0.26761746406,1.0183913707,0.032233353704,0,1
450023,3,225479,0.27058684825,1.0159189701,0.032281734049,0,1
450024,1,225476,0.26703962683,1.0144723653,0.032270386815,1,1
450024,2,225479,0.27058684825,1.0159189701,0.032281734049,1,1
450024,3,225477,0.26761746406,1.0183913707,0.032233353704,1,1
450025,1,225480,0.27115893363,1.0187374353,0.032250933349,1,0
450025,2,225494,0.26975354552,1.0211949348,0.032218128442,1,0
450025,3,225477,0.26761746406,1.0183913707,0.032233353704,1,0
450026,1,225274,0.25791674852,1.0244618654,0.03198839724,0,1
450026,2,225481,0.26100605726,1.0225415229,0.032081250101,0,1
450026,3,225275,0.25975555181,1.02556777,0.032020121812,0,1
450027,1,225482,0.26206499338,1.0254131555,0.032070837914,0,0
450027,2,225485,0.26273950934,1.0276812314,0.032058686017,0,0
450027,3,225276,0.26024827361,1.0280548334,0.032004129141,0,0
450028,1,225275,0.25975555181,1.02556777,0.032020121812,0,0
450028,2,225482,0.26206499338,1.0254131555,0.032070837914,0,0
450028,3,225276,0.26024827361,1.0280548334,0.032004129141,0,0
450029,1,225482,0.26206499338,1.0254131555,0.032070837914,0,0
450029,2,225481,0.26100605726,1.0225415229,0.032081250101,0,0
450029,3,225484,0.26412013173,1.023222804,0.032132335007,0,0
450030,1,225485,0.26273950934,1.0276812314,0.032058686017,0,0
450030,2,225482,0.26206499338,1.0254131555,0.032070837914,0,0
450030,3,225486,0.26455920934,1.025652647,0.032112367451,0,0
450032,1,225481,0.26100605726,1.0225415229,0.032081250101,0,0
450032,2,225474,0.26409426331,1.0202889442,0.032164368778,0,0
450032,3,225484,0.26412013173,1.023222804,0.032132335007,0,0
450033,1,225488,0.26640456914,1.0241432189,0.032154288142,0,1
450033,2,225484,0.26412013173,1.023222804,0.032132335007,0,1
450033,3,225490,0.26682642102,1.0216484069,0.032187446951,0,1
450034,1,225484,0.26412013173,1.023222804,0.032132335007,0,0
450034,2,225486,0.26455920934,1.025652647,0.032112367451,0,0
450034,3,225482,0.26206499338,1.0254131555,0.032070837914,0,0
450035,1,225488,0.26640456914,1.0241432189,0.032154288142,0,0
450035,2,225486,0.26455920934,1.025652647,0.032112367451,0,0
450035,3,225484,0.26412013173,1.023222804,0.032132335007,0,0
450038,1,225486,0.26455920934,1.025652647,0.032112367451,0,0
450038,2,225489,0.2650335431,1.0276223421,0.032097265124,0,0
450038,3,225485,0.26273950934,1.0276812314,0.032058686017,0,0
450039,1,225474,0.26409426331,1.0202889442,0.032164368778,0,0
450039,2,225490,0.26682642102,1.0216484069,0.032187446951,0,0
450039,3,225484,0.26412013173,1.023222804,0.032132335007,0,0
450040,1,225491,0.26708683371,1.0263746976,0.03213756904,0,0
450040,2,225488,0.26640456914,1.0241432189,0.032154288142,0,0
450040,3,225493,0.26870799064,1.0240527391,0.032177850604,0,0
450041,1,225488,0.26640456914,1.0241432189,0.032154288142,0,0
450041,2,225491,0.26708683371,1.0263746976,0.03213756904,0,0
450041,3,225486,0.26455920934,1.025652647,0.032112367451,0,0
450042,1,225489,0.2650335431,1.0276223421,0.032097265124,0,0
450042,2,225486,0.26455920934,1.025652647,0.032112367451,0,0
450042,3,225491,0.26708683371,1.0263746976,0.03213756904,0,0
450043,1,225492,0.2668467462,1.0293331146,0.032101821154,0,0
450043,2,225489,0.2650335431,1.0276223421,0.032097265124,0,0
450043,3,225491,0.26708683371,1.0263746976,0.03213756904,0,0
450046,1,225477,0.26761746406,1.0183913707,0.032233353704,1,0
450046,2,225494,0.26975354552,1.0211949348,0.032218128442,1,0
450046,3,225490,0.26682642102,1.0216484069,0.032187446951,1,0
450047,1,225493,0.26870799064,1.0240527391,0.032177850604,0,1
450047,2,225490,0.26682642102,1.0216484069,0.032187446951,0,1
450047,3,225494,0.26975354552,1.0211949348,0.032218128442,0,1
450048,1,225495,0.26972874999,1.0270228385,0.032151602208,0,0
450048,2,225491,0.26708683371,1.0263746976,0.03213756904,0,0
450048,3,225493,0.26870799064,1.0240527391,0.032177850604,0,0
450049,1,225490,0.26682642102,1.0216484069,0.032187446951,0,0
450049,2,225493,0.26870799064,1.0240527391,0.032177850604,0,0
450049,3,225488,0.26640456914,1.0241432189,0.032154288142,0,0
450050,1,225492,0.2668467462,1.0293331146,0.032101821154,0,1
450050,2,225491,0.26708683371,1.0263746976,0.03213756904,0,1
450050,3,225495,0.26972874999,1.0270228385,0.032151602208,0,1
450053,1,225495,0.26972874999,1.0270228385,0.032151602208,0,0
450053,2,225493,0.26870799064,1.0240527391,0.032177850604,0,0
450053,3,225673,0.27180197834,1.0237976312,0.032194186002,0,0
450293,1,225431,0.26890036463,0.97181588411,0.032769460231,0,0
450293,2,225621,0.2718694806,0.97325670719,0.032774351537,0,0
450293,3,225432,0.26886856555,0.97464424371,0.032737459987,0,0
450294,1,225621,0.2718694806,0.97325670719,0.032774351537,0,1
450294,2,225622,0.27146402001,0.97597384452,0.032742176204,0,1
450294,3,225432,0.26886856555,0.97464424371,0.032737459987,0,1
450295,1,225432,0.26886856555,0.97464424371,0.032737459987,1,1
450295,2,225622,0.27146402001,0.97597384452,0.032742176204,1,1
450295,3,225433,0.26890045404,0.97707819938,0.032710392028,1,1
450296,1,225622,0.27146402001,0.97597384452,0.032742176204,0,0
450296,2,225623,0.27087694406,0.9788787961,0.032705545425,0,0
450296,3,225433,0.26890045404,0.97707819938,0.032710392028,0,0
450297,1,225433,0.26890045404,0.97707819938,0.032710392028,1,0
450297,2,225623,0.27087694406,0.9788787961,0.032705545425,1,0
450297,3,225434,0.26771906018,0.97952467203,0.032668747007,1,0
450298,1,225624,0.27466931939,0.97494286298,0.032760281115,0,0
450298,2,225621,0.2718694806,0.97325670719,0.032774351537,0,0
450298,3,225627,0.27540811896,0.97171014547,0.032797846943,0,0
450299,1,225621,0.2718694806,0.97325670719,0.032774351537,0,0
450299,2,225624,0.27466931939,0.97494286298,0.032760281115,0,0
450299,3,225622,0.27146402001,0.97597384452,0.032742176204,0,0
450300,1,225624,0.27466931939,0.97494286298,0.032760281115,0,0
450300,2,225625,0.27338147163,0.97753643989,0.032728951424,0,0
450300,3,225622,0.27146402001,0.97597384452,0.032742176204,0,0
450301,1,225622,0.27146402001,0.97597384452,0.032742176204,0,0
450301,2,225625,0.27338147163,0.97753643989,0.032728951424,0,0
450301,3,225623,0.27087694406,0.9788787961,0.032705545425,0,0
450302,1,225625,0.27338147163,0.97753643989,0.032728951424,0,0
450302,2,225626,0.2733887434,0.98052126169,0.032694585621,0,0
450302,3,225623,0.27087694406,0.9788787961,0.032705545425,0,0
450306,1,225625,0.27338147163,0.97753643989,0.032728951424,0,0
450306,2,225624,0.27466931939,0.97494286298,0.032760281115,0,0
450306,3,225628,0.2761824727,0.97812587022,0.03272337839,0,0
450307,1,225628,0.2761824727,0.97812587022,0.03272337839,0,0
450307,2,225624,0.27466931939,0.97494286298,0.032760281115,0,0
450307,3,225629,0.27872112393,0.97480678558,0.032760456204,0,0
450308,1,225627,0.27540811896,0.97171014547,0.032797846943,0,1
450308,2,225629,0.27872112393,0.97480678558,0.032760456204,0,1
450308,3,225624,0.27466931939,0.97494286298,0.032760281115,0,1
450309,1,225629,0.27872112393,0.97480678558,0.032760456204,0,0
450309,2,225627,0.27540811896,0.97171014547,0.032797846943,0,0
450309,3,225785,0.27951437234,0.97064888477,0.032808054238,0,0
450310,1,225630,0.27961933612,0.9794589281,0.032705966383,1,1
450310,2,225628,0.2761824727,0.97812587022,0.03272337839,1,1
450310,3,225629,0.27872112393,0.97480678558,0.032760456204,1,1
450311,1,225625,0.27338147163,0.97753643989,0.032728951424,0,1
450311,2,225628,0.2761824727,0.97812587022,0.03272337839,0,1
450311,3,225626,0.2733887434,0.98052126169,0.032694585621,0,1
450312,1,225628,0.2761824727,0.97812587022,0.03272337839,0,0
450312,2,225630,0.27961933612,0.9794589281,0.032705966383,0,0
450312,3,225637,0.27618777751,0.98184388875,0.032680373638,0,0
450313,1,225637,0.27618777751,0.98184388875,0.032680373638,0,0
450313,2,225626,0.2733887434,0.98052126169,0.032694585621,0,0
450313,3,225628,0.2761824727,0.97812587022,0.03272337839,0,0
450314,1,225641,0.28189110755,0.98239290714,0.032669734209,0,1
450314,2,225630,0.27961933612,0.9794589281,0.032705966383,0,1
450314,3,225786,0.28357249498,0.97966104745,0.032699435949,0,1
450315,1,225623,0.27087694406,0.9788787961,0.032705545425,0,1
450315,2,225631,0.27010288834,0.98232245445,0.032660514116,0,1
450315,3,225434,0.26771906018,0.97952467203,0.032668747007,0,1
450316,1,225632,0.27079635858,0.9859817028,0.032624162733,1,0
450316,2,225635,0.27333724498,0.98682886362,0.032622016966,1,0
450316,3,225633,0.27167299389,0.98954105377,0.032587669789,1,0
450317,1,225635,0.27333724498,0.98682886362,0.032622016966,0,1
450317,2,225636,0.27528214454,0.98893362283,0.032598551362,0,1
450317,3,225633,0.27167299389,0.98954105377,0.032587669789,0,1
450318,1,225623,0.27087694406,0.9788787961,0.032705545425,0,0
450318,2,225626,0.2733887434,0.98052126169,0.032694585621,0,0
450318,3,225631,0.27010288834,0.98232245445,0.032660514116,0,0
450319,1,225626,0.2733887434,0.98052126169,0.032694585621,0,0
450319,2,225634,0.27327299118,0.98378229141,0.032656900584,0,0
450319,3,225631,0.27010288834,0.98232245445,0.032660514116,0,0
450320,1,225632,0.27079635858,0.9859817028,0.032624162733,0,1
450320,2,225631,0.27010288834,0.98232245445,0.032660514116,0,1
450320,3,225634,0.27327299118,0.98378229141,0.032656900584,0,1
450321,1,225634,0.27327299118,0.98378229141,0.032656900584,0,0
450321,2,225635,0.27333724498,0.98682886362,0.032622016966,0,0
450321,3,225632,0.27079635858,0.9859817028,0.032624162733,0,0
450322,1,225634,0.27327299118,0.98378229141,0.032656900584,0,0
450322,2,225626,0.2733887434,0.98052126169,0.032694585621,0,0
450322,3,225637,0.27618777751,0.98184388875,0.032680373638,0,0
450323,1,225639,0.27872630953,0.98358184099,0.032658848911,0,1
450323,2,225638,0.2759809494,0.98550194501,0.032638125121,0,1
450323,3,225637,0.27618777751,0.98184388875,0.032680373638,0,1
450324,1,225634,0.27327299118,0.98378229141,0.032656900584,0,0
450324,2,225637,0.27618777751,0.98184388875,0.032680373638,0,0
450324,3,225638,0.2759809494,0.98550194501,0.032638125121,0,0
450325,1,225635,0.27333724498,0.98682886362,0.032622016966,0,1
450325,2,225638,0.2759809494,0.98550194501,0.032638125121,0,1
450325,3,225636,0.27528214454,0.98893362283,0.032598551362,0,1
450326,1,225648,0.27771490812,0.99126160144,0.032570660114,0,0
450326,2,225636,0.27528214454,0.98893362283,0.032598551362,0,0
450326,3,225640,0.27885600924,0.98767763376,0.032611329108,0,0
450327,1,225637,0.27618777751,0.98184388875,0.032680373638,1,0
450327,2,225630,0.27961933612,0.9794589281,0.032705966383,1,0
450327,3,225639,0.27872630953,0.98358184099,0.032658848911,1,0
450328,1,225635,0.27333724498,0.98682886362,0.032622016966,0,0
450328,2,225634,0.27327299118,0.98378229141,0.032656900584,0,0
450328,3,225638,0.2759809494,0.98550194501,0.032638125121,0,0
450329,1,225641,0.28189110755,0.98239290714,0.032669734209,0,1
450329,2,225639,0.27872630953,0.98358184099,0.032658848911,0,1
450329,3,225630,0.27961933612,0.9794589281,0.032705966383,0,1
450330,1,225641,0.28189110755,0.98239290714,0.032669734209,0,0
450330,2,225642,0.28101417422,0.98523128032,0.032637756317,0,0
450330,3,225639,0.27872630953,0.98358184099,0.032658848911,0,0
450331,1,225640,0.27885600924,0.98767763376,0.032611329108,0,1
450331,2,225639,0.27872630953,0.98358184099,0.032658848911,0,1
450331,3,225642,0.28101417422,0.98523128032,0.032637756317,0,1
450332,1,225639,0.27872630953,0.98358184099,0.032658848911,0,0
450332,2,225640,0.27885600924,0.98767763376,0.032611329108,0,0
450332,3,225638,0.2759809494,0.98550194501,0.032638125121,0,0
450333,1,225638,0.2759809494,0.98550194501,0.032638125121,1,1
450333,2,225640,0.27885600924,0.98767763376,0.032611329108,1,1
450333,3,225636,0.27528214454,0.98893362283,0.032598551362,1,1
450334,1,225643,0.28140833973,0.99086833,0.032571997493,0,0
450334,2,225640,0.27885600924,0.98767763376,0.032611329108,0,0
450334,3,225796,0.28275510668,0.98794287443,0.03260442242,0,0
450335,1,225644,0.27127310633,0.99290204048,0.032548625022,0,0
450335,2,225633,0.27167299389,0.98954105377,0.032587669789,0,0
450335,3,225646,0.2743576467,0.99188774824,0.032564487308,0,0
450336,1,225636,0.27528214454,0.98893362283,0.032598551362,0,0
450336,2,225646,0.2743576467,0.99188774824,0.032564487308,0,0
450336,3,225633,0.27167299389,0.98954105377,0.032587669789,0,0
450337,1,225646,0.2743576467,0.99188774824,0.032564487308,0,0
450337,2,225647,0.27351772785,0.99466562271,0.032532069832,0,0
450337,3,225644,0.27127310633,0.99290204048,0.032548625022,0,0
450338,1,225644,0.27127310633,0.99290204048,0.032548625022,0,1
450338,2,225647,0.27351772785,0.99466562271,0.032532069832,0,1
450338,3,225645,0.27110570669,0.99609041213,0.032510928809,0,1
450339,1,225653,0.27343460917,1.0014282464,0.032454021275,0,0
450339,2,225456,0.27084067463,0.99922859668,0.03247353062,0,0
450339,3,225650,0.27437540888,0.99774903059,0.032496806234,0,0
450340,1,225645,0.27110570669,0.99609041213,0.032510928809,0,1
450340,2,225650,0.27437540888,0.99774903059,0.032496806234,0,1
450340,3,225456,0.27084067463,0.99922859668,0.03247353062,0,1
450341,1,225647,0.27351772785,0.99466562271,0.032532069832,0,0
450341,2,225646,0.2743576467,0.99188774824,0.032564487308,0,0
450341,3,225649,0.27651387453,0.99450290203,0.032533805817,0,0
450342,1,225646,0.2743576467,0.99188774824,0.032564487308,0,0
450342,2,225636,0.27528214454,0.98893362283,0.032598551362,0,0
450342,3,225648,0.27771490812,0.99126160144,0.032570660114,0,0
450343,1,225648,0.27771490812,0.99126160144,0.032570660114,0,1
450343,2,225649,0.27651387453,0.99450290203,0.032533805817,0,1
450343,3,225646,0.2743576467,0.99188774824,0.032564487308,0,1
450344,1,225647,0.27351772785,0.99466562271,0.032532069832,0,0
450344,2,225649,0.27651387453,0.99450290203,0.032533805817,0,0
450344,3,225650,0.27437540888,0.99774903059,0.032496806234,0,0
450345,1,225647,0.27351772785,0.99466562271,0.032532069832,0,0
450345,2,225650,0.27437540888,0.99774903059,0.032496806234,0,0
450345,3,225645,0.27110570669,0.99609041213,0.032510928809,0,0
450346,1,225643,0.28140833973,0.99086833,0.032571997493,0,0
450346,2,225648,0.27771490812,0.99126160144,0.032570660114,0,0
450346,3,225640,0.27885600924,0.98767763376,0.032611329108,0,0
450347,1,225651,0.27839410305,0.99715864658,0.032501898705,0,0
450347,2,225659,0.27682846784,1.0004036426,0.032465346157,0,0
450347,3,225650,0.27437540888,0.99774903059,0.032496806234,0,0
450348,1,225650,0.27437540888,0.99774903059,0.032496806234,0,0
450348,2,225659,0.27682846784,1.0004036426,0.032465346157,0,0
450348,3,225653,0.27343460917,1.0014282464,0.032454021275,0,0
450349,1,225648,0.27771490812,0.99126160144,0.032570660114,0,1
450349,2,225643,0.28140833973,0.99086833,0.032571997493,0,1
450349,3,225652,0.28014063835,0.99399971961,0.032537065446,0,1
450350,1,225648,0.27771490812,0.99126160144,0.032570660114,1,0
450350,2,225652,0.28014063835,0.99399971961,0.032537065446,1,0
450350,3,225649,0.27651387453,0.99450290203,0.032533805817,1,0
450351,1,225650,0.27437540888,0.99774903059,0.032496806234,0,0
450351,2,225649,0.27651387453,0.99450290203,0.032533805817,0,0
450351,3,225651,0.27839410305,0.99715864658,0.032501898705,0,0
450352,1,225652,0.28014063835,0.99399971961,0.032537065446,1,0
450352,2,225651,0.27839410305,0.99715864658,0.032501898705,1,0
450352,3,225649,0.27651387453,0.99450290203,0.032533805817,1,0
450353,1,225659,0.27682846784,1.0004036426,0.032465346157,1,0
450353,2,225651,0.27839410305,0.99715864658,0.032501898705,1,0
450353,3,225662,0.28052419424,0.99970006942,0.03247058019,1,0
450354,1,225804,0.28429409861,0.99950426816,0.032468158751,0,0
450354,2,225662,0.28052419424,0.99970006942,0.03247058019,0,0
450354,3,225803,0.28227061033,0.99674415588,0.032502941787,0,0
450355,1,225466,0.2703551054,1.0027143955,0.032431501895,0,0
450355,2,225456,0.27084067463,0.99922859668,0.03247353062,0,0
450355,3,225653,0.27343460917,1.0014282464,0.032454021275,0,0
450356,1,225467,0.27011188864,1.0060851573,0.032391969114,0,0
450356,2,225466,0.2703551054,1.0027143955,0.032431501895,0,0
450356,3,225654,0.27285376191,1.0048886537,0.032413363456,0,0
450357,1,225653,0.27343460917,1.0014282464,0.032454021275,0,1
450357,2,225654,0.27285376191,1.0048886537,0.032413363456,0,1
450357,3,225466,0.2703551054,1.0027143955,0.032431501895,0,1
450358,1,225654,0.27285376191,1.0048886537,0.032413363456,1,0
450358,2,225655,0.27252575755,1.008118391,0.032375756651,1,0
450358,3,225467,0.27011188864,1.0060851573,0.032391969114,1,0
450359,1,225468,0.27009183168,1.0094488859,0.032353755086,0,1
450359,2,225467,0.27011188864,1.0060851573,0.032391969114,0,1
450359,3,225655,0.27252575755,1.008118391,0.032375756651,0,1
450360,1,225656,0.27517068386,1.0069787502,0.032389938831,0,1
450360,2,225655,0.27252575755,1.008118391,0.032375756651,0,1
450360,3,225654,0.27285376191,1.0048886537,0.032413363456,0,1
450361,1,225478,0.27019074559,1.0127689838,0.032316621392,0,0
450361,2,225468,0.27009183168,1.0094488859,0.032353755086,0,0
450361,3,225665,0.27265921235,1.0112185478,0.032340448349,0,0
450362,1,225655,0.27252575755,1.008118391,0.032375756651,0,0
450362,2,225665,0.27265921235,1.0112185478,0.032340448349,0,0
450362,3,225468,0.27009183168,1.0094488859,0.032353755086,0,0
450363,1,225654,0.27285376191,1.0048886537,0.032413363456,0,0
450363,2,225653,0.27343460917,1.0014282464,0.032454021275,0,0
450363,3,225657,0.27581626176,1.0038391351,0.032426070421,0,0
450364,1,225657,0.27581626176,1.0038391351,0.032426070421,1,1
450364,2,225660,0.27809232473,1.0063229799,0.032395973801,1,1
450364,3,225656,0.27517068386,1.0069787502,0.032389938831,1,1
450365,1,225660,0.27809232473,1.0063229799,0.032395973801,0,1
450365,2,225661,0.27711340785,1.0091840028,0.032363522797,0,1
450365,3,225656,0.27517068386,1.0069787502,0.032389938831,0,1
450366,1,225656,0.27517068386,1.0069787502,0.032389938831,0,0
450366,2,225658,0.27460741996,1.009594202,0.032359894365,0,0
450366,3,225655,0.27252575755,1.008118391,0.032375756651,0,0
450367,1,225657,0.27581626176,1.0038391351,0.032426070421,0,1
450367,2,225653,0.27343460917,1.0014282464,0.032454021275,0,1
450367,3,225659,0.27682846784,1.0004036426,0.032465346157,0,1
450368,1,225654,0.27285376191,1.0048886537,0.032413363456,0,0
450368,2,225657,0.27581626176,1.0038391351,0.032426070421,0,0
450368,3,225656,0.27517068386,1.0069787502,0.032389938831,0,0
450369,1,225660,0.27809232473,1.0063229799,0.032395973801,0,0
450369,2,225657,0.27581626176,1.0038391351,0.032426070421,0,0
450369,3,225663,0.27909356355,1.002988696,0.032433837652,0,0
450370,1,225658,0.27460741996,1.009594202,0.032359894365,0,0
450370,2,225656,0.27517068386,1.0069787502,0.032389938831,0,0
450370,3,225661,0.27711340785,1.0091840028,0.032363522797,0,0
450371,1,225810,0.28017202019,1.0087038278,0.032366570085,0,0
450371,2,225661,0.27711340785,1.0091840028,0.032363522797,0,0
450371,3,225660,0.27809232473,1.0063229799,0.032395973801,0,0
450372,1,225659,0.27682846784,1.0004036426,0.032465346157,0,1
450372,2,225662,0.28052419424,0.99970006942,0.03247058019,0,1
450372,3,225663,0.27909356355,1.002988696,0.032433837652,0,1
450373,1,225659,0.27682846784,1.0004036426,0.032465346157,0,0
450373,2,225663,0.27909356355,1.002988696,0.032433837652,0,0
450373,3,225657,0.27581626176,1.0038391351,0.032426070421,0,0
450374,1,225810,0.28017202019,1.0087038278,0.032366570085,0,1
450374,2,225660,0.27809232473,1.0063229799,0.032395973801,0,1
450374,3,225664,0.28135597705,1.0055705308,0.032401617616,0,1
450375,1,225810,0.28017202019,1.0087038278,0.032366570085,0,1
450375,2,225670,0.2788516581,1.0114514827,0.032336048781,0,1
450375,3,225661,0.27711340785,1.0091840028,0.032363522797,0,1
450376,1,225664,0.28135597705,1.0055705308,0.032401617616,0,0
450376,2,225663,0.27909356355,1.002988696,0.032433837652,0,0
450376,3,225811,0.28266334533,1.0023696422,0.032437227666,0,0
450377,1,225663,0.27909356355,1.002988696,0.032433837652,0,0
450377,2,225664,0.28135597705,1.0055705308,0.032401617616,0,0
450377,3,225660,0.27809232473,1.0063229799,0.032395973801,0,0
450378,1,225479,0.27058684825,1.0159189701,0.032281734049,0,0
450378,2,225478,0.27019074559,1.0127689838,0.032316621392,0,0
450378,3,225666,0.27350732684,1.0140053033,0.032308980822,0,0
450379,1,225665,0.27265921235,1.0112185478,0.032340448349,0,1
450379,2,225666,0.27350732684,1.0140053033,0.032308980822,0,1
450379,3,225478,0.27019074559,1.0127689838,0.032316621392,0,1
450380,1,225480,0.27115893363,1.0187374353,0.032250933349,0,0
450380,2,225479,0.27058684825,1.0159189701,0.032281734049,0,0
450380,3,225667,0.2746913135,1.017236948,0.032271500676,0,0
450381,1,225494,0.26975354552,1.0211949348,0.032218128442,0,0
450381,2,225480,0.27115893363,1.0187374353,0.032250933349,0,0
450381,3,225675,0.27350872755,1.0208345651,0.032230108976,0,0
450382,1,225675,0.27350872755,1.0208345651,0.032230108976,0,0
450382,2,225480,0.27115893363,1.0187374353,0.032250933349,0,0
450382,3,225667,0.2746913135,1.017236948,0.032271500676,0,0
450383,1,225658,0.27460741996,1.009594202,0.032359894365,0,0
450383,2,225665,0.27265921235,1.0112185478,0.032340448349,0,0
450383,3,225655,0.27252575755,1.008118391,0.032375756651,0,0
450384,1,225658,0.27460741996,1.009594202,0.032359894365,0,0
450384,2,225668,0.27566292881,1.0117474794,0.032334644347,0,0
450384,3,225665,0.27265921235,1.0112185478,0.032340448349,0,0
450385,1,225666,0.27350732684,1.0140053033,0.032308980822,0,1
450385,2,225667,0.2746913135,1.017236948,0.032271500676,0,1
450385,3,225479,0.27058684825,1.0159189701,0.032281734049,0,1
450386,1,225670,0.2788516581,1.0114514827,0.032336048781,0,1
450386,2,225668,0.27566292881,1.0117474794,0.032334644347,0,1
450386,3,225661,0.27711340785,1.0091840028,0.032363522797,0,1
450387,1,225666,0.27350732684,1.0140053033,0.032308980822,0,0
450387,2,225665,0.27265921235,1.0112185478,0.032340448349,0,0
450387,3,225668,0.27566292881,1.0117474794,0.032334644347,0,0
450388,1,225658,0.27460741996,1.009594202,0.032359894365,0,0
450388,2,225661,0.27711340785,1.0091840028,0.032363522797,0,0
450388,3,225668,0.27566292881,1.0117474794,0.032334644347,0,0
450389,1,225667,0.2746913135,1.017236948,0.032271500676,0,0
450389,2,225666,0.27350732684,1.0140053033,0.032308980822,0,0
450389,3,225669,0.2771205008,1.0142350196,0.03230504319,0,0
450390,1,225671,0.27904230356,1.0170042514,0.032271508127,0,0
450390,2,225667,0.2746913135,1.017236948,0.032271500676,0,0
450390,3,225669,0.2771205008,1.0142350196,0.03230504319,0,0
450391,1,225668,0.27566292881,1.0117474794,0.032334644347,0,0
450391,2,225669,0.2771205008,1.0142350196,0.03230504319,0,0
450391,3,225666,0.27350732684,1.0140053033,0.032308980822,0,0
450392,1,225672,0.27736285328,1.0201441049,0.032236445695,1,0
450392,2,225667,0.2746913135,1.017236948,0.032271500676,1,0
450392,3,225671,0.27904230356,1.0170042514,0.032271508127,1,0
450393,1,225668,0.27566292881,1.0117474794,0.032334644347,0,0
450393,2,225670,0.2788516581,1.0114514827,0.032336048781,0,0
450393,3,225669,0.2771205008,1.0142350196,0.03230504319,0,0
450394,1,225671,0.27904230356,1.0170042514,0.032271508127,0,1
450394,2,225669,0.2771205008,1.0142350196,0.03230504319,0,1
450394,3,225819,0.28085750341,1.0140378475,0.032304033637,0,1
450395,1,225670,0.2788516581,1.0114514827,0.032336048781,1,0
450395,2,225819,0.28085750341,1.0140378475,0.032304033637,1,0
450395,3,225669,0.2771205008,1.0142350196,0.03230504319,1,0
450396,1,225672,0.27736285328,1.0201441049,0.032236445695,1,0
450396,2,225671,0.27904230356,1.0170042514,0.032271508127,1,0
450396,3,225820,0.28133180737,1.0195463895,0.032239664345,1,0
450397,1,225673,0.27180197834,1.0237976312,0.032194186002,0,1
450397,2,225494,0.26975354552,1.0211949348,0.032218128442,0,1
450397,3,225675,0.27350872755,1.0208345651,0.032230108976,0,1
450398,1,225676,0.27332693338,1.0263723134,0.032165959477,0,0
450398,2,225495,0.26972874999,1.0270228385,0.032151602208,0,0
450398,3,225673,0.27180197834,1.0237976312,0.032194186002,0,0
450399,1,225494,0.26975354552,1.0211949348,0.032218128442,0,0
450399,2,225673,0.27180197834,1.0237976312,0.032194186002,0,0
450399,3,225493,0.26870799064,1.0240527391,0.032177850604,0,0
450400,1,225674,0.27167683839,1.0288442373,0.032135881483,0,0
450400,2,225495,0.26972874999,1.0270228385,0.032151602208,0,0
450400,3,225676,0.27332693338,1.0263723134,0.032165959477,0,0
450404,1,225678,0.27587160468,1.0236293077,0.03219705075,0,0
450404,2,225679,0.27666795253,1.0269926786,0.03215765208,0,0
450404,3,225676,0.27332693338,1.0263723134,0.032165959477,0,0
450405,1,225677,0.27435100078,1.0293053388,0.032131955027,0,0
450405,2,225676,0.27332693338,1.0263723134,0.032165959477,0,0
450405,3,225679,0.27666795253,1.0269926786,0.03215765208,0,0
450407,1,225673,0.27180197834,1.0237976312,0.032194186002,0,0
450407,2,225675,0.27350872755,1.0208345651,0.032230108976,0,0
450407,3,225678,0.27587160468,1.0236293077,0.03219705075,0,0
450408,1,225676,0.27332693338,1.0263723134,0.032165959477,0,0
450408,2,225673,0.27180197834,1.0237976312,0.032194186002,0,0
450408,3,225678,0.27587160468,1.0236293077,0.03219705075,0,0
450410,1,225667,0.2746913135,1.017236948,0.032271500676,0,0
450410,2,225672,0.27736285328,1.0201441049,0.032236445695,0,0
450410,3,225675,0.27350872755,1.0208345651,0.032230108976,0,0
450411,1,225682,0.27906396985,1.0250873565,0.032177858054,0,0
450411,2,225678,0.27587160468,1.0236293077,0.03219705075,0,0
450411,3,225681,0.28007727861,1.022445321,0.03220738843,0,0
450412,1,225678,0.27587160468,1.0236293077,0.03219705075,0,1
450412,2,225682,0.27906396985,1.0250873565,0.032177858054,0,1
450412,3,225679,0.27666795253,1.0269926786,0.03215765208,0,1
450414,1,225678,0.27587160468,1.0236293077,0.03219705075,0,1
450414,2,225675,0.27350872755,1.0208345651,0.032230108976,0,1
450414,3,225672,0.27736285328,1.0201441049,0.032236445695,0,1
450415,1,225672,0.27736285328,1.0201441049,0.032236445695,0,0
450415,2,225681,0.28007727861,1.022445321,0.03220738843,0,0
450415,3,225678,0.27587160468,1.0236293077,0.03219705075,0,0
450416,1,225683,0.28012451529,1.0276914834,0.032146517187,0,0
450416,2,225679,0.27666795253,1.0269926786,0.03215765208,0,0
450416,3,225682,0.27906396985,1.0250873565,0.032177858054,0,0
450629,1,225795,0.28412607312,0.98507124185,0.03263587132,0,0
450629,2,225641,0.28189110755,0.98239290714,0.032669734209,0,0
450629,3,225797,0.28532552719,0.98249727487,0.032664015889,0,0
450630,1,225788,0.28264841437,0.97638231515,0.032738603651,0,0
450630,2,225629,0.27872112393,0.97480678558,0.032760456204,0,0
450630,3,225787,0.282643646,0.97261315584,0.032782316207,0,0
450632,1,225785,0.27951437234,0.97064888477,0.032808054238,1,1
450632,2,225787,0.282643646,0.97261315584,0.032782316207,1,1
450632,3,225629,0.27872112393,0.97480678558,0.032760456204,1,1
450633,1,225790,0.28617030382,0.97751516103,0.032720599323,0,0
450633,2,225788,0.28264841437,0.97638231515,0.032738603651,0,0
450633,3,225789,0.28596541285,0.97423785924,0.032758966088,0,0
450634,1,225629,0.27872112393,0.97480678558,0.032760456204,1,0
450634,2,225788,0.28264841437,0.97638231515,0.032738603651,1,0
450634,3,225630,0.27961933612,0.9794589281,0.032705966383,1,0
450635,1,225786,0.28357249498,0.97966104745,0.032699435949,0,0
450635,2,225630,0.27961933612,0.9794589281,0.032705966383,0,0
450635,3,225788,0.28264841437,0.97638231515,0.032738603651,0,0
450636,1,225787,0.282643646,0.97261315584,0.032782316207,0,0
450636,2,225789,0.28596541285,0.97423785924,0.032758966088,0,0
450636,3,225788,0.28264841437,0.97638231515,0.032738603651,0,0
450637,1,225786,0.28357249498,0.97966104745,0.032699435949,0,1
450637,2,225788,0.28264841437,0.97638231515,0.032738603651,0,1
450637,3,225790,0.28617030382,0.97751516103,0.032720599323,0,1
450638,1,225790,0.28617030382,0.97751516103,0.032720599323,0,0
450638,2,225791,0.28652247786,0.98021060228,0.032688722014,0,0
450638,3,225786,0.28357249498,0.97966104745,0.032699435949,0,0
450639,1,225797,0.28532552719,0.98249727487,0.032664015889,0,0
450639,2,225786,0.28357249498,0.97966104745,0.032699435949,0,0
450639,3,225791,0.28652247786,0.98021060228,0.032688722014,0,0
450640,1,225789,0.28596541285,0.97423785924,0.032758966088,0,0
450640,2,225787,0.282643646,0.97261315584,0.032782316207,0,0
450640,3,225780,0.28620994091,0.9704657793,0.032802402973,0,0
450641,1,225792,0.28909432888,0.97254651784,0.032773196697,0,0
450641,2,225789,0.28596541285,0.97423785924,0.032758966088,0,0
450641,3,225780,0.28620994091,0.9704657793,0.032802402973,0,0
450642,1,225950,0.29212078452,0.97466987371,0.032742284238,0,0
450642,2,225793,0.28908798098,0.97607016563,0.032732270658,0,0
450642,3,225792,0.28909432888,0.97254651784,0.032773196697,0,0
450643,1,225789,0.28596541285,0.97423785924,0.032758966088,0,0
450643,2,225793,0.28908798098,0.97607016563,0.032732270658,0,0
450643,3,225790,0.28617030382,0.97751516103,0.032720599323,0,0
450645,1,225789,0.28596541285,0.97423785924,0.032758966088,0,0
450645,2,225792,0.28909432888,0.97254651784,0.032773196697,0,0
450645,3,225793,0.28908798098,0.97607016563,0.032732270658,0,0
450646,1,225951,0.29195535182,0.97815734148,0.03270208463,0,1
450646,2,225793,0.28908798098,0.97607016563,0.032732270658,0,1
450646,3,225950,0.29212078452,0.97466987371,0.032742284238,0,1
450647,1,225796,0.28275510668,0.98794287443,0.03260442242,1,1
450647,2,225642,0.28101417422,0.98523128032,0.032637756317,1,1
450647,3,225795,0.28412607312,0.98507124185,0.03263587132,1,1
450648,1,225786,0.28357249498,0.97966104745,0.032699435949,0,0
450648,2,225797,0.28532552719,0.98249727487,0.032664015889,0,0
450648,3,225641,0.28189110755,0.98239290714,0.032669734209,0,0
450649,1,225641,0.28189110755,0.98239290714,0.032669734209,0,0
450649,2,225795,0.28412607312,0.98507124185,0.03263587132,0,0
450649,3,225642,0.28101417422,0.98523128032,0.032637756317,0,0
450650,1,225642,0.28101417422,0.98523128032,0.032637756317,0,1
450650,2,225796,0.28275510668,0.98794287443,0.03260442242,0,1
450650,3,225640,0.27885600924,0.98767763376,0.032611329108,0,1
450651,1,225798,0.28634068369,0.98789942264,0.032599724829,0,0
450651,2,225805,0.28531906008,0.99101155996,0.032565210014,0,0
450651,3,225796,0.28275510668,0.98794287443,0.03260442242,0,0
450652,1,225802,0.28415903449,0.99390619993,0.032533302903,0,0
450652,2,225643,0.28140833973,0.99086833,0.032571997493,0,0
450652,3,225805,0.28531906008,0.99101155996,0.032565210014,0,0
450653,1,225798,0.28634068369,0.98789942264,0.032599724829,1,1
450653,2,225795,0.28412607312,0.98507124185,0.03263587132,1,1
450653,3,225799,0.28746676445,0.98502379655,0.032631147652,1,1
450654,1,225796,0.28275510668,0.98794287443,0.03260442242,0,1
450654,2,225795,0.28412607312,0.98507124185,0.03263587132,0,1
450654,3,225798,0.28634068369,0.98789942264,0.032599724829,0,1
450655,1,225797,0.28532552719,0.98249727487,0.032664015889,0,0
450655,2,225799,0.28746676445,0.98502379655,0.032631147652,0,0
450655,3,225795,0.28412607312,0.98507124185,0.03263587132,0,0
450656,1,225796,0.28275510668,0.98794287443,0.03260442242,0,0
450656,2,225805,0.28531906008,0.99101155996,0.032565210014,0,0
450656,3,225643,0.28140833973,0.99086833,0.032571997493,0,0
450657,1,225797,0.28532552719,0.98249727487,0.032664015889,0,0
450657,2,225801,0.28846865892,0.98224467039,0.032661668956,0,0
450657,3,225799,0.28746676445,0.98502379655,0.032631147652,0,0
450658,1,225800,0.28877305984,0.99062508344,0.032563727349,0,0
450658,2,225798,0.28634068369,0.98789942264,0.032599724829,0,0
450658,3,225959,0.28949421644,0.98742198944,0.032599482685,0,0
450659,1,225801,0.28846865892,0.98224467039,0.032661668956,0,0
450659,2,225791,0.28652247786,0.98021060228,0.032688722014,0,0
450659,3,225794,0.28901058435,0.97924125194,0.032695557922,0,0
450660,1,225790,0.28617030382,0.97751516103,0.032720599323,0,0
450660,2,225794,0.28901058435,0.97924125194,0.032695557922,0,0
450660,3,225791,0.28652247786,0.98021060228,0.032688722014,0,0
450661,1,225797,0.28532552719,0.98249727487,0.032664015889,0,1
450661,2,225791,0.28652247786,0.98021060228,0.032688722014,0,1
450661,3,225801,0.28846865892,0.98224467039,0.032661668956,0,1
450662,1,225798,0.28634068369,0.98789942264,0.032599724829,0,0
450662,2,225799,0.28746676445,0.98502379655,0.032631147652,0,0
450662,3,225959,0.28949421644,0.98742198944,0.032599482685,0,0
450663,1,225951,0.29195535182,0.97815734148,0.03270208463,1,0
450663,2,225794,0.28901058435,0.97924125194,0.032695557922,1,0
450663,3,225793,0.28908798098,0.97607016563,0.032732270658,1,0
450664,1,225960,0.2914905548,0.98142725229,0.032665066421,0,1
450664,2,225801,0.28846865892,0.98224467039,0.032661668956,0,1
450664,3,225794,0.28901058435,0.97924125194,0.032695557922,0,1
450665,1,225802,0.28415903449,0.99390619993,0.032533302903,0,1
450665,2,225652,0.28014063835,0.99399971961,0.032537065446,0,1
450665,3,225643,0.28140833973,0.99086833,0.032571997493,0,1
450666,1,225651,0.27839410305,0.99715864658,0.032501898705,0,0
450666,2,225803,0.28227061033,0.99674415588,0.032502941787,0,0
450666,3,225662,0.28052419424,0.99970006942,0.03247058019,0,0
450667,1,225802,0.28415903449,0.99390619993,0.032533302903,0,0
450667,2,225803,0.28227061033,0.99674415588,0.032502941787,0,0
450667,3,225652,0.28014063835,0.99399971961,0.032537065446,0,0
450668,1,225652,0.28014063835,0.99399971961,0.032537065446,0,1
450668,2,225803,0.28227061033,0.99674415588,0.032502941787,0,1
450668,3,225651,0.27839410305,0.99715864658,0.032501898705,0,1
450669,1,225662,0.28052419424,0.99970006942,0.03247058019,0,1
450669,2,225804,0.28429409861,0.99950426816,0.032468158751,0,1
450669,3,225811,0.28266334533,1.0023696422,0.032437227666,0,1
450670,1,225803,0.28227061033,0.99674415588,0.032502941787,0,0
450670,2,225806,0.2861919701,0.99675756692,0.032497055828,0,0
450670,3,225804,0.28429409861,0.99950426816,0.032468158751,0,0
450671,1,225804,0.28429409861,0.99950426816,0.032468158751,0,0
450671,2,225812,0.28619557619,1.0021543502,0.032434366643,0,0
450671,3,225811,0.28266334533,1.0023696422,0.032437227666,0,0
450672,1,225800,0.28877305984,0.99062508344,0.032563727349,0,1
450672,2,225805,0.28531906008,0.99101155996,0.032565210014,0,1
450672,3,225798,0.28634068369,0.98789942264,0.032599724829,0,1
450673,1,225806,0.2861919701,0.99675756692,0.032497055828,0,0
450673,2,225802,0.28415903449,0.99390619993,0.032533302903,0,0
450673,3,225808,0.28870663046,0.99393868446,0.032525327056,0,0
450674,1,225803,0.28227061033,0.99674415588,0.032502941787,0,1
450674,2,225802,0.28415903449,0.99390619993,0.032533302903,0,1
450674,3,225806,0.2861919701,0.99675756692,0.032497055828,0,1
450675,1,225805,0.28531906008,0.99101155996,0.032565210014,0,0
450675,2,225808,0.28870663046,0.99393868446,0.032525327056,0,0
450675,3,225802,0.28415903449,0.99390619993,0.032533302903,0,0
450676,1,225812,0.28619557619,1.0021543502,0.032434366643,0,1
450676,2,225804,0.28429409861,0.99950426816,0.032468158751,0,1
450676,3,225807,0.28780028223,0.99945813417,0.03246287629,0,1
450677,1,225980,0.2896914184,1.0020229816,0.032429300248,0,0
450677,2,225812,0.28619557619,1.0021543502,0.032434366643,0,0
450677,3,225807,0.28780028223,0.99945813417,0.03246287629,0,0
450678,1,225806,0.2861919701,0.99675756692,0.032497055828,0,0
450678,2,225807,0.28780028223,0.99945813417,0.03246287629,0,0
450678,3,225804,0.28429409861,0.99950426816,0.032468158751,0,0
450679,1,225807,0.28780028223,0.99945813417,0.03246287629,0,0
450679,2,225806,0.2861919701,0.99675756692,0.032497055828,0,0
450679,3,225809,0.29011926054,0.99699604511,0.032486867159,0,0
450680,1,225805,0.28531906008,0.99101155996,0.032565210014,0,0
450680,2,225800,0.28877305984,0.99062508344,0.032563727349,0,0
450680,3,225808,0.28870663046,0.99393868446,0.032525327056,0,0
450681,1,225809,0.29011926054,0.99699604511,0.032486867159,1,0
450681,2,225806,0.2861919701,0.99675756692,0.032497055828,1,0
450681,3,225808,0.28870663046,0.99393868446,0.032525327056,1,0
450682,1,225969,0.2921000123,0.99183911085,0.032542526721,0,0
450682,2,225800,0.28877305984,0.99062508344,0.032563727349,0,0
450682,3,225968,0.29139366745,0.9892437458,0.032574370503,0,0
450683,1,225809,0.29011926054,0.99699604511,0.032486867159,0,1
450683,2,225808,0.28870663046,0.99393868446,0.032525327056,0,1
450683,3,225972,0.29382103681,0.99486964941,0.032503195106,0,1
450684,1,225809,0.29011926054,0.99699604511,0.032486867159,1,1
450684,2,225970,0.29092344641,0.99957507848,0.032455183565,1,1
450684,3,225807,0.28780028223,0.99945813417,0.03246287629,1,1
450685,1,225970,0.29092344641,0.99957507848,0.032455183565,0,1
450685,2,225980,0.2896914184,1.0020229816,0.032429300248,0,1
450685,3,225807,0.28780028223,0.99945813417,0.03246287629,0,1
450686,1,225662,0.28052419424,0.99970006942,0.03247058019,0,0
450686,2,225811,0.28266334533,1.0023696422,0.032437227666,0,0
450686,3,225663,0.27909356355,1.002988696,0.032433837652,0,0
450687,1,225821,0.28229910135,1.0111639499,0.032335665076,0,0
450687,2,225810,0.28017202019,1.0087038278,0.032366570085,0,0
450687,3,225814,0.28341972827,1.0081723928,0.032368790358,0,0
450688,1,225670,0.2788516581,1.0114514827,0.032336048781,0,1
450688,2,225810,0.28017202019,1.0087038278,0.032366570085,0,1
450688,3,225821,0.28229910135,1.0111639499,0.032335665076,0,1
450689,1,225811,0.28266334533,1.0023696422,0.032437227666,1,1
450689,2,225813,0.284681499,1.0050537586,0.032403193414,1,1
450689,3,225664,0.28135597705,1.0055705308,0.032401617616,1,1
450690,1,225664,0.28135597705,1.0055705308,0.032401617616,0,1
450690,2,225813,0.284681499,1.0050537586,0.032403193414,0,1
450690,3,225814,0.28341972827,1.0081723928,0.032368790358,0,1
450691,1,225664,0.28135597705,1.0055705308,0.032401617616,0,0
450691,2,225814,0.28341972827,1.0081723928,0.032368790358,0,0
450691,3,225810,0.28017202019,1.0087038278,0.032366570085,0,0
450692,1,225811,0.28266334533,1.0023696422,0.032437227666,0,0
450692,2,225812,0.28619557619,1.0021543502,0.032434366643,0,0
450692,3,225813,0.284681499,1.0050537586,0.032403193414,0,0
450693,1,225813,0.284681499,1.0050537586,0.032403193414,0,0
450693,2,225815,0.28660804033,1.0075980424,0.03237042576,0,0
450693,3,225814,0.28341972827,1.0081723928,0.032368790358,0,0
450694,1,225816,0.28831753134,1.0098068714,0.032341584563,0,1
450694,2,225825,0.28552806377,1.0106281042,0.032337106764,0,1
450694,3,225815,0.28660804033,1.0075980424,0.03237042576,0,1
450695,1,225980,0.2896914184,1.0020229816,0.032429300248,0,0
450695,2,225817,0.28815329074,1.0047011375,0.032401263713,0,0
450695,3,225812,0.28619557619,1.0021543502,0.032434366643,0,0
450696,1,225815,0.28660804033,1.0075980424,0.03237042576,0,1
450696,2,225813,0.284681499,1.0050537586,0.032403193414,0,1
450696,3,225817,0.28815329074,1.0047011375,0.032401263713,0,1
450697,1,225814,0.28341972827,1.0081723928,0.032368790358,0,0
450697,2,225815,0.28660804033,1.0075980424,0.03237042576,0,0
450697,3,225825,0.28552806377,1.0106281042,0.032337106764,0,0
450698,1,225981,0.29199647903,1.0046260356,0.032393954694,0,1
450698,2,225817,0.28815329074,1.0047011375,0.032401263713,0,1
450698,3,225980,0.2896914184,1.0020229816,0.032429300248,0,1
450699,1,225812,0.28619557619,1.0021543502,0.032434366643,1,1
450699,2,225817,0.28815329074,1.0047011375,0.032401263713,1,1
450699,3,225813,0.284681499,1.0050537586,0.032403193414,1,1
450700,1,225981,0.29199647903,1.0046260356,0.032393954694,0,0
450700,2,225818,0.29010683298,1.0074182748,0.032365728169,0,0
450700,3,225817,0.28815329074,1.0047011375,0.032401263713,0,0
450701,1,225816,0.28831753134,1.0098068714,0.032341584563,0,0
450701,2,225815,0.28660804033,1.0075980424,0.03237042576,0,0
450701,3,225818,0.29010683298,1.0074182748,0.032365728169,0,0
450702,1,225815,0.28660804033,1.0075980424,0.03237042576,0,0
450702,2,225817,0.28815329074,1.0047011375,0.032401263713,0,0
450702,3,225818,0.29010683298,1.0074182748,0.032365728169,0,0
450703,1,225819,0.28085750341,1.0140378475,0.032304033637,0,0
450703,2,225670,0.2788516581,1.0114514827,0.032336048781,0,0
450703,3,225821,0.28229910135,1.0111639499,0.032335665076,0,0
450704,1,225820,0.28133180737,1.0195463895,0.032239664345,0,0
450704,2,225671,0.27904230356,1.0170042514,0.032271508127,0,0
450704,3,225822,0.28300976753,1.0165460109,0.032272230833,0,0
450705,1,225819,0.28085750341,1.0140378475,0.032304033637,0,0
450705,2,225822,0.28300976753,1.0165460109,0.032272230833,0,0
450705,3,225671,0.27904230356,1.0170042514,0.032271508127,0,0
450706,1,225822,0.28300976753,1.0165460109,0.032272230833,0,0
450706,2,225824,0.28462064266,1.0190498828,0.032240781933,0,0
450706,3,225820,0.28133180737,1.0195463895,0.032239664345,0,0
450707,1,225826,0.28720355033,1.0165162086,0.032265767455,0,0
450707,2,225822,0.28300976753,1.0165460109,0.032272230833,0,0
450707,3,225823,0.28469055891,1.0136822462,0.032303012907,0,0
450708,1,225821,0.28229910135,1.0111639499,0.032335665076,0,0
450708,2,225823,0.28469055891,1.0136822462,0.032303012907,0,0
450708,3,225819,0.28085750341,1.0140378475,0.032304033637,0,0
450709,1,225819,0.28085750341,1.0140378475,0.032304033637,0,1
450709,2,225823,0.28469055891,1.0136822462,0.032303012907,0,1
450709,3,225822,0.28300976753,1.0165460109,0.032272230833,0,1
450710,1,225824,0.28462064266,1.0190498828,0.032240781933,0,0
450710,2,225822,0.28300976753,1.0165460109,0.032272230833,0,0
450710,3,225826,0.28720355033,1.0165162086,0.032265767455,0,0
450711,1,225681,0.28007727861,1.022445321,0.03220738843,0,1
450711,2,225820,0.28133180737,1.0195463895,0.032239664345,0,1
450711,3,225832,0.2838999927,1.0220761299,0.032206788659,0,1
450712,1,225814,0.28341972827,1.0081723928,0.032368790358,0,0
450712,2,225825,0.28552806377,1.0106281042,0.032337106764,0,0
450712,3,225821,0.28229910135,1.0111639499,0.032335665076,0,0
450713,1,225821,0.28229910135,1.0111639499,0.032335665076,0,0
450713,2,225825,0.28552806377,1.0106281042,0.032337106764,0,0
450713,3,225823,0.28469055891,1.0136822462,0.032303012907,0,0
450714,1,225823,0.28469055891,1.0136822462,0.032303012907,0,0
450714,2,225825,0.28552806377,1.0106281042,0.032337106764,0,0
450714,3,225828,0.28817078471,1.0129299163,0.032305568456,0,0
450715,1,225992,0.29130977392,1.0149480104,0.032275438308,1,1
450715,2,225826,0.28720355033,1.0165162086,0.032265767455,1,1
450715,3,225828,0.28817078471,1.0129299163,0.032305568456,1,1
450716,1,225826,0.28720355033,1.0165162086,0.032265767455,0,1
450716,2,225827,0.28732773661,1.0207551717,0.032216276973,0,1
450716,3,225824,0.28462064266,1.0190498828,0.032240781933,0,1
450717,1,225816,0.28831753134,1.0098068714,0.032341584563,0,0
450717,2,225828,0.28817078471,1.0129299163,0.032305568456,0,0
450717,3,225825,0.28552806377,1.0106281042,0.032337106764,0,0
450718,1,225823,0.28469055891,1.0136822462,0.032303012907,0,0
450718,2,225828,0.28817078471,1.0129299163,0.032305568456,0,0
450718,3,225826,0.28720355033,1.0165162086,0.032265767455,0,0
450719,1,225829,0.29032182693,1.0188171863,0.032232649624,0,1
450719,2,225827,0.28732773661,1.0207551717,0.032216276973,0,1
450719,3,225826,0.28720355033,1.0165162086,0.032265767455,0,1
450720,1,225672,0.27736285328,1.0201441049,0.032236445695,0,1
450720,2,225820,0.28133180737,1.0195463895,0.032239664345,0,1
450720,3,225681,0.28007727861,1.022445321,0.03220738843,0,1
450721,1,225681,0.28007727861,1.022445321,0.03220738843,0,1
450721,2,225830,0.28244778513,1.02502954,0.032174553722,0,1
450721,3,225682,0.27906396985,1.0250873565,0.032177858054,0,1
450723,1,225824,0.28462064266,1.0190498828,0.032240781933,0,0
450723,2,225832,0.2838999927,1.0220761299,0.032206788659,0,0
450723,3,225820,0.28133180737,1.0195463895,0.032239664345,0,0
450724,1,225830,0.28244778513,1.02502954,0.032174553722,1,0
450724,2,225681,0.28007727861,1.022445321,0.03220738843,1,0
450724,3,225832,0.2838999927,1.0220761299,0.032206788659,1,0
450725,1,225831,0.28367653489,1.0280225276,0.032138101756,0,0
450725,2,225683,0.28012451529,1.0276914834,0.032146517187,0,0
450725,3,225830,0.28244778513,1.02502954,0.032174553722,0,0
450726,1,225683,0.28012451529,1.0276914834,0.032146517187,0,0
450726,2,225682,0.27906396985,1.0250873565,0.032177858054,0,0
450726,3,225830,0.28244778513,1.02502954,0.032174553722,0,0
450727,1,225832,0.2838999927,1.0220761299,0.032206788659,0,0
450727,2,225824,0.28462064266,1.0190498828,0.032240781933,0,0
450727,3,225827,0.28732773661,1.0207551717,0.032216276973,0,0
450728,1,225835,0.2898916006,1.0226558446,0.032188925892,0,1
450728,2,225833,0.2865627408,1.0248222351,0.032170392572,0,1
450728,3,225827,0.28732773661,1.0207551717,0.032216276973,0,1
450729,1,225832,0.2838999927,1.0220761299,0.032206788659,0,1
450729,2,225833,0.2865627408,1.0248222351,0.032170392572,0,1
450729,3,225830,0.28244778513,1.02502954,0.032174553722,0,1
450731,1,225832,0.2838999927,1.0220761299,0.032206788659,1,1
450731,2,225827,0.28732773661,1.0207551717,0.032216276973,1,1
450731,3,225833,0.2865627408,1.0248222351,0.032170392572,1,1
450732,1,225830,0.28244778513,1.02502954,0.032174553722,0,0
450732,2,225833,0.2865627408,1.0248222351,0.032170392572,0,0
450732,3,225831,0.28367653489,1.0280225276,0.032138101756,0,0
450733,1,225834,0.28686583042,1.0287991762,0.032123629003,0,0
450733,2,225831,0.28367653489,1.0280225276,0.032138101756,0,0
450733,3,225833,0.2865627408,1.0248222351,0.032170392572,0,0
450734,1,226002,0.29238012433,1.0240302085,0.032167173922,0,0
450734,2,225836,0.29017734527,1.0263903141,0.032144878059,0,0
450734,3,225835,0.2898916006,1.0226558446,0.032188925892,0,0
450735,1,225836,0.29017734527,1.0263903141,0.032144878059,0,0
450735,2,225834,0.28686583042,1.0287991762,0.032123629003,0,0
450735,3,225833,0.2865627408,1.0248222351,0.032170392572,0,0
450737,1,225835,0.2898916006,1.0226558446,0.032188925892,0,0
450737,2,225827,0.28732773661,1.0207551717,0.032216276973,0,0
450737,3,225829,0.29032182693,1.0188171863,0.032232649624,0,0
450969,1,225950,0.29212078452,0.97466987371,0.032742284238,0,0
450969,2,225792,0.28909432888,0.97254651784,0.032773196697,0,0
450969,3,225952,0.2922091484,0.97084498405,0.032786604017,0,0
450970,1,225790,0.28617030382,0.97751516103,0.032720599323,0,0
450970,2,225793,0.28908798098,0.97607016563,0.032732270658,0,0
450970,3,225794,0.28901058435,0.97924125194,0.032695557922,0,0
450972,1,225950,0.29212078452,0.97466987371,0.032742284238,0,0
450972,2,225952,0.2922091484,0.97084498405,0.032786604017,0,0
450972,3,225953,0.29518562555,0.97300207614,0.032754462212,0,0
450974,1,225956,0.29801240563,0.97480624914,0.032725911587,0,1
450974,2,225954,0.29504555463,0.97670453786,0.03271171078,0,1
450974,3,225953,0.29518562555,0.97300207614,0.032754462212,0,1
450975,1,225954,0.29504555463,0.97670453786,0.03271171078,0,0
450975,2,225951,0.29195535182,0.97815734148,0.03270208463,0,0
450975,3,225950,0.29212078452,0.97466987371,0.032742284238,0,0
450976,1,225954,0.29504555463,0.97670453786,0.03271171078,0,0
450976,2,225950,0.29212078452,0.97466987371,0.032742284238,0,0
450976,3,225953,0.29518562555,0.97300207614,0.032754462212,0,0
450978,1,225956,0.29801240563,0.97480624914,0.032725911587,0,0
450978,2,225953,0.29518562555,0.97300207614,0.032754462212,0,0
450978,3,225955,0.29835844039,0.97119396924,0.032767072319,0,0
450980,1,225957,0.29784581065,0.97871196269,0.032680880278,0,0
450980,2,225954,0.29504555463,0.97670453786,0.03271171078,0,0
450980,3,225956,0.29801240563,0.97480624914,0.032725911587,0,0
450981,1,225957,0.29784581065,0.97871196269,0.032680880278,0,0
450981,2,225962,0.29473489522,0.9803725481,0.032669752836,0,0
450981,3,225954,0.29504555463,0.97670453786,0.03271171078,0,0
450982,1,225951,0.29195535182,0.97815734148,0.03270208463,0,0
450982,2,225954,0.29504555463,0.97670453786,0.03271171078,0,0
450982,3,225962,0.29473489522,0.9803725481,0.032669752836,0,0
450983,1,226128,0.30089128017,0.97293597459,0.032739017158,0,0
450983,2,226129,0.30070737004,0.97637367248,0.032699435949,0,0
450983,3,225956,0.29801240563,0.97480624914,0.032725911587,0,0
450984,1,225801,0.28846865892,0.98224467039,0.032661668956,0,0
450984,2,225960,0.2914905548,0.98142725229,0.032665066421,0,0
450984,3,225958,0.29058670997,0.98447537422,0.03263150528,0,0
450985,1,225958,0.29058670997,0.98447537422,0.03263150528,0,0
450985,2,225799,0.28746676445,0.98502379655,0.032631147652,0,0
450985,3,225801,0.28846865892,0.98224467039,0.032661668956,0,0
450986,1,225961,0.29242870211,0.98666447401,0.03260199353,0,0
450986,2,225959,0.28949421644,0.98742198944,0.032599482685,0,0
450986,3,225958,0.29058670997,0.98447537422,0.03263150528,0,0
450987,1,225959,0.28949421644,0.98742198944,0.032599482685,0,0
450987,2,225961,0.29242870211,0.98666447401,0.03260199353,0,0
450987,3,225968,0.29139366745,0.9892437458,0.032574370503,0,0
450988,1,225794,0.28901058435,0.97924125194,0.032695557922,1,0
450988,2,225951,0.29195535182,0.97815734148,0.03270208463,1,0
450988,3,225960,0.2914905548,0.98142725229,0.032665066421,1,0
450989,1,225951,0.29195535182,0.97815734148,0.03270208463,0,1
450989,2,225962,0.29473489522,0.9803725481,0.032669752836,0,1
450989,3,225960,0.2914905548,0.98142725229,0.032665066421,0,1
450990,1,225960,0.2914905548,0.98142725229,0.032665066421,0,0
450990,2,225962,0.29473489522,0.9803725481,0.032669752836,0,0
450990,3,225963,0.2938504219,0.98366761207,0.032633520662,0,0
450991,1,225961,0.29242870211,0.98666447401,0.03260199353,1,1
450991,2,225958,0.29058670997,0.98447537422,0.03263150528,1,1
450991,3,225963,0.2938504219,0.98366761207,0.032633520662,1,1
450992,1,225799,0.28746676445,0.98502379655,0.032631147652,0,1
450992,2,225958,0.29058670997,0.98447537422,0.03263150528,0,1
450992,3,225959,0.28949421644,0.98742198944,0.032599482685,0,1
450993,1,225960,0.2914905548,0.98142725229,0.032665066421,0,0
450993,2,225963,0.2938504219,0.98366761207,0.032633520662,0,0
450993,3,225958,0.29058670997,0.98447537422,0.03263150528,0,0
450994,1,225968,0.29139366745,0.9892437458,0.032574370503,0,0
450994,2,225961,0.29242870211,0.98666447401,0.03260199353,0,0
450994,3,225971,0.29423525929,0.98899877071,0.032570537179,0,0
450995,1,225957,0.29784581065,0.97871196269,0.032680880278,0,0
450995,2,225966,0.29765206575,0.98297446966,0.032631721347,0,0
450995,3,225962,0.29473489522,0.9803725481,0.032669752836,0,0
450996,1,225963,0.2938504219,0.98366761207,0.032633520662,0,1
450996,2,225964,0.2952825427,0.98602509498,0.032602522522,0,1
450996,3,225961,0.29242870211,0.98666447401,0.03260199353,0,1
450997,1,225965,0.29770615696,0.98745071887,0.032579369843,0,0
450997,2,225971,0.29423525929,0.98899877071,0.032570537179,0,0
450997,3,225964,0.2952825427,0.98602509498,0.032602522522,0,0
450998,1,225963,0.2938504219,0.98366761207,0.032633520662,0,0
450998,2,225962,0.29473489522,0.9803725481,0.032669752836,0,0
450998,3,225966,0.29765206575,0.98297446966,0.032631721347,0,0
450999,1,225964,0.2952825427,0.98602509498,0.032602522522,0,1
450999,2,225963,0.2938504219,0.98366761207,0.032633520662,0,1
450999,3,225966,0.29765206575,0.98297446966,0.032631721347,0,1
451000,1,225961,0.29242870211,0.98666447401,0.03260199353,0,0
451000,2,225964,0.2952825427,0.98602509498,0.032602522522,0,0
451000,3,225971,0.29423525929,0.98899877071,0.032570537179,0,0
451001,1,225967,0.30060636997,0.98807483911,0.032562889158,0,0
451001,2,225965,0.29770615696,0.98745071887,0.032579369843,0,0
451001,3,226141,0.3008171916,0.9841760993,0.032607737928,0,0
451002,1,226141,0.3008171916,0.9841760993,0.032607737928,0,0
451002,2,225966,0.29765206575,0.98297446966,0.032631721347,0,0
451002,3,226130,0.30073437094,0.9801312685,0.032655391842,0,0
451003,1,225957,0.29784581065,0.97871196269,0.032680880278,0,1
451003,2,226130,0.30073437094,0.9801312685,0.032655391842,0,1
451003,3,225966,0.29765206575,0.98297446966,0.032631721347,0,1
451004,1,225966,0.29765206575,0.98297446966,0.032631721347,0,1
451004,2,226141,0.3008171916,0.9841760993,0.032607737928,0,1
451004,3,225965,0.29770615696,0.98745071887,0.032579369843,0,1
451005,1,225964,0.2952825427,0.98602509498,0.032602522522,1,0
451005,2,225966,0.29765206575,0.98297446966,0.032631721347,1,0
451005,3,225965,0.29770615696,0.98745071887,0.032579369843,1,0
451006,1,226142,0.30272153019,0.98619616031,0.032574627548,0,0
451006,2,225967,0.30060636997,0.98807483911,0.032562889158,0,0
451006,3,226141,0.3008171916,0.9841760993,0.032607737928,0,0
451007,1,225959,0.28949421644,0.98742198944,0.032599482685,0,1
451007,2,225968,0.29139366745,0.9892437458,0.032574370503,0,1
451007,3,225800,0.28877305984,0.99062508344,0.032563727349,0,1
451008,1,225800,0.28877305984,0.99062508344,0.032563727349,1,0
451008,2,225969,0.2921000123,0.99183911085,0.032542526721,1,0
451008,3,225808,0.28870663046,0.99393868446,0.032525327056,1,0
451009,1,225970,0.29092344641,0.99957507848,0.032455183565,0,0
451009,2,225809,0.29011926054,0.99699604511,0.032486867159,0,0
451009,3,225973,0.29375973343,0.9981791377,0.032464839518,0,0
451010,1,225973,0.29375973343,0.9981791377,0.032464839518,0,0
451010,2,225809,0.29011926054,0.99699604511,0.032486867159,0,0
451010,3,225972,0.29382103681,0.99486964941,0.032503195106,0,0
451011,1,225971,0.29423525929,0.98899877071,0.032570537179,0,0
451011,2,225974,0.29582887887,0.99148499965,0.032537445425,0,0
451011,3,225969,0.2921000123,0.99183911085,0.032542526721,0,0
451012,1,225972,0.29382103681,0.99486964941,0.032503195106,0,0
451012,2,225969,0.2921000123,0.99183911085,0.032542526721,0,0
451012,3,225974,0.29582887887,0.99148499965,0.032537445425,0,0
451013,1,225968,0.29139366745,0.9892437458,0.032574370503,0,1
451013,2,225971,0.29423525929,0.98899877071,0.032570537179,0,1
451013,3,225969,0.2921000123,0.99183911085,0.032542526721,0,1
451014,1,225969,0.2921000123,0.99183911085,0.032542526721,0,0
451014,2,225972,0.29382103681,0.99486964941,0.032503195106,0,0
451014,3,225808,0.28870663046,0.99393868446,0.032525327056,0,0
451015,1,225974,0.29582887887,0.99148499965,0.032537445425,0,0
451015,2,225971,0.29423525929,0.98899877071,0.032570537179,0,0
451015,3,225965,0.29770615696,0.98745071887,0.032579369843,0,0
451016,1,225974,0.29582887887,0.99148499965,0.032537445425,0,1
451016,2,225978,0.29857546091,0.99399554729,0.032500471919,0,1
451016,3,225972,0.29382103681,0.99486964941,0.032503195106,0,1
451017,1,225976,0.29726684093,0.99722391366,0.032466687262,0,0
451017,2,225972,0.29382103681,0.99486964941,0.032503195106,0,0
451017,3,225978,0.29857546091,0.99399554729,0.032500471919,0,0
451018,1,225975,0.29633834958,1.0005538463,0.032430440187,0,0
451018,2,225973,0.29375973343,0.9981791377,0.032464839518,0,0
451018,3,225976,0.29726684093,0.99722391366,0.032466687262,0,0
451019,1,225977,0.29871815443,0.99070209264,0.032538473606,0,1
451019,2,225974,0.29582887887,0.99148499965,0.032537445425,0,1
451019,3,225965,0.29770615696,0.98745071887,0.032579369843,0,1
451020,1,225972,0.29382103681,0.99486964941,0.032503195106,0,0
451020,2,225976,0.29726684093,0.99722391366,0.032466687262,0,0
451020,3,225973,0.29375973343,0.9981791377,0.032464839518,0,0
451021,1,225967,0.30060636997,0.98807483911,0.032562889158,0,0
451021,2,225977,0.29871815443,0.99070209264,0.032538473606,0,0
451021,3,225965,0.29770615696,0.98745071887,0.032579369843,0,0
451022,1,225974,0.29582887887,0.99148499965,0.032537445425,0,0
451022,2,225977,0.29871815443,0.99070209264,0.032538473606,0,0
451022,3,225978,0.29857546091,0.99399554729,0.032500471919,0,0
451023,1,225979,0.30111345648,0.99665659666,0.032460004091,0,0
451023,2,225989,0.29954078793,0.99950224161,0.032433219254,0,0
451023,3,225976,0.29726684093,0.99722391366,0.032466687262,0,0
451024,1,225975,0.29633834958,1.0005538463,0.032430440187,0,1
451024,2,225976,0.29726684093,0.99722391366,0.032466687262,0,1
451024,3,225989,0.29954078793,0.99950224161,0.032433219254,0,1
451025,1,225978,0.29857546091,0.99399554729,0.032500471919,1,0
451025,2,225977,0.29871815443,0.99070209264,0.032538473606,1,0
451025,3,226151,0.30117997527,0.99144530296,0.032520927488,1,0
451026,1,226152,0.30279830098,0.99413800239,0.032480668276,1,0
451026,2,225979,0.30111345648,0.99665659666,0.032460004091,1,0
451026,3,225978,0.29857546091,0.99399554729,0.032500471919,1,0
451027,1,225979,0.30111345648,0.99665659666,0.032460004091,0,0
451027,2,225976,0.29726684093,0.99722391366,0.032466687262,0,0
451027,3,225978,0.29857546091,0.99399554729,0.032500471919,0,0
451028,1,225982,0.29108864068,1.0108124017,0.032324075698,0,1
451028,2,225818,0.29010683298,1.0074182748,0.032365728169,0,1
451028,3,225984,0.29405978322,1.0079569816,0.032350175082,0,1
451029,1,225818,0.29010683298,1.0074182748,0.032365728169,0,1
451029,2,225982,0.29108864068,1.0108124017,0.032324075698,0,1
451029,3,225816,0.28831753134,1.0098068714,0.032341584563,0,1
451030,1,225987,0.2984791696,1.0022010803,0.032405018806,1,0
451030,2,225985,0.29589965939,1.0042855739,0.032388094812,1,0
451030,3,225975,0.29633834958,1.0005538463,0.032430440187,1,0
451031,1,225982,0.29108864068,1.0108124017,0.032324075698,0,0
451031,2,225984,0.29405978322,1.0079569816,0.032350175082,0,0
451031,3,225994,0.29398626089,1.0119963884,0.032303337007,0,0
451032,1,225975,0.29633834958,1.0005538463,0.032430440187,0,0
451032,2,225983,0.29326063394,1.0015517473,0.032426755875,0,0
451032,3,225973,0.29375973343,0.9981791377,0.032464839518,0,0
451033,1,225983,0.29326063394,1.0015517473,0.032426755875,0,0
451033,2,225980,0.2896914184,1.0020229816,0.032429300248,0,0
451033,3,225970,0.29092344641,0.99957507848,0.032455183565,0,0
451034,1,225985,0.29589965939,1.0042855739,0.032388094812,1,1
451034,2,225981,0.29199647903,1.0046260356,0.032393954694,1,1
451034,3,225983,0.29326063394,1.0015517473,0.032426755875,1,1
451035,1,225985,0.29589965939,1.0042855739,0.032388094812,0,0
451035,2,225984,0.29405978322,1.0079569816,0.032350175082,0,0
451035,3,225981,0.29199647903,1.0046260356,0.032393954694,0,0
451036,1,225986,0.29695308208,1.0103561878,0.032314430922,0,0
451036,2,225994,0.29398626089,1.0119963884,0.032303337007,0,0
451036,3,225984,0.29405978322,1.0079569816,0.032350175082,0,0
451037,1,225980,0.2896914184,1.0020229816,0.032429300248,0,1
451037,2,225983,0.29326063394,1.0015517473,0.032426755875,0,1
451037,3,225981,0.29199647903,1.0046260356,0.032393954694,0,1
451038,1,225988,0.29801267385,1.0073022842,0.032347008585,0,0
451038,2,225985,0.29589965939,1.0042855739,0.032388094812,0,0
451038,3,225990,0.29964473843,1.0046249628,0.032373011112,0,0
451039,1,225981,0.29199647903,1.0046260356,0.032393954694,0,0
451039,2,225984,0.29405978322,1.0079569816,0.032350175082,0,0
451039,3,225818,0.29010683298,1.0074182748,0.032365728169,0,0
451040,1,225970,0.29092344641,0.99957507848,0.032455183565,0,1
451040,2,225973,0.29375973343,0.9981791377,0.032464839518,0,1
451040,3,225983,0.29326063394,1.0015517473,0.032426755875,0,1
451041,1,225983,0.29326063394,1.0015517473,0.032426755875,0,1
451041,2,225975,0.29633834958,1.0005538463,0.032430440187,0,1
451041,3,225985,0.29589965939,1.0042855739,0.032388094812,0,1
451042,1,225986,0.29695308208,1.0103561878,0.032314430922,0,0
451042,2,225984,0.29405978322,1.0079569816,0.032350175082,0,0
451042,3,225988,0.29801267385,1.0073022842,0.032347008585,0,0
451043,1,225996,0.29666781425,1.0130293369,0.032284088432,0,0
451043,2,225994,0.29398626089,1.0119963884,0.032303337007,0,0
451043,3,225986,0.29695308208,1.0103561878,0.032314430922,0,0
451044,1,225985,0.29589965939,1.0042855739,0.032388094812,0,0
451044,2,225988,0.29801267385,1.0073022842,0.032347008585,0,0
451044,3,225984,0.29405978322,1.0079569816,0.032350175082,0,0
451045,1,225989,0.29954078793,0.99950224161,0.032433219254,0,0
451045,2,225987,0.2984791696,1.0022010803,0.032405018806,0,0
451045,3,225975,0.29633834958,1.0005538463,0.032430440187,0,0
451046,1,225987,0.2984791696,1.0022010803,0.032405018806,0,1
451046,2,225990,0.29964473843,1.0046249628,0.032373011112,0,1
451046,3,225985,0.29589965939,1.0042855739,0.032388094812,0,1
451047,1,225987,0.2984791696,1.0022010803,0.032405018806,0,0
451047,2,226163,0.3011893928,1.0019171237,0.03239781782,0,0
451047,3,225990,0.29964473843,1.0046249628,0.032373011112,0,0
451048,1,225991,0.30030810832,1.0095846652,0.032312087714,0,1
451048,2,225988,0.29801267385,1.0073022842,0.032347008585,0,1
451048,3,226164,0.30158925056,1.0068733692,0.032337527722,0,1
451049,1,225988,0.29801267385,1.0073022842,0.032347008585,0,1
451049,2,225991,0.30030810832,1.0095846652,0.032312087714,0,1
451049,3,225986,0.29695308208,1.0103561878,0.032314430922,0,1
451050,1,225992,0.29130977392,1.0149480104,0.032275438308,0,1
451050,2,225828,0.28817078471,1.0129299163,0.032305568456,0,1
451050,3,225982,0.29108864068,1.0108124017,0.032324075698,0,1
451051,1,225826,0.28720355033,1.0165162086,0.032265767455,1,0
451051,2,225992,0.29130977392,1.0149480104,0.032275438308,1,0
451051,3,225829,0.29032182693,1.0188171863,0.032232649624,1,0
451052,1,225993,0.29367378354,1.0181987285,0.032231874763,0,0
451052,2,225992,0.29130977392,1.0149480104,0.032275438308,0,0
451052,3,225995,0.2949284017,1.0153081417,0.03226224333,0,0
451053,1,225816,0.28831753134,1.0098068714,0.032341584563,1,0
451053,2,225982,0.29108864068,1.0108124017,0.032324075698,1,0
451053,3,225828,0.28817078471,1.0129299163,0.032305568456,1,0
451054,1,225994,0.29398626089,1.0119963884,0.032303337007,0,0
451054,2,225992,0.29130977392,1.0149480104,0.032275438308,0,0
451054,3,225982,0.29108864068,1.0108124017,0.032324075698,0,0
451055,1,225829,0.29032182693,1.0188171863,0.032232649624,0,1
451055,2,225992,0.29130977392,1.0149480104,0.032275438308,0,1
451055,3,225993,0.29367378354,1.0181987285,0.032231874763,0,1
451056,1,225835,0.2898916006,1.0226558446,0.032188925892,0,0
451056,2,225829,0.29032182693,1.0188171863,0.032232649624,0,0
451056,3,226004,0.29301238059,1.0212835073,0.032197598367,0,0
451057,1,225997,0.29814180731,1.0151935815,0.032254513353,0,0
451057,2,225995,0.2949284017,1.0153081417,0.03226224333,0,0
451057,3,225996,0.29666781425,1.0130293369,0.032284088432,0,0
451058,1,225993,0.29367378354,1.0181987285,0.032231874763,0,0
451058,2,225995,0.2949284017,1.0153081417,0.03226224333,0,0
451058,3,225998,0.2970303893,1.0180231332,0.032224789261,0,0
451059,1,225997,0.29814180731,1.0151935815,0.032254513353,0,0
451059,2,225998,0.2970303893,1.0180231332,0.032224789261,0,0
451059,3,225995,0.2949284017,1.0153081417,0.03226224333,0,0
451060,1,225992,0.29130977392,1.0149480104,0.032275438308,0,0
451060,2,225994,0.29398626089,1.0119963884,0.032303337007,0,0
451060,3,225995,0.2949284017,1.0153081417,0.03226224333,0,0
451061,1,225996,0.29666781425,1.0130293369,0.032284088432,0,1
451061,2,225995,0.2949284017,1.0153081417,0.03226224333,0,1
451061,3,225994,0.29398626089,1.0119963884,0.032303337007,0,1
451062,1,225996,0.29666781425,1.0130293369,0.032284088432,0,0
451062,2,225999,0.29939043521,1.0123587846,0.032283443957,0,0
451062,3,225997,0.29814180731,1.0151935815,0.032254513353,0,0
451063,1,226176,0.30105671286,1.0145927667,0.032249473035,0,0
451063,2,225997,0.29814180731,1.0151935815,0.032254513353,0,0
451063,3,225999,0.29939043521,1.0123587846,0.032283443957,0,0
451064,1,226008,0.29607057571,1.0208469629,0.032194647938,0,0
451064,2,225998,0.2970303893,1.0180231332,0.032224789261,0,0
451064,3,226001,0.29936251044,1.0205276012,0.032187871634,0,0
451065,1,225986,0.29695308208,1.0103561878,0.032314430922,0,0
451065,2,225999,0.29939043521,1.0123587846,0.032283443957,0,0
451065,3,225996,0.29666781425,1.0130293369,0.032284088432,0,0
451066,1,225991,0.30030810832,1.0095846652,0.032312087714,0,0
451066,2,225999,0.29939043521,1.0123587846,0.032283443957,0,0
451066,3,225986,0.29695308208,1.0103561878,0.032314430922,0,0
451067,1,226000,0.30010840296,1.0175256729,0.032219871878,1,0
451067,2,225997,0.29814180731,1.0151935815,0.032254513353,1,0
451067,3,226176,0.30105671286,1.0145927667,0.032249473035,1,0
451068,1,226000,0.30010840296,1.0175256729,0.032219871878,0,1
451068,2,225998,0.2970303893,1.0180231332,0.032224789261,0,1
451068,3,225997,0.29814180731,1.0151935815,0.032254513353,0,1
451069,1,226001,0.29936251044,1.0205276012,0.032187871634,0,0
451069,2,225998,0.2970303893,1.0180231332,0.032224789261,0,0
451069,3,226000,0.30010840296,1.0175256729,0.032219871878,0,0
451070,1,226002,0.29238012433,1.0240302085,0.032167173922,0,1
451070,2,225835,0.2898916006,1.0226558446,0.032188925892,0,1
451070,3,226004,0.29301238059,1.0212835073,0.032197598367,0,1
451071,1,225833,0.2865627408,1.0248222351,0.032170392572,0,0
451071,2,225835,0.2898916006,1.0226558446,0.032188925892,0,0
451071,3,225836,0.29017734527,1.0263903141,0.032144878059,0,0
451072,1,226003,0.29274767637,1.028809309,0.032110657542,0,0
451072,2,225836,0.29017734527,1.0263903141,0.032144878059,0,0
451072,3,226005,0.29368153214,1.026228547,0.032138321548,0,0
451074,1,225998,0.2970303893,1.0180231332,0.032224789261,0,0
451074,2,226008,0.29607057571,1.0208469629,0.032194647938,0,0
451074,3,225993,0.29367378354,1.0181987285,0.032231874763,0,0
451075,1,225993,0.29367378354,1.0181987285,0.032231874763,0,0
451075,2,226004,0.29301238059,1.0212835073,0.032197598367,0,0
451075,3,225829,0.29032182693,1.0188171863,0.032232649624,0,0
451076,1,226002,0.29238012433,1.0240302085,0.032167173922,0,0
451076,2,226005,0.29368153214,1.026228547,0.032138321548,0,0
451076,3,225836,0.29017734527,1.0263903141,0.032144878059,0,0
451079,1,226004,0.29301238059,1.0212835073,0.032197598367,0,0
451079,2,225993,0.29367378354,1.0181987285,0.032231874763,0,0
451079,3,226008,0.29607057571,1.0208469629,0.032194647938,0,0
451080,1,226008,0.29607057571,1.0208469629,0.032194647938,0,1
451080,2,226009,0.29515570402,1.0236948728,0.032163914293,0,1
451080,3,226004,0.29301238059,1.0212835073,0.032197598367,0,1
451081,1,226009,0.29515570402,1.0236948728,0.032163914293,1,0
451081,2,226002,0.29238012433,1.0240302085,0.032167173922,1,0
451081,3,226004,0.29301238059,1.0212835073,0.032197598367,1,0
451082,1,226010,0.29687795042,1.0261147022,0.032130870968,0,0
451082,2,226005,0.29368153214,1.026228547,0.032138321548,0,0
451082,3,226009,0.29515570402,1.0236948728,0.032163914293,0,0
451083,1,226003,0.29274767637,1.028809309,0.032110657542,0,0
451083,2,226005,0.29368153214,1.026228547,0.032138321548,0,0
451083,3,226007,0.29535913467,1.0281016826,0.032112024724,0,0
451084,1,226010,0.29687795042,1.0261147022,0.032130870968,0,0
451084,2,226007,0.29535913467,1.0281016826,0.032112024724,0,0
451084,3,226005,0.29368153214,1.026228547,0.032138321548,0,0
451085,1,226002,0.29238012433,1.0240302085,0.032167173922,0,0
451085,2,226009,0.29515570402,1.0236948728,0.032163914293,0,0
451085,3,226005,0.29368153214,1.026228547,0.032138321548,0,0
451087,1,226009,0.29515570402,1.0236948728,0.032163914293,1,1
451087,2,226008,0.29607057571,1.0208469629,0.032194647938,1,1
451087,3,226012,0.29823324084,1.0234738588,0.032157599925,1,1
451088,1,226010,0.29687795042,1.0261147022,0.032130870968,0,0
451088,2,226009,0.29515570402,1.0236948728,0.032163914293,0,0
451088,3,226012,0.29823324084,1.0234738588,0.032157599925,0,0
451090,1,226008,0.29607057571,1.0208469629,0.032194647938,0,1
451090,2,226001,0.29936251044,1.0205276012,0.032187871634,0,1
451090,3,226012,0.29823324084,1.0234738588,0.032157599925,0,1
451091,1,226178,0.30275210738,1.0195919275,0.032177746295,0,1
451091,2,226187,0.30154192447,1.0231922864,0.032145608216,0,1
451091,3,226001,0.29936251044,1.0205276012,0.032187871634,0,1
451092,1,226187,0.30154192447,1.0231922864,0.032145608216,0,0
451092,2,226012,0.29823324084,1.0234738588,0.032157599925,0,0
451092,3,226001,0.29936251044,1.0205276012,0.032187871634,0,0
451093,1,226011,0.2982442677,1.0287710428,0.0320956707,0,1
451093,2,226010,0.29687795042,1.0261147022,0.032130870968,0,1
451093,3,226188,0.30022481083,1.0261923074,0.032117508351,0,1
451094,1,226010,0.29687795042,1.0261147022,0.032130870968,0,0
451094,2,226011,0.2982442677,1.0287710428,0.0320956707,0,0
451094,3,226007,0.29535913467,1.0281016826,0.032112024724,0,0
451316,1,225956,0.29801240563,0.97480624914,0.032725911587,0,0
451316,2,225955,0.29835844039,0.97119396924,0.032767072319,0,0
451316,3,226128,0.30089128017,0.97293597459,0.032739017158,0,0
451318,1,226129,0.30070737004,0.97637367248,0.032699435949,0,0
451318,2,225957,0.29784581065,0.97871196269,0.032680880278,0,0
451318,3,225956,0.29801240563,0.97480624914,0.032725911587,0,0
451319,1,225957,0.29784581065,0.97871196269,0.032680880278,0,0
451319,2,226129,0.30070737004,0.97637367248,0.032699435949,0,0
451319,3,226130,0.30073437094,0.9801312685,0.032655391842,0,0
451320,1,226129,0.30070737004,0.97637367248,0.032699435949,1,1
451320,2,226132,0.30349573493,0.97732371091,0.032675202935,1,1
451320,3,226130,0.30073437094,0.9801312685,0.032655391842,1,1
451321,1,226133,0.30362477898,0.98070251941,0.032634444534,0,0
451321,2,226130,0.30073437094,0.9801312685,0.032655391842,0,0
451321,3,226132,0.30349573493,0.97732371091,0.032675202935,0,0
451322,1,226131,0.30342048406,0.97433596849,0.032711010426,0,0
451322,2,226128,0.30089128017,0.97293597459,0.032739017158,0,0
451322,3,226127,0.30334770679,0.9716668725,0.032742977142,0,0
451323,1,226128,0.30089128017,0.97293597459,0.032739017158,1,1
451323,2,226131,0.30342048406,0.97433596849,0.032711010426,1,1
451323,3,226129,0.30070737004,0.97637367248,0.032699435949,1,1
451324,1,226132,0.30349573493,0.97732371091,0.032675202935,0,0
451324,2,226129,0.30070737004,0.97637367248,0.032699435949,0,0
451324,3,226131,0.30342048406,0.97433596849,0.032711010426,0,0
451325,1,226127,0.30334770679,0.9716668725,0.032742977142,0,0
451325,2,226134,0.30577987432,0.97223740816,0.032712660729,0,0
451325,3,226131,0.30342048406,0.97433596849,0.032711010426,0,0
451327,1,226134,0.30577987432,0.97223740816,0.032712660729,0,0
451327,2,226135,0.30624040961,0.97498047351,0.032674465328,0,0
451327,3,226131,0.30342048406,0.97433596849,0.032711010426,0,0
451328,1,226131,0.30342048406,0.97433596849,0.032711010426,0,0
451328,2,226135,0.30624040961,0.97498047351,0.032674465328,0,0
451328,3,226132,0.30349573493,0.97732371091,0.032675202935,0,0
451329,1,226135,0.30624040961,0.97498047351,0.032674465328,0,0
451329,2,226136,0.30634817481,0.9778612852,0.032637897878,0,0
451329,3,226132,0.30349573493,0.97732371091,0.032675202935,0,0
451330,1,226132,0.30349573493,0.97732371091,0.032675202935,0,1
451330,2,226136,0.30634817481,0.9778612852,0.032637897878,0,1
451330,3,226133,0.30362477898,0.98070251941,0.032634444534,0,1
451331,1,226137,0.30645558238,0.98091256618,0.032599560916,0,0
451331,2,226133,0.30362477898,0.98070251941,0.032634444534,0,0
451331,3,226136,0.30634817481,0.9778612852,0.032637897878,0,0
451332,1,226136,0.30634817481,0.9778612852,0.032637897878,0,0
451332,2,226135,0.30624040961,0.97498047351,0.032674465328,0,0
451332,3,226139,0.30936744809,0.97544902563,0.032614953815,0,0
451333,1,226135,0.30624040961,0.97498047351,0.032674465328,0,0
451333,2,226134,0.30577987432,0.97223740816,0.032712660729,0,0
451333,3,226138,0.30879476666,0.9725498557,0.032661609351,0,0
451338,1,226136,0.30634817481,0.9778612852,0.032637897878,0,0
451338,2,226140,0.3091225624,0.97849267721,0.032581940293,0,0
451338,3,226137,0.30645558238,0.98091256618,0.032599560916,0,0
451340,1,226130,0.30073437094,0.9801312685,0.032655391842,0,1
451340,2,226133,0.30362477898,0.98070251941,0.032634444534,0,1
451340,3,226141,0.3008171916,0.9841760993,0.032607737928,0,1
451341,1,226142,0.30272153019,0.98619616031,0.032574627548,0,0
451341,2,226141,0.3008171916,0.9841760993,0.032607737928,0,0
451341,3,226144,0.3042089045,0.98360085487,0.032593924552,0,0
451342,1,226143,0.30312165617,0.98886376619,0.032540664076,0,0
451342,2,225967,0.30060636997,0.98807483911,0.032562889158,0,0
451342,3,226142,0.30272153019,0.98619616031,0.032574627548,0,0
451343,1,226147,0.30576878786,0.9895979166,0.03250311315,0,1
451343,2,226143,0.30312165617,0.98886376619,0.032540664076,0,1
451343,3,226146,0.30504828691,0.98644089698,0.032549843192,0,1
451344,1,226143,0.30312165617,0.98886376619,0.032540664076,0,0
451344,2,226147,0.30576878786,0.9895979166,0.03250311315,0,0
451344,3,226154,0.30383732914,0.99154520034,0.032502871006,0,0
451345,1,226144,0.3042089045,0.98360085487,0.032593924552,0,0
451345,2,226133,0.30362477898,0.98070251941,0.032634444534,0,0
451345,3,226137,0.30645558238,0.98091256618,0.032599560916,0,0
451346,1,226133,0.30362477898,0.98070251941,0.032634444534,0,1
451346,2,226144,0.3042089045,0.98360085487,0.032593924552,0,1
451346,3,226141,0.3008171916,0.9841760993,0.032607737928,0,1
451347,1,226146,0.30504828691,0.98644089698,0.032549843192,0,0
451347,2,226144,0.3042089045,0.98360085487,0.032593924552,0,0
451347,3,226145,0.30682918429,0.98386085033,0.032557144761,0,0
451348,1,226142,0.30272153019,0.98619616031,0.032574627548,0,0
451348,2,226146,0.30504828691,0.98644089698,0.032549843192,0,0
451348,3,226143,0.30312165617,0.98886376619,0.032540664076,0,0
451349,1,226144,0.3042089045,0.98360085487,0.032593924552,0,0
451349,2,226146,0.30504828691,0.98644089698,0.032549843192,0,0
451349,3,226142,0.30272153019,0.98619616031,0.032574627548,0,0
451350,1,226148,0.30892404913,0.98162043094,0.032547622919,0,0
451350,2,226145,0.30682918429,0.98386085033,0.032557144761,0,0
451350,3,226137,0.30645558238,0.98091256618,0.032599560916,0,0
451351,1,226157,0.30849733948,0.98996305465,0.032452851533,0,0
451351,2,226147,0.30576878786,0.9895979166,0.03250311315,0,0
451351,3,226150,0.30753323435,0.9869069457,0.032507501542,0,0
451352,1,226144,0.3042089045,0.98360085487,0.032593924552,0,0
451352,2,226137,0.30645558238,0.98091256618,0.032599560916,0,0
451352,3,226145,0.30682918429,0.98386085033,0.032557144761,0,0
451354,1,226146,0.30504828691,0.98644089698,0.032549843192,0,0
451354,2,226145,0.30682918429,0.98386085033,0.032557144761,0,0
451354,3,226150,0.30753323435,0.9869069457,0.032507501542,0,0
451355,1,226146,0.30504828691,0.98644089698,0.032549843192,0,0
451355,2,226150,0.30753323435,0.9869069457,0.032507501542,0,0
451355,3,226147,0.30576878786,0.9895979166,0.03250311315,0,0
451357,1,226149,0.30893099308,0.98439013957,0.032513346523,0,0
451357,2,226150,0.30753323435,0.9869069457,0.032507501542,0,0
451357,3,226145,0.30682918429,0.98386085033,0.032557144761,0,0
451359,1,226154,0.30383732914,0.99154520034,0.032502871006,0,0
451359,2,226151,0.30117997527,0.99144530296,0.032520927488,0,0
451359,3,226143,0.30312165617,0.98886376619,0.032540664076,0,0
451360,1,225967,0.30060636997,0.98807483911,0.032562889158,0,0
451360,2,226151,0.30117997527,0.99144530296,0.032520927488,0,0
451360,3,225977,0.29871815443,0.99070209264,0.032538473606,0,0
451361,1,226155,0.3064379394,0.99314635992,0.032450605183,0,0
451361,2,226152,0.30279830098,0.99413800239,0.032480668276,0,0
451361,3,226154,0.30383732914,0.99154520034,0.032502871006,0,0
451362,1,226151,0.30117997527,0.99144530296,0.032520927488,0,1
451362,2,226152,0.30279830098,0.99413800239,0.032480668276,0,1
451362,3,225978,0.29857546091,0.99399554729,0.032500471919,0,1
451363,1,226153,0.30277326703,0.99928259849,0.032420232892,0,1
451363,2,225979,0.30111345648,0.99665659666,0.032460004091,0,1
451363,3,226156,0.30533143877,0.99667859077,0.032422650605,0,1
451364,1,225979,0.30111345648,0.99665659666,0.032460004091,0,1
451364,2,226153,0.30277326703,0.99928259849,0.032420232892,0,1
451364,3,225989,0.29954078793,0.99950224161,0.032433219254,0,1
451365,1,225989,0.29954078793,0.99950224161,0.032433219254,0,0
451365,2,226153,0.30277326703,0.99928259849,0.032420232892,0,0
451365,3,226163,0.3011893928,1.0019171237,0.03239781782,0,0
451366,1,225967,0.30060636997,0.98807483911,0.032562889158,1,1
451366,2,226143,0.30312165617,0.98886376619,0.032540664076,1,1
451366,3,226151,0.30117997527,0.99144530296,0.032520927488,1,1
451367,1,226151,0.30117997527,0.99144530296,0.032520927488,0,0
451367,2,226154,0.30383732914,0.99154520034,0.032502871006,0,0
451367,3,226152,0.30279830098,0.99413800239,0.032480668276,0,0
451368,1,226155,0.3064379394,0.99314635992,0.032450605183,0,0
451368,2,226156,0.30533143877,0.99667859077,0.032422650605,0,0
451368,3,226152,0.30279830098,0.99413800239,0.032480668276,0,0
451369,1,226152,0.30279830098,0.99413800239,0.032480668276,0,0
451369,2,226156,0.30533143877,0.99667859077,0.032422650605,0,0
451369,3,225979,0.30111345648,0.99665659666,0.032460004091,0,0
451370,1,226156,0.30533143877,0.99667859077,0.032422650605,0,0
451370,2,226158,0.30591937899,0.99997091293,0.032374795526,0,0
451370,3,226153,0.30277326703,0.99928259849,0.032420232892,0,0
451371,1,226169,0.3058232069,1.0031467676,0.032337747514,0,0
451371,2,226165,0.303776443,1.0016882419,0.032381027936,0,0
451371,3,226158,0.30591937899,0.99997091293,0.032374795526,0,0
451372,1,226157,0.30849733948,0.98996305465,0.032452851533,0,0
451372,2,226155,0.3064379394,0.99314635992,0.032450605183,0,0
451372,3,226147,0.30576878786,0.9895979166,0.03250311315,0,0
451373,1,226158,0.30591937899,0.99997091293,0.032374795526,0,0
451373,2,226165,0.303776443,1.0016882419,0.032381027936,0,0
451373,3,226153,0.30277326703,0.99928259849,0.032420232892,0,0
451374,1,226154,0.30383732914,0.99154520034,0.032502871006,0,0
451374,2,226147,0.30576878786,0.9895979166,0.03250311315,0,0
451374,3,226155,0.3064379394,0.99314635992,0.032450605183,0,0
451375,1,226156,0.30533143877,0.99667859077,0.032422650605,0,0
451375,2,226155,0.3064379394,0.99314635992,0.032450605183,0,0
451375,3,226162,0.30894434452,0.99538743495,0.032376397401,0,0
451377,1,226160,0.30868947505,0.99844813346,0.032343875616,0,0
451377,2,226156,0.30533143877,0.99667859077,0.032422650605,0,0
451377,3,226162,0.30894434452,0.99538743495,0.032376397401,0,0
451378,1,226156,0.30533143877,0.99667859077,0.032422650605,0,0
451378,2,226160,0.30868947505,0.99844813346,0.032343875616,0,0
451378,3,226158,0.30591937899,0.99997091293,0.032374795526,0,0
451382,1,225989,0.29954078793,0.99950224161,0.032433219254,0,0
451382,2,226163,0.3011893928,1.0019171237,0.03239781782,0,0
451382,3,225987,0.2984791696,1.0022010803,0.032405018806,0,0
451383,1,225990,0.29964473843,1.0046249628,0.032373011112,0,0
451383,2,226164,0.30158925056,1.0068733692,0.032337527722,0,0
451383,3,225988,0.29801267385,1.0073022842,0.032347008585,0,0
451384,1,226175,0.30225652456,1.0118062496,0.032275576144,0,0
451384,2,225991,0.30030810832,1.0095846652,0.032312087714,0,0
451384,3,226168,0.30352649092,1.0089418888,0.032296616584,0,0
451385,1,226165,0.303776443,1.0016882419,0.032381027936,0,0
451385,2,226163,0.3011893928,1.0019171237,0.03239781782,0,0
451385,3,226153,0.30277326703,0.99928259849,0.032420232892,0,0
451386,1,226166,0.30280905961,1.0041401386,0.032362002879,0,0
451386,2,226163,0.3011893928,1.0019171237,0.03239781782,0,0
451386,3,226165,0.303776443,1.0016882419,0.032381027936,0,0
451387,1,225990,0.29964473843,1.0046249628,0.032373011112,0,1
451387,2,226163,0.3011893928,1.0019171237,0.03239781782,0,1
451387,3,226166,0.30280905961,1.0041401386,0.032362002879,0,1
451388,1,225990,0.29964473843,1.0046249628,0.032373011112,0,0
451388,2,226166,0.30280905961,1.0041401386,0.032362002879,0,0
451388,3,226164,0.30158925056,1.0068733692,0.032337527722,0,0
451389,1,226164,0.30158925056,1.0068733692,0.032337527722,1,0
451389,2,226168,0.30352649092,1.0089418888,0.032296616584,1,0
451389,3,225991,0.30030810832,1.0095846652,0.032312087714,1,0
451390,1,226166,0.30280905961,1.0041401386,0.032362002879,0,1
451390,2,226165,0.303776443,1.0016882419,0.032381027936,0,1
451390,3,226169,0.3058232069,1.0031467676,0.032337747514,0,1
451391,1,226166,0.30280905961,1.0041401386,0.032362002879,0,0
451391,2,226167,0.30472370982,1.0060257911,0.032317981123,0,0
451391,3,226164,0.30158925056,1.0068733692,0.032337527722,0,0
451392,1,226167,0.30472370982,1.0060257911,0.032317981123,0,1
451392,2,226168,0.30352649092,1.0089418888,0.032296616584,0,1
451392,3,226164,0.30158925056,1.0068733692,0.032337527722,0,1
451393,1,226167,0.30472370982,1.0060257911,0.032317981123,0,0
451393,2,226166,0.30280905961,1.0041401386,0.032362002879,0,0
451393,3,226169,0.3058232069,1.0031467676,0.032337747514,0,0
451394,1,226179,0.30517616868,1.0112797021,0.03224870935,0,0
451394,2,226168,0.30352649092,1.0089418888,0.032296616584,0,0
451394,3,226170,0.30643624067,1.0082701444,0.032264150679,0,0
451395,1,226172,0.3075479865,1.0052247047,0.032281406223,0,0
451395,2,226167,0.30472370982,1.0060257911,0.032317981123,0,0
451395,3,226169,0.3058232069,1.0031467676,0.032337747514,0,0
451396,1,226167,0.30472370982,1.0060257911,0.032317981123,0,0
451396,2,226172,0.3075479865,1.0052247047,0.032281406223,0,0
451396,3,226170,0.30643624067,1.0082701444,0.032264150679,0,0
451397,1,226167,0.30472370982,1.0060257911,0.032317981123,0,0
451397,2,226170,0.30643624067,1.0082701444,0.032264150679,0,0
451397,3,226168,0.30352649092,1.0089418888,0.032296616584,0,0
451398,1,226160,0.30868947505,0.99844813346,0.032343875616,0,0
451398,2,226171,0.30886119604,1.0018955469,0.032297208905,0,0
451398,3,226158,0.30591937899,0.99997091293,0.032374795526,0,0
451399,1,226158,0.30591937899,0.99997091293,0.032374795526,0,0
451399,2,226171,0.30886119604,1.0018955469,0.032297208905,0,0
451399,3,226169,0.3058232069,1.0031467676,0.032337747514,0,0
451400,1,226169,0.3058232069,1.0031467676,0.032337747514,0,0
451400,2,226171,0.30886119604,1.0018955469,0.032297208905,0,0
451400,3,226172,0.3075479865,1.0052247047,0.032281406223,0,0
451403,1,226170,0.30643624067,1.0082701444,0.032264150679,0,0
451403,2,226172,0.3075479865,1.0052247047,0.032281406223,0,0
451403,3,226378,0.3093496859,1.0075350999,0.032214898616,0,0
451404,1,226378,0.3093496859,1.0075350999,0.032214898616,0,0
451404,2,226173,0.3082088232,1.0106464624,0.032201338559,0,0
451404,3,226170,0.30643624067,1.0082701444,0.032264150679,0,0
451405,1,225999,0.29939043521,1.0123587846,0.032283443957,1,1
451405,2,225991,0.30030810832,1.0095846652,0.032312087714,1,1
451405,3,226175,0.30225652456,1.0118062496,0.032275576144,1,1
451406,1,226175,0.30225652456,1.0118062496,0.032275576144,1,0
451406,2,226176,0.30105671286,1.0145927667,0.032249473035,1,0
451406,3,225999,0.29939043521,1.0123587846,0.032283443957,1,0
451407,1,226000,0.30010840296,1.0175256729,0.032219871878,0,0
451407,2,226178,0.30275210738,1.0195919275,0.032177746295,0,0
451407,3,226001,0.29936251044,1.0205276012,0.032187871634,0,0
451408,1,226176,0.30105671286,1.0145927667,0.032249473035,0,1
451408,2,226177,0.30252799391,1.016528964,0.032217189669,0,1
451408,3,226000,0.30010840296,1.0175256729,0.032219871878,0,1
451409,1,226177,0.30252799391,1.016528964,0.032217189669,0,0
451409,2,226178,0.30275210738,1.0195919275,0.032177746295,0,0
451409,3,226000,0.30010840296,1.0175256729,0.032219871878,0,0
451410,1,226176,0.30105671286,1.0145927667,0.032249473035,0,0
451410,2,226175,0.30225652456,1.0118062496,0.032275576144,0,0
451410,3,226180,0.30385279655,1.014103651,0.03223073855,0,0
451411,1,226180,0.30385279655,1.014103651,0.03223073855,0,1
451411,2,226181,0.30492994189,1.0167150497,0.032186374068,0,1
451411,3,226177,0.30252799391,1.016528964,0.032217189669,0,1
451412,1,226177,0.30252799391,1.016528964,0.032217189669,0,0
451412,2,226181,0.30492994189,1.0167150497,0.032186374068,0,0
451412,3,226178,0.30275210738,1.0195919275,0.032177746295,0,0
451413,1,226182,0.30594652891,1.0193479061,0.032136410474,0,0
451413,2,226178,0.30275210738,1.0195919275,0.032177746295,0,0
451413,3,226181,0.30492994189,1.0167150497,0.032186374068,0,0
451414,1,226168,0.30352649092,1.0089418888,0.032296616584,0,0
451414,2,226179,0.30517616868,1.0112797021,0.03224870935,0,0
451414,3,226175,0.30225652456,1.0118062496,0.032275576144,0,0
451415,1,226179,0.30517616868,1.0112797021,0.03224870935,0,0
451415,2,226180,0.30385279655,1.014103651,0.03223073855,0,0
451415,3,226175,0.30225652456,1.0118062496,0.032275576144,0,0
451416,1,226176,0.30105671286,1.0145927667,0.032249473035,0,0
451416,2,226180,0.30385279655,1.014103651,0.03223073855,0,0
451416,3,226177,0.30252799391,1.016528964,0.032217189669,0,0
451417,1,226182,0.30594652891,1.0193479061,0.032136410474,0,0
451417,2,226181,0.30492994189,1.0167150497,0.032186374068,0,0
451417,3,226184,0.30764517188,1.0163166522,0.032142862677,0,0
451418,1,226173,0.3082088232,1.0106464624,0.032201338559,0,0
451418,2,226179,0.30517616868,1.0112797021,0.03224870935,0,0
451418,3,226170,0.30643624067,1.0082701444,0.032264150679,0,0
451419,1,226179,0.30517616868,1.0112797021,0.03224870935,0,0
451419,2,226183,0.3065740168,1.0137603282,0.032193988561,0,0
451419,3,226180,0.30385279655,1.014103651,0.03223073855,0,0
451420,1,226180,0.30385279655,1.014103651,0.03223073855,0,0
451420,2,226183,0.3065740168,1.0137603282,0.032193988561,0,0
451420,3,226181,0.30492994189,1.0167150497,0.032186374068,0,0
451421,1,226185,0.30870333313,1.0190150737,0.032085511833,0,0
451421,2,226182,0.30594652891,1.0193479061,0.032136410474,0,0
451421,3,226184,0.30764517188,1.0163166522,0.032142862677,0,0
451422,1,226184,0.30764517188,1.0163166522,0.032142862677,0,0
451422,2,226181,0.30492994189,1.0167150497,0.032186374068,0,0
451422,3,226183,0.3065740168,1.0137603282,0.032193988561,0,0
451423,1,226193,0.30768674612,1.0219854116,0.032071564346,0,0
451423,2,226182,0.30594652891,1.0193479061,0.032136410474,0,0
451423,3,226185,0.30870333313,1.0190150737,0.032085511833,0,0
451424,1,226179,0.30517616868,1.0112797021,0.03224870935,0,0
451424,2,226173,0.3082088232,1.0106464624,0.032201338559,0,0
451424,3,226183,0.3065740168,1.0137603282,0.032193988561,0,0
451425,1,226186,0.30956962704,1.0134000778,0.032135963439,0,0
451425,2,226184,0.30764517188,1.0163166522,0.032142862677,0,0
451425,3,226183,0.3065740168,1.0137603282,0.032193988561,0,0
451427,1,226192,0.30386871099,1.0261484384,0.032085847109,0,1
451427,2,226187,0.30154192447,1.0231922864,0.032145608216,0,1
451427,3,226190,0.30464878678,1.0225442647,0.03211896494,0,1
451428,1,226188,0.30022481083,1.0261923074,0.032117508351,0,0
451428,2,226012,0.29823324084,1.0234738588,0.032157599925,0,0
451428,3,226187,0.30154192447,1.0231922864,0.032145608216,0,0
451429,1,226012,0.29823324084,1.0234738588,0.032157599925,0,0
451429,2,226188,0.30022481083,1.0261923074,0.032117508351,0,0
451429,3,226010,0.29687795042,1.0261147022,0.032130870968,0,0
451431,1,226178,0.30275210738,1.0195919275,0.032177746295,0,0
451431,2,226190,0.30464878678,1.0225442647,0.03211896494,0,0
451431,3,226187,0.30154192447,1.0231922864,0.032145608216,0,0
451432,1,226192,0.30386871099,1.0261484384,0.032085847109,0,1
451432,2,226188,0.30022481083,1.0261923074,0.032117508351,0,1
451432,3,226187,0.30154192447,1.0231922864,0.032145608216,0,1
451434,1,226190,0.30464878678,1.0225442647,0.03211896494,0,1
451434,2,226178,0.30275210738,1.0195919275,0.032177746295,0,1
451434,3,226182,0.30594652891,1.0193479061,0.032136410474,0,1
451435,1,226188,0.30022481083,1.0261923074,0.032117508351,0,1
451435,2,226192,0.30386871099,1.0261484384,0.032085847109,0,1
451435,3,226189,0.30183807015,1.0292047262,0.032071407884,0,1
451436,1,226190,0.30464878678,1.0225442647,0.03211896494,0,0
451436,2,226194,0.30705174803,1.0249251127,0.032047469168,0,0
451436,3,226192,0.30386871099,1.0261484384,0.032085847109,0,0
451437,1,226182,0.30594652891,1.0193479061,0.032136410474,0,0
451437,2,226193,0.30768674612,1.0219854116,0.032071564346,0,0
451437,3,226190,0.30464878678,1.0225442647,0.03211896494,0,0
451438,1,226194,0.30705174803,1.0249251127,0.032047469168,0,0
451438,2,226190,0.30464878678,1.0225442647,0.03211896494,0,0
451438,3,226193,0.30768674612,1.0219854116,0.032071564346,0,0
451441,1,226196,0.30974730849,1.0272798538,0.031957320868,0,0
451441,2,226195,0.30685052275,1.0275619029,0.032018512487,0,0
451441,3,226194,0.30705174803,1.0249251127,0.032047469168,0,0
451442,1,226192,0.30386871099,1.0261484384,0.032085847109,0,0
451442,2,226194,0.30705174803,1.0249251127,0.032047469168,0,0
451442,3,226195,0.30685052275,1.0275619029,0.032018512487,0,0
451443,1,226191,0.3052521944,1.0296845436,0.032021988183,0,0
451443,2,226192,0.30386871099,1.0261484384,0.032085847109,0,0
451443,3,226195,0.30685052275,1.0275619029,0.032018512487,0,0
