AR,TaperRatio,RigidSpanEfficiency,TaperOnlyCDiPenaltyPct,OptimumTaperAtSameAR
6,0.2,0.980129225642039,1.04911940087054,0.366
6,0.201,0.980280239106591,1.03355265066796,0.366
6,0.202,0.980429703519609,1.01815030148598,0.366
6,0.203,0.980577631048598,1.00291095185772,0.366
6,0.204,0.980724033735397,0.987833216399814,0.366
6,0.205,0.980868923497867,0.972915725574608,0.366
6,0.206,0.981012312131553,0.958157125456971,0.366
6,0.207,0.981154211311329,0.943556077504804,0.366
6,0.208,0.981294632592999,0.929111258334436,0.366
6,0.209,0.981433587414879,0.914821359499385,0.366
6,0.21,0.981571087099356,0.900685087273856,0.366
6,0.211,0.98170714285441,0.88670116243954,0.366
6,0.212,0.981841765775123,0.872868320076314,0.366
6,0.213,0.981974966845153,0.859185309357158,0.366
6,0.214,0.98210675693819,0.845650893346273,0.366
6,0.215,0.982237146819383,0.832263848800685,0.366
6,0.216,0.982366147146748,0.819022965975802,0.366
6,0.217,0.98249376847255,0.805927048434252,0.366
6,0.218,0.982620021244665,0.792974912857614,0.366
6,0.219,0.982744915807916,0.78016538886212,0.366
6,0.22,0.982868462405392,0.767497318817068,0.366
6,0.221,0.982990671179741,0.754969557666718,0.366
6,0.222,0.983111552174447,0.742580972755058,0.366
6,0.223,0.983231115335085,0.730330443653604,0.366
6,0.224,0.98334937051055,0.718216861992249,0.366
6,0.225,0.98346632745428,0.706239131292929,0.366
6,0.226,0.983581995825444,0.694396166806177,0.366
6,0.227,0.983696385190123,0.682686895350426,0.366
6,0.228,0.983809505022466,0.671110255153984,0.366
6,0.229,0.983921364705834,0.65966519569971,0.366
6,0.23,0.984031973533916,0.648350677572385,0.366
6,0.231,0.98414134071184,0.637165672308448,0.366
6,0.232,0.984249475357257,0.6261091622485,0.366
6,0.233,0.984356386501415,0.615180140391991,0.366
6,0.234,0.98446208309021,0.60437761025447,0.366
6,0.235,0.984566573985228,0.593700585727142,0.366
6,0.236,0.984669867964766,0.583148090938734,0.366
6,0.237,0.98477197372484,0.572719160119739,0.366
6,0.238,0.984872899880175,0.562412837468718,0.366
6,0.239,0.984972654965184,0.552228177020786,0.366
6,0.24,0.98507124743493,0.542164242518339,0.366
6,0.241,0.985168685666071,0.532220107283998,0.366
6,0.242,0.9852649779578,0.522394854095043,0.366
6,0.243,0.985360132532754,0.512687575060733,0.366
6,0.244,0.985454157537935,0.503097371500649,0.366
6,0.245,0.985547061045587,0.493623353825812,0.366
6,0.246,0.985638851054088,0.484264641421039,0.366
6,0.247,0.98572953548881,0.47502036252971,0.366
6,0.248,0.985819122202975,0.465889654139962,0.366
6,0.249,0.985907618978494,0.456871661872782,0.366
6,0.25,0.985995033526802,0.447965539872008,0.366
6,0.251,0.98608137348967,0.439170450695836,0.366
6,0.252,0.986166646440011,0.430485565210148,0.366
6,0.253,0.986250859882676,0.421910062483599,0.366
6,0.254,0.986334021255236,0.413443129684055,0.366
6,0.255,0.986416137928752,0.405083961976693,0.366
6,0.256,0.986497217208538,0.396831762424177,0.366
6,0.257,0.986577266334904,0.388685741887596,0.366
6,0.258,0.986656292483903,0.380645118929257,0.366
6,0.259,0.986734302768055,0.372709119717429,0.366
6,0.26,0.986811304237065,0.364876977931483,0.366
6,0.261,0.986887303878533,0.357147934669588,0.366
6,0.262,0.986962308618649,0.349521238357187,0.366
6,0.263,0.987036325322886,0.341996144656775,0.366
6,0.264,0.987109360796674,0.334571916379423,0.366
6,0.265,0.987181421786072,0.327247823397481,0.366
6,0.266,0.987252514978431,0.32002314255839,0.366
6,0.267,0.987322647003037,0.312897157600123,0.366
6,0.268,0.987391824431761,0.305869159067451,0.366
6,0.269,0.987460053779689,0.298938444230101,0.366
6,0.27,0.987527341505745,0.292104317001307,0.366
6,0.271,0.987593694013313,0.285366087858097,0.366
6,0.272,0.987659117650836,0.278723073762888,0.366
6,0.273,0.987723618712424,0.272174598085662,0.366
6,0.274,0.987787203438441,0.265719990527713,0.366
6,0.275,0.987849878016089,0.259358587046421,0.366
6,0.276,0.987911648579985,0.253089729781086,0.366
6,0.277,0.987972521212725,0.246912766979768,0.366
6,0.278,0.988032501945452,0.240827052927339,0.366
6,0.279,0.9880915967584,0.234831947874437,0.366
6,0.28,0.988149811581447,0.22892681796749,0.366
6,0.281,0.988207152294647,0.223111035179691,0.366
6,0.282,0.988263624728768,0.217383977243224,0.366
6,0.283,0.98831923466581,0.211745027582011,0.366
6,0.284,0.988373987839526,0.206193575245761,0.366
6,0.285,0.988427889935933,0.200729014844758,0.366
6,0.286,0.988480946593811,0.195350746485801,0.366
6,0.287,0.988533163405207,0.190058175708785,0.366
6,0.288,0.988584545915923,0.184850713424334,0.366
6,0.289,0.988635099626,0.179727775852201,0.366
6,0.29,0.988684829990195,0.174688784460675,0.366
6,0.291,0.988733742418456,0.169733165906805,0.366
6,0.292,0.988781842276389,0.164860351977114,0.366
6,0.293,0.988829134885714,0.160069779529803,0.366
6,0.294,0.988875625524721,0.155360890437106,0.366
6,0.295,0.988921319428721,0.15073313152878,0.366
6,0.296,0.988966221790485,0.146185954536371,0.366
6,0.297,0.989010337760683,0.141718816038039,0.366
6,0.298,0.989053672448316,0.137331177404465,0.366
6,0.299,0.989096230921141,0.133022504745051,0.366
6,0.3,0.989138018206093,0.128792268855338,0.366
6,0.301,0.989179039289699,0.124639945164828,0.366
6,0.302,0.98921929911849,0.120565013685447,0.366
6,0.303,0.989258802599406,0.116566958961184,0.366
6,0.304,0.989297554600194,0.112645270017642,0.366
6,0.305,0.989335559949808,0.108799440313101,0.366
6,0.306,0.989372823438793,0.10502896768958,0.366
6,0.307,0.989409349819675,0.101333354324895,0.366
6,0.308,0.989445143807343,0.0977121066851883,0.366
6,0.309,0.989480210079419,0.0941647354784525,0.366
6,0.31,0.989514553276635,0.0906907556079473,0.366
6,0.311,0.989548178003197,0.0872896861269901,0.366
6,0.312,0.989581088827151,0.0839610501940369,0.366
6,0.313,0.989613290280735,0.0807043750281178,0.366
6,0.314,0.989644786860741,0.0775191918652718,0.366
6,0.315,0.989675583028853,0.0744050359153814,0.366
6,0.316,0.989705683212006,0.071361446319429,0.366
6,0.317,0.989735091802716,0.068387966107486,0.366
6,0.318,0.989763813159421,0.0654841421573238,0.366
6,0.319,0.989791851606815,0.0626495251532022,0.366
6,0.32,0.989819211436175,0.0598836695457905,0.366
6,0.321,0.989845896905687,0.0571861335116663,0.366
6,0.322,0.989871912240768,0.0545564789146358,0.366
6,0.323,0.989897261634379,0.0519942712663424,0.366
6,0.324,0.989921949247346,0.0494990796878536,0.366
6,0.325,0.989945979208663,0.0470704768720243,0.366
6,0.326,0.989969355615799,0.0447080390460375,0.366
6,0.327,0.989992082535008,0.0424113459340791,0.366
6,0.328,0.990014164001617,0.0401799807213887,0.366
6,0.329,0.990035604020329,0.0380135300179107,0.366
6,0.33,0.990056406565516,0.0359115838227009,0.366
6,0.331,0.990076575581499,0.0338737354891983,0.366
6,0.332,0.990096114982843,0.031899581689987,0.366
6,0.333,0.990115028654635,0.0299887223830897,0.366
6,0.334,0.990133320452762,0.0281407607777506,0.366
6,0.335,0.990150994204188,0.0263553033013064,0.366
6,0.336,0.990168053707225,0.0246319595661681,0.366
6,0.337,0.990184502731805,0.0229703423371586,0.366
6,0.338,0.990200345019741,0.021370067499471,0.366
6,0.339,0.990215584284996,0.0198307540268949,0.366
6,0.34,0.99023022421394,0.0183520239503743,0.366
6,0.341,0.990244268465607,0.0169335023271211,0.366
6,0.342,0.99025772067195,0.0155748172099512,0.366
6,0.343,0.990270584438091,0.0142755996170862,0.366
6,0.344,0.990282863342574,0.0130354835023994,0.366
6,0.345,0.990294560937602,0.0118541057257282,0.366
6,0.346,0.99030568074929,0.0107311060238757,0.366
6,0.347,0.990316226277898,0.00966612698185543,0.366
6,0.348,0.990326200998071,0.00865881400429203,0.366
6,0.349,0.990335608359075,0.00770881528771028,0.366
6,0.35,0.990344451785025,0.00681578179237974,0.366
6,0.351,0.990352734675122,0.00597936721500325,0.366
6,0.352,0.990360460403869,0.00519922796202721,0.366
6,0.353,0.99036763232131,0.00447502312224124,0.366
6,0.354,0.990374253753238,0.00380641444088781,0.366
6,0.355,0.990380328001424,0.00319306629319449,0.366
6,0.356,0.990385858343829,0.00263464565883886,0.366
6,0.357,0.990390848034822,0.00213082209632454,0.366
6,0.358,0.990395300305391,0.00168126771764587,0.366
6,0.359,0.990399218363352,0.00128565716361884,0.366
6,0.36,0.990402605393562,0.000943667579123009,0.366
6,0.361,0.990405464558115,0.000654978588943145,0.366
6,0.362,0.990407798996555,0.000419272273566307,0.366
6,0.363,0.990409611826073,0.000236233145467502,0.366
6,0.364,0.990410906141702,0.000105548125817201,0.366
6,0.365,0.990411685016523,2.69065210556363e-05,0.366
6,0.366,0.990411951501852,0,0.366
6,0.367,0.990411708627433,2.45225714623487e-05,0.366
6,0.368,0.990410959401633,0.000100170561467827,0.366
6,0.369,0.990409706811627,0.000226642591338866,0.366
6,0.37,0.990407953823586,0.000403639555823787,0.366
6,0.371,0.990405703382859,0.000630864601358638,0.366
6,0.372,0.990402958414158,0.000908023104861932,0.366
6,0.373,0.990399721821737,0.00123482265241837,0.366
6,0.374,0.990395996489573,0.00161097301838442,0.366
6,0.375,0.990391785281538,0.00203618614502687,0.366
6,0.376,0.990387091041579,0.00251017612176163,0.366
6,0.377,0.990381916593888,0.0030326591651253,0.366
6,0.378,0.990376264743073,0.00360335359890218,0.366
6,0.379,0.99037013827433,0.0042219798341625,0.366
6,0.38,0.990363539953607,0.00488826035005552,0.366
6,0.381,0.990356472527771,0.00560191967433621,0.366
6,0.382,0.990348938724776,0.00636268436426946,0.366
6,0.383,0.990340941253818,0.00717028298797828,0.366
6,0.384,0.990332482805503,0.00802444610554787,0.366
6,0.385,0.990323566052001,0.00892490625088449,0.366
6,0.386,0.990314193647205,0.00987139791324143,0.366
6,0.387,0.990304368226889,0.0108636575192778,0.366
6,0.388,0.990294092408857,0.0119014234153392,0.366
6,0.389,0.990283368793099,0.0129844358498277,0.366
6,0.39,0.990272199961945,0.0141124369554602,0.366
6,0.391,0.990260588480205,0.0152851707325485,0.366
6,0.392,0.990248536895329,0.0165023830315247,0.366
6,0.393,0.990236047737542,0.0177638215364651,0.366
6,0.394,0.990223123519997,0.0190692357479261,0.366
6,0.395,0.990209766738915,0.0204183769669575,0.366
6,0.396,0.990195979873726,0.0218109982786263,0.366
6,0.397,0.990181765387213,0.0232468545356967,0.366
6,0.398,0.990167125725646,0.0247257023429981,0.366
6,0.399,0.990152063318926,0.0262473000413932,0.366
6,0.4,0.990136580580715,0.0278114076923686,0.366
6,0.401,0.990120679908576,0.0294177870623802,0.366
6,0.402,0.990104363684101,0.03106620160791,0.366
6,0.403,0.99008763427305,0.0327564164599892,0.366
6,0.404,0.990070494025478,0.0344881984095213,0.366
6,0.405,0.990052945275862,0.0362613158924718,0.366
6,0.406,0.990034990343236,0.0380755389751686,0.366
6,0.407,0.990016631531311,0.0399306393398247,0.366
6,0.408,0.989997871128605,0.0418263902704163,0.366
6,0.409,0.989978711408567,0.0437625666382502,0.366
6,0.41,0.989959154629699,0.0457389448882406,0.366
6,0.411,0.989939203035681,0.0477553030248101,0.366
6,0.412,0.989918858855484,0.0498114205984113,0.366
6,0.413,0.989898124303501,0.0519070786918263,0.366
6,0.414,0.989877001579655,0.0540420599067337,0.366
6,0.415,0.989855492869524,0.0562161483505186,0.366
6,0.416,0.989833600344454,0.0584291296230832,0.366
6,0.417,0.98981132616167,0.060680790803902,0.366
6,0.418,0.989788672464398,0.0629709204391649,0.366
6,0.419,0.989765641381973,0.0652993085288767,0.366
6,0.42,0.989742235029949,0.067665746514578,0.366
6,0.421,0.989718455510213,0.0700700272666666,0.366
6,0.422,0.989694304911094,0.0725119450719403,0.366
6,0.423,0.989669785307472,0.0749912956218068,0.366
6,0.424,0.98964489876088,0.0775078759999603,0.366
6,0.425,0.989619647319619,0.0800614846702574,0.366
6,0.426,0.989594033018856,0.0826519214653043,0.366
6,0.427,0.989568057880731,0.085278987574422,0.366
6,0.428,0.989541723914464,0.0879424855321442,0.366
6,0.429,0.989515033116449,0.0906422192068934,0.366
6,0.43,0.989487987470364,0.0933779937894785,0.366
6,0.431,0.989460588947266,0.0961496157818598,0.366
6,0.432,0.989432839505691,0.0989568929862239,0.366
6,0.433,0.989404741091757,0.101799634493727,0.366
6,0.434,0.989376295639252,0.104677650673879,0.366
6,0.435,0.989347505069742,0.107590753163533,0.366
6,0.436,0.98931837129266,0.110538754856293,0.366
6,0.437,0.989288896205401,0.113521469892008,0.366
6,0.438,0.989259081693416,0.116538713646341,0.366
6,0.439,0.98922892963031,0.119590302720352,0.366
6,0.44,0.989198441877925,0.122676054930126,0.366
6,0.441,0.989167620286441,0.125795789297078,0.366
6,0.442,0.989136466694459,0.128949326037375,0.366
6,0.443,0.989104982929095,0.132136486552392,0.366
6,0.444,0.989073170806064,0.135357093418742,0.366
6,0.445,0.989041032129776,0.138610970378372,0.366
6,0.446,0.989008568693416,0.141897942329261,0.366
6,0.447,0.988975782279029,0.145217835315781,0.366
6,0.448,0.988942674657614,0.148570476518928,0.366
6,0.449,0.988909247589201,0.151955694247419,0.366
6,0.45,0.988875502822937,0.15537331792812,0.366
6,0.451,0.988841442097172,0.158823178097034,0.366
6,0.452,0.988807067139537,0.16230510639017,0.366
6,0.453,0.988772379667028,0.165818935534534,0.366
6,0.454,0.988737381386086,0.169364499339331,0.366
6,0.455,0.988702073992678,0.17294163268704,0.366
6,0.456,0.988666459172376,0.176550171524648,0.366
6,0.457,0.988630538600436,0.180189952855137,0.366
6,0.458,0.988594313941874,0.18386081472892,0.366
6,0.459,0.988557786851546,0.187562596235336,0.366
6,0.46,0.988520958974223,0.191295137494163,0.366
6,0.461,0.988483831944667,0.195058279647431,0.366
6,0.462,0.988446407387707,0.198851864851202,0.366
6,0.463,0.988408686918309,0.202675736267444,0.366
6,0.464,0.988370672141658,0.206529738055705,0.366
6,0.465,0.988332364653225,0.210413715365521,0.366
6,0.466,0.98829376603884,0.214327514328216,0.366
6,0.467,0.988254877874766,0.21827098204914,0.366
6,0.468,0.988215701727768,0.222243966599978,0.366
6,0.469,0.988176239155186,0.226246317010914,0.366
6,0.47,0.988136491705001,0.230277883263286,0.366
6,0.471,0.988096460915909,0.234338516281696,0.366
6,0.472,0.988056148317387,0.238428067926799,0.366
6,0.473,0.988015555429759,0.242546390987775,0.366
6,0.474,0.987974683764268,0.246693339175197,0.366
6,0.475,0.987933534823141,0.250868767113444,0.366
6,0.476,0.987892110099652,0.255072530333855,0.366
6,0.477,0.987850411078194,0.259304485267364,0.366
6,0.478,0.987808439234338,0.263564489237544,0.366
6,0.479,0.987766196034902,0.267852400453705,0.366
6,0.48,0.987723682938011,0.272168078003765,0.366
6,0.481,0.987680901393164,0.276511381847677,0.366
6,0.482,0.987637852841294,0.280882172810326,0.366
6,0.483,0.987594538714831,0.285280312575131,0.366
6,0.484,0.987550960437767,0.289705663677009,0.366
6,0.485,0.98750711942571,0.294158089496155,0.366
6,0.486,0.987463017085953,0.298637454251294,0.366
6,0.487,0.987418654817528,0.303143622993129,0.366
6,0.488,0.987374034011267,0.307676461598128,0.366
6,0.489,0.987329156049863,0.312235836762076,0.366
6,0.49,0.987284022307928,0.316821615993734,0.366
6,0.491,0.987238634152047,0.321433667608662,0.366
6,0.492,0.987192992940842,0.326071860722998,0.366
6,0.493,0.987147100025026,0.330736065247339,0.366
6,0.494,0.987100956747457,0.335426151880602,0.366
6,0.495,0.987054564443197,0.34014199210437,0.366
6,0.496,0.987007924439571,0.344883458176248,0.366
6,0.497,0.986961038056212,0.349650423124737,0.366
6,0.498,0.986913906605126,0.354442760742746,0.366
6,0.499,0.986866531390742,0.35926034558218,0.366
6,0.5,0.986818913709964,0.364103052948117,0.366
6,0.501,0.986771054852227,0.368970758893039,0.366
6,0.502,0.986722956099548,0.373863340211145,0.366
6,0.503,0.986674618726579,0.378780674433088,0.366
6,0.504,0.986626044000661,0.383722639819961,0.366
6,0.505,0.986577233181872,0.388689115358209,0.366
6,0.506,0.986528187523078,0.393679980754036,0.366
6,0.507,0.986478908269988,0.398695116427916,0.366
6,0.508,0.986429396661199,0.403734403509537,0.366
6,0.509,0.986379653928249,0.408797723832199,0.366
6,0.51,0.986329681295666,0.413884959927713,0.366
6,0.511,0.986279479981014,0.41899599502131,0.366
6,0.512,0.986229051194946,0.424130713026316,0.366
6,0.513,0.986178396141248,0.429288998539068,0.366
6,0.514,0.98612751601689,0.434470736834025,0.366
6,0.515,0.98607641201207,0.439675813858553,0.366
6,0.516,0.986025085310265,0.444904116228062,0.366
6,0.517,0.985973537088273,0.450155531221053,0.366
6,0.518,0.985921768516263,0.455429946774233,0.366
6,0.519,0.985869780757816,0.460727251477855,0.366
6,0.52,0.985817574969977,0.466047334570452,0.366
6,0.521,0.985765152303295,0.471390085934731,0.366
6,0.522,0.985712513901868,0.476755396092265,0.366
6,0.523,0.985659660903389,0.482143156199299,0.366
6,0.524,0.985606594439189,0.487553258041795,0.366
6,0.525,0.98555331563428,0.492985594030992,0.366
6,0.526,0.9854998256074,0.498440057198857,0.366
6,0.527,0.985446125471052,0.503916541193572,0.366
6,0.528,0.985392216331552,0.509414940274944,0.366
6,0.529,0.985338099289066,0.514935149310292,0.366
6,0.53,0.985283775437655,0.520477063769698,0.366
6,0.531,0.985229245865313,0.526040579721809,0.366
6,0.532,0.985174511654012,0.531625593829665,0.366
6,0.533,0.985119573879742,0.537232003346166,0.366
6,0.534,0.985064433612548,0.54285970611001,0.366
6,0.535,0.985009091916574,0.548508600541431,0.366
6,0.536,0.984953549850101,0.554178585638021,0.366
6,0.537,0.984897808465585,0.559869560970738,0.366
6,0.538,0.984841868809702,0.565581426679418,0.366
6,0.539,0.984785731923377,0.571314083469332,0.366
6,0.54,0.984729398841832,0.577067432606637,0.366
6,0.541,0.984672870594619,0.582841375914667,0.366
6,0.542,0.98461614820566,0.588635815769778,0.366
6,0.543,0.984559232693282,0.594450655097667,0.366
6,0.544,0.984502125070256,0.600285797369282,0.366
6,0.545,0.984444826343836,0.606141146597028,0.366
6,0.546,0.984387337515791,0.612016607331078,0.366
6,0.547,0.984329659582445,0.617912084655337,0.366
6,0.548,0.984271793534712,0.623827484183903,0.366
6,0.549,0.984213740358133,0.629762712057169,0.366
6,0.55,0.984155501032908,0.63571767493833,0.366
6,0.551,0.984097076533934,0.641692280009543,0.366
6,0.552,0.984038467830841,0.647686434968353,0.366
6,0.553,0.983979675888024,0.653700048024142,0.366
6,0.554,0.983920701664678,0.659733027894527,0.366
6,0.555,0.983861546114835,0.665785283801767,0.366
6,0.556,0.983802210187391,0.671856725469366,0.366
6,0.557,0.983742694826151,0.677947263118406,0.366
6,0.558,0.983683000969847,0.684056807464439,0.366
6,0.559,0.983623129552187,0.690185269713584,0.366
6,0.56,0.983563081501876,0.696332561559521,0.366
6,0.561,0.983502857742654,0.702498595180057,0.366
6,0.562,0.983442459193327,0.708683283233635,0.366
6,0.563,0.9833818867678,0.714886538856074,0.366
6,0.564,0.983321141375106,0.721108275657478,0.366
6,0.565,0.983260223919443,0.727348407718642,0.366
6,0.566,0.983199135300198,0.733606849588186,0.366
6,0.567,0.983137876411982,0.739883516279205,0.366
6,0.568,0.983076448144664,0.746178323265845,0.366
6,0.569,0.983014851383397,0.752491186480486,0.366
6,0.57,0.982953087008647,0.758822022310723,0.366
6,0.571,0.982891155896228,0.765170747595723,0.366
6,0.572,0.982829058917329,0.771537279623757,0.366
6,0.573,0.982766796938545,0.777921536128634,0.366
6,0.574,0.982704370821904,0.784323435287182,0.366
6,0.575,0.982641781424898,0.790742895715901,0.366
6,0.576,0.982579029600513,0.797179836468009,0.366
6,0.577,0.982516116197256,0.803634177030688,0.366
6,0.578,0.982453042059183,0.810105837321928,0.366
6,0.579,0.98238980802593,0.816594737687892,0.366
6,0.58,0.982326414932736,0.823100798899867,0.366
6,0.581,0.982262863610479,0.829623942151247,0.366
6,0.582,0.982199154885695,0.836164089055069,0.366
6,0.583,0.982135289580611,0.842721161641102,0.366
6,0.584,0.98207126851317,0.849295082352741,0.366
6,0.585,0.98200709249706,0.855885774044673,0.366
6,0.586,0.981942762341736,0.862493159979949,0.366
6,0.587,0.981878278852454,0.86911716382716,0.366
6,0.588,0.981813642830292,0.875757709657887,0.366
6,0.589,0.981748855072177,0.882414721944125,0.366
6,0.59,0.981683916370911,0.889088125555371,0.366
6,0.591,0.9816188275152,0.895777845756074,0.366
6,0.592,0.981553589289675,0.902483808203192,0.366
6,0.593,0.981488202474921,0.909205938943436,0.366
6,0.594,0.981422667847499,0.915944164410654,0.366
6,0.595,0.981356986179975,0.922698411423495,0.366
6,0.596,0.981291158240943,0.929468607182682,0.366
6,0.597,0.981225184795046,0.936254679268633,0.366
6,0.598,0.981159066603007,0.943056555638822,0.366
6,0.599,0.981092804421651,0.949874164625464,0.366
6,0.6,0.981026399003925,0.956707434933057,0.366
6,0.601,0.980959851098929,0.963556295635737,0.366
6,0.602,0.980893161451934,0.970420676175188,0.366
6,0.603,0.980826330804407,0.977300506358025,0.366
6,0.604,0.980759359894038,0.984195716353531,0.366
6,0.605,0.980692249454759,0.991106236691142,0.366
6,0.606,0.980625000216768,0.99803199825832,0.366
6,0.607,0.980557612906552,1.00497293229815,0.366
6,0.608,0.980490088246912,1.01192897040696,0.366
6,0.609,0.980422426956984,1.01890004453218,0.366
6,0.61,0.980354629752257,1.02588608696996,0.366
6,0.611,0.980286697344606,1.03288703036297,0.366
6,0.612,0.980218630442301,1.03990280769819,0.366
6,0.613,0.98015042975004,1.04693335230472,0.366
6,0.614,0.980082095968965,1.05397859785148,0.366
6,0.615,0.980013629796683,1.06103847834507,0.366
6,0.616,0.97994503192729,1.06811292812778,0.366
6,0.617,0.979876303051395,1.07520188187509,0.366
6,0.618,0.979807443856133,1.08230527459392,0.366
6,0.619,0.979738455025193,1.0894230416203,0.366
6,0.62,0.979669337238835,1.09655511861735,0.366
6,0.621,0.979600091173914,1.10370144157312,0.366
6,0.622,0.979530717503897,1.11086194679868,0.366
6,0.623,0.979461216898887,1.11803657092584,0.366
6,0.624,0.979391590025638,1.12522525090548,0.366
6,0.625,0.979321837547584,1.13242792400503,0.366
6,0.626,0.979251960124846,1.13964452780697,0.366
6,0.627,0.979181958414265,1.14687500020658,0.366
6,0.628,0.979111833069414,1.15411927940994,0.366
6,0.629,0.979041584740618,1.16137730393204,0.366
6,0.63,0.978971214074974,1.16864901259508,0.366
6,0.631,0.978900721716376,1.17593434452599,0.366
6,0.632,0.978830108305523,1.18323323915508,0.366
6,0.633,0.978759374479948,1.19054563621377,0.366
6,0.634,0.978688520874029,1.19787147573294,0.366
6,0.635,0.978617548119016,1.20521069804091,0.366
6,0.636,0.978546456843041,1.21256324376167,0.366
6,0.637,0.978475247671142,1.21992905381303,0.366
6,0.638,0.978403921225281,1.22730806940474,0.366
6,0.639,0.97833247812436,1.23470023203671,0.366
6,0.64,0.978260918984238,1.24210548349721,0.366
6,0.641,0.978189244417754,1.24952376586116,0.366
6,0.642,0.978117455034739,1.25695502148826,0.366
6,0.643,0.978045551442039,1.26439919302115,0.366
6,0.644,0.977973534243527,1.27185622338397,0.366
6,0.645,0.977901404040126,1.27932605578023,0.366
6,0.646,0.97782916142982,1.28680863369146,0.366
6,0.647,0.977756807007678,1.29430390087526,0.366
6,0.648,0.977684341365866,1.30181180136364,0.366
6,0.649,0.977611765093668,1.30933227946144,0.366
6,0.65,0.977539078777496,1.31686527974459,0.366
6,0.651,0.977466283000915,1.32441074705842,0.366
6,0.652,0.977393378344655,1.33196862651612,0.366
6,0.653,0.977320365386626,1.33953886349705,0.366
6,0.654,0.977247244701941,1.34712140364499,0.366
6,0.655,0.977174016862923,1.3547161928668,0.366
6,0.656,0.977100682439128,1.36232317733063,0.366
6,0.657,0.977027241997358,1.36994230346439,0.366
6,0.658,0.976953696101681,1.37757351795407,0.366
6,0.659,0.97688004531344,1.38521676774248,0.366
6,0.66,0.976806290191272,1.39287200002731,0.366
6,0.661,0.976732431291127,1.40053916225982,0.366
6,0.662,0.976658469166277,1.40821820214339,0.366
6,0.663,0.976584404367337,1.41590906763172,0.366
6,0.664,0.976510237442277,1.42361170692762,0.366
6,0.665,0.976435968936437,1.43132606848129,0.366
6,0.666,0.976361599392544,1.439052100989,0.366
6,0.667,0.976287129350725,1.4467897533915,0.366
6,0.668,0.976212559348527,1.45453897487255,0.366
6,0.669,0.976137889920921,1.46229971485763,0.366
6,0.67,0.976063121600328,1.47007192301232,0.366
6,0.671,0.975988254916626,1.477855549241,0.366
6,0.672,0.975913290397169,1.4856505436853,0.366
6,0.673,0.975838228566798,1.49345685672282,0.366
6,0.674,0.975763069947858,1.50127443896562,0.366
6,0.675,0.975687815060211,1.50910324125877,0.366
6,0.676,0.975612464421247,1.51694321467937,0.366
6,0.677,0.975537018545905,1.52479431053456,0.366
6,0.678,0.97546147794668,1.53265648036069,0.366
6,0.679,0.975385843133639,1.54052967592171,0.366
6,0.68,0.975310114614437,1.54841384920785,0.366
6,0.681,0.975234292894327,1.55630895243435,0.366
6,0.682,0.975158378476178,1.56421493804011,0.366
6,0.683,0.975082371860481,1.57213175868631,0.366
6,0.684,0.975006273545371,1.58005936725532,0.366
6,0.685,0.974930084026635,1.58799771684897,0.366
6,0.686,0.974853803797724,1.59594676078798,0.366
6,0.687,0.97477743334977,1.60390645260986,0.366
6,0.688,0.974700973171598,1.61187674606824,0.366
6,0.689,0.974624423749737,1.61985759513128,0.366
6,0.69,0.974547785568433,1.62784895398076,0.366
6,0.691,0.974471059109665,1.63585077701041,0.366
6,0.692,0.974394244853151,1.64386301882504,0.366
6,0.693,0.97431734327637,1.65188563423899,0.366
6,0.694,0.974240354854565,1.65991857827537,0.366
6,0.695,0.97416328006076,1.66796180616438,0.366
6,0.696,0.974086119365773,1.67601527334238,0.366
6,0.697,0.974008873238227,1.68407893545059,0.366
6,0.698,0.973931542144559,1.69215274833416,0.366
6,0.699,0.97385412654904,1.70023666804049,0.366
6,0.7,0.973776626913778,1.70833065081846,0.366
6,0.701,0.973699043698734,1.71643465311737,0.366
6,0.702,0.973621377361737,1.72454863158538,0.366
6,0.703,0.973543628358489,1.73267254306873,0.366
6,0.704,0.973465797142583,1.74080634461027,0.366
6,0.705,0.973387884165507,1.7489499934489,0.366
6,0.706,0.973309889876664,1.7571034470178,0.366
6,0.707,0.973231814723379,1.76526666294354,0.366
6,0.708,0.97315365915091,1.77343959904541,0.366
6,0.709,0.97307542360246,1.78162221333358,0.366
6,0.71,0.97299710851919,1.78981446400859,0.366
6,0.711,0.972918714340225,1.79801630946008,0.366
6,0.712,0.972840241502671,1.80622770826571,0.366
6,0.713,0.972761690441625,1.81444861918998,0.366
6,0.714,0.972683061590179,1.82267900118345,0.366
6,0.715,0.972604355379442,1.83091881338151,0.366
6,0.716,0.97252557223854,1.83916801510327,0.366
6,0.717,0.972446712594637,1.84742656585068,0.366
6,0.718,0.972367776872934,1.85569442530753,0.366
6,0.719,0.972288765496691,1.86397155333813,0.366
6,0.72,0.972209678887229,1.87225790998671,0.366
6,0.721,0.972130517463946,1.88055345547611,0.366
6,0.722,0.972051281644324,1.88885815020676,0.366
6,0.723,0.971971971843939,1.89717195475607,0.366
6,0.724,0.971892588476475,1.90549482987699,0.366
6,0.725,0.97181313195373,1.91382673649725,0.366
6,0.726,0.971733602685629,1.92216763571829,0.366
6,0.727,0.971654001080232,1.9305174888145,0.366
6,0.728,0.971574327543745,1.93887625723199,0.366
6,0.729,0.971494582480528,1.94724390258787,0.366
6,0.73,0.971414766293111,1.95562038666899,0.366
6,0.731,0.971334879382193,1.96400567143147,0.366
6,0.732,0.971254922146666,1.97239971899914,0.366
6,0.733,0.971174894983607,1.98080249166341,0.366
6,0.734,0.971094798288305,1.98921395188154,0.366
6,0.735,0.971014632454259,1.99763406227622,0.366
6,0.736,0.970934397873193,2.00606278563451,0.366
6,0.737,0.970854094935061,2.01450008490704,0.366
6,0.738,0.970773724028063,2.02294592320682,0.366
6,0.739,0.970693285538646,2.03140026380872,0.366
6,0.74,0.97061277985152,2.03986307014841,0.366
6,0.741,0.970532207349664,2.04833430582132,0.366
6,0.742,0.970451568414335,2.05681393458212,0.366
6,0.743,0.970370863425079,2.0653019203436,0.366
6,0.744,0.970290092759737,2.07379822717588,0.366
6,0.745,0.970209256794459,2.08230281930537,0.366
6,0.746,0.970128355903706,2.09081566111431,0.366
6,0.747,0.970047390460264,2.09933671713967,0.366
6,0.748,0.969966360835252,2.10786595207215,0.366
6,0.749,0.969885267398128,2.1164033307558,0.366
6,0.75,0.969804110516701,2.12494881818672,0.366
6,0.751,0.969722890557137,2.13350237951262,0.366
6,0.752,0.96964160788397,2.14206398003156,0.366
6,0.753,0.969560262860109,2.1506335851917,0.366
6,0.754,0.969478855846846,2.15921116058999,0.366
6,0.755,0.969397387203866,2.16779667197164,0.366
6,0.756,0.969315857289253,2.17639008522927,0.366
6,0.757,0.969234266459501,2.18499136640207,0.366
6,0.758,0.969152615069521,2.19360048167498,0.366
6,0.759,0.969070903472647,2.20221739737816,0.366
6,0.76,0.96898913202065,2.21084207998579,0.366
6,0.761,0.968907301063739,2.2194744961157,0.366
6,0.762,0.968825410950574,2.22811461252836,0.366
6,0.763,0.968743462028272,2.23676239612618,0.366
6,0.764,0.968661454642416,2.24541781395282,0.366
6,0.765,0.968579389137061,2.25408083319236,0.366
6,0.766,0.968497265854744,2.26275142116859,0.366
6,0.767,0.968415085136491,2.27142954534423,0.366
6,0.768,0.968332847321823,2.28011517332019,0.366
6,0.769,0.968250552748768,2.28880827283491,0.366
6,0.77,0.968168201753863,2.29750881176365,0.366
6,0.771,0.968085794672168,2.30621675811744,0.366
6,0.772,0.968003331837265,2.31493208004305,0.366
6,0.773,0.967920813581277,2.32365474582141,0.366
6,0.774,0.967838240234864,2.33238472386763,0.366
6,0.775,0.967755612127239,2.34112198272991,0.366
6,0.776,0.967672929586168,2.3498664910889,0.366
6,0.777,0.967590192937985,2.35861821775714,0.366
6,0.778,0.967507402507594,2.36737713167809,0.366
6,0.779,0.967424558618478,2.37614320192583,0.366
6,0.78,0.967341661592705,2.384916397704,0.366
6,0.781,0.967258711750938,2.39369668834533,0.366
6,0.782,0.967175709412438,2.40248404331103,0.366
6,0.783,0.967092654895075,2.4112784321898,0.366
6,0.784,0.967009548515332,2.42007982469767,0.366
6,0.785,0.966926390588316,2.4288881906767,0.366
6,0.786,0.966843181427758,2.43770350009493,0.366
6,0.787,0.966759921346028,2.4465257230454,0.366
6,0.788,0.966676610654135,2.45535482974553,0.366
6,0.789,0.96659324966174,2.46419079053644,0.366
6,0.79,0.966509838677157,2.47303357588258,0.366
6,0.791,0.966426378007364,2.48188315637068,0.366
6,0.792,0.966342867958006,2.4907395027095,0.366
6,0.793,0.966259308833405,2.49960258572894,0.366
6,0.794,0.966175700936566,2.50847237637954,0.366
6,0.795,0.966092044569183,2.51734884573178,0.366
6,0.796,0.966008340031643,2.52623196497548,0.366
6,0.797,0.965924587623037,2.53512170541939,0.366
6,0.798,0.965840787641165,2.54401803849018,0.366
6,0.799,0.965756940382539,2.55292093573225,0.366
6,0.8,0.965673046142395,2.56183036880675,0.366
6.25,0.2,0.979272984880832,1.08304405721891,0.365
6.25,0.201,0.979429062991748,1.0669358456513,0.365
6.25,0.202,0.979583543190495,1.05099760286977,0.365
6.25,0.203,0.979736437876055,1.03522789184678,0.365
6.25,0.204,0.979887759321248,1.01962529190149,0.365
6.25,0.205,0.980037519674406,1.00418839846028,0.365
6.25,0.206,0.980185730961028,0.988915822820879,0.365
6.25,0.207,0.980332405085394,0.973806191922,0.365
6.25,0.208,0.980477553832168,0.958858148115738,0.365
6.25,0.209,0.980621188867957,0.944070348945214,0.365
6.25,0.21,0.98076332174286,0.929441466925485,0.365
6.25,0.211,0.980903963891978,0.914970189328734,0.365
6.25,0.212,0.981043126636911,0.900655217973267,0.365
6.25,0.213,0.981180821187217,0.88649526901603,0.365
6.25,0.214,0.981317058641861,0.872489072749016,0.365
6.25,0.215,0.981451849990631,0.85863537339943,0.365
6.25,0.216,0.981585206115534,0.844932928932463,0.365
6.25,0.217,0.981717137792168,0.831380510858892,0.365
6.25,0.218,0.981847655691074,0.81797690404497,0.365
6.25,0.219,0.981976770379065,0.804720906525924,0.365
6.25,0.22,0.982104492320537,0.79161132932275,0.365
6.25,0.221,0.982230831878749,0.778646996262156,0.365
6.25,0.222,0.982355799317097,0.765826743799569,0.365
6.25,0.223,0.982479404800356,0.753149420845256,0.365
6.25,0.224,0.982601658395909,0.740613888593011,0.365
6.25,0.225,0.982722570074954,0.72821902035225,0.365
6.25,0.226,0.982842149713692,0.71596370138296,0.365
6.25,0.227,0.982960407094499,0.703846828732879,0.365
6.25,0.228,0.983077351907081,0.691867311077665,0.365
6.25,0.229,0.983192993749597,0.680024068564467,0.365
6.25,0.23,0.98330734212979,0.668316032656713,0.365
6.25,0.231,0.983420406466076,0.656742145982747,0.365
6.25,0.232,0.983532196088633,0.645301362186279,0.365
6.25,0.233,0.983642720240464,0.633992645779458,0.365
6.25,0.234,0.98375198807845,0.62281497199832,0.365
6.25,0.235,0.983860008674379,0.611767326661061,0.365
6.25,0.236,0.983966791015972,0.600848706027768,0.365
6.25,0.237,0.984072344007877,0.590058116663217,0.365
6.25,0.238,0.98417667647267,0.579394575301406,0.365
6.25,0.239,0.984279797151814,0.568857108712595,0.365
6.25,0.24,0.984381714706628,0.558444753572407,0.365
6.25,0.241,0.984482437719231,0.548156556332802,0.365
6.25,0.242,0.984581974693465,0.537991573095598,0.365
6.25,0.243,0.984680334055824,0.527948869487127,0.365
6.25,0.244,0.984777524156348,0.518027520536335,0.365
6.25,0.245,0.984873553269518,0.508226610553164,0.365
6.25,0.246,0.984968429595132,0.498545233010206,0.365
6.25,0.247,0.985062161259171,0.488982490425349,0.365
6.25,0.248,0.98515475631465,0.479537494246718,0.365
6.25,0.249,0.98524622274246,0.47020936473916,0.365
6.25,0.25,0.985336568452192,0.46099723087285,0.365
6.25,0.251,0.985425801282955,0.451900230213265,0.365
6.25,0.252,0.985513929004184,0.442917508812957,0.365
6.25,0.253,0.985600959316426,0.434048221105154,0.365
6.25,0.254,0.985686899852127,0.425291529798777,0.365
6.25,0.255,0.9857717581764,0.416646605775384,0.365
6.25,0.256,0.985855541787785,0.408112627987323,0.365
6.25,0.257,0.985938258119,0.399688783357743,0.365
6.25,0.258,0.986019914537675,0.39137426668181,0.365
6.25,0.259,0.986100518347088,0.383168280529778,0.365
6.25,0.26,0.986180076786872,0.375070035151515,0.365
6.25,0.261,0.986258597033733,0.367078748381955,0.365
6.25,0.262,0.986336086202144,0.35919364554855,0.365
6.25,0.263,0.986412551345032,0.351413959379854,0.365
6.25,0.264,0.986487999454464,0.343738929915505,0.365
6.25,0.265,0.986562437462307,0.33616780441772,0.365
6.25,0.266,0.986635872240897,0.328699837283541,0.365
6.25,0.267,0.986708310603685,0.321334289959374,0.365
6.25,0.268,0.986779759305886,0.314070430855606,0.365
6.25,0.269,0.986850225045105,0.306907535263568,0.365
6.25,0.27,0.986919714461971,0.299844885272793,0.365
6.25,0.271,0.986988234140747,0.292881769690378,0.365
6.25,0.272,0.987055790609943,0.286017483960643,0.365
6.25,0.273,0.987122390342918,0.279251330086705,0.365
6.25,0.274,0.987188039758466,0.272582616552586,0.365
6.25,0.275,0.987252745221409,0.266010658247007,0.365
6.25,0.276,0.987316513043166,0.25953477638796,0.365
6.25,0.277,0.98737934948233,0.253154298448144,0.365
6.25,0.278,0.987441260745225,0.246868558082003,0.365
6.25,0.279,0.987502252986461,0.240676895053626,0.365
6.25,0.28,0.987562332309484,0.234578655165207,0.365
6.25,0.281,0.98762150476711,0.228573190187475,0.365
6.25,0.282,0.987679776362065,0.22265985779002,0.365
6.25,0.283,0.987737153047508,0.216838021473365,0.365
6.25,0.284,0.987793640727549,0.211107050501869,0.365
6.25,0.285,0.987849245257762,0.205466319837355,0.365
6.25,0.286,0.987903972445691,0.199915210073831,0.365
6.25,0.287,0.987957828051354,0.194453107372916,0.365
6.25,0.288,0.988010817787727,0.189079403400694,0.365
6.25,0.289,0.988062947321237,0.183793495264717,0.365
6.25,0.29,0.988114222272241,0.178594785452524,0.365
6.25,0.291,0.9881646482155,0.173482681770643,0.365
6.25,0.292,0.988214230680648,0.168456597284483,0.365
6.25,0.293,0.988262975152653,0.163515950259208,0.365
6.25,0.294,0.988310887072274,0.158660164101265,0.365
6.25,0.295,0.988357971836513,0.153888667300883,0.365
6.25,0.296,0.988404234799058,0.149200893374934,0.365
6.25,0.297,0.988449681270725,0.144596280811315,0.365
6.25,0.298,0.988494316519889,0.140074273013435,0.365
6.25,0.299,0.988538145772917,0.135634318245659,0.365
6.25,0.3,0.988581174214585,0.131275869579461,0.365
6.25,0.301,0.988623406988502,0.126998384840582,0.365
6.25,0.302,0.988664849197522,0.122801326556488,0.365
6.25,0.303,0.988705505904146,0.118684161904725,0.365
6.25,0.304,0.988745382130932,0.114646362661985,0.365
6.25,0.305,0.98878448286089,0.11068740515392,0.365
6.25,0.306,0.988822813037875,0.106806770205292,0.365
6.25,0.307,0.988860377566973,0.103003943091262,0.365
6.25,0.308,0.988897181314888,0.0992784134889346,0.365
6.25,0.309,0.988933229110318,0.0956296754297981,0.365
6.25,0.31,0.988968525744333,0.09205722725254,0.365
6.25,0.311,0.989003075970739,0.088560571556906,0.365
6.25,0.312,0.989036884506448,0.0851392151573815,0.365
6.25,0.313,0.989069956031837,0.0817926690385384,0.365
6.25,0.314,0.989102295191103,0.0785204483102708,0.365
6.25,0.315,0.989133906592618,0.0753220721633641,0.365
6.25,0.316,0.989164794809275,0.0721970638266178,0.365
6.25,0.317,0.989194964378834,0.0691449505234365,0.365
6.25,0.318,0.989224419804258,0.0661652634298626,0.365
6.25,0.319,0.989253165554053,0.0632575376325217,0.365
6.25,0.32,0.989281206062597,0.0604213120873665,0.365
6.25,0.321,0.989308545730469,0.0576561295792866,0.365
6.25,0.322,0.989335188924772,0.0549615366812972,0.365
6.25,0.323,0.989361139979454,0.0523370837154813,0.365
6.25,0.324,0.989386403195625,0.0497823247133544,0.365
6.25,0.325,0.98941098284187,0.0472968173771182,0.365
6.25,0.326,0.989434883154553,0.0448801230420459,0.365
6.25,0.327,0.989458108338132,0.0425318066379354,0.365
6.25,0.328,0.989480662565451,0.0402514366526496,0.365
6.25,0.329,0.989502549978047,0.0380385850946352,0.365
6.25,0.33,0.989523774686437,0.0358928274572623,0.365
6.25,0.331,0.989544340770418,0.033813742682387,0.365
6.25,0.332,0.989564252279346,0.0318009131254016,0.365
6.25,0.333,0.989583513232431,0.0298539245199736,0.365
6.25,0.334,0.989602127619011,0.0279723659435849,0.365
6.25,0.335,0.989620099398831,0.0261558297835363,0.365
6.25,0.336,0.989637432502325,0.0244039117031303,0.365
6.25,0.337,0.98965413083088,0.0227162106083201,0.365
6.25,0.338,0.98967019825711,0.0210923286152243,0.365
6.25,0.339,0.989685638625121,0.0195318710173087,0.365
6.25,0.34,0.989700455750771,0.0180344462534565,0.365
6.25,0.341,0.989714653421937,0.016599665876349,0.365
6.25,0.342,0.989728235398764,0.0152271445210461,0.365
6.25,0.343,0.989741205413926,0.0139164998744112,0.365
6.25,0.344,0.989753567172872,0.0126673526441357,0.365
6.25,0.345,0.98976532435408,0.0114793265290292,0.365
6.25,0.346,0.989776480609299,0.0103520481889108,0.365
6.25,0.347,0.989787039563791,0.00928514721540985,0.365
6.25,0.348,0.989797004816576,0.00827825610290045,0.365
6.25,0.349,0.989806379940668,0.00733101021943572,0.365
6.25,0.35,0.989815168483306,0.00644304777883686,0.365
6.25,0.351,0.989823373966194,0.00561400981242688,0.365
6.25,0.352,0.989830999885723,0.00484354014131938,0.365
6.25,0.353,0.989838049713205,0.00413128534919593,0.365
6.25,0.354,0.989844526895096,0.00347689475499458,0.365
6.25,0.355,0.989850434853214,0.0028800203865087,0.365
6.25,0.356,0.989855776984967,0.00234031695376391,0.365
6.25,0.357,0.989860556663565,0.00185744182299441,0.365
6.25,0.358,0.989864777238236,0.00143105499088581,0.365
6.25,0.359,0.989868442034442,0.00106081905892896,0.365
6.25,0.36,0.989871554354086,0.000746399208639836,0.365
6.25,0.361,0.989874117475721,0.000487463176157554,0.365
6.25,0.362,0.989876134654759,0.000283681228019361,0.365
6.25,0.363,0.989877609123674,0.000134726136624685,0.365
6.25,0.364,0.9898785440922,4.02731563875491e-05,0.365
6.25,0.365,0.989878942747534,0,0.365
6.25,0.366,0.989878808254535,1.35868146289297e-05,0.365
6.25,0.367,0.989878143755916,8.0716159156502e-05,0.365
6.25,0.368,0.989876952372437,0.000201072980998696,0.365
6.25,0.369,0.989875237203101,0.000374344593478959,0.365
6.25,0.37,0.989873001325338,0.000600220653335093,0.365
6.25,0.371,0.989870247795193,0.000878393138892264,0.365
6.25,0.372,0.989866979647516,0.00120855632768091,0.365
6.25,0.373,0.989863199896137,0.00159040677523148,0.365
6.25,0.374,0.989858911534057,0.00202364329338067,0.365
6.25,0.375,0.989854117533618,0.00250796692928823,0.365
6.25,0.376,0.989848820846689,0.00304308094432049,0.365
6.25,0.377,0.989843024404835,0.00362869079373329,0.365
6.25,0.378,0.989836731119495,0.0042645041057332,0.365
6.25,0.379,0.989829943882153,0.00495023066169331,0.365
6.25,0.38,0.989822665564506,0.00568558237605821,0.365
6.25,0.381,0.989814899018638,0.00647027327624894,0.365
6.25,0.382,0.989806647077181,0.00730401948363379,0.365
6.25,0.383,0.989797912553482,0.00818653919387735,0.365
6.25,0.384,0.989788698241769,0.00911755265793346,0.365
6.25,0.385,0.989779006917309,0.0100967821631714,0.365
6.25,0.386,0.989768841336569,0.0111239520145023,0.365
6.25,0.387,0.989758204237376,0.0121987885163266,0.365
6.25,0.388,0.989747098339073,0.0133210199537048,0.365
6.25,0.389,0.989735526342672,0.0144903765748161,0.365
6.25,0.39,0.989723490931011,0.0157065905727283,0.365
6.25,0.391,0.989710994768905,0.0169693960678119,0.365
6.25,0.392,0.989698040503293,0.018278529090443,0.365
6.25,0.393,0.989684630763393,0.0196337275633951,0.365
6.25,0.394,0.989670768160844,0.0210347312850523,0.365
6.25,0.395,0.989656455289857,0.0224812819122899,0.365
6.25,0.396,0.989641694727353,0.0239731229438434,0.365
6.25,0.397,0.989626489033114,0.0255099997036545,0.365
6.25,0.398,0.989610840749917,0.0270916593247961,0.365
6.25,0.399,0.989594752403678,0.0287178507328401,0.365
6.25,0.4,0.989578226503594,0.0303883246302039,0.365
6.25,0.401,0.989561265542273,0.0321028334801632,0.365
6.25,0.402,0.989543871995874,0.033861131491264,0.365
6.25,0.403,0.989526048324242,0.0356629746017356,0.365
6.25,0.404,0.989507796971044,0.0375081204641248,0.365
6.25,0.405,0.989489120363894,0.0393963284302412,0.365
6.25,0.406,0.989470020914488,0.0413273595361918,0.365
6.25,0.407,0.989450501018735,0.043300976487215,0.365
6.25,0.408,0.989430563056881,0.0453169436435585,0.365
6.25,0.409,0.989410209393641,0.0473750270052031,0.365
6.25,0.41,0.989389442378319,0.0494749941982064,0.365
6.25,0.411,0.989368264344936,0.0516166144601149,0.365
6.25,0.412,0.989346677612354,0.0537996586256861,0.365
6.25,0.413,0.989324684484393,0.0560238991134998,0.365
6.25,0.414,0.989302287249959,0.0582891099117688,0.365
6.25,0.415,0.989279488183157,0.0605950665648392,0.365
6.25,0.416,0.989256289543413,0.0629415461596894,0.365
6.25,0.417,0.989232693575593,0.0653283273124527,0.365
6.25,0.418,0.989208702510113,0.0677551901555606,0.365
6.25,0.419,0.98918431856306,0.0702219163241979,0.365
6.25,0.42,0.989159543936305,0.0727282889437575,0.365
6.25,0.421,0.989134380817613,0.0752740926167839,0.365
6.25,0.422,0.989108831380757,0.0778591134104056,0.365
6.25,0.423,0.989082897785628,0.0804831388439231,0.365
6.25,0.424,0.989056582178346,0.0831459578760407,0.365
6.25,0.425,0.989029886691365,0.0858473608931432,0.365
6.25,0.426,0.989002813443587,0.0885871396963722,0.365
6.25,0.427,0.988975364540462,0.0913650874904803,0.365
6.25,0.428,0.988947542074097,0.0941809988711295,0.365
6.25,0.429,0.988919348123358,0.0970346698137448,0.365
6.25,0.43,0.988890784753978,0.0999258976613682,0.365
6.25,0.431,0.988861854018656,0.10285448111329,0.365
6.25,0.432,0.988832557957156,0.105820220213948,0.365
6.25,0.433,0.988802898596418,0.108822916340889,0.365
6.25,0.434,0.988772877950645,0.111862372194294,0.365
6.25,0.435,0.988742498021408,0.114938391785557,0.365
6.25,0.436,0.988711760797745,0.118050780426304,0.365
6.25,0.437,0.988680668256258,0.121199344717593,0.365
6.25,0.438,0.988649222361203,0.124383892539193,0.365
6.25,0.439,0.988617425064591,0.127604233038903,0.365
6.25,0.44,0.988585278306283,0.130860176622027,0.365
6.25,0.441,0.988552784014077,0.134151534940963,0.365
6.25,0.442,0.988519944103808,0.137478120884871,0.365
6.25,0.443,0.988486760479434,0.140839748569288,0.365
6.25,0.444,0.988453235033129,0.144236233326445,0.365
6.25,0.445,0.988419369645373,0.147667391694761,0.365
6.25,0.446,0.988385166185042,0.151133041409079,0.365
6.25,0.447,0.988350626509493,0.154633001391224,0.365
6.25,0.448,0.988315752464656,0.158167091739592,0.365
6.25,0.449,0.988280545885118,0.16173513372002,0.365
6.25,0.45,0.988245008594206,0.165336949756245,0.365
6.25,0.451,0.98820914240408,0.168972363420128,0.365
6.25,0.452,0.98817294911581,0.172641199422641,0.365
6.25,0.453,0.988136430519463,0.176343283604519,0.365
6.25,0.454,0.988099588394185,0.180078442927023,0.365
6.25,0.455,0.988062424508284,0.183846505462881,0.365
6.25,0.456,0.988024940619306,0.187647300387539,0.365
6.25,0.457,0.987987138474128,0.1914806579697,0.365
6.25,0.458,0.987949019809021,0.195346409563335,0.365
6.25,0.459,0.987910586349744,0.199244387598108,0.365
6.25,0.46,0.987871839811615,0.203174425571384,0.365
6.25,0.461,0.987832781899589,0.207136358039284,0.365
6.25,0.462,0.987793414308336,0.211130020608463,0.365
6.25,0.463,0.987753738722317,0.21515524992759,0.365
6.25,0.464,0.987713756815862,0.219211883678905,0.365
6.25,0.465,0.987673470253241,0.223299760570383,0.365
6.25,0.466,0.987632880688742,0.227418720327122,0.365
6.25,0.467,0.98759198976674,0.231568603683607,0.365
6.25,0.468,0.987550799121775,0.235749252375572,0.365
6.25,0.469,0.987509310378622,0.239960509132153,0.365
6.25,0.47,0.987467525152362,0.244202217667877,0.365
6.25,0.471,0.987425445048454,0.24847422267511,0.365
6.25,0.472,0.987383071662805,0.252776369816177,0.365
6.25,0.473,0.987340406581842,0.257108505715875,0.365
6.25,0.474,0.987297451382576,0.261470477953996,0.365
6.25,0.475,0.987254207632677,0.26586213505746,0.365
6.25,0.476,0.987210676890536,0.270283326493415,0.365
6.25,0.477,0.987166860705336,0.274733902661572,0.365
6.25,0.478,0.98712276061712,0.279213714886928,0.365
6.25,0.479,0.987078378156852,0.283722615412874,0.365
6.25,0.48,0.987033714846488,0.288260457393608,0.365
6.25,0.481,0.986988772199037,0.292827094887516,0.365
6.25,0.482,0.986943551718629,0.297422382849866,0.365
6.25,0.483,0.986898054900577,0.302046177125903,0.365
6.25,0.484,0.986852283231438,0.306698334444189,0.365
6.25,0.485,0.986806238189083,0.311378712409649,0.365
6.25,0.486,0.986759921242749,0.316087169496737,0.365
6.25,0.487,0.986713333853113,0.320823565042905,0.365
6.25,0.488,0.98666647747234,0.325587759241963,0.365
6.25,0.489,0.986619353544155,0.330379613137533,0.365
6.25,0.49,0.986571963503896,0.335198988616381,0.365
6.25,0.491,0.986524308778577,0.340045748402273,0.365
6.25,0.492,0.986476390786948,0.344919756049267,0.365
6.25,0.493,0.986428210939548,0.349820875935736,0.365
6.25,0.494,0.986379770638769,0.354748973257868,0.365
6.25,0.495,0.986331071278914,0.35970391402349,0.365
6.25,0.496,0.986282114246246,0.364685565046186,0.365
6.25,0.497,0.986232900919056,0.369693793938564,0.365
6.25,0.498,0.986183432667711,0.374728469107066,0.365
6.25,0.499,0.986133710854712,0.379789459745372,0.365
6.25,0.5,0.986083736834751,0.384876635828646,0.365
6.25,0.501,0.986033511954763,0.38998986810781,0.365
6.25,0.502,0.985983037553982,0.395129028103436,0.365
6.25,0.503,0.985932314963994,0.400293988100375,0.365
6.25,0.504,0.985881345508792,0.405484621141605,0.365
6.25,0.505,0.985830130504825,0.410700801022923,0.365
6.25,0.506,0.985778671261057,0.415942402287106,0.365
6.25,0.507,0.985726969079012,0.42120930021845,0.365
6.25,0.508,0.985675025252831,0.426501370837196,0.365
6.25,0.509,0.985622841069319,0.431818490894331,0.365
6.25,0.51,0.985570417807999,0.437160537865688,0.365
6.25,0.511,0.985517756741163,0.442527389947012,0.365
6.25,0.512,0.985464859133916,0.447918926048474,0.365
6.25,0.513,0.985411726244232,0.453335025789436,0.365
6.25,0.514,0.985358359323002,0.458775569493097,0.365
6.25,0.515,0.985304759614077,0.464240438181585,0.365
6.25,0.516,0.985250928354326,0.469729513570516,0.365
6.25,0.517,0.985196866773674,0.475242678064158,0.365
6.25,0.518,0.985142576095157,0.480779814750321,0.365
6.25,0.519,0.985088057534964,0.486340807395291,0.365
6.25,0.52,0.985033312302487,0.491925540438909,0.365
6.25,0.521,0.984978341600364,0.49753389898981,0.365
6.25,0.522,0.984923146624532,0.503165768820235,0.365
6.25,0.523,0.984867728564263,0.50882103636154,0.365
6.25,0.524,0.984812088602215,0.514499588699291,0.365
6.25,0.525,0.984756227914476,0.52020131356838,0.365
6.25,0.526,0.984700147670608,0.525926099348761,0.365
6.25,0.527,0.984643849033693,0.53167383506012,0.365
6.25,0.528,0.984587333160371,0.537444410357946,0.365
6.25,0.529,0.984530601200891,0.543237715528511,0.365
6.25,0.53,0.984473654299149,0.549053641484476,0.365
6.25,0.531,0.984416493592732,0.554892079760516,0.365
6.25,0.532,0.98435912021296,0.560752922508567,0.365
6.25,0.533,0.98430153528493,0.566636062493742,0.365
6.25,0.534,0.984243739927554,0.572541393089709,0.365
6.25,0.535,0.984185735253606,0.578468808274391,0.365
6.25,0.536,0.984127522369754,0.584418202625914,0.365
6.25,0.537,0.98406910237661,0.590389471317843,0.365
6.25,0.538,0.984010476368766,0.59638251011549,0.365
6.25,0.539,0.983951645434835,0.602397215371275,0.365
6.25,0.54,0.983892610657486,0.608433484020887,0.365
6.25,0.541,0.983833373113494,0.614491213578972,0.365
6.25,0.542,0.983773933873767,0.620570302135159,0.365
6.25,0.543,0.983714294003393,0.626670648349847,0.365
6.25,0.544,0.983654454561675,0.632792151450468,0.365
6.25,0.545,0.983594416602171,0.638934711227046,0.365
6.25,0.546,0.983534181172731,0.645098228028851,0.365
6.25,0.547,0.98347374931553,0.651282602759995,0.365
6.25,0.548,0.983413122067117,0.657487736875617,0.365
6.25,0.549,0.983352300458437,0.663713532378352,0.365
6.25,0.55,0.983291285514881,0.669959891814065,0.365
6.25,0.551,0.983230078256314,0.676226718268369,0.365
6.25,0.552,0.983168679697112,0.682513915362826,0.365
6.25,0.553,0.983107090846203,0.688821387251104,0.365
6.25,0.554,0.983045312707096,0.695149038615428,0.365
6.25,0.555,0.982983346277921,0.701496774662846,0.365
6.25,0.556,0.982921192551462,0.707864501121502,0.365
6.25,0.557,0.98285885251519,0.71425212423728,0.365
6.25,0.558,0.982796327151302,0.720659550769964,0.365
6.25,0.559,0.98273361743675,0.727086687989842,0.365
6.25,0.56,0.982670724343279,0.733533443674328,0.365
6.25,0.561,0.982607648837459,0.739999726104079,0.365
6.25,0.562,0.982544391880717,0.746485444059974,0.365
6.25,0.563,0.982480954429371,0.752990506819495,0.365
6.25,0.564,0.982417337434667,0.759514824153151,0.365
6.25,0.565,0.982353541842803,0.766058306321593,0.365
6.25,0.566,0.982289568594969,0.772620864071749,0.365
6.25,0.567,0.982225418627376,0.779202408633783,0.365
6.25,0.568,0.982161092871288,0.785802851717832,0.365
6.25,0.569,0.982096592253054,0.792422105510626,0.365
6.25,0.57,0.982031917694139,0.79906008267232,0.365
6.25,0.571,0.981967070111154,0.80571669633327,0.365
6.25,0.572,0.981902050415889,0.812391860090922,0.365
6.25,0.573,0.981836859515346,0.819085488006421,0.365
6.25,0.574,0.981771498311759,0.825797494601965,0.365
6.25,0.575,0.981705967702639,0.832527794857096,0.365
6.25,0.576,0.981640268580791,0.839276304206016,0.365
6.25,0.577,0.981574401834352,0.846042938534497,0.365
6.25,0.578,0.981508368346816,0.852827614176754,0.365
6.25,0.579,0.981442168997067,0.859630247912491,0.365
6.25,0.58,0.981375804659401,0.866450756963966,0.365
6.25,0.581,0.981309276203567,0.873289058992821,0.365
6.25,0.582,0.981242584494781,0.880145072097505,0.365
6.25,0.583,0.981175730393767,0.887018714810095,0.365
6.25,0.584,0.981108714756776,0.893909906093504,0.365
6.25,0.585,0.981041538435623,0.900818565338568,0.365
6.25,0.586,0.980974202277705,0.907744612361205,0.365
6.25,0.587,0.980906707126034,0.914687967399863,0.365
6.25,0.588,0.980839053819265,0.921648551112297,0.365
6.25,0.589,0.980771243191722,0.928626284573042,0.365
6.25,0.59,0.980703276073423,0.935621089270655,0.365
6.25,0.591,0.980635153290108,0.942632887105077,0.365
6.25,0.592,0.980566875663269,0.949661600384544,0.365
6.25,0.593,0.980498444010171,0.956707151823455,0.365
6.25,0.594,0.98042985914388,0.963769464539288,0.365
6.25,0.595,0.98036112187329,0.970848462050045,0.365
6.25,0.596,0.98029223300315,0.977944068271852,0.365
6.25,0.597,0.980223193334084,0.9850562075161,0.365
6.25,0.598,0.980154003662623,0.992184804486884,0.365
6.25,0.599,0.980084664781227,0.999329784278657,0.365
6.25,0.6,0.980015177478309,1.00649107237352,0.365
6.25,0.601,0.979945542538262,1.01366859463863,0.365
6.25,0.602,0.979875760741483,1.02086227732396,0.365
6.25,0.603,0.979805832864396,1.02807204705957,0.365
6.25,0.604,0.979735759679478,1.0352978308533,0.365
6.25,0.605,0.979665541955285,1.04253955608813,0.365
6.25,0.606,0.979595180456469,1.04979715052018,0.365
6.25,0.607,0.97952467594381,1.05707054227577,0.365
6.25,0.608,0.979454029174234,1.06435965984937,0.365
6.25,0.609,0.979383240900839,1.07166443210125,0.365
6.25,0.61,0.979312311872918,1.0789847882549,0.365
6.25,0.611,0.979241242835979,1.08632065789493,0.365
6.25,0.612,0.979170034531775,1.09367197096466,0.365
6.25,0.613,0.979098687698317,1.10103865776383,0.365
6.25,0.614,0.979027203069906,1.1084206489463,0.365
6.25,0.615,0.978955581377148,1.11581787551789,0.365
6.25,0.616,0.978883823346981,1.12323026883401,0.365
6.25,0.617,0.978811929702696,1.13065776059755,0.365
6.25,0.618,0.978739901163956,1.13810028285661,0.365
6.25,0.619,0.978667738446824,1.14555776800225,0.365
6.25,0.62,0.978595442263778,1.15303014876647,0.365
6.25,0.621,0.978523013323735,1.16051735821998,0.365
6.25,0.622,0.978450452332073,1.16801932977006,0.365
6.25,0.623,0.978377759990652,1.17553599715836,0.365
6.25,0.624,0.978304936997835,1.18306729445892,0.365
6.25,0.625,0.978231984048509,1.19061315607603,0.365
6.25,0.626,0.978158901834102,1.19817351674212,0.365
6.25,0.627,0.978085691042611,1.20574831151572,0.365
6.25,0.628,0.978012352358614,1.21333747577947,0.365
6.25,0.629,0.977938886463298,1.22094094523808,0.365
6.25,0.63,0.977865294034474,1.22855865591607,0.365
6.25,0.631,0.977791575746598,1.23619054415627,0.365
6.25,0.632,0.977717732270791,1.24383654661742,0.365
6.25,0.633,0.97764376427486,1.25149660027228,0.365
6.25,0.634,0.977569672423317,1.25917064240582,0.365
6.25,0.635,0.977495457377395,1.26685861061324,0.365
6.25,0.636,0.977421119795075,1.27456044279779,0.365
6.25,0.637,0.977346660331095,1.28227607716929,0.365
6.25,0.638,0.977272079636979,1.29000545224192,0.365
6.25,0.639,0.977197378361048,1.29774850683244,0.365
6.25,0.64,0.977122557148443,1.30550518005828,0.365
6.25,0.641,0.977047616641143,1.31327541133588,0.365
6.25,0.642,0.976972557477981,1.32105914037854,0.365
6.25,0.643,0.976897380294668,1.32885630719473,0.365
6.25,0.644,0.976822085723805,1.3366668520864,0.365
6.25,0.645,0.976746674394903,1.34449071564702,0.365
6.25,0.646,0.976671146934404,1.35232783875996,0.365
6.25,0.647,0.976595503965694,1.36017816259641,0.365
6.25,0.648,0.976519746109125,1.36804162861399,0.365
6.25,0.649,0.97644387398203,1.37591817855482,0.365
6.25,0.65,0.976367888198742,1.38380775444369,0.365
6.25,0.651,0.976291789370608,1.3917102985866,0.365
6.25,0.652,0.976215578106012,1.39962575356871,0.365
6.25,0.653,0.976139255010388,1.4075540622531,0.365
6.25,0.654,0.976062820686236,1.41549516777868,0.365
6.25,0.655,0.975986275733143,1.42344901355864,0.365
6.25,0.656,0.975909620747796,1.43141554327886,0.365
6.25,0.657,0.975832856324002,1.43939470089627,0.365
6.25,0.658,0.9757559830527,1.447386430637,0.365
6.25,0.659,0.975679001521983,1.45539067699518,0.365
6.25,0.66,0.975601912317109,1.46340738473092,0.365
6.25,0.661,0.975524716020521,1.47143649886889,0.365
6.25,0.662,0.975447413211861,1.47947796469665,0.365
6.25,0.663,0.975370004467987,1.48753172776324,0.365
6.25,0.664,0.975292490362988,1.49559773387749,0.365
6.25,0.665,0.975214871468201,1.50367592910641,0.365
6.25,0.666,0.975137148352225,1.51176625977378,0.365
6.25,0.667,0.975059321580938,1.51986867245861,0.365
6.25,0.668,0.974981391717511,1.52798311399358,0.365
6.25,0.669,0.974903359322425,1.53610953146339,0.365
6.25,0.67,0.974825224953487,1.54424787220351,0.365
6.25,0.671,0.974746989165839,1.55239808379861,0.365
6.25,0.672,0.974668652511982,1.56056011408094,0.365
6.25,0.673,0.974590215541783,1.56873391112915,0.365
6.25,0.674,0.974511678802497,1.5769194232665,0.365
6.25,0.675,0.974433042838775,1.58511659905962,0.365
6.25,0.676,0.974354308192681,1.59332538731716,0.365
6.25,0.677,0.974275475403711,1.60154573708813,0.365
6.25,0.678,0.974196545008799,1.60977759766057,0.365
6.25,0.679,0.974117517542339,1.61802091856023,0.365
6.25,0.68,0.974038393536195,1.62627564954914,0.365
6.25,0.681,0.973959173519716,1.63454174062416,0.365
6.25,0.682,0.97387985801975,1.64281914201572,0.365
6.25,0.683,0.973800447560659,1.65110780418625,0.365
6.25,0.684,0.973720942664332,1.65940767782913,0.365
6.25,0.685,0.973641343850198,1.66771871386702,0.365
6.25,0.686,0.97356165163524,1.67604086345083,0.365
6.25,0.687,0.973481866534012,1.68437407795812,0.365
6.25,0.688,0.973401989058646,1.69271830899196,0.365
6.25,0.689,0.973322019718871,1.70107350837958,0.365
6.25,0.69,0.973241959022023,1.70943962817105,0.365
6.25,0.691,0.973161807473061,1.71781662063797,0.365
6.25,0.692,0.973081565574576,1.72620443827229,0.365
6.25,0.693,0.97300123382681,1.73460303378488,0.365
6.25,0.694,0.972920812727662,1.74301236010443,0.365
6.25,0.695,0.972840302772708,1.75143237037603,0.365
6.25,0.696,0.972759704455209,1.75986301796007,0.365
6.25,0.697,0.972679018266122,1.76830425643111,0.365
6.25,0.698,0.972598244694121,1.77675603957603,0.365
6.25,0.699,0.972517384225598,1.78521832139387,0.365
6.25,0.7,0.972436437344688,1.79369105609353,0.365
6.25,0.701,0.972355404533269,1.80217419809334,0.365
6.25,0.702,0.972274286270985,1.8106677020195,0.365
6.25,0.703,0.97219308303525,1.81917152270492,0.365
6.25,0.704,0.972111795301265,1.82768561518818,0.365
6.25,0.705,0.97203042354203,1.83620993471223,0.365
6.25,0.706,0.971948968228352,1.84474443672327,0.365
6.25,0.707,0.971867429828862,1.85328907686966,0.365
6.25,0.708,0.971785808810022,1.86184381100065,0.365
6.25,0.709,0.97170410563614,1.87040859516543,0.365
6.25,0.71,0.971622320769382,1.87898338561172,0.365
6.25,0.711,0.971540454669781,1.88756813878495,0.365
6.25,0.712,0.97145850779525,1.89616281132681,0.365
6.25,0.713,0.971376480601594,1.90476736007459,0.365
6.25,0.714,0.97129437354252,1.91338174205955,0.365
6.25,0.715,0.971212187069648,1.92200591450646,0.365
6.25,0.716,0.971129921632526,1.93063983483175,0.365
6.25,0.717,0.971047577678636,1.93928346064314,0.365
6.25,0.718,0.970965155653409,1.94793674973817,0.365
6.25,0.719,0.970882656000233,1.95659966010313,0.365
6.25,0.72,0.970800079160466,1.96527214991236,0.365
6.25,0.721,0.970717425573446,1.97395417752677,0.365
6.25,0.722,0.970634695676504,1.98264570149298,0.365
6.25,0.723,0.97055188990497,1.99134668054242,0.365
6.25,0.724,0.970469008692187,2.00005707358997,0.365
6.25,0.725,0.970386052469523,2.00877683973342,0.365
6.25,0.726,0.970303021666376,2.01750593825196,0.365
6.25,0.727,0.970219916710194,2.02624432860536,0.365
6.25,0.728,0.970136738026473,2.03499197043318,0.365
6.25,0.729,0.970053486038777,2.04374882355349,0.365
6.25,0.73,0.969970161168745,2.05251484796198,0.365
6.25,0.731,0.969886763836099,2.06129000383113,0.365
6.25,0.732,0.969803294458661,2.07007425150882,0.365
6.25,0.733,0.969719753452353,2.07886755151796,0.365
6.25,0.734,0.969636141231215,2.08766986455504,0.365
6.25,0.735,0.969552458207414,2.09648115148928,0.365
6.25,0.736,0.96946870479125,2.10530137336185,0.365
6.25,0.737,0.969384881391168,2.11413049138487,0.365
6.25,0.738,0.969300988413768,2.12296846694036,0.365
6.25,0.739,0.969217026263816,2.1318152615794,0.365
6.25,0.74,0.969132995344251,2.14067083702107,0.365
6.25,0.741,0.969048896056194,2.14953515515199,0.365
6.25,0.742,0.968964728798962,2.15840817802468,0.365
6.25,0.743,0.968880493970075,2.16728986785724,0.365
6.25,0.744,0.968796191965263,2.17618018703227,0.365
6.25,0.745,0.968711823178477,2.18507909809591,0.365
6.25,0.746,0.968627388001901,2.19398656375707,0.365
6.25,0.747,0.968542886825958,2.20290254688638,0.365
6.25,0.748,0.96845832003932,2.2118270105155,0.365
6.25,0.749,0.968373688028916,2.22075991783617,0.365
6.25,0.75,0.968288991179943,2.22970123219941,0.365
6.25,0.751,0.968204229875876,2.23865091711448,0.365
6.25,0.752,0.968119404498474,2.24760893624811,0.365
6.25,0.753,0.968034515427788,2.25657525342391,0.365
6.25,0.754,0.967949563042175,2.26554983262113,0.365
6.25,0.755,0.967864547718301,2.27453263797401,0.365
6.25,0.756,0.967779469831155,2.28352363377107,0.365
6.25,0.757,0.967694329754053,2.29252278445393,0.365
6.25,0.758,0.96760912785865,2.30153005461697,0.365
6.25,0.759,0.967523864514946,2.31054540900606,0.365
6.25,0.76,0.967438540091295,2.31956881251814,0.365
6.25,0.761,0.967353154954418,2.32860023020007,0.365
6.25,0.762,0.967267709469403,2.33763962724802,0.365
6.25,0.763,0.967182203999721,2.34668696900671,0.365
6.25,0.764,0.967096638907229,2.3557422209685,0.365
6.25,0.765,0.967011014552183,2.36480534877272,0.365
6.25,0.766,0.966925331293241,2.37387631820474,0.365
6.25,0.767,0.966839589487476,2.38295509519535,0.365
6.25,0.768,0.966753789490381,2.39204164582001,0.365
6.25,0.769,0.966667931655878,2.4011359362978,0.365
6.25,0.77,0.966582016336325,2.41023793299115,0.365
6.25,0.771,0.966496043882527,2.41934760240454,0.365
6.25,0.772,0.966410014643741,2.42846491118416,0.365
6.25,0.773,0.966323928967683,2.43758982611706,0.365
6.25,0.774,0.96623778720054,2.44672231413026,0.365
6.25,0.775,0.966151589686974,2.45586234229014,0.365
6.25,0.776,0.966065336770131,2.46500987780174,0.365
6.25,0.777,0.965979028791649,2.47416488800811,0.365
6.25,0.778,0.965892666091665,2.48332734038921,0.365
6.25,0.779,0.965806249008823,2.49249720256171,0.365
6.25,0.78,0.965719777880281,2.5016744422778,0.365
6.25,0.781,0.965633253041719,2.51085902742487,0.365
6.25,0.782,0.965546674827348,2.52005092602459,0.365
6.25,0.783,0.965460043569912,2.52925010623226,0.365
6.25,0.784,0.965373359600702,2.53845653633613,0.365
6.25,0.785,0.96528662324956,2.54767018475666,0.365
6.25,0.786,0.965199834844886,2.55689102004601,0.365
6.25,0.787,0.965112994713646,2.56611901088701,0.365
6.25,0.788,0.965026103181379,2.57535412609287,0.365
6.25,0.789,0.964939160572204,2.58459633460624,0.365
6.25,0.79,0.964852167208828,2.59384560549873,0.365
6.25,0.791,0.964765123412552,2.60310190797008,0.365
6.25,0.792,0.964678029503277,2.61236521134762,0.365
6.25,0.793,0.964590885799514,2.62163548508545,0.365
6.25,0.794,0.964503692618388,2.6309126987641,0.365
6.25,0.795,0.964416450275647,2.64019682208954,0.365
6.25,0.796,0.964329159085669,2.64948782489272,0.365
6.25,0.797,0.964241819361465,2.65878567712881,0.365
6.25,0.798,0.964154431414689,2.66809034887694,0.365
6.25,0.799,0.964066995555647,2.67740181033893,0.365
6.25,0.8,0.963979512093297,2.68672003183921,0.365
6.5,0.2,0.9784309230272,1.11556571053377,0.364
6.5,0.201,0.978591887663537,1.09893361857816,0.364
6.5,0.202,0.978751207230291,1.08247689476075,0.364
6.5,0.203,0.978908894341687,1.06619406815001,0.364
6.5,0.204,0.979064961485469,1.05008368440467,0.364
6.5,0.205,0.979219421024562,1.03414430553197,0.364
6.5,0.206,0.979372285198705,1.01837450965057,0.364
6.5,0.207,0.979523566126055,1.00277289075776,0.364
6.5,0.208,0.979673275804764,0.987338058501308,0.364
6.5,0.209,0.979821426114535,0.972068637954293,0.364
6.5,0.21,0.979968028818147,0.956963269395006,0.364
6.5,0.211,0.980113095562955,0.942020608090344,0.364
6.5,0.212,0.980256637882371,0.927239324083029,0.364
6.5,0.213,0.980398667197314,0.912618101982376,0.364
6.5,0.214,0.980539194817638,0.898155640759501,0.364
6.5,0.215,0.980678231943544,0.883850653544971,0.364
6.5,0.216,0.980815789666959,0.869701867430939,0.364
6.5,0.217,0.980951878972897,0.855708023276547,0.364
6.5,0.218,0.981086510740803,0.841867875516011,0.364
6.5,0.219,0.981219695745867,0.82818019197084,0.364
6.5,0.22,0.981351444660325,0.814643753664934,0.364
6.5,0.221,0.981481768054733,0.801257354642826,0.364
6.5,0.222,0.981610676399229,0.788019801791084,0.364
6.5,0.223,0.981738180064762,0.774929914662836,0.364
6.5,0.224,0.981864289324319,0.761986525304859,0.364
6.5,0.225,0.981989014354117,0.749188478088225,0.364
6.5,0.226,0.982112365234789,0.736534629541352,0.364
6.5,0.227,0.982234351952541,0.724023848185773,0.364
6.5,0.228,0.982354984400302,0.711655014375157,0.364
6.5,0.229,0.982474272378846,0.699427020136234,0.364
6.5,0.23,0.982592225597905,0.68733876901339,0.364
6.5,0.231,0.982708853677258,0.675389175914765,0.364
6.5,0.232,0.982824166147814,0.66357716696146,0.364
6.5,0.233,0.982938172452666,0.651901679339195,0.364
6.5,0.234,0.983050881948134,0.6403616611524,0.364
6.5,0.235,0.983162303904803,0.628956071280218,0.364
6.5,0.236,0.983272447508523,0.617683879235775,0.364
6.5,0.237,0.983381321861419,0.606544065026715,0.364
6.5,0.238,0.983488935982864,0.595535619018728,0.364
6.5,0.239,0.983595298810458,0.584657541800704,0.364
6.5,0.24,0.983700419200972,0.573908844052773,0.364
6.5,0.241,0.983804305931297,0.563288546415497,0.364
6.5,0.242,0.983906967699367,0.552795679361973,0.364
6.5,0.243,0.984008413125071,0.542429283071733,0.364
6.5,0.244,0.984108650751155,0.532188407306289,0.364
6.5,0.245,0.984207689044109,0.522072111286964,0.364
6.5,0.246,0.984305536395043,0.512079463574699,0.364
6.5,0.247,0.984402201120541,0.502209541951681,0.364
6.5,0.248,0.984497691463519,0.492461433304503,0.364
6.5,0.249,0.984592015594059,0.482834233509699,0.364
6.5,0.25,0.984685181610232,0.473327047320504,0.364
6.5,0.251,0.984777197538915,0.463938988255719,0.364
6.5,0.252,0.98486807133659,0.454669178490374,0.364
6.5,0.253,0.984957810890138,0.445516748747488,0.364
6.5,0.254,0.985046424017615,0.436480838192344,0.364
6.5,0.255,0.985133918469022,0.427560594327514,0.364
6.5,0.256,0.985220301927067,0.41875517289014,0.364
6.5,0.257,0.985305582007905,0.410063737750499,0.364
6.5,0.258,0.98538976626188,0.401485460811957,0.364
6.5,0.259,0.985472862174252,0.393019521912863,0.364
6.5,0.26,0.985554877165913,0.384665108729387,0.364
6.5,0.261,0.985635818594091,0.376421416680262,0.364
6.5,0.262,0.985715693753053,0.368287648832677,0.364
6.5,0.263,0.985794509874788,0.360263015809781,0.364
6.5,0.264,0.985872274129689,0.352346735699394,0.364
6.5,0.265,0.98594899362722,0.344538033963926,0.364
6.5,0.266,0.986024675416576,0.336836143352204,0.364
6.5,0.267,0.986099326487336,0.32924030381194,0.364
6.5,0.268,0.986172953770105,0.321749762403778,0.364
6.5,0.269,0.986245564137146,0.314363773216741,0.364
6.5,0.27,0.98631716440301,0.307081597284609,0.364
6.5,0.271,0.986387761325146,0.299902502503668,0.364
6.5,0.272,0.986457361604519,0.292825763551807,0.364
6.5,0.273,0.986525971886202,0.285850661808373,0.364
6.5,0.274,0.986593598759977,0.278976485275506,0.364
6.5,0.275,0.986660248760911,0.272202528500842,0.364
6.5,0.276,0.986725928369942,0.265528092500533,0.364
6.5,0.277,0.986790644014445,0.258952484684127,0.364
6.5,0.278,0.986854402068794,0.252475018780252,0.364
6.5,0.279,0.986917208854918,0.24609501476327,0.364
6.5,0.28,0.986979070642849,0.239811798781053,0.364
6.5,0.281,0.987039993651265,0.233624703083768,0.364
6.5,0.282,0.987099984048017,0.2275330659538,0.364
6.5,0.283,0.987159047950663,0.22153623163641,0.364
6.5,0.284,0.987217191426985,0.215633550271566,0.364
6.5,0.285,0.987274420495505,0.209824377826551,0.364
6.5,0.286,0.987330741125989,0.204108076029663,0.364
6.5,0.287,0.987386159239947,0.198484012304956,0.364
6.5,0.288,0.987440680711131,0.192951559707599,0.364
6.5,0.289,0.987494311366021,0.187510096860044,0.364
6.5,0.29,0.987547056984304,0.182159007889671,0.364
6.5,0.291,0.987598923299356,0.176897682366661,0.364
6.5,0.292,0.987649915998705,0.171725515242938,0.364
6.5,0.293,0.987700040724499,0.166641906792231,0.364
6.5,0.294,0.987749303073964,0.161646262550375,0.364
6.5,0.295,0.987797708599852,0.156737993257061,0.364
6.5,0.296,0.987845262810894,0.15191651479769,0.364
6.5,0.297,0.987891971172237,0.147181248146788,0.364
6.5,0.298,0.987937839105882,0.142531619311503,0.364
6.5,0.299,0.987982871991109,0.137967059276489,0.364
6.5,0.3,0.988027075164913,0.133487003948463,0.364
6.5,0.301,0.988070453922412,0.129090894103268,0.364
6.5,0.302,0.988113013517268,0.124778175331763,0.364
6.5,0.303,0.988154759162096,0.120548297987733,0.364
6.5,0.304,0.988195696028869,0.116400717135701,0.364
6.5,0.305,0.988235829249315,0.112334892500221,0.364
6.5,0.306,0.988275163915315,0.108350288414893,0.364
6.5,0.307,0.988313705079293,0.104446373773071,0.364
6.5,0.308,0.988351457754599,0.100622621978075,0.364
6.5,0.309,0.988388426915892,0.0968785108954151,0.364
6.5,0.31,0.988424617499514,0.0932135228042918,0.364
6.5,0.311,0.988460034403866,0.0896271443507235,0.364
6.5,0.312,0.988494682489772,0.0861188665006063,0.364
6.5,0.313,0.98852856658084,0.0826881844940397,0.364
6.5,0.314,0.988561691463826,0.0793345977996518,0.364
6.5,0.315,0.988594061888986,0.0760576100697463,0.364
6.5,0.316,0.988625682570424,0.0728567290963156,0.364
6.5,0.317,0.988656558186439,0.0697314667669646,0.364
6.5,0.318,0.988686693379873,0.0666813390219012,0.364
6.5,0.319,0.988716092758439,0.0637058658117029,0.364
6.5,0.32,0.988744760895062,0.0608045710547289,0.364
6.5,0.321,0.988772702328207,0.0579769825960641,0.364
6.5,0.322,0.988799921562207,0.0552226321661742,0.364
6.5,0.323,0.988826423067581,0.0525410553409378,0.364
6.5,0.324,0.988852211281358,0.0499317915012565,0.364
6.5,0.325,0.98887729060739,0.047394383793864,0.364
6.5,0.326,0.988901665416663,0.0449283790921795,0.364
6.5,0.327,0.988925340047606,0.0425333279582274,0.364
6.5,0.328,0.988948318806394,0.0402087846042676,0.364
6.5,0.329,0.98897060596725,0.0379543068556476,0.364
6.5,0.33,0.988992205772741,0.0357694561134547,0.364
6.5,0.331,0.989013122434074,0.033653797318367,0.364
6.5,0.332,0.989033360131388,0.0316068989140383,0.364
6.5,0.333,0.989052923014034,0.029628332811904,0.364
6.5,0.334,0.989071815200869,0.0277176743557428,0.364
6.5,0.335,0.98909004078053,0.0258745022868601,0.364
6.5,0.336,0.989107603811715,0.0240983987098042,0.364
6.5,0.337,0.989124508323456,0.0223889490585938,0.364
6.5,0.338,0.989140758315392,0.0207457420627888,0.364
6.5,0.339,0.989156357758037,0.019168369714917,0.364
6.5,0.34,0.989171310593044,0.0176564272372115,0.364
6.5,0.341,0.98918562073347,0.0162095130499251,0.364
6.5,0.342,0.989199292064034,0.0148272287387119,0.364
6.5,0.343,0.989212328441376,0.0135091790237629,0.364
6.5,0.344,0.989224733694308,0.0122549717282316,0.364
6.5,0.345,0.989236511624065,0.0110642177476139,0.364
6.5,0.346,0.989247666004558,0.00993653101952763,0.364
6.5,0.347,0.989258200582614,0.00887152849327055,0.364
6.5,0.348,0.989268119078223,0.0078688301004215,0.364
6.5,0.349,0.989277425184773,0.00692805872575253,0.364
6.5,0.35,0.989286122569298,0.00604884017749718,0.364
6.5,0.351,0.9892942148727,0.00523080315968372,0.364
6.5,0.352,0.989301705709991,0.0044735792432693,0.364
6.5,0.353,0.989308598670519,0.00377680283802917,0.364
6.5,0.354,0.989314897318197,0.00314011116562263,0.364
6.5,0.355,0.989320605191725,0.00256314423172643,0.364
6.5,0.356,0.98932572580482,0.0020455447991452,0.364
6.5,0.357,0.989330262646425,0.00158695836149914,0.364
6.5,0.358,0.989334219180936,0.00118703311648982,0.364
6.5,0.359,0.989337598848416,0.000845419939965453,0.364
6.5,0.36,0.989340405064805,0.000561772360363477,0.364
6.5,0.361,0.989342641222132,0.000335746533086656,0.364
6.5,0.362,0.989344310688725,0.000167001215611862,0.364
6.5,0.363,0.989345416809417,5.51977423102201e-05,0.364
6.5,0.364,0.98934596290575,0,0.364
6.5,0.365,0.989345952276178,1.07440398799952e-06,0.364
6.5,0.366,0.989345388196264,5.80898737334579e-05,0.364
6.5,0.367,0.98934427391888,0.000170717809222509,0.364
6.5,0.368,0.989342612674407,0.000338632067475864,0.364
6.5,0.369,0.989340407670919,0.00056150893956719,0.364
6.5,0.37,0.989337662094382,0.000839027127552683,0.364
6.5,0.371,0.989334379108845,0.00117086772182251,0.364
6.5,0.372,0.98933056185662,0.00155671417869652,0.364
6.5,0.373,0.989326213458475,0.0019962522984418,0.364
6.5,0.374,0.989321337013815,0.00248917020324591,0.364
6.5,0.375,0.989315935600863,0.00303515831567847,0.364
6.5,0.376,0.989310012276842,0.00363390933708629,0.364
6.5,0.377,0.989303570078151,0.00428511822674338,0.364
6.5,0.378,0.989296612020546,0.00498848218062342,0.364
6.5,0.379,0.989289141099308,0.00574370061101614,0.364
6.5,0.38,0.989281160289419,0.00655047512607698,0.364
6.5,0.381,0.989272672545734,0.00740850950908811,0.364
6.5,0.382,0.989263680803149,0.0083175096992516,0.364
6.5,0.383,0.989254187976767,0.00927718377123909,0.364
6.5,0.384,0.989244196962068,0.010287241916096,0.364
6.5,0.385,0.989233710635069,0.0113473964215904,0.364
6.5,0.386,0.989222731852487,0.0124573616532953,0.364
6.5,0.387,0.989211263451901,0.013616854035714,0.364
6.5,0.388,0.989199308251913,0.014825592033274,0.364
6.5,0.389,0.989186869052299,0.0160832961322965,0.364
6.5,0.39,0.989173948634174,0.0173896888221003,0.364
6.5,0.391,0.989160549760138,0.0187444945774828,0.364
6.5,0.392,0.989146675174434,0.020147439840601,0.364
6.5,0.393,0.989132327603098,0.0215982530032077,0.364
6.5,0.394,0.989117509754108,0.0230966643891772,0.364
6.5,0.395,0.989102224317533,0.0246424062371631,0.364
6.5,0.396,0.989086473965681,0.0262352126836118,0.364
6.5,0.397,0.989070261353239,0.0278748197457768,0.364
6.5,0.398,0.989053589117427,0.0295609653046647,0.364
6.5,0.399,0.98903645987813,0.0312933890888933,0.364
6.5,0.4,0.989018876238045,0.0330718326580604,0.364
6.5,0.401,0.989000840782819,0.0348960393864006,0.364
6.5,0.402,0.988982356081188,0.0367657544471101,0.364
6.5,0.403,0.988963424685114,0.0386807247961363,0.364
6.5,0.404,0.988944049129918,0.0406406991564356,0.364
6.5,0.405,0.988924231934419,0.0426454280027411,0.364
6.5,0.406,0.988903975601064,0.0446946635458412,0.364
6.5,0.407,0.988883282616058,0.0467881597177477,0.364
6.5,0.408,0.988862155449498,0.0489256721562636,0.364
6.5,0.409,0.9888405965555,0.0511069581902612,0.364
6.5,0.41,0.98881860837233,0.0533317768248942,0.364
6.5,0.411,0.988796193322524,0.0555998887272091,0.364
6.5,0.412,0.988773353813021,0.0579110562113794,0.364
6.5,0.413,0.98875009223528,0.0602650432247387,0.364
6.5,0.414,0.98872641096541,0.0626616153335258,0.364
6.5,0.415,0.988702312364289,0.0651005397087401,0.364
6.5,0.416,0.988677798777679,0.0675815851126638,0.364
6.5,0.417,0.988652872536357,0.0701045218849838,0.364
6.5,0.418,0.988627535956222,0.0726691219290476,0.364
6.5,0.419,0.988601791338421,0.0752751586988731,0.364
6.5,0.42,0.988575640969457,0.0779224071855156,0.364
6.5,0.421,0.988549087121314,0.0806106439040777,0.364
6.5,0.422,0.988522132051559,0.0833396468808756,0.364
6.5,0.423,0.988494778003466,0.0861091956402271,0.364
6.5,0.424,0.988467027206119,0.0889190711921062,0.364
6.5,0.425,0.988438881874528,0.0917690560191087,0.364
6.5,0.426,0.988410344209737,0.0946589340646398,0.364
6.5,0.427,0.988381416398934,0.097588490719569,0.364
6.5,0.428,0.988352100615555,0.10055751281115,0.364
6.5,0.429,0.988322399019393,0.103565788590188,0.364
6.5,0.43,0.988292313756704,0.1066131077192,0.364
6.5,0.431,0.988261846960313,0.109699261260743,0.364
6.5,0.432,0.988231000749713,0.112824041665527,0.364
6.5,0.433,0.98819977723117,0.115987242760984,0.364
6.5,0.434,0.988168178497827,0.119188659739478,0.364
6.5,0.435,0.988136206629802,0.12242808914722,0.364
6.5,0.436,0.988103863694287,0.125705328872994,0.364
6.5,0.437,0.988071151745651,0.129020178136674,0.364
6.5,0.438,0.988038072825534,0.132372437478656,0.364
6.5,0.439,0.988004628962945,0.135761908748666,0.364
6.5,0.44,0.98797082217436,0.139188395094925,0.364
6.5,0.441,0.987936654463815,0.142651700953467,0.364
6.5,0.442,0.987902127823001,0.146151632037772,0.364
6.5,0.443,0.98786724423136,0.149687995327841,0.364
6.5,0.444,0.987832005656174,0.153260599060179,0.364
6.5,0.445,0.987796414052657,0.156869252717429,0.364
6.5,0.446,0.98776047136405,0.160513767017956,0.364
6.5,0.447,0.987724179521708,0.164193953906033,0.364
6.5,0.448,0.987687540445191,0.167909626541651,0.364
6.5,0.449,0.987650556042349,0.171660599290879,0.364
6.5,0.45,0.987613228209413,0.175446687715897,0.364
6.5,0.451,0.987575558831084,0.179267708565156,0.364
6.5,0.452,0.987537549780614,0.183123479764191,0.364
6.5,0.453,0.987499202919895,0.187013820405646,0.364
6.5,0.454,0.98746052009954,0.190938550740283,0.364
6.5,0.455,0.987421503158972,0.194897492167367,0.364
6.5,0.456,0.987382153926505,0.198890467225477,0.364
6.5,0.457,0.987342474219423,0.202917299583527,0.364
6.5,0.458,0.987302465844067,0.206977814031584,0.364
6.5,0.459,0.98726213059591,0.211071836471866,0.364
6.5,0.46,0.987221470259646,0.21519919390991,0.364
6.5,0.461,0.987180486609259,0.219359714445866,0.364
6.5,0.462,0.987139181408109,0.223553227265683,0.364
6.5,0.463,0.987097556409006,0.227779562632469,0.364
6.5,0.464,0.987055613354293,0.232038551877967,0.364
6.5,0.465,0.987013353975915,0.236330027394227,0.364
6.5,0.466,0.9869707799955,0.24065382262497,0.364
6.5,0.467,0.986927893124434,0.245009772057569,0.364
6.5,0.468,0.986884695063934,0.249397711214616,0.364
6.5,0.469,0.986841187505123,0.253817476645857,0.364
6.5,0.47,0.986797372129104,0.258268905920134,0.364
6.5,0.471,0.986753250607031,0.262751837617392,0.364
6.5,0.472,0.986708824600184,0.267266111320641,0.364
6.5,0.473,0.986664095760035,0.271811567608493,0.364
6.5,0.474,0.986619065728325,0.276388048046905,0.364
6.5,0.475,0.986573736137132,0.280995395181804,0.364
6.5,0.476,0.986528108608938,0.285633452531364,0.364
6.5,0.477,0.986482184756702,0.290302064578563,0.364
6.5,0.478,0.986435966183926,0.295001076763435,0.364
6.5,0.479,0.986389454484723,0.299730335476056,0.364
6.5,0.48,0.986342651243885,0.304489688048837,0.364
6.5,0.481,0.98629555803695,0.309278982749528,0.364
6.5,0.482,0.986248176430266,0.314098068773805,0.364
6.5,0.483,0.986200507981059,0.31894679623834,0.364
6.5,0.484,0.986152554237495,0.323825016173585,0.364
6.5,0.485,0.98610431673875,0.3287325805166,0.364
6.5,0.486,0.986055797015065,0.333669342104748,0.364
6.5,0.487,0.986006996587817,0.338635154668077,0.364
6.5,0.488,0.985957916969581,0.343629872822881,0.364
6.5,0.489,0.985908559664187,0.348653352064865,0.364
6.5,0.49,0.985858926166786,0.353705448762653,0.364
6.5,0.491,0.98580901796391,0.358786020150847,0.364
6.5,0.492,0.985758836533533,0.363894924323627,0.364
6.5,0.493,0.985708383345132,0.369032020228377,0.364
6.5,0.494,0.985657659859742,0.374197167658896,0.364
6.5,0.495,0.985606667530024,0.379390227249266,0.364
6.5,0.496,0.985555407800314,0.38461106046761,0.364
6.5,0.497,0.985503882106685,0.389859529609549,0.364
6.5,0.498,0.98545209187701,0.395135497792087,0.364
6.5,0.499,0.985400038531006,0.400438828947736,0.364
6.5,0.5,0.985347723480308,0.405769387817778,0.364
6.5,0.501,0.985295148128509,0.411127039946946,0.364
6.5,0.502,0.985242313871227,0.416511651676821,0.364
6.5,0.503,0.985189222096152,0.421923090140419,0.364
6.5,0.504,0.985135874183109,0.427361223255884,0.364
6.5,0.505,0.985082271504105,0.432825919720892,0.364
6.5,0.506,0.985028415423389,0.438317049006764,0.364
6.5,0.507,0.984974307297498,0.443834481352834,0.364
6.5,0.508,0.984919948475319,0.449378087760621,0.364
6.5,0.509,0.984865340298135,0.454947739988354,0.364
6.5,0.51,0.98481048409968,0.460543310545392,0.364
6.5,0.511,0.984755381206188,0.466164672686475,0.364
6.5,0.512,0.984700032936448,0.471811700406644,0.364
6.5,0.513,0.984644440601854,0.477484268435324,0.364
6.5,0.514,0.98458860550645,0.483182252231451,0.364
6.5,0.515,0.98453252894699,0.488905527977712,0.364
6.5,0.516,0.984476212212978,0.494653972575532,0.364
6.5,0.517,0.984419656586723,0.500427463639674,0.364
6.5,0.518,0.984362863343387,0.506225879493116,0.364
6.5,0.519,0.98430583375103,0.512049099161982,0.364
6.5,0.52,0.984248569070662,0.517897002370216,0.364
6.5,0.521,0.984191070556289,0.523769469534785,0.364
6.5,0.522,0.984133339454961,0.529666381760419,0.364
6.5,0.523,0.984075377006817,0.535587620834943,0.364
6.5,0.524,0.984017184445134,0.54153306922391,0.364
6.5,0.525,0.98395876299637,0.547502610066264,0.364
6.5,0.526,0.983900113880213,0.553496127168929,0.364
6.5,0.527,0.983841238309625,0.559513505002474,0.364
6.5,0.528,0.983782137490884,0.565554628696208,0.364
6.5,0.529,0.983722812623637,0.571619384033228,0.364
6.5,0.53,0.983663264900934,0.577707657446047,0.364
6.5,0.531,0.983603495509278,0.583819336011993,0.364
6.5,0.532,0.983543505628667,0.589954307448215,0.364
6.5,0.533,0.983483296432639,0.596112460107601,0.364
6.5,0.534,0.983422869088311,0.602293682973909,0.364
6.5,0.535,0.983362224756427,0.608497865657398,0.364
6.5,0.536,0.983301364591393,0.614724898390562,0.364
6.5,0.537,0.983240289741326,0.620974672023511,0.364
6.5,0.538,0.983179001348092,0.627247078019622,0.364
6.5,0.539,0.983117500547346,0.633542008451382,0.364
6.5,0.54,0.983055788468576,0.639859355995798,0.364
6.5,0.541,0.982993866235142,0.646199013930504,0.364
6.5,0.542,0.982931734964315,0.652560876129238,0.364
6.5,0.543,0.982869395767319,0.658944837057929,0.364
6.5,0.544,0.982806849749371,0.665350791770214,0.364
6.5,0.545,0.982744098009716,0.671778635903753,0.364
6.5,0.546,0.982681141641673,0.678228265675629,0.364
6.5,0.547,0.982617981732666,0.684699577878822,0.364
6.5,0.548,0.982554619364266,0.691192469877988,0.364
6.5,0.549,0.982491055612234,0.697706839605261,0.364
6.5,0.55,0.982427291546548,0.704242585556725,0.364
6.5,0.551,0.982363328231451,0.710799606788126,0.364
6.5,0.552,0.982299166725479,0.717377802911301,0.364
6.5,0.553,0.982234808081506,0.723977074090243,0.364
6.5,0.554,0.982170253346776,0.730597321037019,0.364
6.5,0.555,0.98210550356294,0.737238445008526,0.364
6.5,0.556,0.982040559766092,0.743900347802184,0.364
6.5,0.557,0.981975422986806,0.750582931752608,0.364
6.5,0.558,0.981910094250171,0.757286099727694,0.364
6.5,0.559,0.981844574575824,0.764009755125183,0.364
6.5,0.56,0.981778864977989,0.770753801868707,0.364
6.5,0.561,0.981712966465508,0.777518144404632,0.364
6.5,0.562,0.981646880041878,0.784302687698091,0.364
6.5,0.563,0.981580606705281,0.791107337229757,0.364
6.5,0.564,0.981514147448625,0.797931998991896,0.364
6.5,0.565,0.981447503259573,0.804776579485478,0.364
6.5,0.566,0.981380675120572,0.811640985716378,0.364
6.5,0.567,0.981313664008898,0.818525125191782,0.364
6.5,0.568,0.981246470896675,0.825428905917369,0.364
6.5,0.569,0.98117909675092,0.83235223639333,0.364
6.5,0.57,0.981111542533567,0.839295025611375,0.364
6.5,0.571,0.981043809201503,0.846257183051291,0.364
6.5,0.572,0.980975897706597,0.85323861867781,0.364
6.5,0.573,0.980907808995735,0.860239242937078,0.364
6.5,0.574,0.980839544010849,0.867258966753814,0.364
6.5,0.575,0.980771103688951,0.874297701527649,0.364
6.5,0.576,0.980702488962158,0.881355359130365,0.364
6.5,0.577,0.98063370075773,0.888431851902394,0.364
6.5,0.578,0.980564739998094,0.895527092650017,0.364
6.5,0.579,0.980495607600882,0.902640994641923,0.364
6.5,0.58,0.98042630447895,0.909773471606434,0.364
6.5,0.581,0.980356831540418,0.916924437728261,0.364
6.5,0.582,0.980287189688695,0.924093807645487,0.364
6.5,0.583,0.980217379822508,0.931281496446767,0.364
6.5,0.584,0.980147402835932,0.938487419668022,0.364
6.5,0.585,0.980077259618421,0.945711493289658,0.364
6.5,0.586,0.98000695105483,0.952953633733777,0.364
6.5,0.587,0.979936478025453,0.960213757860884,0.364
6.5,0.588,0.979865841406042,0.967491782967489,0.364
6.5,0.589,0.979795042067843,0.974787626782736,0.364
6.5,0.59,0.979724080877617,0.982101207465957,0.364
6.5,0.591,0.979652958697672,0.989432443603677,0.364
6.5,0.592,0.979581676385892,0.996781254206747,0.364
6.5,0.593,0.979510234795755,1.00414755870792,0.364
6.5,0.594,0.979438634776372,1.01153127695857,0.364
6.5,0.595,0.979366877172505,1.01893232922636,0.364
6.5,0.596,0.9792949628246,1.02635063619243,0.364
6.5,0.597,0.979222892568807,1.03378611894862,0.364
6.5,0.598,0.979150667237011,1.04123869899497,0.364
6.5,0.599,0.979078287656858,1.04870829823684,0.364
6.5,0.6,0.979005754651776,1.05619483898256,0.364
6.5,0.601,0.978933069041007,1.06369824394064,0.364
6.5,0.602,0.978860231639629,1.07121843621718,0.364
6.5,0.603,0.97878724325858,1.07875533931341,0.364
6.5,0.604,0.978714104704688,1.08630887712311,0.364
6.5,0.605,0.97864081678069,1.09387897392998,0.364
6.5,0.606,0.978567380285262,1.10146555440529,0.364
6.5,0.607,0.978493796013039,1.10906854360546,0.364
6.5,0.608,0.978420064754643,1.11668786696921,0.364
6.5,0.609,0.978346187296707,1.12432345031541,0.364
6.5,0.61,0.978272164421894,1.13197521984085,0.364
6.5,0.611,0.978197996908928,1.13964310211734,0.364
6.5,0.612,0.978123685532614,1.14732702408962,0.364
6.5,0.613,0.97804923106386,1.15502691307294,0.364
6.5,0.614,0.977974634269704,1.16274269675087,0.364
6.5,0.615,0.977899895913335,1.17047430317243,0.364
6.5,0.616,0.977825016754117,1.17822166075046,0.364
6.5,0.617,0.977749997547608,1.18598469825897,0.364
6.5,0.618,0.977674839045593,1.19376334483061,0.364
6.5,0.619,0.977599541996091,1.20155752995494,0.364
6.5,0.62,0.977524107143393,1.20936718347586,0.364
6.5,0.621,0.977448535228072,1.2171922355894,0.364
6.5,0.622,0.977372826987014,1.2250326168415,0.364
6.5,0.623,0.977296983153432,1.23288825812602,0.364
6.5,0.624,0.977221004456896,1.24075909068215,0.364
6.5,0.625,0.977144891623348,1.24864504609268,0.364
6.5,0.626,0.977068645375125,1.2565460562816,0.364
6.5,0.627,0.976992266430983,1.26446205351209,0.364
6.5,0.628,0.976915755506115,1.27239297038415,0.364
6.5,0.629,0.976839113312175,1.28033873983291,0.364
6.5,0.63,0.976762340557292,1.28829929512624,0.364
6.5,0.631,0.976685437946102,1.29627456986277,0.364
6.5,0.632,0.976608406179759,1.30426449796988,0.364
6.5,0.633,0.976531245955957,1.31226901370158,0.364
6.5,0.634,0.976453957968955,1.32028805163646,0.364
6.5,0.635,0.976376542909593,1.32832154667597,0.364
6.5,0.636,0.976299001465312,1.33636943404192,0.364
6.5,0.637,0.976221334320174,1.34443164927509,0.364
6.5,0.638,0.976143542154886,1.35250812823278,0.364
6.5,0.639,0.976065625646813,1.36059880708705,0.364
6.5,0.64,0.975987585470001,1.36870362232289,0.364
6.5,0.641,0.975909422295195,1.37682251073614,0.364
6.5,0.642,0.975831136789861,1.38495540943169,0.364
6.5,0.643,0.9757527296182,1.39310225582145,0.364
6.5,0.644,0.975674201441172,1.40126298762273,0.364
6.5,0.645,0.975595552916511,1.40943754285607,0.364
6.5,0.646,0.975516784698746,1.4176258598436,0.364
6.5,0.647,0.97543789743922,1.42582787720706,0.364
6.5,0.648,0.975358891786103,1.4340435338662,0.364
6.5,0.649,0.975279768384417,1.44227276903679,0.364
6.5,0.65,0.975200527876051,1.45051552222881,0.364
6.5,0.651,0.97512117089978,1.45877173324467,0.364
6.5,0.652,0.97504169809128,1.46704134217768,0.364
6.5,0.653,0.97496211008315,1.47532428941,0.364
6.5,0.654,0.974882407504925,1.48362051561095,0.364
6.5,0.655,0.9748025909831,1.49192996173544,0.364
6.5,0.656,0.97472266114114,1.50025256902206,0.364
6.5,0.657,0.974642618599503,1.50858827899145,0.364
6.5,0.658,0.974562463975651,1.51693703344484,0.364
6.5,0.659,0.974482197884077,1.52529877446177,0.364
6.5,0.66,0.974401820936308,1.53367344439921,0.364
6.5,0.661,0.974321333740937,1.54206098588907,0.364
6.5,0.662,0.974240736903629,1.55046134183732,0.364
6.5,0.663,0.974160031027138,1.55887445542191,0.364
6.5,0.664,0.974079216711333,1.56730027009102,0.364
6.5,0.665,0.973998294553201,1.57573872956214,0.364
6.5,0.666,0.973917265146873,1.58418977781967,0.364
6.5,0.667,0.973836129083637,1.59265335911369,0.364
6.5,0.668,0.973754886951954,1.60112941795851,0.364
6.5,0.669,0.973673539337472,1.60961789913097,0.364
6.5,0.67,0.973592086823047,1.61811874766877,0.364
6.5,0.671,0.973510529988752,1.62663190886916,0.364
6.5,0.672,0.973428869411899,1.63515732828718,0.364
6.5,0.673,0.973347105667049,1.64369495173435,0.364
6.5,0.674,0.97326523932603,1.65224472527712,0.364
6.5,0.675,0.973183270957956,1.66080659523509,0.364
6.5,0.676,0.973101201129233,1.66938050818006,0.364
6.5,0.677,0.973019030403583,1.67796641093401,0.364
6.5,0.678,0.972936759342053,1.6865642505679,0.364
6.5,0.679,0.972854388503035,1.69517397440038,0.364
6.5,0.68,0.972771918442276,1.70379552999589,0.364
6.5,0.681,0.972689349712895,1.71242886516358,0.364
6.5,0.682,0.972606682865397,1.72107392795595,0.364
6.5,0.683,0.972523918447689,1.72973066666697,0.364
6.5,0.684,0.972441057005093,1.73839902983124,0.364
6.5,0.685,0.97235809908036,1.74707896622217,0.364
6.5,0.686,0.972275045213684,1.75577042485082,0.364
6.5,0.687,0.972191895942716,1.76447335496457,0.364
6.5,0.688,0.972108651802584,1.77318770604531,0.364
6.5,0.689,0.972025313325895,1.78191342780887,0.364
6.5,0.69,0.971941881042761,1.79065047020277,0.364
6.5,0.691,0.971858355480802,1.79939878340574,0.364
6.5,0.692,0.97177473716517,1.8081583178257,0.364
6.5,0.693,0.971691026618554,1.81692902409882,0.364
6.5,0.694,0.971607224361199,1.8257108530882,0.364
6.5,0.695,0.971523330910916,1.83450375588237,0.364
6.5,0.696,0.971439346783099,1.84330768379404,0.364
6.5,0.697,0.971355272490732,1.85212258835916,0.364
6.5,0.698,0.971271108544409,1.86094842133508,0.364
6.5,0.699,0.971186855452345,1.86978513469975,0.364
6.5,0.7,0.971102513720383,1.87863268065029,0.364
6.5,0.701,0.971018083852017,1.88749101160166,0.364
6.5,0.702,0.970933566348397,1.89636008018559,0.364
6.5,0.703,0.970848961708346,1.90523983924922,0.364
6.5,0.704,0.970764270428369,1.91413024185392,0.364
6.5,0.705,0.970679493002668,1.92303124127413,0.364
6.5,0.706,0.970594629923155,1.93194279099602,0.364
6.5,0.707,0.970509681679464,1.94086484471645,0.364
6.5,0.708,0.97042464875896,1.94979735634173,0.364
6.5,0.709,0.970339531646755,1.95874027998628,0.364
6.5,0.71,0.970254330825721,1.96769356997166,0.364
6.5,0.711,0.970169046776496,1.97665718082558,0.364
6.5,0.712,0.970083679977504,1.98563106728,0.364
6.5,0.713,0.96999823090496,1.99461518427098,0.364
6.5,0.714,0.969912700032888,2.00360948693661,0.364
6.5,0.715,0.969827087833127,2.01261393061669,0.364
6.5,0.716,0.969741394775344,2.02162847085106,0.364
6.5,0.717,0.96965562132705,2.03065306337857,0.364
6.5,0.718,0.969569767953608,2.03968766413605,0.364
6.5,0.719,0.969483835118243,2.04873222925734,0.364
6.5,0.72,0.969397823282055,2.05778671507197,0.364
6.5,0.721,0.969311732904034,2.06685107810411,0.364
6.5,0.722,0.969225564441062,2.07592527507168,0.364
6.5,0.723,0.969139318347937,2.08500926288484,0.364
6.5,0.724,0.969052995077371,2.09410299864554,0.364
6.5,0.725,0.96896659508001,2.10320643964594,0.364
6.5,0.726,0.96888011880444,2.11231954336768,0.364
6.5,0.727,0.968793566697204,2.12144226748054,0.364
6.5,0.728,0.968706939202804,2.13057456984169,0.364
6.5,0.729,0.96862023676372,2.13971640849444,0.364
6.5,0.73,0.968533459820414,2.14886774166747,0.364
6.5,0.731,0.968446608811346,2.15802852777354,0.364
6.5,0.732,0.968359684172984,2.16719872540851,0.364
6.5,0.733,0.968272686339808,2.1763782933506,0.364
6.5,0.734,0.96818561574433,2.18556719055909,0.364
6.5,0.735,0.968098472817096,2.19476537617354,0.364
6.5,0.736,0.968011257986702,2.20397280951263,0.364
6.5,0.737,0.967923971679803,2.21318945007325,0.364
6.5,0.738,0.967836614321119,2.22241525752969,0.364
6.5,0.739,0.967749186333452,2.23165019173233,0.364
6.5,0.74,0.967661688137689,2.24089421270708,0.364
6.5,0.741,0.96757412015282,2.25014728065402,0.364
6.5,0.742,0.967486482795937,2.25940935594695,0.364
6.5,0.743,0.967398776482257,2.26868039913179,0.364
6.5,0.744,0.967311001625119,2.27796037092642,0.364
6.5,0.745,0.967223158636004,2.28724923221897,0.364
6.5,0.746,0.967135247924538,2.29654694406765,0.364
6.5,0.747,0.967047269898506,2.30585346769914,0.364
6.5,0.748,0.966959224963857,2.31516876450819,0.364
6.5,0.749,0.966871113524717,2.32449279605649,0.364
6.5,0.75,0.966782935983399,2.33382552407184,0.364
6.5,0.751,0.966694692740408,2.34316691044716,0.364
6.5,0.752,0.966606384194456,2.35251691723974,0.364
6.5,0.753,0.966518010742468,2.36187550667024,0.364
6.5,0.754,0.966429572779587,2.3712426411221,0.364
6.5,0.755,0.966341070699195,2.38061828313996,0.364
6.5,0.756,0.966252504892909,2.39000239542981,0.364
6.5,0.757,0.966163875750601,2.39939494085719,0.364
6.5,0.758,0.966075183660396,2.40879588244711,0.364
6.5,0.759,0.965986429008691,2.41820518338247,0.364
6.5,0.76,0.965897612180159,2.4276228070039,0.364
6.5,0.761,0.965808733557757,2.43704871680848,0.364
6.5,0.762,0.965719793522738,2.44648287644902,0.364
6.5,0.763,0.965630792454657,2.4559252497333,0.364
6.5,0.764,0.96554173073138,2.46537580062327,0.364
6.5,0.765,0.965452608729095,2.47483449323407,0.364
6.5,0.766,0.965363426822318,2.48430129183328,0.364
6.5,0.767,0.9652741853839,2.49377616084048,0.364
6.5,0.768,0.965184884785041,2.50325906482578,0.364
6.5,0.769,0.965095525395294,2.51274996850945,0.364
6.5,0.77,0.965006107582574,2.52224883676129,0.364
6.5,0.771,0.964916631713167,2.53175563459924,0.364
6.5,0.772,0.964827098151738,2.54127032718936,0.364
6.5,0.773,0.964737507261339,2.55079287984448,0.364
6.5,0.774,0.964647859403419,2.56032325802349,0.364
6.5,0.775,0.964558154937827,2.56986142733107,0.364
6.5,0.776,0.964468394222827,2.57940735351625,0.364
6.5,0.777,0.9643785776151,2.58896100247212,0.364
6.5,0.778,0.964288705469756,2.59852234023499,0.364
6.5,0.779,0.96419877814034,2.60809133298339,0.364
6.5,0.78,0.964108795978841,2.61766794703773,0.364
6.5,0.781,0.964018759335696,2.62725214885935,0.364
6.5,0.782,0.963928668559806,2.63684390504957,0.364
6.5,0.783,0.963838523998532,2.64644318234966,0.364
6.5,0.784,0.963748325997715,2.65604994763917,0.364
6.5,0.785,0.963658074901675,2.66566416793601,0.364
6.5,0.786,0.963567771053222,2.67528581039522,0.364
6.5,0.787,0.963477414793663,2.68491484230877,0.364
6.5,0.788,0.963387006462809,2.69455123110423,0.364
6.5,0.789,0.963296546398984,2.70419494434453,0.364
6.5,0.79,0.96320603493903,2.71384594972721,0.364
6.5,0.791,0.963115472418316,2.72350421508352,0.364
6.5,0.792,0.963024859170747,2.73316970837791,0.364
6.5,0.793,0.962934195528765,2.74284239770735,0.364
6.5,0.794,0.962843481823366,2.75252225130049,0.364
6.5,0.795,0.962752718384096,2.76220923751733,0.364
6.5,0.796,0.962661905539068,2.77190332484805,0.364
6.5,0.797,0.962571043614963,2.78160448191271,0.364
6.5,0.798,0.96248013293704,2.79131267746051,0.364
6.5,0.799,0.962389173829141,2.8010278803692,0.364
6.5,0.8,0.962298166613701,2.81075005964422,0.364
6.75,0.2,0.977603054331161,1.14673948251125,0.364
6.75,0.201,0.977768733090116,1.12960059710538,0.364
6.75,0.202,0.97793272124866,1.11264231703572,0.364
6.75,0.203,0.97809503162126,1.0958631390229,0.364
6.75,0.204,0.978255676895745,1.0792615766023,0.364
6.75,0.205,0.978414669634945,1.0628361598817,0.364
6.75,0.206,0.978572022278309,1.04658543530174,0.364
6.75,0.207,0.978727747143493,1.03050796540258,0.364
6.75,0.208,0.978881856427914,1.01460232859361,0.364
6.75,0.209,0.979034362210293,0.998867118927338,0.364
6.75,0.21,0.979185276452163,0.983300945877597,0.364
6.75,0.211,0.979334610999355,0.967902434121415,0.364
6.75,0.212,0.979482377583459,0.952670223324903,0.364
6.75,0.213,0.979628587823262,0.937602967932905,0.364
6.75,0.214,0.979773253226164,0.922699336961941,0.364
6.75,0.215,0.97991638518957,0.907958013797305,0.364
6.75,0.216,0.980057995002263,0.893377695993269,0.364
6.75,0.217,0.980198093845746,0.878957095076927,0.364
6.75,0.218,0.980336692795576,0.864694936355215,0.364
6.75,0.219,0.980473802822666,0.850589958725712,0.364
6.75,0.22,0.980609434794573,0.836640914489828,0.364
6.75,0.221,0.98074359947676,0.822846569170266,0.364
6.75,0.222,0.98087630753385,0.809205701330318,0.364
6.75,0.223,0.98100756953084,0.795717102397564,0.364
6.75,0.224,0.981137395934323,0.7823795764893,0.364
6.75,0.225,0.981265797113664,0.769191940241809,0.364
6.75,0.226,0.981392783342183,0.75615302264167,0.364
6.75,0.227,0.981518364798296,0.743261664860961,0.364
6.75,0.228,0.98164255156666,0.730516720093988,0.364
6.75,0.229,0.981765353639286,0.71791705339761,0.364
6.75,0.23,0.981886780916642,0.705461541533614,0.364
6.75,0.231,0.98200684320874,0.693149072814059,0.364
6.75,0.232,0.982125550236197,0.680978546949174,0.364
6.75,0.233,0.982242911631297,0.668948874897124,0.364
6.75,0.234,0.982358936939023,0.657058978717173,0.364
6.75,0.235,0.982473635618078,0.645307791424377,0.364
6.75,0.236,0.982587017041893,0.633694256847028,0.364
6.75,0.237,0.982699090499618,0.622217329486396,0.364
6.75,0.238,0.982809865197099,0.610875974378722,0.364
6.75,0.239,0.982919350257841,0.59966916695906,0.364
6.75,0.24,0.983027554723959,0.588595892927701,0.364
6.75,0.241,0.983134487557105,0.577655148118938,0.364
6.75,0.242,0.983240157639402,0.566845938370797,0.364
6.75,0.243,0.983344573774341,0.556167279398267,0.364
6.75,0.244,0.98344774468768,0.545618196667452,0.364
6.75,0.245,0.983549679028331,0.535197725272152,0.364
6.75,0.246,0.98365038536922,0.524904909812429,0.364
6.75,0.247,0.983749872208154,0.514738804274661,0.364
6.75,0.248,0.983848147968662,0.504698471913811,0.364
6.75,0.249,0.983945221000824,0.494782985137743,0.364
6.75,0.25,0.984041099582101,0.484991425392489,0.364
6.75,0.251,0.984135791918139,0.475322883050033,0.364
6.75,0.252,0.984229306143572,0.465776457297595,0.364
6.75,0.253,0.984321650322802,0.456351256028587,0.364
6.75,0.254,0.984412832450786,0.44704639573514,0.364
6.75,0.255,0.984502860453793,0.43786100140244,0.364
6.75,0.256,0.984591742190165,0.428794206404337,0.364
6.75,0.257,0.984679485451056,0.41984515240121,0.364
6.75,0.258,0.984766097961176,0.411012989238291,0.364
6.75,0.259,0.984851587379505,0.402296874846786,0.364
6.75,0.26,0.984935961300014,0.393695975145358,0.364
6.75,0.261,0.98501922725237,0.385209463943803,0.364
6.75,0.262,0.985101392702628,0.37683652284759,0.364
6.75,0.263,0.985182465053921,0.368576341164584,0.364
6.75,0.264,0.985262451647133,0.360428115812383,0.364
6.75,0.265,0.985341359761571,0.352391051227241,0.364
6.75,0.266,0.985419196615621,0.344464359274621,0.364
6.75,0.267,0.985495969367397,0.336647259160738,0.364
6.75,0.268,0.985571685115386,0.328938977345561,0.364
6.75,0.269,0.985646350899077,0.321338747456967,0.364
6.75,0.27,0.985719973699591,0.313845810206104,0.364
6.75,0.271,0.985792560440289,0.306459413304339,0.364
6.75,0.272,0.985864117987387,0.299178811380818,0.364
6.75,0.273,0.985934653150555,0.292003265901752,0.364
6.75,0.274,0.986004172683508,0.284932045090391,0.364
6.75,0.275,0.98607268328459,0.277964423848753,0.364
6.75,0.276,0.986140191597352,0.271099683679754,0.364
6.75,0.277,0.986206704211125,0.264337112610913,0.364
6.75,0.278,0.986272227661575,0.257676005119056,0.364
6.75,0.279,0.986336768431263,0.251115662056089,0.364
6.75,0.28,0.986400332950193,0.24465539057561,0.364
6.75,0.281,0.986462927596352,0.238294504060854,0.364
6.75,0.282,0.986524558696242,0.232032322053377,0.364
6.75,0.283,0.98658523252541,0.225868170183108,0.364
6.75,0.284,0.986644955308966,0.219801380099005,0.364
6.75,0.285,0.986703733222099,0.213831289400601,0.364
6.75,0.286,0.986761572390583,0.207957241571233,0.364
6.75,0.287,0.98681847889128,0.20217858591105,0.364
6.75,0.288,0.986874458752631,0.196494677472092,0.364
6.75,0.289,0.986929517955148,0.190904876993359,0.364
6.75,0.29,0.986983662431895,0.18540855083744,0.364
6.75,0.291,0.987036898068963,0.180005070927458,0.364
6.75,0.292,0.987089230705943,0.174693814685378,0.364
6.75,0.293,0.987140666136391,0.169474164970751,0.364
6.75,0.294,0.987191210108281,0.164345510020536,0.364
6.75,0.295,0.987240868324471,0.159307243389395,0.364
6.75,0.296,0.987289646443131,0.154358763891715,0.364
6.75,0.297,0.987337550078208,0.149499475542814,0.364
6.75,0.298,0.987384584799843,0.14472878750269,0.364
6.75,0.299,0.987430756134814,0.140046114019232,0.364
6.75,0.3,0.987476069566961,0.135450874372789,0.364
6.75,0.301,0.987520530537602,0.130942492821462,0.364
6.75,0.302,0.987564144445955,0.126520398546703,0.364
6.75,0.303,0.98760691664954,0.122184025600558,0.364
6.75,0.304,0.9876488524646,0.117932812851995,0.364
6.75,0.305,0.987689957166486,0.113766203936061,0.364
6.75,0.306,0.987730235990063,0.10968364720183,0.364
6.75,0.307,0.987769694130099,0.105684595661981,0.364
6.75,0.308,0.987808336741652,0.101768506942901,0.364
6.75,0.309,0.987846168940452,0.0979348432355254,0.364
6.75,0.31,0.987883195803279,0.0941830712462455,0.364
6.75,0.311,0.987919422368335,0.090512662149389,0.364
6.75,0.312,0.987954853635618,0.086923091539437,0.364
6.75,0.313,0.987989494567278,0.083413839384483,0.364
6.75,0.314,0.988023350087986,0.0799843899798258,0.364
6.75,0.315,0.988056425085283,0.0766342319026059,0.364
6.75,0.316,0.988088724409939,0.073362857966619,0.364
6.75,0.317,0.988120252876294,0.0701697651778632,0.364
6.75,0.318,0.988151015262604,0.0670544546909735,0.364
6.75,0.319,0.988181016311383,0.0640164317656788,0.364
6.75,0.32,0.988210260729738,0.0610552057239033,0.364
6.75,0.321,0.9882387531897,0.0581702899077996,0.364
6.75,0.322,0.98826649832855,0.0553612016381155,0.364
6.75,0.323,0.988293500749148,0.0526274621728495,0.364
6.75,0.324,0.988319765020252,0.0499685966666386,0.364
6.75,0.325,0.988345295676834,0.0473841341306791,0.364
6.75,0.326,0.988370097220392,0.0448736073933143,0.364
6.75,0.327,0.988394174119264,0.042436553060532,0.364
6.75,0.328,0.988417530808932,0.0400725114775735,0.364
6.75,0.329,0.988440171692323,0.0377810266907419,0.364
6.75,0.33,0.988462101140113,0.0355616464094766,0.364
6.75,0.331,0.988483323491017,0.0334139219697382,0.364
6.75,0.332,0.988503843052086,0.0313374082966611,0.364
6.75,0.333,0.988523664098999,0.0293316638683816,0.364
6.75,0.334,0.988542790876342,0.027396250680245,0.364
6.75,0.335,0.988561227597894,0.0255307342096112,0.364
6.75,0.336,0.98857897844691,0.023734683380594,0.364
6.75,0.337,0.988596047576395,0.0220076705293115,0.364
6.75,0.338,0.988612439109375,0.02034927137049,0.364
6.75,0.339,0.988628157139175,0.0187590649626923,0.364
6.75,0.34,0.988643205729676,0.0172366336761431,0.364
6.75,0.341,0.988657588915592,0.0157815631588454,0.364
6.75,0.342,0.988671310702723,0.0143934423046721,0.364
6.75,0.343,0.988684375068215,0.0130718632210813,0.364
6.75,0.344,0.988696785960819,0.0118164211972971,0.364
6.75,0.345,0.988708547301143,0.0106267146729344,0.364
6.75,0.346,0.988719662981902,0.00950234520740167,0.364
6.75,0.347,0.988730136868166,0.00844291744865888,0.364
6.75,0.348,0.988739972797604,0.00744803910364134,0.364
6.75,0.349,0.988749174580731,0.00651732090779511,0.364
6.75,0.35,0.98875774600114,0.00565037659601142,0.364
6.75,0.351,0.988765690815748,0.00484682287305027,0.364
6.75,0.352,0.988773012755024,0.00410627938507435,0.364
6.75,0.353,0.988779715523222,0.00342836869102747,0.364
6.75,0.354,0.988785802798614,0.00281271623425727,0.364
6.75,0.355,0.988791278233719,0.00225895031487067,0.364
6.75,0.356,0.988796145455516,0.00176670206248897,0.364
6.75,0.357,0.988800408065682,0.00133560540849231,0.364
6.75,0.358,0.988804069640802,0.000965297059662973,0.364
6.75,0.359,0.988807133732588,0.00065541647127354,0.364
6.75,0.36,0.988809603868097,0.00040560582124094,0.364
6.75,0.361,0.988811483549944,0.000215509983769735,0.364
6.75,0.362,0.988812776256509,8.47765039946324e-05,0.364
6.75,0.363,0.988813485442151,1.3055572400944e-05,0.364
6.75,0.364,0.988813614537412,0,0.364
6.75,0.365,0.988813166949218,4.52651935711756e-05,0.364
6.75,0.366,0.988812146061088,0.000148509130837304,0.364
6.75,0.367,0.988810555233328,0.000309392336839132,0.364
6.75,0.368,0.988808397803234,0.000527577859310568,0.364
6.75,0.369,0.988805677085283,0.000802731245652666,0.364
6.75,0.37,0.988802396371329,0.00113452051930807,0.364
6.75,0.371,0.988798558930799,0.00152261615642413,0.364
6.75,0.372,0.988794168010874,0.00196669106338199,0.364
6.75,0.373,0.988789226836686,0.00246642055392599,0.364
6.75,0.374,0.988783738611497,0.00302148232698141,0.364
6.75,0.375,0.98877770651689,0.0036315564444056,0.364
6.75,0.376,0.988771133712943,0.00429632530931645,0.364
6.75,0.377,0.988764023338417,0.00501547364428756,0.364
6.75,0.378,0.98875637851093,0.00578868847025404,0.364
6.75,0.379,0.988748202327135,0.00661565908515183,0.364
6.75,0.38,0.988739497862895,0.00749607704326749,0.364
6.75,0.381,0.988730268173457,0.00842963613414405,0.364
6.75,0.382,0.98872051629362,0.00941603236279676,0.364
6.75,0.383,0.988710245237911,0.0104549639288631,0.364
6.75,0.384,0.988699458000745,0.0115461312073073,0.364
6.75,0.385,0.988688157556598,0.0126892367279696,0.364
6.75,0.386,0.988676346860168,0.0138839851565153,0.364
6.75,0.387,0.988664028846539,0.0151300832748724,0.364
6.75,0.388,0.988651206431341,0.0164272399623577,0.364
6.75,0.389,0.988637882510911,0.0177751661765146,0.364
6.75,0.39,0.988624059962454,0.0191735749345279,0.364
6.75,0.391,0.988609741644193,0.0206221812946827,0.364
6.75,0.392,0.988594930395528,0.0221207023382242,0.364
6.75,0.393,0.98857962903719,0.0236688571510824,0.364
6.75,0.394,0.98856384037139,0.0252663668061759,0.364
6.75,0.395,0.988547567181974,0.0269129543453595,0.364
6.75,0.396,0.988530812234566,0.028608344762282,0.364
6.75,0.397,0.988513578276721,0.0303522649849342,0.364
6.75,0.398,0.988495868038067,0.0321444438584617,0.364
6.75,0.399,0.988477684230451,0.0339846121282905,0.364
6.75,0.4,0.988459029548085,0.0358725024231621,0.364
6.75,0.401,0.988439906667683,0.0378078492387912,0.364
6.75,0.402,0.988420318248603,0.0397903889213902,0.364
6.75,0.403,0.988400266932987,0.0418198596513042,0.364
6.75,0.404,0.988379755345901,0.0438960014270462,0.364
6.75,0.405,0.988358786095464,0.0460185560492876,0.364
6.75,0.406,0.988337361772993,0.0481872671053152,0.364
6.75,0.407,0.988315484953125,0.050401879953399,0.364
6.75,0.408,0.988293158193962,0.052662141707116,0.364
6.75,0.409,0.988270384037192,0.0549678012206511,0.364
6.75,0.41,0.988247165008224,0.057318609073187,0.364
6.75,0.411,0.988223503616316,0.0597143175543158,0.364
6.75,0.412,0.988199402354702,0.0621546806490736,0.364
6.75,0.413,0.988174863700717,0.0646394540236184,0.364
6.75,0.414,0.988149890115924,0.0671683950104196,0.364
6.75,0.415,0.988124484046237,0.0697412625940919,0.364
6.75,0.416,0.988098647922042,0.0723578173973616,0.364
6.75,0.417,0.988072384158324,0.075017821666945,0.364
6.75,0.418,0.988045695154779,0.0777210392594707,0.364
6.75,0.419,0.98801858329594,0.0804672356282676,0.364
6.75,0.42,0.987991050951292,0.0832561778092433,0.364
6.75,0.421,0.98796310047539,0.0860876344078276,0.364
6.75,0.422,0.987934734207973,0.0889613755855168,0.364
6.75,0.423,0.987905954474082,0.0918771730465728,0.364
6.75,0.424,0.987876763584172,0.0948348000251231,0.364
6.75,0.425,0.987847163834221,0.0978340312725923,0.364
6.75,0.426,0.98781715750585,0.100874643044069,0.364
6.75,0.427,0.987786746866425,0.103956413086603,0.364
6.75,0.428,0.987755934169171,0.107079120626108,0.364
6.75,0.429,0.98772472165328,0.110242546355299,0.364
6.75,0.43,0.987693111544019,0.113446472421086,0.364
6.75,0.431,0.987661106052834,0.116690682412735,0.364
6.75,0.432,0.987628707377456,0.119974961349856,0.364
6.75,0.433,0.987595917702009,0.12329909567026,0.364
6.75,0.434,0.987562739197109,0.126662873218519,0.364
6.75,0.435,0.987529174019971,0.130066083234048,0.364
6.75,0.436,0.987495224314506,0.133508516339509,0.364
6.75,0.437,0.987460892211426,0.136989964529777,0.364
6.75,0.438,0.987426179828341,0.140510221160262,0.364
6.75,0.439,0.987391089269857,0.14406908093596,0.364
6.75,0.44,0.98735562262768,0.147666339900088,0.364
6.75,0.441,0.987319781980705,0.151301795423309,0.364
6.75,0.442,0.98728356939512,0.154975246192901,0.364
6.75,0.443,0.987246986924492,0.158686492201943,0.364
6.75,0.444,0.987210036609872,0.162435334738498,0.364
6.75,0.445,0.987172720479882,0.166221576375469,0.364
6.75,0.446,0.987135040550808,0.170045020959586,0.364
6.75,0.447,0.987096998826695,0.17390547360161,0.364
6.75,0.448,0.987058597299436,0.177802740665767,0.364
6.75,0.449,0.987019837948863,0.181736629759777,0.364
6.75,0.45,0.986980722742836,0.185706949724618,0.364
6.75,0.451,0.986941253637331,0.189713510624889,0.364
6.75,0.452,0.98690143257653,0.193756123738686,0.364
6.75,0.453,0.986861261492908,0.197834601547808,0.364
6.75,0.454,0.986820742307315,0.201948757728521,0.364
6.75,0.455,0.986779876929068,0.206098407141542,0.364
6.75,0.456,0.986738667256031,0.210283365822739,0.364
6.75,0.457,0.986697115174702,0.214503450973891,0.364
6.75,0.458,0.986655222560294,0.218758480953163,0.364
6.75,0.459,0.986612991276819,0.223048275265958,0.364
6.75,0.46,0.986570423177169,0.227372654556057,0.364
6.75,0.461,0.986527520103197,0.231731440596339,0.364
6.75,0.462,0.986484283885803,0.236124456279607,0.364
6.75,0.463,0.986440716345,0.240551525610622,0.364
6.75,0.464,0.986396819290008,0.24501247369626,0.364
6.75,0.465,0.986352594519326,0.249507126737503,0.364
6.75,0.466,0.986308043820807,0.254035312020662,0.364
6.75,0.467,0.986263168971737,0.258596857908966,0.364
6.75,0.468,0.986217971738917,0.263191593833767,0.364
6.75,0.469,0.986172453878728,0.267819350286658,0.364
6.75,0.47,0.986126617137214,0.272479958810812,0.364
6.75,0.471,0.986080463250153,0.277173251993124,0.364
6.75,0.472,0.986033993943132,0.281899063455615,0.364
6.75,0.473,0.98598721093162,0.286657227847908,0.364
6.75,0.474,0.985940115921039,0.291447580838966,0.364
6.75,0.475,0.985892710606836,0.296269959109186,0.364
6.75,0.476,0.985844996674558,0.301124200342651,0.364
6.75,0.477,0.985796975799915,0.306010143219337,0.364
6.75,0.478,0.985748649648856,0.310927627407653,0.364
6.75,0.479,0.985700019877638,0.3158764935564,0.364
6.75,0.48,0.985651088132891,0.320856583287665,0.364
6.75,0.481,0.985601856051692,0.325867739188901,0.364
6.75,0.482,0.985552325261626,0.330909804806168,0.364
6.75,0.483,0.985502497380858,0.335982624636055,0.364
6.75,0.484,0.985452374018195,0.341086044119177,0.364
6.75,0.485,0.985401956773157,0.346219909632306,0.364
6.75,0.486,0.985351247236038,0.351384068481742,0.364
6.75,0.487,0.985300246987976,0.356578368895777,0.364
6.75,0.488,0.985248957601009,0.361802660018307,0.364
6.75,0.489,0.985197380638146,0.367056791901255,0.364
6.75,0.49,0.985145517653427,0.372340615498312,0.364
6.75,0.491,0.985093370191986,0.377653982657566,0.364
6.75,0.492,0.985040939790114,0.38299674611515,0.364
6.75,0.493,0.984988227975318,0.388368759488333,0.364
6.75,0.494,0.984935236266386,0.393769877269068,0.364
6.75,0.495,0.984881966173443,0.399199954817364,0.364
6.75,0.496,0.984828419198016,0.404658848354633,0.364
6.75,0.497,0.984774596833088,0.410146414957557,0.364
6.75,0.498,0.984720500563162,0.415662512551407,0.364
6.75,0.499,0.984666131864317,0.421206999903845,0.364
6.75,0.5,0.984611492204266,0.426779736618621,0.364
6.75,0.501,0.984556583042413,0.432380583129488,0.364
6.75,0.502,0.984501405829914,0.438009400693806,0.364
6.75,0.503,0.984445962009729,0.443666051386526,0.364
6.75,0.504,0.984390253016679,0.449350398094395,0.364
6.75,0.505,0.984334280277505,0.455062304509446,0.364
6.75,0.506,0.984278045210918,0.460801635123542,0.364
6.75,0.507,0.984221549227659,0.466568255222266,0.364
6.75,0.508,0.98416479373055,0.472362030878992,0.364
6.75,0.509,0.984107780114549,0.478182828949425,0.364
6.75,0.51,0.984050509766803,0.484030517065381,0.364
6.75,0.511,0.983992984066701,0.489904963629706,0.364
6.75,0.512,0.983935204385928,0.495806037809987,0.364
6.75,0.513,0.983877172088515,0.501733609533606,0.364
6.75,0.514,0.983818888530892,0.507687549481584,0.364
6.75,0.515,0.983760355061939,0.513667729083789,0.364
6.75,0.516,0.983701573023037,0.51967402051265,0.364
6.75,0.517,0.983642543748118,0.525706296678652,0.364
6.75,0.518,0.983583268563716,0.53176443122438,0.364
6.75,0.519,0.983523748789015,0.537848298519439,0.364
6.75,0.52,0.983463985735902,0.543957773655235,0.364
6.75,0.521,0.98340398070901,0.550092732439555,0.364
6.75,0.522,0.983343735005772,0.55625305139182,0.364
6.75,0.523,0.983283249916465,0.562438607737525,0.364
6.75,0.524,0.983222526724261,0.568649279403544,0.364
6.75,0.525,0.983161566705272,0.574884945012677,0.364
6.75,0.526,0.983100371128598,0.581145483879197,0.364
6.75,0.527,0.983038941256374,0.587430776003406,0.364
6.75,0.528,0.982977278343812,0.593740702067214,0.364
6.75,0.529,0.982915383639255,0.600075143428747,0.364
6.75,0.53,0.982853258384216,0.606433982117971,0.364
6.75,0.531,0.982790903813423,0.612817100831875,0.364
6.75,0.532,0.982728321154869,0.61922438292934,0.364
6.75,0.533,0.982665511629849,0.625655712427098,0.364
6.75,0.534,0.982602476453011,0.632110973994493,0.364
6.75,0.535,0.982539216832395,0.638590052949173,0.364
6.75,0.536,0.982475733969481,0.64509283525247,0.364
6.75,0.537,0.982412029059224,0.651619207504872,0.364
6.75,0.538,0.982348103290105,0.658169056941471,0.364
6.75,0.539,0.982283957844171,0.664742271427454,0.364
6.75,0.54,0.982219593897073,0.671338739453953,0.364
6.75,0.541,0.982155012618113,0.677958350133512,0.364
6.75,0.542,0.982090215170281,0.684600993195428,0.364
6.75,0.543,0.9820252027103,0.691266558981996,0.364
6.75,0.544,0.981959976388664,0.697954938443957,0.364
6.75,0.545,0.981894537349679,0.704666023136169,0.364
6.75,0.546,0.981828886731501,0.711399705213633,0.364
6.75,0.547,0.981763025666183,0.718155877427229,0.364
6.75,0.548,0.981696955279704,0.724934433119429,0.364
6.75,0.549,0.981630676692018,0.731735266220457,0.364
6.75,0.55,0.981564191017084,0.738558271244227,0.364
6.75,0.551,0.981497499362912,0.74540334328399,0.364
6.75,0.552,0.981430602831597,0.752270378008735,0.364
6.75,0.553,0.981363502519359,0.759159271658971,0.364
6.75,0.554,0.981296199516578,0.766069921042933,0.364
6.75,0.555,0.981228694907834,0.773002223532604,0.364
6.75,0.556,0.981160989771943,0.779956077060029,0.364
6.75,0.557,0.981093085181995,0.786931380113121,0.364
6.75,0.558,0.981024982205388,0.79392803173215,0.364
6.75,0.559,0.980956681903865,0.800945931506103,0.364
6.75,0.56,0.980888185333554,0.807984979568577,0.364
6.75,0.561,0.980819493544996,0.815045076594267,0.364
6.75,0.562,0.980750607583188,0.822126123795397,0.364
6.75,0.563,0.980681528487614,0.829228022917805,0.364
6.75,0.564,0.980612257292279,0.836350676237574,0.364
6.75,0.565,0.980542795025748,0.84349398655732,0.364
6.75,0.566,0.980473142711176,0.850657857202797,0.364
6.75,0.567,0.980403301366345,0.857842192018943,0.364
6.75,0.568,0.980333272003694,0.865046895366972,0.364
6.75,0.569,0.980263055630359,0.872271872120556,0.364
6.75,0.57,0.9801926532482,0.879517027662224,0.364
6.75,0.571,0.980122065853836,0.886782267880548,0.364
6.75,0.572,0.98005129443868,0.894067499166029,0.364
6.75,0.573,0.979980339988969,0.901372628408259,0.364
6.75,0.574,0.979909203485799,0.908697562992256,0.364
6.75,0.575,0.979837885905154,0.916042210795576,0.364
6.75,0.576,0.979766388217937,0.923406480184519,0.364
6.75,0.577,0.97969471139001,0.930790280011218,0.364
6.75,0.578,0.979622856382212,0.938193519610397,0.364
6.75,0.579,0.979550824150402,0.945616108795955,0.364
6.75,0.58,0.979478615645484,0.953057957858117,0.364
6.75,0.581,0.979406231813439,0.960518977559932,0.364
6.75,0.582,0.979333673595356,0.967999079134407,0.364
6.75,0.583,0.979260941927459,0.975498174281375,0.364
6.75,0.584,0.979188037741144,0.983016175164164,0.364
6.75,0.585,0.979114961963001,0.990552994406957,0.364
6.75,0.586,0.979041715514847,0.998108545091569,0.364
6.75,0.587,0.978968299313757,1.0056827407543,0.364
6.75,0.588,0.978894714272093,1.01327549538308,0.364
6.75,0.589,0.978820961297527,1.02088672341456,0.364
6.75,0.59,0.978747041293075,1.02851633973138,0.364
6.75,0.591,0.978672955157128,1.03616425965867,0.364
6.75,0.592,0.978598703783475,1.04383039896172,0.364
6.75,0.593,0.97852428806133,1.0515146738429,0.364
6.75,0.594,0.978449708875367,1.05921700093885,0.364
6.75,0.595,0.978374967105742,1.06693729731759,0.364
6.75,0.596,0.978300063628121,1.07467548047577,0.364
6.75,0.597,0.97822499931371,1.08243146833609,0.364
6.75,0.598,0.978149775029277,1.09020517924423,0.364
6.75,0.599,0.978074391637186,1.09799653196623,0.364
6.75,0.6,0.977998849995418,1.10580544568584,0.364
6.75,0.601,0.977923150957598,1.11363184000193,0.364
6.75,0.602,0.977847295373025,1.12147563492559,0.364
6.75,0.603,0.977771284086694,1.12933675087745,0.364
6.75,0.604,0.977695117939325,1.1372151086855,0.364
6.75,0.605,0.977618797767387,1.14511062958191,0.364
6.75,0.606,0.977542324403121,1.15302323520092,0.364
6.75,0.607,0.977465698674572,1.16095284757589,0.364
6.75,0.608,0.977388921405608,1.16889938913707,0.364
6.75,0.609,0.97731199341595,1.17686278270881,0.364
6.75,0.61,0.977234915521192,1.1848429515072,0.364
6.75,0.611,0.977157688532827,1.19283981913769,0.364
6.75,0.612,0.977080313258274,1.20085330959234,0.364
6.75,0.613,0.977002790500902,1.20888334724758,0.364
6.75,0.614,0.976925121060049,1.21692985686177,0.364
6.75,0.615,0.976847305731053,1.22499276357257,0.364
6.75,0.616,0.976769345305269,1.23307199289497,0.364
6.75,0.617,0.9766912405701,1.24116747071834,0.364
6.75,0.618,0.976612992309014,1.24927912330468,0.364
6.75,0.619,0.97653460130157,1.25740687728586,0.364
6.75,0.62,0.97645606832344,1.26555065966145,0.364
6.75,0.621,0.976377394146435,1.27371039779638,0.364
6.75,0.622,0.976298579538524,1.28188601941868,0.364
6.75,0.623,0.97621962526386,1.29007745261709,0.364
6.75,0.624,0.976140532082796,1.29828462583916,0.364
6.75,0.625,0.976061300751918,1.30650746788856,0.364
6.75,0.626,0.975981932024056,1.31474590792313,0.364
6.75,0.627,0.975902426648316,1.32299987545259,0.364
6.75,0.628,0.975822785370092,1.33126930033645,0.364
6.75,0.629,0.975743008931095,1.33955411278173,0.364
6.75,0.63,0.975663098069373,1.34785424334083,0.364
6.75,0.631,0.97558305351933,1.3561696229095,0.364
6.75,0.632,0.975502876011749,1.36450018272452,0.364
6.75,0.633,0.975422566273813,1.37284585436175,0.364
6.75,0.634,0.975342125029126,1.38120656973404,0.364
6.75,0.635,0.975261552997734,1.38958226108907,0.364
6.75,0.636,0.975180850896142,1.39797286100742,0.364
6.75,0.637,0.975100019437345,1.40637830240022,0.364
6.75,0.638,0.975019059330832,1.41479851850763,0.364
6.75,0.639,0.974937971282622,1.42323344289634,0.364
6.75,0.64,0.974856755995275,1.43168300945795,0.364
6.75,0.641,0.974775414167914,1.44014715240652,0.364
6.75,0.642,0.974693946496245,1.44862580627727,0.364
6.75,0.643,0.974612353672578,1.45711890592397,0.364
6.75,0.644,0.974530636385846,1.46562638651733,0.364
6.75,0.645,0.974448795321621,1.4741481835431,0.364
6.75,0.646,0.974366831162137,1.48268423280011,0.364
6.75,0.647,0.97428474458631,1.49123447039816,0.364
6.75,0.648,0.974202536269754,1.4997988327565,0.364
6.75,0.649,0.9741202068848,1.50837725660171,0.364
6.75,0.65,0.974037757100517,1.51696967896593,0.364
6.75,0.651,0.973955187582729,1.52557603718504,0.364
6.75,0.652,0.973872498994035,1.53419626889659,0.364
6.75,0.653,0.973789691993824,1.54283031203857,0.364
6.75,0.654,0.973706767238297,1.55147810484688,0.364
6.75,0.655,0.973623725380485,1.56013958585395,0.364
6.75,0.656,0.973540567070261,1.56881469388719,0.364
6.75,0.657,0.973457292954367,1.57750336806652,0.364
6.75,0.658,0.973373903676427,1.58620554780329,0.364
6.75,0.659,0.973290399876962,1.59492117279818,0.364
6.75,0.66,0.973206782193413,1.60365018303963,0.364
6.75,0.661,0.973123051260154,1.61239251880216,0.364
6.75,0.662,0.973039207708512,1.62114812064442,0.364
6.75,0.663,0.972955252166784,1.62991692940775,0.364
6.75,0.664,0.972871185260251,1.63869888621446,0.364
6.75,0.665,0.9727870076112,1.64749393246602,0.364
6.75,0.666,0.972702719838935,1.65630200984164,0.364
6.75,0.667,0.9726183225598,1.66512306029647,0.364
6.75,0.668,0.97253381638719,1.6739570260599,0.364
6.75,0.669,0.97244920193157,1.68280384963426,0.364
6.75,0.67,0.972364479800493,1.69166347379266,0.364
6.75,0.671,0.972279650598611,1.70053584157817,0.364
6.75,0.672,0.972194714927699,1.70942089630146,0.364
6.75,0.673,0.972109673386664,1.71831858153972,0.364
6.75,0.674,0.972024526571562,1.72722884113501,0.364
6.75,0.675,0.97193927507562,1.73615161919241,0.364
6.75,0.676,0.971853919489242,1.74508686007901,0.364
6.75,0.677,0.971768460400035,1.75403450842191,0.364
6.75,0.678,0.971682898392816,1.76299450910691,0.364
6.75,0.679,0.971597234049629,1.77196680727718,0.364
6.75,0.68,0.971511467949769,1.78095134833116,0.364
6.75,0.681,0.971425600669782,1.78994807792188,0.364
6.75,0.682,0.971339632783494,1.79895694195487,0.364
6.75,0.683,0.971253564862018,1.80797788658704,0.364
6.75,0.684,0.971167397473773,1.8170108582249,0.364
6.75,0.685,0.971081131184495,1.82605580352357,0.364
6.75,0.686,0.970994766557256,1.83511266938485,0.364
6.75,0.687,0.970908304152475,1.84418140295612,0.364
6.75,0.688,0.970821744527935,1.853261951629,0.364
6.75,0.689,0.970735088238796,1.86235426303751,0.364
6.75,0.69,0.970648335837609,1.87145828505724,0.364
6.75,0.691,0.970561487874334,1.8805739658033,0.364
6.75,0.692,0.970474544896349,1.88970125362968,0.364
6.75,0.693,0.970387507448464,1.89884009712751,0.364
6.75,0.694,0.970300376072944,1.90799044512333,0.364
6.75,0.695,0.97021315130951,1.91715224667861,0.364
6.75,0.696,0.970125833695361,1.92632545108771,0.364
6.75,0.697,0.970038423765187,1.93551000787671,0.364
6.75,0.698,0.969950922051179,1.94470586680231,0.364
6.75,0.699,0.969863329083047,1.95391297785028,0.364
6.75,0.7,0.96977564538803,1.96313129123427,0.364
6.75,0.701,0.96968787149091,1.97236075739458,0.364
6.75,0.702,0.969600007914028,1.98160132699665,0.364
6.75,0.703,0.969512055177293,1.99085295092993,0.364
6.75,0.704,0.969424013798198,2.00011558030682,0.364
6.75,0.705,0.969335884291834,2.00938916646092,0.364
6.75,0.706,0.969247667170897,2.01867366094626,0.364
6.75,0.707,0.969159362945709,2.02796901553579,0.364
6.75,0.708,0.969070972124224,2.03727518222026,0.364
6.75,0.709,0.968982495212046,2.04659211320697,0.364
6.75,0.71,0.968893932712437,2.05591976091846,0.364
6.75,0.711,0.968805285126332,2.06525807799152,0.364
6.75,0.712,0.968716552952351,2.07460701727573,0.364
6.75,0.713,0.968627736686812,2.08396653183249,0.364
6.75,0.714,0.968538836823742,2.09333657493382,0.364
6.75,0.715,0.96844985385489,2.10271710006089,0.364
6.75,0.716,0.96836078826974,2.11210806090327,0.364
6.75,0.717,0.968271640555521,2.12150941135749,0.364
6.75,0.718,0.968182411197219,2.13092110552606,0.364
6.75,0.719,0.968093100677592,2.1403430977162,0.364
6.75,0.72,0.968003709477179,2.14977534243872,0.364
6.75,0.721,0.967914238074313,2.15921779440695,0.364
6.75,0.722,0.96782468694513,2.16867040853561,0.364
6.75,0.723,0.967735056563586,2.17813313993966,0.364
6.75,0.724,0.967645347401464,2.18760594393321,0.364
6.75,0.725,0.967555559928385,2.19708877602851,0.364
6.75,0.726,0.967465694611825,2.20658159193461,0.364
6.75,0.727,0.967375751917119,2.2160843475566,0.364
6.75,0.728,0.967285732307476,2.22559699899434,0.364
6.75,0.729,0.967195636243993,2.23511950254138,0.364
6.75,0.73,0.96710546418566,2.24465181468398,0.364
6.75,0.731,0.967015216589376,2.25419389210006,0.364
6.75,0.732,0.966924893909956,2.26374569165804,0.364
6.75,0.733,0.966834496600146,2.27330717041596,0.364
6.75,0.734,0.96674402511063,2.28287828562026,0.364
6.75,0.735,0.966653479890044,2.29245899470498,0.364
6.75,0.736,0.966562861384984,2.30204925529047,0.364
6.75,0.737,0.966472170040021,2.31164902518257,0.364
6.75,0.738,0.966381406297703,2.32125826237166,0.364
6.75,0.739,0.966290570598574,2.33087692503149,0.364
6.75,0.74,0.966199663381184,2.34050497151812,0.364
6.75,0.741,0.966108685082092,2.35014236036917,0.364
6.75,0.742,0.966017636135883,2.35978905030285,0.364
6.75,0.743,0.965926516975176,2.3694450002167,0.364
6.75,0.744,0.965835328030636,2.37911016918682,0.364
6.75,0.745,0.965744069730981,2.38878451646682,0.364
6.75,0.746,0.965652742502995,2.39846800148711,0.364
6.75,0.747,0.965561346771534,2.40816058385358,0.364
6.75,0.748,0.965469882959541,2.41786222334692,0.364
6.75,0.749,0.965378351488053,2.42757287992161,0.364
6.75,0.75,0.965286752776212,2.43729251370495,0.364
6.75,0.751,0.965195087241271,2.44702108499617,0.364
6.75,0.752,0.96510335529861,2.45675855426553,0.364
6.75,0.753,0.96501155736174,2.46650488215336,0.364
6.75,0.754,0.964919693842318,2.47626002946915,0.364
6.75,0.755,0.964827765150151,2.4860239571908,0.364
6.75,0.756,0.964735771693206,2.49579662646351,0.364
6.75,0.757,0.964643713877626,2.50557799859896,0.364
6.75,0.758,0.964551592107732,2.51536803507453,0.364
6.75,0.759,0.964459406786035,2.52516669753216,0.364
6.75,0.76,0.964367158313244,2.53497394777802,0.364
6.75,0.761,0.96427484708828,2.54478974778085,0.364
6.75,0.762,0.964182473508277,2.55461405967188,0.364
6.75,0.763,0.9640900379686,2.56444684574337,0.364
6.75,0.764,0.963997540862845,2.57428806844822,0.364
6.75,0.765,0.963904982582857,2.58413769039874,0.364
6.75,0.766,0.96381236351873,2.59399567436616,0.364
6.75,0.767,0.963719684058823,2.60386198327951,0.364
6.75,0.768,0.963626944589765,2.61373658022495,0.364
6.75,0.769,0.963534145496467,2.62361942844485,0.364
6.75,0.77,0.963441287162124,2.63351049133709,0.364
6.75,0.771,0.963348369968233,2.64340973245418,0.364
6.75,0.772,0.963255394294592,2.6533171155025,0.364
6.75,0.773,0.963162360519318,2.66323260434127,0.364
6.75,0.774,0.963069269018848,2.67315616298209,0.364
6.75,0.775,0.962976120167949,2.68308775558799,0.364
6.75,0.776,0.962882914339731,2.69302734647254,0.364
6.75,0.777,0.962789651905648,2.70297490009934,0.364
6.75,0.778,0.962696333235514,2.71293038108085,0.364
6.75,0.779,0.962602958697505,2.72289375417802,0.364
6.75,0.78,0.962509528658169,2.7328649842993,0.364
6.75,0.781,0.962416043482436,2.74284403649983,0.364
6.75,0.782,0.962322503533626,2.75283087598086,0.364
6.75,0.783,0.962228909173453,2.76282546808899,0.364
6.75,0.784,0.962135260762037,2.77282777831511,0.364
6.75,0.785,0.962041558657913,2.782837772294,0.364
6.75,0.786,0.961947803218034,2.7928554158035,0.364
6.75,0.787,0.961853994797781,2.80288067476377,0.364
6.75,0.788,0.961760133750975,2.81291351523645,0.364
6.75,0.789,0.961666220429876,2.82295390342409,0.364
6.75,0.79,0.961572255185201,2.83300180566919,0.364
6.75,0.791,0.961478238366123,2.84305718845403,0.364
6.75,0.792,0.961384170320284,2.8531200183991,0.364
6.75,0.793,0.961290051393798,2.86319026226336,0.364
6.75,0.794,0.961195881931266,2.8732678869426,0.364
6.75,0.795,0.961101662275775,2.88335285946946,0.364
6.75,0.796,0.961007392768909,2.89344514701246,0.364
6.75,0.797,0.960913073750759,2.90354471687513,0.364
6.75,0.798,0.960818705559926,2.91365153649576,0.364
6.75,0.799,0.960724288533532,2.9237655734462,0.364
6.75,0.8,0.960629823007225,2.93388679543163,0.364
7,0.2,0.976789334628381,1.17659782059478,0.363
7,0.201,0.976959560888811,1.15896872459171,0.363
7,0.202,0.977128052570362,1.14152531510252,0.363
7,0.203,0.977294822673884,1.12426605796141,0.363
7,0.204,0.977459884073571,1.10718943602548,0.363
7,0.205,0.977623249518584,1.0902939489303,0.363
7,0.206,0.977784931634641,1.07357811285045,0.363
7,0.207,0.97794494292559,1.05704046026411,0.363
7,0.208,0.978103295774947,1.04067953972167,0.363
7,0.209,0.978260002447416,1.02449391561865,0.363
7,0.21,0.978415075090383,1.00848216797214,0.363
7,0.211,0.978568525735381,0.992642892202156,0.363
7,0.212,0.978720366299539,0.976974698915667,0.363
7,0.213,0.978870608587003,0.961476213695223,0.363
7,0.214,0.979019264290334,0.946146076890586,0.363
7,0.215,0.979166344991888,0.930982943414804,0.363
7,0.216,0.979311862165167,0.915985482542903,0.363
7,0.217,0.979455827176159,0.901152377714487,0.363
7,0.218,0.979598251284648,0.886482326339855,0.363
7,0.219,0.979739145645507,0.871974039608725,0.363
7,0.22,0.979878521309971,0.857626242303478,0.363
7,0.221,0.980016389226889,0.843437672614034,0.363
7,0.222,0.980152760243962,0.829407081956779,0.363
7,0.223,0.980287645108951,0.815533234796684,0.363
7,0.224,0.98042105447088,0.801814908471465,0.363
7,0.225,0.980552998881208,0.788250893019682,0.363
7,0.226,0.980683488794994,0.774839991011111,0.363
7,0.227,0.980812534572036,0.76158101738002,0.363
7,0.228,0.980940146478,0.748472799261179,0.363
7,0.229,0.981066334685522,0.735514175829044,0.363
7,0.23,0.981191109275309,0.722703998138474,0.363
7,0.231,0.981314480237206,0.710041128969241,0.363
7,0.232,0.981436457471261,0.697524442672348,0.363
7,0.233,0.981557050788766,0.685152825019175,0.363
7,0.234,0.98167626991329,0.672925173052574,0.363
7,0.235,0.981794124481686,0.660840394941231,0.363
7,0.236,0.981910624045093,0.648897409835425,0.363
7,0.237,0.982025778069923,0.637095147725586,0.363
7,0.238,0.982139595938825,0.625432549303118,0.363
7,0.239,0.982252086951645,0.613908565823396,0.363
7,0.24,0.982363260326369,0.602522158970542,0.363
7,0.241,0.982473125200044,0.591272300725132,0.363
7,0.242,0.982581690629703,0.580157973233142,0.363
7,0.243,0.982688965593262,0.569178168677387,0.363
7,0.244,0.982794958990407,0.558331889151131,0.363
7,0.245,0.982899679643477,0.547618146533124,0.363
7,0.246,0.983003136298321,0.537035962365162,0.363
7,0.247,0.983105337625159,0.526584367730853,0.363
7,0.248,0.983206292219411,0.51626240313738,0.363
7,0.249,0.983306008602538,0.506069118397279,0.363
7,0.25,0.983404495222849,0.496003572514292,0.363
7,0.251,0.983501760456309,0.4860648335691,0.363
7,0.252,0.983597812607339,0.476251978607434,0.363
7,0.253,0.983692659909588,0.466564093530408,0.363
7,0.254,0.98378631052672,0.457000272985453,0.363
7,0.255,0.983878772553165,0.447559620259819,0.363
7,0.256,0.983970054014873,0.438241247175464,0.363
7,0.257,0.98406016287006,0.429044273984891,0.363
7,0.258,0.984149107009935,0.419967829269607,0.363
7,0.259,0.984236894259422,0.41101104983905,0.363
7,0.26,0.984323532377871,0.402173080631929,0.363
7,0.261,0.984409029059767,0.393453074618022,0.363
7,0.262,0.984493391935412,0.384850192702624,0.363
7,0.263,0.984576628571616,0.37636360363138,0.363
7,0.264,0.984658746472368,0.367992483896962,0.363
7,0.265,0.984739753079505,0.359736017647028,0.363
7,0.266,0.984819655773364,0.351593396593719,0.363
7,0.267,0.984898461873433,0.34356381992422,0.363
7,0.268,0.984976178638991,0.335646494212472,0.363
7,0.269,0.985052813269735,0.327840633332754,0.363
7,0.27,0.985128372906409,0.320145458373777,0.363
7,0.271,0.985202864631413,0.312560197554812,0.363
7,0.272,0.985276295469413,0.305084086142116,0.363
7,0.273,0.985348672387936,0.297716366367573,0.363
7,0.274,0.985420002297969,0.290456287347252,0.363
7,0.275,0.985490292054532,0.283303105002464,0.363
7,0.276,0.985559548457263,0.27625608198103,0.363
7,0.277,0.98562777825098,0.269314487579786,0.363
7,0.278,0.985694988126246,0.262477597668664,0.363
7,0.279,0.985761184719926,0.255744694614979,0.363
7,0.28,0.985826374615723,0.249115067209926,0.363
7,0.281,0.985890564344732,0.242588010595046,0.363
7,0.282,0.985953760385965,0.236162826190145,0.363
7,0.283,0.986015969166878,0.229838821622486,0.363
7,0.284,0.986077197063895,0.223615310656355,0.363
7,0.285,0.986137450402917,0.21749161312421,0.363
7,0.286,0.986196735459834,0.211467054858416,0.363
7,0.287,0.98625505846102,0.205540967623907,0.363
7,0.288,0.986312425583833,0.19971268905199,0.363
7,0.289,0.986368842957101,0.193981562574863,0.363
7,0.29,0.986424316661602,0.188346937361183,0.363
7,0.291,0.986478852730547,0.182808168252291,0.363
7,0.292,0.986532457150043,0.177364615699749,0.363
7,0.293,0.986585135859563,0.172015645702883,0.363
7,0.294,0.986636894752404,0.166760629748142,0.363
7,0.295,0.986687739676139,0.16159894474872,0.363
7,0.296,0.986737676433068,0.156529972984898,0.363
7,0.297,0.986786710780656,0.151553102045821,0.363
7,0.298,0.986834848431976,0.146667724771143,0.363
7,0.299,0.986882095056138,0.141873239194057,0.363
7,0.3,0.986928456278714,0.137169048485175,0.363
7,0.301,0.986973937682161,0.132554560896669,0.363
7,0.302,0.987018544806243,0.128029189707446,0.363
7,0.303,0.987062283148432,0.123592353169188,0.363
7,0.304,0.987105158164325,0.119243474452602,0.363
7,0.305,0.987147175268038,0.114981981594986,0.363
7,0.306,0.987188339832612,0.110807307447969,0.363
7,0.307,0.987228657190394,0.106718889626345,0.363
7,0.308,0.987268132633435,0.102716170457184,0.363
7,0.309,0.98730677141387,0.0987985969298943,0.363
7,0.31,0.987344578744293,0.0949656206468141,0.363
7,0.311,0.987381559798137,0.0912166977746542,0.363
7,0.312,0.98741771971004,0.0875512889959573,0.363
7,0.313,0.987453063576214,0.0839688594619137,0.363
7,0.314,0.987487596454803,0.0804688787454655,0.363
7,0.315,0.987521323366243,0.0770508207948328,0.363
7,0.316,0.987554249293614,0.0737141638879724,0.363
7,0.317,0.987586379182988,0.070458390587369,0.363
7,0.318,0.987617717943777,0.0672829876955605,0.363
7,0.319,0.987648270449072,0.064187446211017,0.363
7,0.32,0.987678041535979,0.0611712612848869,0.363
7,0.321,0.987707036005955,0.0582339321780756,0.363
7,0.322,0.987735258625136,0.055374962218746,0.363
7,0.323,0.987762714124663,0.0525938587606856,0.363
7,0.324,0.987789407201005,0.0498901331420054,0.363
7,0.325,0.987815342516276,0.0472633006443068,0.363
7,0.326,0.987840524698553,0.0447128804522912,0.363
7,0.327,0.987864958342179,0.0422383956145023,0.363
7,0.328,0.987888648008083,0.0398393730033142,0.363
7,0.329,0.987911598224076,0.037515343276695,0.363
7,0.33,0.987933813485154,0.035265840839771,0.363
7,0.331,0.987955298253795,0.0330904038070345,0.363
7,0.332,0.987976056960256,0.0309885739646854,0.363
7,0.333,0.987996094002859,0.0289598967342375,0.363
7,0.334,0.988015413748286,0.0270039211354378,0.363
7,0.335,0.988034020531856,0.0251201997508499,0.363
7,0.336,0.988051918657813,0.023308288689905,0.363
7,0.337,0.988069112399601,0.0215677475538412,0.363
7,0.338,0.988085606000136,0.0198981394011755,0.363
7,0.339,0.988101403672089,0.0182990307128428,0.363
7,0.34,0.988116509598143,0.0167699913591557,0.363
7,0.341,0.988130927931267,0.0153105945656984,0.363
7,0.342,0.988144662794977,0.0139204168804419,0.363
7,0.343,0.988157718283601,0.0125990381409702,0.363
7,0.344,0.988170098462527,0.0113460414424615,0.363
7,0.345,0.988181807368468,0.0101610131054475,0.363
7,0.346,0.988192849009709,0.00904354264459339,0.363
7,0.347,0.98820322736636,0.00799322273732361,0.363
7,0.348,0.988212946390598,0.00700964919304603,0.363
7,0.349,0.988222010006916,0.00609242092308726,0.363
7,0.35,0.988230422112364,0.00524113991005049,0.363
7,0.351,0.988238186576785,0.00445541117859438,0.363
7,0.352,0.988245307243053,0.0037348427659234,0.363
7,0.353,0.98825178792731,0.00307904569278872,0.363
7,0.354,0.988257632419195,0.00248763393457807,0.363
7,0.355,0.98826284448207,0.00196022439362675,0.363
7,0.356,0.988267427853253,0.00149643687032963,0.363
7,0.357,0.988271386244237,0.00109589403620713,0.363
7,0.358,0.988274723340917,0.000758221406149673,0.363
7,0.359,0.988277442803804,0.000483047311417018,0.363
7,0.36,0.988279548268245,0.000270002873148378,0.363
7,0.361,0.988281043344641,0.000118721975606029,0.363
7,0.362,0.988281931618654,2.88412402849048e-05,0.363
7,0.363,0.98828221665142,0,0.363
7,0.364,0.988281901979761,3.18402733512357e-05,0.363
7,0.365,0.988280991116386,0.000124006739543603,0.363
7,0.366,0.988279487550097,0.000276146713384939,0.363
7,0.367,0.98827739474599,0.000487910120772206,0.363
7,0.368,0.98827471614566,0.000758949474044535,0.363
7,0.369,0.988271455167392,0.00108891984806903,0.363
7,0.37,0.98826761520636,0.00147747885650418,0.363
7,0.371,0.988263199634822,0.00192428662788569,0.363
7,0.372,0.988258211802308,0.00242900578266703,0.363
7,0.373,0.988252655035815,0.00299130141010462,0.363
7,0.374,0.988246532639992,0.00361084104518739,0.363
7,0.375,0.988239847897325,0.00428729464674316,0.363
7,0.376,0.988232604068323,0.00502033457436823,0.363
7,0.377,0.988224804391701,0.00580963556717773,0.363
7,0.378,0.988216452084559,0.00665487472131243,0.363
7,0.379,0.988207550342559,0.00755573146906663,0.363
7,0.38,0.988198102340108,0.00851188755708332,0.363
7,0.381,0.988188111230525,0.00952302702550423,0.363
7,0.382,0.98817758014622,0.0105888361872086,0.363
7,0.383,0.988166512198865,0.0117090036069412,0.363
7,0.384,0.98815491047956,0.012883220081239,0.363
7,0.385,0.988142778059006,0.0141111786181813,0.363
7,0.386,0.98813011798767,0.0153925744172501,0.363
7,0.387,0.988116933295947,0.0167271048500561,0.363
7,0.388,0.988103226994328,0.0181144694403557,0.363
7,0.389,0.988089002073557,0.0195543698449763,0.363
7,0.39,0.988074261504797,0.0210465098349211,0.363
7,0.391,0.988059008239779,0.022590595276184,0.363
7,0.392,0.988043245210971,0.024186334111187,0.363
7,0.393,0.988026975331721,0.0258334363404611,0.363
7,0.394,0.988010201496423,0.0275316140041504,0.363
7,0.395,0.987992926580657,0.0292805811641816,0.363
7,0.396,0.987975153441349,0.0310800538861677,0.363
7,0.397,0.987956884916918,0.0329297502217774,0.363
7,0.398,0.987938123827423,0.034829390191371,0.363
7,0.399,0.987918872974709,0.0367786957665484,0.363
7,0.4,0.987899135142553,0.0387773908529399,0.363
7,0.401,0.987878913096808,0.0408252012737309,0.363
7,0.402,0.987858209585544,0.0429218547522536,0.363
7,0.403,0.987837027339191,0.0450670808957554,0.363
7,0.404,0.987815369070678,0.0472606111789453,0.363
7,0.405,0.987793237475568,0.0495021789278738,0.363
7,0.406,0.987770635232199,0.0517915193035678,0.363
7,0.407,0.987747565001818,0.0541283692864436,0.363
7,0.408,0.987724029428717,0.0565124676602302,0.363
7,0.409,0.98770003114036,0.0589435549969375,0.363
7,0.41,0.987675572747525,0.0614213736407132,0.363
7,0.411,0.987650656844424,0.0639456676932992,0.363
7,0.412,0.987625286008839,0.0665161829985328,0.363
7,0.413,0.987599462802248,0.0691326671275583,0.363
7,0.414,0.987573189769951,0.0717948693640391,0.363
7,0.415,0.987546469441197,0.0745025406895472,0.363
7,0.416,0.987519304329308,0.0772554337689746,0.363
7,0.417,0.987491696931803,0.0800533029364781,0.363
7,0.418,0.987463649730518,0.0828959041809352,0.363
7,0.419,0.987435165191729,0.0857829951322886,0.363
7,0.42,0.987406245766273,0.0887143350473574,0.363
7,0.421,0.987376893889661,0.0916896847963589,0.363
7,0.422,0.987347111982203,0.0947088068490975,0.363
7,0.423,0.987316902449121,0.0977714652615314,0.363
7,0.424,0.987286267680664,0.10087742566256,0.363
7,0.425,0.987255210052222,0.10402645524088,0.363
7,0.426,0.987223731924442,0.107218322731661,0.363
7,0.427,0.987191835643339,0.110452798403715,0.363
7,0.428,0.987159523540406,0.11372965404699,0.363
7,0.429,0.987126797932726,0.117048662959429,0.363
7,0.43,0.987093661123079,0.120409599934912,0.363
7,0.431,0.987060115400054,0.123812241250487,0.363
7,0.432,0.987026163038153,0.12725636465416,0.363
7,0.433,0.986991806297897,0.130741749352858,0.363
7,0.434,0.986957047425933,0.134268176000485,0.363
7,0.435,0.986921888655141,0.137835426685395,0.363
7,0.436,0.98688633220473,0.141443284919407,0.363
7,0.437,0.986850380280346,0.14509153562543,0.363
7,0.438,0.986814035074173,0.148779965126589,0.363
7,0.439,0.986777298765032,0.152508361133918,0.363
7,0.44,0.986740173518483,0.156276512735731,0.363
7,0.441,0.986702661486921,0.160084210386091,0.363
7,0.442,0.986664764809673,0.163931245893778,0.363
7,0.443,0.986626485613103,0.167817412411009,0.363
7,0.444,0.986587826010697,0.171742504423023,0.363
7,0.445,0.986548788103166,0.175706317736957,0.363
7,0.446,0.986509373978537,0.179708649471166,0.363
7,0.447,0.98646958571225,0.183749298044722,0.363
7,0.448,0.986429425367246,0.187828063166817,0.363
7,0.449,0.986388894994063,0.191944745826556,0.363
7,0.45,0.986347996630924,0.196099148282625,0.363
7,0.451,0.986306732303831,0.200291074053083,0.363
7,0.452,0.986265104026652,0.204520327905056,0.363
7,0.453,0.986223113801207,0.208786715845344,0.363
7,0.454,0.986180763617364,0.213090045109809,0.363
7,0.455,0.986138055453118,0.217430124154139,0.363
7,0.456,0.98609499127468,0.221806762643961,0.363
7,0.457,0.986051573036565,0.226219771445235,0.363
7,0.458,0.986007802681678,0.230668962614389,0.363
7,0.459,0.985963682141389,0.235154149389749,0.363
7,0.46,0.985919213335626,0.239675146181528,0.363
7,0.461,0.985874398172957,0.244231768562542,0.363
7,0.462,0.985829238550665,0.248823833259637,0.363
7,0.463,0.985783736354835,0.253451158143903,0.363
7,0.464,0.985737893460436,0.258113562222206,0.363
7,0.465,0.985691711731393,0.262810865628249,0.363
7,0.466,0.985645193020677,0.267542889613415,0.363
7,0.467,0.985598339170373,0.272309456538466,0.363
7,0.468,0.985551152011766,0.277110389864599,0.363
7,0.469,0.985503633365411,0.281945514145021,0.363
7,0.47,0.985455785041215,0.28681465501641,0.363
7,0.471,0.985407608838514,0.291717639190447,0.363
7,0.472,0.985359106546138,0.296654294445808,0.363
7,0.473,0.9853102799425,0.301624449619431,0.363
7,0.474,0.985261130795658,0.30662793459868,0.363
7,0.475,0.985211660863394,0.31166458031322,0.363
7,0.476,0.985161871893284,0.316734218726933,0.363
7,0.477,0.985111765622773,0.321836682829879,0.363
7,0.478,0.985061343779247,0.326971806630527,0.363
7,0.479,0.985010608080095,0.332139425148137,0.363
7,0.48,0.984959560232791,0.337339374404766,0.363
7,0.481,0.984908201934959,0.342571491417498,0.363
7,0.482,0.984856534874436,0.347835614191427,0.363
7,0.483,0.98480456072935,0.353131581711486,0.363
7,0.484,0.984752281168184,0.358459233935382,0.363
7,0.485,0.984699697849839,0.363818411786254,0.363
7,0.486,0.984646812423709,0.369208957145029,0.363
7,0.487,0.984593626529739,0.374630712843604,0.363
7,0.488,0.984540141798499,0.380083522657193,0.363
7,0.489,0.984486359851238,0.385567231297768,0.363
7,0.49,0.98443228229996,0.391081684406536,0.363
7,0.491,0.984377910747482,0.396626728547167,0.363
7,0.492,0.984323246787496,0.40220221119891,0.363
7,0.493,0.984268292004637,0.40780798074973,0.363
7,0.494,0.984213047974541,0.413443886489162,0.363
7,0.495,0.984157516263909,0.419109778602267,0.363
7,0.496,0.984101698430568,0.424805508162396,0.363
7,0.497,0.984045596023531,0.430530927124639,0.363
7,0.498,0.98398921058306,0.436285888319521,0.363
7,0.499,0.983932543640721,0.44207024544638,0.363
7,0.5,0.983875596719448,0.44788385306691,0.363
7,0.501,0.983818371333602,0.453726566598656,0.363
7,0.502,0.983760868989023,0.459598242309056,0.363
7,0.503,0.983703091183096,0.465498737308723,0.363
7,0.504,0.983645039404805,0.471427909545663,0.363
7,0.505,0.983586715134788,0.477385617798776,0.363
7,0.506,0.983528119845396,0.483371721671988,0.363
7,0.507,0.983469255000749,0.489386081588039,0.363
7,0.508,0.983410122056793,0.495428558782551,0.363
7,0.509,0.983350722461348,0.501499015298279,0.363
7,0.51,0.983291057654173,0.507597313978914,0.363
7,0.511,0.983231129067012,0.513723318463377,0.363
7,0.512,0.983170938123654,0.519876893180049,0.363
7,0.513,0.98311048623998,0.526057903341104,0.363
7,0.514,0.983049774824021,0.532266214936672,0.363
7,0.515,0.982988805276009,0.538501694729399,0.363
7,0.516,0.982927578988429,0.544764210248516,0.363
7,0.517,0.98286609734607,0.551053629784892,0.363
7,0.518,0.982804361726077,0.557369822384901,0.363
7,0.519,0.982742373498002,0.563712657845428,0.363
7,0.52,0.982680134023854,0.570082006708228,0.363
7,0.521,0.98261764465815,0.576477740254844,0.363
7,0.522,0.982554906747963,0.582899730500896,0.363
7,0.523,0.982491921632973,0.589347850191291,0.363
7,0.524,0.982428690645514,0.595821972794797,0.363
7,0.525,0.982365215110625,0.602321972498676,0.363
7,0.526,0.982301496346095,0.608847724203998,0.363
7,0.527,0.982237535662515,0.615399103520176,0.363
7,0.528,0.982173334363318,0.621975986760259,0.363
7,0.529,0.982108893744836,0.628578250935652,0.363
7,0.53,0.982044215096336,0.635205773751446,0.363
7,0.531,0.981979299700078,0.641858433601139,0.363
7,0.532,0.981914148831348,0.648536109562325,0.363
7,0.533,0.981848763758513,0.655238681391279,0.363
7,0.534,0.981783145743062,0.661966029518646,0.363
7,0.535,0.981717296039653,0.668718035044424,0.363
7,0.536,0.981651215896155,0.675494579733393,0.363
7,0.537,0.981584906553695,0.682295546010359,0.363
7,0.538,0.981518369246697,0.689120816955713,0.363
7,0.539,0.981451605202932,0.695970276300706,0.363
7,0.54,0.981384615643555,0.702843808422893,0.363
7,0.541,0.981317401783152,0.709741298341648,0.363
7,0.542,0.981249964829781,0.716662631713749,0.363
7,0.543,0.981182305985011,0.723607694829154,0.363
7,0.544,0.981114426443969,0.730576374606051,0.363
7,0.545,0.98104632739538,0.737568558586998,0.363
7,0.546,0.980978010021604,0.744584134934456,0.363
7,0.547,0.980909475498682,0.751622992426504,0.363
7,0.548,0.980840724996375,0.758685020452488,0.363
7,0.549,0.980771759678203,0.765770109009045,0.363
7,0.55,0.980702580701483,0.772878148695777,0.363
7,0.551,0.980633189217375,0.780009030711026,0.363
7,0.552,0.980563586370916,0.78716264684795,0.363
7,0.553,0.980493773301058,0.794338889490454,0.363
7,0.554,0.980423751140711,0.801537651608974,0.363
7,0.555,0.98035352101678,0.808758826756439,0.363
7,0.556,0.980283084050201,0.816002309064645,0.363
7,0.557,0.980212441355979,0.823267993240107,0.363
7,0.558,0.980141594043231,0.830555774559927,0.363
7,0.559,0.980070543215214,0.837865548868266,0.363
7,0.56,0.979999289969369,0.845197212572479,0.363
7,0.561,0.979927835397356,0.852550662639007,0.363
7,0.562,0.979856180585089,0.859925796589822,0.363
7,0.563,0.979784326612773,0.867322512498769,0.363
7,0.564,0.979712274554941,0.874740708987476,0.363
7,0.565,0.979640025480485,0.882180285222245,0.363
7,0.566,0.979567580452699,0.889641140909725,0.363
7,0.567,0.979494940529306,0.897123176293846,0.363
7,0.568,0.9794221067625,0.9046262921518,0.363
7,0.569,0.979349080198973,0.912150389790733,0.363
7,0.57,0.979275861879958,0.919695371044171,0.363
7,0.571,0.979202452841252,0.927261138268443,0.363
7,0.572,0.979128854113262,0.934847594339128,0.363
7,0.573,0.979055066721029,0.942454642647816,0.363
7,0.574,0.978981091684266,0.950082187098467,0.363
7,0.575,0.97890693001739,0.957730132104007,0.363
7,0.576,0.978832582729552,0.965398382583182,0.363
7,0.577,0.978758050824676,0.973086843956983,0.363
7,0.578,0.978683335301482,0.980795422145575,0.363
7,0.579,0.97860843715353,0.988524023564397,0.363
7,0.58,0.978533357369238,0.996272555121891,0.363
7,0.581,0.978458096931926,1.00404092421524,0.363
7,0.582,0.97838265681984,1.0118290387279,0.363
7,0.583,0.978307038006184,1.01963680702595,0.363
7,0.584,0.978231241459154,1.02746413795518,0.363
7,0.585,0.978155268141965,1.03531094083789,0.363
7,0.586,0.978079119012883,1.04317712546964,0.363
7,0.587,0.978002795025256,1.05106260211647,0.363
7,0.588,0.977926297127545,1.05896728151127,0.363
7,0.589,0.977849626263348,1.06689107485154,0.363
7,0.59,0.977772783371435,1.07483389379561,0.363
7,0.591,0.977695769385778,1.08279565046021,0.363
7,0.592,0.977618585235574,1.09077625741709,0.363
7,0.593,0.977541231845282,1.09877562769023,0.363
7,0.594,0.977463710134645,1.10679367475295,0.363
7,0.595,0.97738602101872,1.11483031252515,0.363
7,0.596,0.977308165407912,1.12288545536998,0.363
7,0.597,0.977230144207992,1.1309590180915,0.363
7,0.598,0.977151958320133,1.13905091593145,0.363
7,0.599,0.977073608640936,1.1471610645666,0.363
7,0.6,0.976995096062452,1.15528938010623,0.363
7,0.601,0.97691642147222,1.16343577908871,0.363
7,0.602,0.976837585753282,1.1716001784793,0.363
7,0.603,0.97675858978422,1.17978249566726,0.363
7,0.604,0.976679434439174,1.1879826484632,0.363
7,0.605,0.976600120587878,1.19620055509619,0.363
7,0.606,0.976520649095677,1.20443613421131,0.363
7,0.607,0.976441020823561,1.2126893048668,0.363
7,0.608,0.976361236628183,1.22095998653184,0.363
7,0.609,0.976281297361891,1.22924809908354,0.363
7,0.61,0.976201203872754,1.23755356280437,0.363
7,0.611,0.976120957004582,1.24587629837987,0.363
7,0.612,0.976040557596954,1.25421622689594,0.363
7,0.613,0.975960006485245,1.2625732698363,0.363
7,0.614,0.97587930450065,1.27094734907993,0.363
7,0.615,0.975798452470204,1.27933838689884,0.363
7,0.616,0.975717451216815,1.28774630595532,0.363
7,0.617,0.975636301559279,1.29617102929962,0.363
7,0.618,0.975555004312311,1.3046124803676,0.363
7,0.619,0.97547356028657,1.31307058297794,0.363
7,0.62,0.975391970288675,1.32154526133028,0.363
7,0.621,0.975310235121232,1.33003644000267,0.363
7,0.622,0.975228355582867,1.33854404394875,0.363
7,0.623,0.975146332468232,1.3470679984962,0.363
7,0.624,0.975064166568042,1.35560822934377,0.363
7,0.625,0.974981858669094,1.3641646625592,0.363
7,0.626,0.974899409554285,1.37273722457723,0.363
7,0.627,0.974816820002645,1.38132584219661,0.363
7,0.628,0.974734090789348,1.3899304425786,0.363
7,0.629,0.974651222685741,1.39855095324444,0.363
7,0.63,0.974568216459366,1.40718730207288,0.363
7,0.631,0.974485072873982,1.4158394172983,0.363
7,0.632,0.974401792689584,1.42450722750855,0.363
7,0.633,0.974318376662428,1.43319066164243,0.363
7,0.634,0.97423482554505,1.44188964898799,0.363
7,0.635,0.97415114008629,1.45060411917997,0.363
7,0.636,0.974067321031312,1.45933400219795,0.363
7,0.637,0.973983369121624,1.46807922836423,0.363
7,0.638,0.973899285095103,1.47683972834143,0.363
7,0.639,0.97381506968601,1.48561543313099,0.363
7,0.64,0.973730723625016,1.49440627407051,0.363
7,0.641,0.973646247639221,1.50321218283205,0.363
7,0.642,0.97356164245217,1.51203309142014,0.363
7,0.643,0.973476908783883,1.52086893216938,0.363
7,0.644,0.973392047350867,1.52971963774282,0.363
7,0.645,0.973307058866137,1.53858514112994,0.363
7,0.646,0.973221944039238,1.54746537564456,0.363
7,0.647,0.973136703576266,1.55636027492279,0.363
7,0.648,0.973051338179885,1.5652697729212,0.363
7,0.649,0.972965848549346,1.57419380391519,0.363
7,0.65,0.972880235380509,1.5831323024964,0.363
7,0.651,0.97279449936586,1.59208520357141,0.363
7,0.652,0.972708641194532,1.6010524423596,0.363
7,0.653,0.972622661552323,1.61003395439141,0.363
7,0.654,0.972536561121713,1.61902967550609,0.363
7,0.655,0.972450340581888,1.62803954185047,0.363
7,0.656,0.972364000608751,1.63706348987662,0.363
7,0.657,0.972277541874949,1.64610145634017,0.363
7,0.658,0.972190965049882,1.65515337829873,0.363
7,0.659,0.972104270799732,1.66421919310975,0.363
7,0.66,0.972017459787469,1.67329883842908,0.363
7,0.661,0.971930532672881,1.6823922522087,0.363
7,0.662,0.971843490112584,1.69149937269555,0.363
7,0.663,0.97175633276004,1.70062013842942,0.363
7,0.664,0.971669061265578,1.70975448824149,0.363
7,0.665,0.971581676276412,1.71890236125209,0.363
7,0.666,0.971494178436655,1.72806369686964,0.363
7,0.667,0.971406568387334,1.73723843478868,0.363
7,0.668,0.971318846766416,1.74642651498798,0.363
7,0.669,0.97123101420882,1.75562787772903,0.363
7,0.67,0.97114307134643,1.76484246355464,0.363
7,0.671,0.971055018808118,1.77407021328695,0.363
7,0.672,0.970966857219757,1.78331106802592,0.363
7,0.673,0.970878587204242,1.79256496914761,0.363
7,0.674,0.9707902093815,1.80183185830278,0.363
7,0.675,0.970701724368511,1.81111167741526,0.363
7,0.676,0.970613132779326,1.82040436867981,0.363
7,0.677,0.970524435225075,1.82970987456148,0.363
7,0.678,0.970435632313992,1.83902813779346,0.363
7,0.679,0.970346724651427,1.84835910137553,0.363
7,0.68,0.970257712839861,1.85770270857246,0.363
7,0.681,0.970168597478924,1.86705890291303,0.363
7,0.682,0.970079379165408,1.87642762818776,0.363
7,0.683,0.969990058493287,1.88580882844791,0.363
7,0.684,0.969900636053727,1.89520244800367,0.363
7,0.685,0.969811112435104,1.90460843142302,0.363
7,0.686,0.969721488223022,1.91402672352972,0.363
7,0.687,0.96963176400032,1.92345726940255,0.363
7,0.688,0.969541940347098,1.9329000143731,0.363
7,0.689,0.969452017840723,1.94235490402488,0.363
7,0.69,0.969361997055848,1.95182188419156,0.363
7,0.691,0.969271878564426,1.96130090095574,0.363
7,0.692,0.969181662935723,1.97079190064744,0.363
7,0.693,0.969091350736338,1.98029482984254,0.363
7,0.694,0.969000942530208,1.98980963536177,0.363
7,0.695,0.968910438878634,1.99933626426878,0.363
7,0.696,0.968819840340285,2.00887466386936,0.363
7,0.697,0.968729147471217,2.01842478170959,0.363
7,0.698,0.96863836082489,2.02798656557459,0.363
7,0.699,0.968547480952173,2.03755996348745,0.363
7,0.7,0.968456508401367,2.04714492370746,0.363
7,0.701,0.968365443718217,2.056741394729,0.363
7,0.702,0.968274287445919,2.06634932528029,0.363
7,0.703,0.968183040125142,2.07596866432203,0.363
7,0.704,0.96809170229404,2.08559936104566,0.363
7,0.705,0.96800027448826,2.09524136487287,0.363
7,0.706,0.96790875724096,2.10489462545367,0.363
7,0.707,0.967817151082824,2.11455909266534,0.363
7,0.708,0.967725456542071,2.1242347166111,0.363
7,0.709,0.967633674144469,2.13392144761888,0.363
7,0.71,0.96754180441335,2.1436192362402,0.363
7,0.711,0.967449847869623,2.15332803324857,0.363
7,0.712,0.967357805031784,2.16304778963865,0.363
7,0.713,0.967265676415931,2.17277845662465,0.363
7,0.714,0.967173462535777,2.18251998563941,0.363
7,0.715,0.967081163902661,2.19227232833306,0.363
7,0.716,0.966988781025564,2.2020354365718,0.363
7,0.717,0.966896314411116,2.21180926243674,0.363
7,0.718,0.966803764563613,2.22159375822273,0.363
7,0.719,0.966711131985028,2.23138887643699,0.363
7,0.72,0.966618417175024,2.24119456979823,0.363
7,0.721,0.966525620630963,2.25101079123535,0.363
7,0.722,0.966432742847922,2.26083749388615,0.363
7,0.723,0.966339784318704,2.27067463109645,0.363
7,0.724,0.966246745533846,2.28052215641874,0.363
7,0.725,0.96615362698164,2.29038002361097,0.363
7,0.726,0.966060429148135,2.30024818663577,0.363
7,0.727,0.965967152517153,2.31012659965903,0.363
7,0.728,0.965873797570301,2.3200152170489,0.363
7,0.729,0.965780364786985,2.32991399337452,0.363
7,0.73,0.965686854644413,2.33982288340535,0.363
7,0.731,0.965593267617617,2.34974184210948,0.363
7,0.732,0.965499604179457,2.35967082465303,0.363
7,0.733,0.965405864800636,2.36960978639882,0.363
7,0.734,0.965312049949709,2.37955868290554,0.363
7,0.735,0.965218160093095,2.38951746992624,0.363
7,0.736,0.965124195695091,2.39948610340779,0.363
7,0.737,0.965030157217875,2.40946453948963,0.363
7,0.738,0.964936045121528,2.41945273450248,0.363
7,0.739,0.964841859864035,2.42945064496776,0.363
7,0.74,0.964747601901301,2.43945822759626,0.363
7,0.741,0.964653271687165,2.449475439287,0.363
7,0.742,0.964558869673399,2.45950223712668,0.363
7,0.743,0.964464396309732,2.46953857838832,0.363
7,0.744,0.964369852043851,2.4795844205302,0.363
7,0.745,0.964275237321419,2.48963972119507,0.363
7,0.746,0.964180552586076,2.49970443820919,0.363
7,0.747,0.964085798279461,2.50977852958123,0.363
7,0.748,0.963990974841213,2.51986195350107,0.363
7,0.749,0.963896082708984,2.52995466833936,0.363
7,0.75,0.963801122318453,2.54005663264611,0.363
7,0.751,0.963706094103328,2.55016780515005,0.363
7,0.752,0.963610998495366,2.56028814475737,0.363
7,0.753,0.963515835924374,2.57041761055086,0.363
7,0.754,0.963420606818225,2.58055616178929,0.363
7,0.755,0.963325311602864,2.59070375790615,0.363
7,0.756,0.963229950702322,2.60086035850857,0.363
7,0.757,0.963134524538722,2.61102592337685,0.363
7,0.758,0.963039033532289,2.62120041246332,0.363
7,0.759,0.962943478101363,2.63138378589136,0.363
7,0.76,0.962847858662403,2.64157600395465,0.363
7,0.761,0.962752175630004,2.6517770271161,0.363
7,0.762,0.962656429416899,2.66198681600704,0.363
7,0.763,0.962560620433972,2.67220533142651,0.363
7,0.764,0.962464749090269,2.68243253434006,0.363
7,0.765,0.962368815793003,2.69266838587916,0.363
7,0.766,0.962272820947567,2.70291284734006,0.363
7,0.767,0.962176764957543,2.71316588018307,0.363
7,0.768,0.962080648224707,2.72342744603196,0.363
7,0.769,0.961984471149042,2.73369750667256,0.363
7,0.77,0.961888234128748,2.74397602405227,0.363
7,0.771,0.961791937560246,2.75426296027932,0.363
7,0.772,0.961695581838193,2.76455827762141,0.363
7,0.773,0.961599167355485,2.77486193850573,0.363
7,0.774,0.961502694503271,2.7851739055172,0.363
7,0.775,0.961406163670958,2.79549414139821,0.363
7,0.776,0.96130957524622,2.80582260904785,0.363
7,0.777,0.961212929615012,2.8161592715207,0.363
7,0.778,0.96111622716157,2.82650409202634,0.363
7,0.779,0.961019468268425,2.83685703392851,0.363
7,0.78,0.960922653316413,2.84721806074424,0.363
7,0.781,0.960825782684678,2.85758713614299,0.363
7,0.782,0.960728856750684,2.8679642239462,0.363
7,0.783,0.960631875890222,2.87834928812614,0.363
7,0.784,0.960534840477422,2.88874229280502,0.363
7,0.785,0.960437750884756,2.89914320225479,0.363
7,0.786,0.960340607483048,2.90955198089611,0.363
7,0.787,0.960243410641484,2.91996859329715,0.363
7,0.788,0.960146160727617,2.93039300417355,0.363
7,0.789,0.96004885810738,2.94082517838723,0.363
7,0.79,0.959951503145088,2.95126508094552,0.363
7,0.791,0.959854096203449,2.96171267700103,0.363
7,0.792,0.959756637643574,2.97216793185027,0.363
7,0.793,0.95965912782498,2.9826308109332,0.363
7,0.794,0.959561567105601,2.99310127983257,0.363
7,0.795,0.959463955841799,3.00357930427282,0.363
7,0.796,0.959366294388362,3.01406485012004,0.363
7,0.797,0.959268583098522,3.02455788338047,0.363
7,0.798,0.959170822323957,3.03505837020044,0.363
7,0.799,0.959073012414801,3.04556627686512,0.363
7,0.8,0.958975153719648,3.05608156979846,0.363
7.25,0.2,0.97598967206145,1.20518296085927,0.362
7.25,0.201,0.976164284982487,1.18707972465948,0.362
7.25,0.202,0.976337120827018,1.16916710615216,0.362
7.25,0.203,0.976508192769476,1.15144354165797,0.362
7.25,0.204,0.976677513857741,1.1339074847128,0.362
7.25,0.205,0.976845097014745,1.11655740582288,0.362
7.25,0.206,0.977010955040045,1.09939179222365,0.362
7.25,0.207,0.977175100611368,1.08240914764359,0.362
7.25,0.208,0.97733754628614,1.06560799207154,0.362
7.25,0.209,0.977498304502976,1.04898686152903,0.362
7.25,0.21,0.97765738758316,1.03254430784552,0.362
7.25,0.211,0.977814807732095,1.01627889843829,0.362
7.25,0.212,0.97797057704073,1.00018921609577,0.362
7.25,0.213,0.978124707486965,0.98427385876505,0.362
7.25,0.214,0.978277210937031,0.968531439342701,0.362
7.25,0.215,0.978428099146858,0.952960585468943,0.362
7.25,0.216,0.978577383763409,0.93755993932616,0.362
7.25,0.217,0.978725076326,0.922328157439978,0.362
7.25,0.218,0.978871188267601,0.907263910484257,0.362
7.25,0.219,0.97901573091611,0.892365883089141,0.362
7.25,0.22,0.979158715495616,0.877632773652537,0.362
7.25,0.221,0.979300153127638,0.863063294154398,0.362
7.25,0.222,0.979440054832342,0.848656169974737,0.362
7.25,0.223,0.979578431529747,0.834410139713837,0.362
7.25,0.224,0.979715294040906,0.820323955016189,0.362
7.25,0.225,0.979850653089072,0.80639638039719,0.362
7.25,0.226,0.97998451930085,0.792626193072143,0.362
7.25,0.227,0.980116903207323,0.779012182788819,0.362
7.25,0.228,0.980247815245169,0.765553151662424,0.362
7.25,0.229,0.980377265757759,0.752247914013116,0.362
7.25,0.23,0.980505264996237,0.739095296206416,0.362
7.25,0.231,0.980631823120587,0.726094136496092,0.362
7.25,0.232,0.980756950200682,0.713243284869702,0.362
7.25,0.233,0.980880656217317,0.700541602896254,0.362
7.25,0.234,0.981002951063231,0.687987963576964,0.362
7.25,0.235,0.981123844544113,0.675581251197532,0.362
7.25,0.236,0.981243346379585,0.663320361183706,0.362
7.25,0.237,0.981361466204184,0.651204199958588,0.362
7.25,0.238,0.981478213568324,0.639231684801933,0.362
7.25,0.239,0.981593597939239,0.627401743712563,0.362
7.25,0.24,0.981707628701922,0.615713315272015,0.362
7.25,0.241,0.981820315160043,0.604165348510977,0.362
7.25,0.242,0.981931666536858,0.592756802777461,0.362
7.25,0.243,0.982041691976107,0.581486647606932,0.362
7.25,0.244,0.982150400542891,0.570353862595141,0.362
7.25,0.245,0.982257801224549,0.559357437271801,0.362
7.25,0.246,0.982363902931508,0.548496370977536,0.362
7.25,0.247,0.982468714498138,0.537769672741417,0.362
7.25,0.248,0.982572244683578,0.527176361161219,0.362
7.25,0.249,0.982674502172566,0.516715464285378,0.362
7.25,0.25,0.982775495576244,0.506386019496663,0.362
7.25,0.251,0.982875233432964,0.496187073397247,0.362
7.25,0.252,0.982973724209074,0.486117681696108,0.362
7.25,0.253,0.983070976299696,0.476176909098114,0.362
7.25,0.254,0.983166998029499,0.466363829193939,0.362
7.25,0.255,0.983261797653449,0.4566775243529,0.362
7.25,0.256,0.983355383357561,0.447117085616311,0.362
7.25,0.257,0.983447763259638,0.437681612592877,0.362
7.25,0.258,0.983538945409991,0.428370213355755,0.362
7.25,0.259,0.983628937792167,0.419182004340901,0.362
7.25,0.26,0.983717748323646,0.410116110247039,0.362
7.25,0.261,0.98380538485655,0.40117166393705,0.362
7.25,0.262,0.983891855178323,0.392347806340809,0.362
7.25,0.263,0.983977167012416,0.383643686359725,0.362
7.25,0.264,0.984061328018962,0.375058460771882,0.362
7.25,0.265,0.984144345795429,0.366591294139473,0.362
7.25,0.266,0.98422622787728,0.35824135871747,0.362
7.25,0.267,0.984306981738619,0.350007834362498,0.362
7.25,0.268,0.984386614792824,0.341889908444726,0.362
7.25,0.269,0.984465134393179,0.333886775759562,0.362
7.25,0.27,0.984542547833489,0.325997638441766,0.362
7.25,0.271,0.984618862348702,0.318221705879651,0.362
7.25,0.272,0.984694085115502,0.310558194631549,0.362
7.25,0.273,0.984768223252916,0.303006328342725,0.362
7.25,0.274,0.984841283822896,0.295565337663972,0.362
7.25,0.275,0.9849132738309,0.288234460171144,0.362
7.25,0.276,0.984984200226478,0.281012940285419,0.362
7.25,0.277,0.985054069903821,0.273900029195717,0.362
7.25,0.278,0.985122889702336,0.266894984781008,0.362
7.25,0.279,0.98519066640719,0.25999707153459,0.362
7.25,0.28,0.98525740674986,0.253205560489089,0.362
7.25,0.281,0.985323117408668,0.246519729142336,0.362
7.25,0.282,0.98538780500932,0.23993886138447,0.362
7.25,0.283,0.985451476125422,0.233462247426353,0.362
7.25,0.284,0.985514137279008,0.227089183728202,0.362
7.25,0.285,0.985575794941047,0.220818972929804,0.362
7.25,0.286,0.985636455531952,0.214650923781745,0.362
7.25,0.287,0.985696125422077,0.20858435107709,0.362
7.25,0.288,0.985754810932216,0.202618575584346,0.362
7.25,0.289,0.985812518334085,0.196752923981269,0.362
7.25,0.29,0.985869253850809,0.190986728789611,0.362
7.25,0.291,0.985925023657393,0.185319328310563,0.362
7.25,0.292,0.985979833881197,0.179750066561479,0.362
7.25,0.293,0.986033690602397,0.174278293212682,0.362
7.25,0.294,0.986086599854446,0.168903363526152,0.362
7.25,0.295,0.986138567624526,0.163624638294158,0.362
7.25,0.296,0.986189599853997,0.158441483779126,0.362
7.25,0.297,0.986239702438837,0.153353271654311,0.362
7.25,0.298,0.986288881230084,0.14835937894504,0.362
7.25,0.299,0.986337142034264,0.143459187970851,0.362
7.25,0.3,0.986384490613817,0.138652086288626,0.362
7.25,0.301,0.986430932687526,0.133937466635903,0.362
7.25,0.302,0.986476473930923,0.129314726875762,0.362
7.25,0.303,0.986521119976711,0.124783269941475,0.362
7.25,0.304,0.986564876415163,0.120342503782589,0.362
7.25,0.305,0.98660774879453,0.115991841311747,0.362
7.25,0.306,0.986649742621437,0.111730700351131,0.362
7.25,0.307,0.986690863361274,0.107558503581506,0.362
7.25,0.308,0.986731116438586,0.103474678489923,0.362
7.25,0.309,0.986770507237456,0.0994786573195405,0.362
7.25,0.31,0.986809041101886,0.0955698770191304,0.362
7.25,0.311,0.98684672333617,0.0917477791940957,0.362
7.25,0.312,0.986883559205266,0.0880118100572869,0.362
7.25,0.313,0.986919553935162,0.0843614203811738,0.362
7.25,0.314,0.986954712713236,0.0807960654499507,0.362
7.25,0.315,0.986989040688616,0.0773152050130177,0.362
7.25,0.316,0.987022542972538,0.0739183032380852,0.362
7.25,0.317,0.987055224638688,0.0706048286658323,0.362
7.25,0.318,0.987087090723552,0.0673742541645206,0.362
7.25,0.319,0.987118146226758,0.0642260568855191,0.362
7.25,0.32,0.987148396111415,0.061159718219117,0.362
7.25,0.321,0.987177845304444,0.0581747237509589,0.362
7.25,0.322,0.987206498696914,0.0552705632193007,0.362
7.25,0.323,0.98723436114436,0.0524467304724663,0.362
7.25,0.324,0.987261437467116,0.0497027234269032,0.362
7.25,0.325,0.987287732450629,0.0470380440258156,0.362
7.25,0.326,0.987313250845775,0.0444521981984414,0.362
7.25,0.327,0.987337997369174,0.0419446958195069,0.362
7.25,0.328,0.987361976703495,0.039515050669503,0.362
7.25,0.329,0.987385193497768,0.0371627803950503,0.362
7.25,0.33,0.987407652367678,0.0348874064705518,0.362
7.25,0.331,0.987429357895871,0.0326884541591577,0.362
7.25,0.332,0.987450314632244,0.0305654524753285,0.362
7.25,0.333,0.987470527094245,0.0285179341468433,0.362
7.25,0.334,0.98748999976715,0.0265454355784067,0.362
7.25,0.335,0.98750873710436,0.0246474968144783,0.362
7.25,0.336,0.987526743527681,0.0228236615035904,0.362
7.25,0.337,0.987544023427599,0.0210734768622878,0.362
7.25,0.338,0.987560581163564,0.0193964936400226,0.362
7.25,0.339,0.987576421064256,0.0177922660846042,0.362
7.25,0.34,0.987591547427863,0.0162603519072047,0.362
7.25,0.341,0.987605964522345,0.0148003122486307,0.362
7.25,0.342,0.987619676585699,0.0134117116459498,0.362
7.25,0.343,0.98763268782622,0.0120941179988954,0.362
7.25,0.344,0.987645002422765,0.0108471025371371,0.362
7.25,0.345,0.987656624525006,0.00967023978810655,0.362
7.25,0.346,0.987667558253682,0.00856310754482337,0.362
7.25,0.347,0.987677807700855,0.00752528683409803,0.362
7.25,0.348,0.987687376930154,0.00655636188531261,0.362
7.25,0.349,0.987696269977024,0.00565592009966753,0.362
7.25,0.35,0.987704490848966,0.00482355201949503,0.362
7.25,0.351,0.987712043525783,0.00405885129790562,0.362
7.25,0.352,0.98771893195981,0.00336141466936724,0.362
7.25,0.353,0.987725160076157,0.00273084191977357,0.362
7.25,0.354,0.98773073177294,0.00216673585746729,0.362
7.25,0.355,0.987735650921508,0.00166870228457405,0.362
7.25,0.356,0.987739921366678,0.0012363499681145,0.362
7.25,0.357,0.987743546926953,0.00086929061240415,0.362
7.25,0.358,0.987746531394753,0.000567138830631642,0.362
7.25,0.359,0.987748878536632,0.000329512117880348,0.362
7.25,0.36,0.987750592093496,0.000156030823683651,0.362
7.25,0.361,0.987751675780825,4.6318124979905e-05,0.362
7.25,0.362,0.987752133288881,0,0.362
7.25,0.363,0.987751968282926,1.67052013777536e-05,0.362
7.25,0.364,0.987751184403426,9.60652307480103e-05,0.362
7.25,0.365,0.987749785266265,0.000237714312945059,0.362
7.25,0.366,0.987747774462947,0.000441289370245457,0.362
7.25,0.367,0.987745155560801,0.000706429997676672,0.362
7.25,0.368,0.987741932103182,0.00103277843814809,0.362
7.25,0.369,0.98773810760967,0.00141997955767081,0.362
7.25,0.37,0.987733685576269,0.00186768082144351,0.362
7.25,0.371,0.987728669475603,0.00237553226947185,0.362
7.25,0.372,0.987723062757107,0.00294318649327607,0.362
7.25,0.373,0.987716868847221,0.00357029861211,0.362
7.25,0.374,0.987710091149579,0.00425652624984618,0.362
7.25,0.375,0.987702733045194,0.00500152951230515,0.362
7.25,0.376,0.98769479789265,0.00580497096405175,0.362
7.25,0.377,0.98768628902828,0.00666651560643494,0.362
7.25,0.378,0.987677209766352,0.00758583085529452,0.362
7.25,0.379,0.987667563399247,0.00856258651880104,0.362
7.25,0.38,0.987657353197639,0.00959645477609516,0.362
7.25,0.381,0.98764658241067,0.0106871101556161,0.362
7.25,0.382,0.98763525426613,0.0118342295139851,0.362
7.25,0.383,0.987623371970623,0.0130374920148668,0.362
7.25,0.384,0.987610938709744,0.0142965791084526,0.362
7.25,0.385,0.98759795764825,0.0156111745104992,0.362
7.25,0.386,0.987584431930219,0.0169809641828333,0.362
7.25,0.387,0.987570364679229,0.0184056363123686,0.362
7.25,0.388,0.987555758998516,0.0198848812915875,0.362
7.25,0.389,0.987540617971135,0.0214183916992017,0.362
7.25,0.39,0.98752494466013,0.0230058622801455,0.362
7.25,0.391,0.987508742108687,0.0246469899268575,0.362
7.25,0.392,0.987492013340296,0.0263414736596079,0.362
7.25,0.393,0.987474761358905,0.0280890146087343,0.362
7.25,0.394,0.987456989149081,0.0298893159948799,0.362
7.25,0.395,0.987438699676158,0.0317420831111193,0.362
7.25,0.396,0.987419895886396,0.0336470233047725,0.362
7.25,0.397,0.987400580707124,0.0356038459593977,0.362
7.25,0.398,0.987380757046896,0.0376122624767383,0.362
7.25,0.399,0.987360427795639,0.0396719862590045,0.362
7.25,0.4,0.987339595824797,0.0417827326918641,0.362
7.25,0.401,0.987318263987477,0.0439442191266348,0.362
7.25,0.402,0.987296435118594,0.0461561648636977,0.362
7.25,0.403,0.987274112035015,0.0484182911350661,0.362
7.25,0.404,0.987251297535694,0.0507303210881771,0.362
7.25,0.405,0.987227994401822,0.0530919797687268,0.362
7.25,0.406,0.987204205396956,0.0555029941049501,0.362
7.25,0.407,0.987179933267163,0.0579630928906782,0.362
7.25,0.408,0.987155180741151,0.0604720067701514,0.362
7.25,0.409,0.98712995053041,0.0630294682211874,0.362
7.25,0.41,0.987104245329335,0.0656352115403713,0.362
7.25,0.411,0.987078067815373,0.0682889728265801,0.362
7.25,0.412,0.987051420649139,0.0709904899666824,0.362
7.25,0.413,0.987024306474557,0.0737395026191523,0.362
7.25,0.414,0.986996727918981,0.0765357521998133,0.362
7.25,0.415,0.986968687593326,0.0793789818666957,0.362
7.25,0.416,0.986940188092196,0.0822689365050921,0.362
7.25,0.417,0.986911231994004,0.0852053627131255,0.362
7.25,0.418,0.986881821861099,0.0881880087872045,0.362
7.25,0.419,0.986851960239887,0.0912166247077906,0.362
7.25,0.42,0.986821649660956,0.0942909621251875,0.362
7.25,0.421,0.986790892639192,0.0974107743453079,0.362
7.25,0.422,0.986759691673901,0.100575816316173,0.362
7.25,0.423,0.986728049248926,0.10378584461388,0.362
7.25,0.424,0.986695967832765,0.107040617429099,0.362
7.25,0.425,0.986663449878686,0.110339894553602,0.362
7.25,0.426,0.986630497824844,0.113683437366841,0.362
7.25,0.427,0.986597114094392,0.117071008822967,0.362
7.25,0.428,0.986563301095597,0.12050237343757,0.362
7.25,0.429,0.986529061221949,0.123977297274647,0.362
7.25,0.43,0.986494396852274,0.127495547934187,0.362
7.25,0.431,0.986459310350843,0.131056894539094,0.362
7.25,0.432,0.986423804067481,0.134661107722911,0.362
7.25,0.433,0.986387880337674,0.138307959617223,0.362
7.25,0.434,0.986351541482678,0.141997223839407,0.362
7.25,0.435,0.986314789809623,0.14572867548055,0.362
7.25,0.436,0.986277627611617,0.14950209109319,0.362
7.25,0.437,0.986240057167856,0.153317248679485,0.362
7.25,0.438,0.986202080743717,0.157173927679688,0.362
7.25,0.439,0.986163700590872,0.161071908959642,0.362
7.25,0.44,0.986124918947378,0.165010974800217,0.362
7.25,0.441,0.986085738037786,0.168990908884958,0.362
7.25,0.442,0.986046160073236,0.173011496289233,0.362
7.25,0.443,0.986006187251556,0.177072523468857,0.362
7.25,0.444,0.985965821757361,0.181173778248844,0.362
7.25,0.445,0.98592506576215,0.185315049812518,0.362
7.25,0.446,0.9858839214244,0.189496128690458,0.362
7.25,0.447,0.985842390889662,0.193716806749933,0.362
7.25,0.448,0.985800476290659,0.197976877183659,0.362
7.25,0.449,0.985758179747371,0.202276134499901,0.362
7.25,0.45,0.985715503367138,0.206614374511283,0.362
7.25,0.451,0.985672449244743,0.210991394324855,0.362
7.25,0.452,0.985629019462509,0.215406992331668,0.362
7.25,0.453,0.985585216090385,0.219860968196328,0.362
7.25,0.454,0.985541041186037,0.224353122847387,0.362
7.25,0.455,0.985496496794941,0.228883258466706,0.362
7.25,0.456,0.985451584950465,0.233451178479971,0.362
7.25,0.457,0.985406307673955,0.238056687546839,0.362
7.25,0.458,0.985360666974827,0.242699591551143,0.362
7.25,0.459,0.985314664850653,0.247379697591033,0.362
7.25,0.46,0.985268303287238,0.25209681396996,0.362
7.25,0.461,0.985221584258713,0.25685075018651,0.362
7.25,0.462,0.98517450972761,0.261641316925987,0.362
7.25,0.463,0.985127081644957,0.266468326049973,0.362
7.25,0.464,0.985079301950344,0.271331590588209,0.362
7.25,0.465,0.985031172572018,0.276230924728882,0.362
7.25,0.466,0.984982695426955,0.281166143809752,0.362
7.25,0.467,0.984933872420948,0.286137064309266,0.362
7.25,0.468,0.984884705448675,0.291143503837765,0.362
7.25,0.469,0.98483519639379,0.296185281128447,0.362
7.25,0.47,0.984785347128989,0.301262216029174,0.362
7.25,0.471,0.984735159516099,0.306374129493281,0.362
7.25,0.472,0.984684635406143,0.311520843571622,0.362
7.25,0.473,0.984633776639427,0.316702181403583,0.362
7.25,0.474,0.984582585045605,0.321917967209351,0.362
7.25,0.475,0.984531062443762,0.327168026280855,0.362
7.25,0.476,0.984479210642481,0.332452184974441,0.362
7.25,0.477,0.984427031439924,0.337770270701832,0.362
7.25,0.478,0.984374526623898,0.343122111922933,0.362
7.25,0.479,0.984321697971929,0.348507538137155,0.362
7.25,0.48,0.984268547251338,0.353926379875791,0.362
7.25,0.481,0.984215076219304,0.359378468694427,0.362
7.25,0.482,0.984161286622944,0.364863637164503,0.362
7.25,0.483,0.984107180199369,0.370381718866586,0.362
7.25,0.484,0.984052758675771,0.375932548381641,0.362
7.25,0.485,0.983998023769477,0.381515961284418,0.362
7.25,0.486,0.983942977188022,0.387131794135565,0.362
7.25,0.487,0.98388762062922,0.392779884473926,0.362
7.25,0.488,0.983831955781224,0.398460070809947,0.362
7.25,0.489,0.9837759843226,0.40417219261748,0.362
7.25,0.49,0.983719707922386,0.409916090327367,0.362
7.25,0.491,0.983663128240159,0.415691605319957,0.362
7.25,0.492,0.983606246926106,0.421498579917712,0.362
7.25,0.493,0.983549065621078,0.427336857378702,0.362
7.25,0.494,0.983491585956661,0.433206281889587,0.362
7.25,0.495,0.983433809555238,0.439106698558156,0.362
7.25,0.496,0.983375738030048,0.445037953407268,0.362
7.25,0.497,0.983317372985253,0.450999893367521,0.362
7.25,0.498,0.983258716015996,0.456992366270748,0.362
7.25,0.499,0.983199768708464,0.463015220843399,0.362
7.25,0.5,0.983140532639947,0.469068306699816,0.362
7.25,0.501,0.983081009378902,0.475151474335811,0.362
7.25,0.502,0.983021200485006,0.481264575122164,0.362
7.25,0.503,0.982961107509222,0.487407461298095,0.362
7.25,0.504,0.982900731993855,0.493579985965131,0.362
7.25,0.505,0.982840075472605,0.499782003080584,0.362
7.25,0.506,0.982779139470636,0.506013367451352,0.362
7.25,0.507,0.982717925504624,0.512273934727725,0.362
7.25,0.508,0.982656435082816,0.518563561397278,0.362
7.25,0.509,0.982594669705088,0.524882104778857,0.362
7.25,0.51,0.982532630862999,0.531229423016488,0.362
7.25,0.511,0.982470320039848,0.537605375073125,0.362
7.25,0.512,0.982407738710731,0.544009820725111,0.362
7.25,0.513,0.982344888342587,0.550442620556302,0.362
7.25,0.514,0.982281770394263,0.5569036359518,0.362
7.25,0.515,0.982218386316562,0.563392729092671,0.362
7.25,0.516,0.982154737552296,0.569909762949816,0.362
7.25,0.517,0.982090825536339,0.576454601278864,0.362
7.25,0.518,0.982026651695684,0.58302710861371,0.362
7.25,0.519,0.981962217449487,0.589627150261718,0.362
7.25,0.52,0.981897524209124,0.596254592297929,0.362
7.25,0.521,0.981832573378245,0.60290930155924,0.362
7.25,0.522,0.981767366352816,0.609591145639476,0.362
7.25,0.523,0.981701904521176,0.61629999288384,0.362
7.25,0.524,0.981636189264088,0.623035712383224,0.362
7.25,0.525,0.981570221954781,0.629798173969509,0.362
7.25,0.526,0.981504003959008,0.636587248209963,0.362
7.25,0.527,0.981437536635089,0.643402806401938,0.362
7.25,0.528,0.981370821333962,0.650244720567983,0.362
7.25,0.529,0.981303859399232,0.65711286345056,0.362
7.25,0.53,0.981236652167214,0.66400710850707,0.362
7.25,0.531,0.981169200966985,0.670927329904769,0.362
7.25,0.532,0.981101507120431,0.677873402515705,0.362
7.25,0.533,0.98103357194229,0.68484520191181,0.362
7.25,0.534,0.980965396740201,0.691842604360238,0.362
7.25,0.535,0.980896982814749,0.698865486818057,0.362
7.25,0.536,0.98082833145951,0.705913726927965,0.362
7.25,0.537,0.980759443961097,0.712987203012982,0.362
7.25,0.538,0.980690321599207,0.720085794071945,0.362
7.25,0.539,0.980620965646658,0.727209379774996,0.362
7.25,0.54,0.980551377369444,0.734357840458566,0.362
7.25,0.541,0.980481558026768,0.741531057121048,0.362
7.25,0.542,0.980411508871094,0.748728911417929,0.362
7.25,0.543,0.980341231148184,0.755951285657641,0.362
7.25,0.544,0.980270726097145,0.763198062796588,0.362
7.25,0.545,0.980199994950469,0.770469126435103,0.362
7.25,0.546,0.980129038934075,0.777764360812738,0.362
7.25,0.547,0.980057859267354,0.785083650803919,0.362
7.25,0.548,0.979986457163206,0.792426881913677,0.362
7.25,0.549,0.979914833828085,0.79979394027323,0.362
7.25,0.55,0.979842990462036,0.807184712635967,0.362
7.25,0.551,0.979770928258741,0.814599086372603,0.362
7.25,0.552,0.979698648405553,0.822036949467519,0.362
7.25,0.553,0.979626152083541,0.829498190514522,0.362
7.25,0.554,0.979553440467527,0.836982698712263,0.362
7.25,0.555,0.979480514726125,0.844490363860784,0.362
7.25,0.556,0.979407376021782,0.852021076356824,0.362
7.25,0.557,0.979334025510816,0.859574727190093,0.362
7.25,0.558,0.979260464343455,0.867151207939298,0.362
7.25,0.559,0.97918669366387,0.874750410768099,0.362
7.25,0.56,0.979112714610224,0.88237222842078,0.362
7.25,0.561,0.979038528314696,0.890016554219164,0.362
7.25,0.562,0.978964135903531,0.897683282057993,0.362
7.25,0.563,0.978889538497069,0.905372306401309,0.362
7.25,0.564,0.978814737209782,0.91308352227879,0.362
7.25,0.565,0.978739733150315,0.920816825281756,0.362
7.25,0.566,0.978664527421519,0.928572111559456,0.362
7.25,0.567,0.978589121120488,0.936349277815496,0.362
7.25,0.568,0.978513515338595,0.944148221303753,0.362
7.25,0.569,0.978437711161522,0.951968839825423,0.362
7.25,0.57,0.978361709669307,0.959811031724422,0.362
7.25,0.571,0.978285511936369,0.967674695884457,0.362
7.25,0.572,0.978209119031542,0.975559731725517,0.362
7.25,0.573,0.978132532018119,0.98346603919961,0.362
7.25,0.574,0.978055751953875,0.991393518788231,0.362
7.25,0.575,0.977978779891107,0.999342071497877,0.362
7.25,0.576,0.977901616876669,1.0073115988573,0.362
7.25,0.577,0.977824263952,1.01530200291367,0.362
7.25,0.578,0.977746722153162,1.02331318622941,0.362
7.25,0.579,0.977668992510868,1.03134505187865,0.362
7.25,0.58,0.977591076050521,1.03939750344393,0.362
7.25,0.581,0.977512973792242,1.0474704450127,0.362
7.25,0.582,0.977434686750903,1.05556378117442,0.362
7.25,0.583,0.977356215936156,1.06367741701698,0.362
7.25,0.584,0.977277562352474,1.07181125812328,0.362
7.25,0.585,0.977198726999172,1.07996521056848,0.362
7.25,0.586,0.977119710870443,1.0881391809163,0.362
7.25,0.587,0.97704051495539,1.09633307621642,0.362
7.25,0.588,0.976961140238054,1.10454680400058,0.362
7.25,0.589,0.976881587697448,1.11278027228003,0.362
7.25,0.59,0.976801858307582,1.12103338954239,0.362
7.25,0.591,0.976721953037501,1.12930606474824,0.362
7.25,0.592,0.976641872851306,1.13759820732837,0.362
7.25,0.593,0.976561618708192,1.14590972718054,0.362
7.25,0.594,0.976481191562471,1.15424053466668,0.362
7.25,0.595,0.976400592363605,1.16259054060961,0.362
7.25,0.596,0.976319822056233,1.17095965629068,0.362
7.25,0.597,0.976238881580205,1.1793477934458,0.362
7.25,0.598,0.976157771870599,1.18775486426372,0.362
7.25,0.599,0.976076493857765,1.19618078138217,0.362
7.25,0.6,0.975995048467341,1.20462545788558,0.362
7.25,0.601,0.975913436620284,1.21308880730202,0.362
7.25,0.602,0.975831659232903,1.22157074360023,0.362
7.25,0.603,0.975749717216881,1.23007118118714,0.362
7.25,0.604,0.975667611479304,1.23859003490483,0.362
7.25,0.605,0.97558534292269,1.24712722002782,0.362
7.25,0.606,0.975502912445013,1.25568265226055,0.362
7.25,0.607,0.975420320939732,1.2642562477341,0.362
7.25,0.608,0.975337569295818,1.27284792300437,0.362
7.25,0.609,0.975254658397779,1.28145759504839,0.362
7.25,0.61,0.975171589125688,1.29008518126255,0.362
7.25,0.611,0.975088362355206,1.29873059945937,0.362
7.25,0.612,0.975004978957615,1.30739376786511,0.362
7.25,0.613,0.974921439799831,1.31607460511729,0.362
7.25,0.614,0.974837745744446,1.32477303026184,0.362
7.25,0.615,0.974753897649739,1.33348896275072,0.362
7.25,0.616,0.97466989636971,1.34222232243935,0.362
7.25,0.617,0.974585742754102,1.35097302958402,0.362
7.25,0.618,0.974501437648424,1.35974100483955,0.362
7.25,0.619,0.974416981893981,1.36852616925667,0.362
7.25,0.62,0.974332376327893,1.37732844427945,0.362
7.25,0.621,0.974247621783122,1.38614775174324,0.362
7.25,0.622,0.974162719088497,1.39498401387184,0.362
7.25,0.623,0.974077669068736,1.40383715327532,0.362
7.25,0.624,0.97399247254447,1.41270709294756,0.362
7.25,0.625,0.97390713033227,1.42159375626372,0.362
7.25,0.626,0.973821643244666,1.43049706697829,0.362
7.25,0.627,0.973736012090173,1.43941694922241,0.362
7.25,0.628,0.973650237673313,1.44835332750155,0.362
7.25,0.629,0.973564320794639,1.45730612669346,0.362
7.25,0.63,0.973478262250759,1.46627527204555,0.362
7.25,0.631,0.973392062834355,1.47526068917303,0.362
7.25,0.632,0.97330572333421,1.48426230405616,0.362
7.25,0.633,0.973219244535226,1.49328004303857,0.362
7.25,0.634,0.973132627218449,1.5023138328246,0.362
7.25,0.635,0.973045872161093,1.51136360047712,0.362
7.25,0.636,0.972958980136557,1.5204292734158,0.362
7.25,0.637,0.972871951914451,1.52951077941428,0.362
7.25,0.638,0.972784788260616,1.53860804659864,0.362
7.25,0.639,0.972697489937144,1.54772100344476,0.362
7.25,0.64,0.972610057702403,1.55684957877651,0.362
7.25,0.641,0.972522492311056,1.56599370176354,0.362
7.25,0.642,0.972434794514081,1.57515330191922,0.362
7.25,0.643,0.972346965058795,1.58432830909847,0.362
7.25,0.644,0.972259004688872,1.59351865349575,0.362
7.25,0.645,0.972170914144364,1.60272426564321,0.362
7.25,0.646,0.972082694161725,1.61194507640823,0.362
7.25,0.647,0.971994345473825,1.62118101699182,0.362
7.25,0.648,0.971905868809979,1.63043201892636,0.362
7.25,0.649,0.971817264895956,1.63969801407378,0.362
7.25,0.65,0.971728534454008,1.64897893462355,0.362
7.25,0.651,0.971639678202889,1.65827471309048,0.362
7.25,0.652,0.971550696857868,1.66758528231317,0.362
7.25,0.653,0.971461591130757,1.67691057545181,0.362
7.25,0.654,0.971372361729924,1.68625052598639,0.362
7.25,0.655,0.971283009360315,1.69560506771476,0.362
7.25,0.656,0.971193534723476,1.70497413475059,0.362
7.25,0.657,0.971103938517566,1.71435766152175,0.362
7.25,0.658,0.971014221437379,1.72375558276838,0.362
7.25,0.659,0.970924384174367,1.73316783354081,0.362
7.25,0.66,0.970834427416648,1.74259434919815,0.362
7.25,0.661,0.970744351849037,1.75203506540602,0.362
7.25,0.662,0.970654158153057,1.76148991813501,0.362
7.25,0.663,0.970563847006955,1.77095884365897,0.362
7.25,0.664,0.970473419085729,1.78044177855281,0.362
7.25,0.665,0.970382875061139,1.78993865969113,0.362
7.25,0.666,0.970292215601728,1.79944942424641,0.362
7.25,0.667,0.970201441372837,1.80897400968703,0.362
7.25,0.668,0.970110553036628,1.81851235377575,0.362
7.25,0.669,0.970019551252093,1.82806439456804,0.362
7.25,0.67,0.969928436675081,1.83763007041005,0.362
7.25,0.671,0.969837209958312,1.84720931993718,0.362
7.25,0.672,0.969745871751389,1.85680208207248,0.362
7.25,0.673,0.969654422700822,1.86640829602471,0.362
7.25,0.674,0.969562863450043,1.87602790128676,0.362
7.25,0.675,0.969471194639422,1.88566083763408,0.362
7.25,0.676,0.969379416906283,1.89530704512308,0.362
7.25,0.677,0.969287530884923,1.90496646408942,0.362
7.25,0.678,0.969195537206627,1.91463903514628,0.362
7.25,0.679,0.969103436499687,1.92432469918287,0.362
7.25,0.68,0.969011229389415,1.93402339736299,0.362
7.25,0.681,0.968918916498158,1.94373507112331,0.362
7.25,0.682,0.968826498445322,1.95345966217157,0.362
7.25,0.683,0.968733975847379,1.96319711248547,0.362
7.25,0.684,0.968641349317889,1.97294736431082,0.362
7.25,0.685,0.968548619467513,1.98271036015991,0.362
7.25,0.686,0.968455786904028,1.99248604281046,0.362
7.25,0.687,0.968362852232346,2.00227435530362,0.362
7.25,0.688,0.968269816054528,2.01207524094251,0.362
7.25,0.689,0.968176678969798,2.02188864329109,0.362
7.25,0.69,0.968083441574559,2.03171450617226,0.362
7.25,0.691,0.96799010446241,2.04155277366662,0.362
7.25,0.692,0.967896668224159,2.05140339011101,0.362
7.25,0.693,0.96780313344784,2.0612663000968,0.362
7.25,0.694,0.967709500718725,2.07114144846885,0.362
7.25,0.695,0.967615770619342,2.08102878032363,0.362
7.25,0.696,0.96752194372949,2.09092824100818,0.362
7.25,0.697,0.967428020626248,2.10083977611855,0.362
7.25,0.698,0.967334001883999,2.11076333149822,0.362
7.25,0.699,0.967239888074436,2.120698853237,0.362
7.25,0.7,0.967145679766579,2.13064628766944,0.362
7.25,0.701,0.967051377526793,2.14060558137354,0.362
7.25,0.702,0.966956981918796,2.1505766811694,0.362
7.25,0.703,0.966862493503679,2.16055953411769,0.362
7.25,0.704,0.966767912839916,2.17055408751856,0.362
7.25,0.705,0.96667324048338,2.18056028891009,0.362
7.25,0.706,0.966578476987354,2.1905780860672,0.362
7.25,0.707,0.96648362290255,2.2006074269999,0.362
7.25,0.708,0.966388678777118,2.21064825995236,0.362
7.25,0.709,0.966293645156662,2.22070053340149,0.362
7.25,0.71,0.966198522584251,2.23076419605581,0.362
7.25,0.711,0.966103311600436,2.24083919685376,0.362
7.25,0.712,0.966008012743262,2.25092548496264,0.362
7.25,0.713,0.965912626548278,2.26102300977753,0.362
7.25,0.714,0.965817153548555,2.27113172091984,0.362
7.25,0.715,0.965721594274697,2.28125156823589,0.362
7.25,0.716,0.965625949254854,2.29138250179599,0.362
7.25,0.717,0.965530219014734,2.30152447189311,0.362
7.25,0.718,0.965434404077618,2.31167742904146,0.362
7.25,0.719,0.965338504964371,2.32184132397546,0.362
7.25,0.72,0.965242522193456,2.33201610764855,0.362
7.25,0.721,0.965146456280945,2.34220173123187,0.362
7.25,0.722,0.965050307740534,2.3523981461131,0.362
7.25,0.723,0.964954077083551,2.36260530389527,0.362
7.25,0.724,0.964857764818975,2.37282315639564,0.362
7.25,0.725,0.964761371453441,2.38305165564452,0.362
7.25,0.726,0.964664897491259,2.3932907538839,0.362
7.25,0.727,0.96456834343442,2.40354040356672,0.362
7.25,0.728,0.964471709782615,2.41380055735518,0.362
7.25,0.729,0.964374997033238,2.42407116812018,0.362
7.25,0.73,0.964278205681409,2.43435218893953,0.362
7.25,0.731,0.964181336219973,2.44464357309759,0.362
7.25,0.732,0.964084389139524,2.45494527408345,0.362
7.25,0.733,0.96398736492841,2.46525724559012,0.362
7.25,0.734,0.963890264072744,2.47557944151369,0.362
7.25,0.735,0.963793087056421,2.48591181595152,0.362
7.25,0.736,0.963695834361123,2.49625432320211,0.362
7.25,0.737,0.963598506466334,2.50660691776303,0.362
7.25,0.738,0.963501103849354,2.51696955433054,0.362
7.25,0.739,0.963403626985302,2.52734218779833,0.362
7.25,0.74,0.963306076347136,2.53772477325636,0.362
7.25,0.741,0.96320845240566,2.54811726598974,0.362
7.25,0.742,0.963110755629533,2.55851962147813,0.362
7.25,0.743,0.963012986485287,2.56893179539401,0.362
7.25,0.744,0.96291514543733,2.57935374360225,0.362
7.25,0.745,0.962817232947962,2.58978542215882,0.362
7.25,0.746,0.962719249477383,2.60022678730969,0.362
7.25,0.747,0.962621195483707,2.61067779549005,0.362
7.25,0.748,0.962523071422969,2.62113840332301,0.362
7.25,0.749,0.962424877749138,2.63160856761895,0.362
7.25,0.75,0.962326614914127,2.64208824537424,0.362
7.25,0.751,0.962228283367802,2.65257739377041,0.362
7.25,0.752,0.962129883557995,2.6630759701729,0.362
7.25,0.753,0.962031415930514,2.67358393213057,0.362
7.25,0.754,0.961932880929151,2.68410123737435,0.362
7.25,0.755,0.961834278995694,2.69462784381627,0.362
7.25,0.756,0.961735610569936,2.7051637095487,0.362
7.25,0.757,0.961636876089691,2.7157087928432,0.362
7.25,0.758,0.96153807599079,2.72626305215005,0.362
7.25,0.759,0.961439210707108,2.73682644609647,0.362
7.25,0.76,0.961340280670563,2.74739893348641,0.362
7.25,0.761,0.961241286311128,2.75798047329943,0.362
7.25,0.762,0.961142228056844,2.76857102468953,0.362
7.25,0.763,0.961043106333826,2.77917054698449,0.362
7.25,0.764,0.960943921566275,2.78977899968507,0.362
7.25,0.765,0.960844674176485,2.80039634246374,0.362
7.25,0.766,0.960745364584858,2.81102253516392,0.362
7.25,0.767,0.960645993209905,2.82165753779944,0.362
7.25,0.768,0.960546560468266,2.83230131055303,0.362
7.25,0.769,0.960447066774709,2.84295381377608,0.362
7.25,0.77,0.960347512542146,2.8536150079872,0.362
7.25,0.771,0.960247898181643,2.86428485387162,0.362
7.25,0.772,0.960148224102424,2.87496331228043,0.362
7.25,0.773,0.960048490711883,2.88565034422954,0.362
7.25,0.774,0.959948698415593,2.89634591089893,0.362
7.25,0.775,0.959848847617318,2.9070499736316,0.362
7.25,0.776,0.959748938719016,2.9177624939331,0.362
7.25,0.777,0.959648972120854,2.9284834334703,0.362
7.25,0.778,0.959548948221211,2.93921275407079,0.362
7.25,0.779,0.959448867416693,2.94995041772199,0.362
7.25,0.78,0.959348730102138,2.96069638657037,0.362
7.25,0.781,0.959248536670625,2.97145062292057,0.362
7.25,0.782,0.959148287513485,2.98221308923456,0.362
7.25,0.783,0.959047983020306,2.99298374813091,0.362
7.25,0.784,0.958947623578945,3.00376256238399,0.362
7.25,0.785,0.958847209575535,3.0145494949233,0.362
7.25,0.786,0.958746741394495,3.02534450883218,0.362
7.25,0.787,0.958646219418536,3.03614756734749,0.362
7.25,0.788,0.95854564402867,3.046958633859,0.362
7.25,0.789,0.958445015604221,3.05777767190785,0.362
7.25,0.79,0.958344334522831,3.06860464518659,0.362
7.25,0.791,0.958243601160467,3.07943951753789,0.362
7.25,0.792,0.958142815891434,3.09028225295407,0.362
7.25,0.793,0.958041979088376,3.10113281557614,0.362
7.25,0.794,0.957941091122293,3.11199116969314,0.362
7.25,0.795,0.957840152362542,3.12285727974135,0.362
7.25,0.796,0.957739163176846,3.13373111030364,0.362
7.25,0.797,0.957638123931306,3.14461262610877,0.362
7.25,0.798,0.957537034990405,3.1555017920303,0.362
7.25,0.799,0.957435896717017,3.16639857308629,0.362
7.25,0.8,0.957334709472418,3.17730293443825,0.362
7.5,0.2,0.975203936025583,1.23253835752983,0.362
7.5,0.201,0.97538278049537,1.21397653748361,0.362
7.5,0.202,0.975559806803246,1.19561012217311,0.362
7.5,0.203,0.97573502828539,1.17743751969595,0.362
7.5,0.204,0.975908458151649,1.15945715554306,0.362
7.5,0.205,0.976080109487115,1.14166747235318,0.362
7.5,0.206,0.97624999525368,1.12406692967078,0.362
7.5,0.207,0.976418128291559,1.10665400370908,0.362
7.5,0.208,0.976584521320795,1.08942718711686,0.362
7.5,0.209,0.976749186942737,1.07238498874898,0.362
7.5,0.21,0.976912137641493,1.05552593344171,0.362
7.5,0.211,0.977073385785365,1.03884856179102,0.362
7.5,0.212,0.977232943628253,1.02235142993563,0.362
7.5,0.213,0.977390823311048,1.00603310934309,0.362
7.5,0.214,0.977547036862995,0.989892186599683,0.362
7.5,0.215,0.977701596203034,0.973927263204244,0.362
7.5,0.216,0.977854513141129,0.958136955364997,0.362
7.5,0.217,0.978005799379565,0.942519893800364,0.362
7.5,0.218,0.978155466514235,0.927074723542587,0.362
7.5,0.219,0.978303526035904,0.911800103744853,0.362
7.5,0.22,0.978449989331447,0.896694707492096,0.362
7.5,0.221,0.978594867685079,0.881757221614232,0.362
7.5,0.222,0.978738172279564,0.866986346502818,0.362
7.5,0.223,0.978879914197392,0.85238079593124,0.362
7.5,0.224,0.979020104421964,0.837939296876677,0.362
7.5,0.225,0.979158753838734,0.823660589346353,0.362
7.5,0.226,0.97929587323635,0.809543426205739,0.362
7.5,0.227,0.979431473307771,0.795586573009732,0.362
7.5,0.228,0.97956556465137,0.781788807836903,0.362
7.5,0.229,0.97969815777202,0.768148921126133,0.362
7.5,0.23,0.979829263082166,0.754665715515834,0.362
7.5,0.231,0.979958890902876,0.741338005686099,0.362
7.5,0.232,0.980087051464882,0.72816461820302,0.362
7.5,0.233,0.980213754909606,0.715144391365863,0.362
7.5,0.234,0.980339011290165,0.702276175056293,0.362
7.5,0.235,0.980462830572373,0.68955883059012,0.362
7.5,0.236,0.980585222635713,0.676991230571722,0.362
7.5,0.237,0.980706197274307,0.664572258750407,0.362
7.5,0.238,0.980825764197875,0.652300809878881,0.362
7.5,0.239,0.980943933032663,0.640175789574582,0.362
7.5,0.24,0.981060713322377,0.628196114182478,0.362
7.5,0.241,0.981176114529094,0.616360710640351,0.362
7.5,0.242,0.98129014603416,0.604668516346463,0.362
7.5,0.243,0.981402817139082,0.593118479028387,0.362
7.5,0.244,0.981514137066398,0.581709556614762,0.362
7.5,0.245,0.981624114960545,0.570440717108789,0.362
7.5,0.246,0.981732759888706,0.559310938463065,0.362
7.5,0.247,0.98184008084165,0.54831920845746,0.362
7.5,0.248,0.981946086734563,0.537464524577591,0.362
7.5,0.249,0.982050786407861,0.526745893896119,0.362
7.5,0.25,0.982154188627997,0.516162332955439,0.362
7.5,0.251,0.982256302088254,0.505712867652175,0.362
7.5,0.252,0.98235713540953,0.495396533123338,0.362
7.5,0.253,0.982456697141111,0.485212373634325,0.362
7.5,0.254,0.982554995761432,0.47515944246852,0.362
7.5,0.255,0.982652039678831,0.465236801818625,0.362
7.5,0.256,0.98274783723229,0.455443522679611,0.362
7.5,0.257,0.982842396692168,0.445778684742959,0.362
7.5,0.258,0.982935726260924,0.436241376292834,0.362
7.5,0.259,0.983027834073829,0.42683069410363,0.362
7.5,0.26,0.983118728199672,0.417545743339054,0.362
7.5,0.261,0.983208416641448,0.408385637452735,0.362
7.5,0.262,0.983296907337053,0.399349498090018,0.362
7.5,0.263,0.983384208159953,0.390436454991505,0.362
7.5,0.264,0.983470326919852,0.381645645897843,0.362
7.5,0.265,0.983555271363353,0.372976216456089,0.362
7.5,0.266,0.983639049174609,0.364427320126959,0.362
7.5,0.267,0.983721667975962,0.35599811809397,0.362
7.5,0.268,0.983803135328577,0.347687779173378,0.362
7.5,0.269,0.983883458733069,0.339495479725893,0.362
7.5,0.27,0.98396264563012,0.331420403569305,0.362
7.5,0.271,0.984040703401088,0.32346174189235,0.362
7.5,0.272,0.984117639368606,0.315618693170161,0.362
7.5,0.273,0.984193460797184,0.307890463080329,0.362
7.5,0.274,0.984268174893786,0.300276264420685,0.362
7.5,0.275,0.984341788808415,0.292775317028116,0.362
7.5,0.276,0.984414309634684,0.285386847698055,0.362
7.5,0.277,0.98448574441038,0.278110090105854,0.362
7.5,0.278,0.984556100118022,0.270944284728647,0.362
7.5,0.279,0.98462538368541,0.263888678768676,0.362
7.5,0.28,0.984693601986175,0.256942526077175,0.362
7.5,0.281,0.984760761840304,0.25010508708041,0.362
7.5,0.282,0.984826870014686,0.243375628704845,0.362
7.5,0.283,0.984891933223623,0.236753424305536,0.362
7.5,0.284,0.984955958129353,0.230237753593854,0.362
7.5,0.285,0.98501895134256,0.223827902567098,0.362
7.5,0.286,0.985080919422883,0.217523163438305,0.362
7.5,0.287,0.985141868879407,0.211322834567951,0.362
7.5,0.288,0.985201806171162,0.205226220395849,0.362
7.5,0.289,0.985260737707606,0.199232631374269,0.362
7.5,0.29,0.985318669849109,0.193341383901813,0.362
7.5,0.291,0.985375608907425,0.18755180025849,0.362
7.5,0.292,0.985431561146162,0.181863208541055,0.362
7.5,0.293,0.985486532781248,0.176274942600019,0.362
7.5,0.294,0.985540529981385,0.170786341976759,0.362
7.5,0.295,0.985593558868507,0.165396751841884,0.362
7.5,0.296,0.985645625518222,0.160105522934417,0.362
7.5,0.297,0.985696735960257,0.154912011501596,0.362
7.5,0.298,0.985746896178893,0.149815579239498,0.362
7.5,0.299,0.985796112113399,0.144815593234493,0.362
7.5,0.3,0.985844389658455,0.13991142590577,0.362
7.5,0.301,0.985891734664577,0.135102454947988,0.362
7.5,0.302,0.985938152938533,0.130388063274989,0.362
7.5,0.303,0.985983650243751,0.125767638964502,0.362
7.5,0.304,0.98602823230073,0.121240575203352,0.362
7.5,0.305,0.986071904787439,0.116806270233161,0.362
7.5,0.306,0.986114673339721,0.112464127296819,0.362
7.5,0.307,0.986156543551676,0.108213554586323,0.362
7.5,0.308,0.986197520976055,0.104053965190221,0.362
7.5,0.309,0.986237611124647,0.0999847770423834,0.362
7.5,0.31,0.986276819468652,0.0960054128714694,0.362
7.5,0.311,0.986315151439059,0.0921153001506525,0.362
7.5,0.312,0.986352612427017,0.0883138710483955,0.362
7.5,0.313,0.986389207784203,0.0846005623794444,0.362
7.5,0.314,0.986424942823181,0.0809748155568224,0.362
7.5,0.315,0.986459822817763,0.0774360765442239,0.362
7.5,0.316,0.986493853003363,0.0739837958090961,0.362
7.5,0.317,0.986527038577348,0.0706174282760097,0.362
7.5,0.318,0.986559384699381,0.0673364332812509,0.362
7.5,0.319,0.986590896491766,0.0641402745274133,0.362
7.5,0.32,0.98662157903979,0.0610284200387001,0.362
7.5,0.321,0.986651437392049,0.0580003421169595,0.362
7.5,0.322,0.98668047656079,0.0550555172979861,0.362
7.5,0.323,0.986708701522228,0.0521934263087109,0.362
7.5,0.324,0.986736117216879,0.04941355402448,0.362
7.5,0.325,0.986762728549871,0.0467153894274652,0.362
7.5,0.326,0.986788540391273,0.0440984255647647,0.362
7.5,0.327,0.986813557576393,0.0415621595079463,0.362
7.5,0.328,0.986837784906101,0.0391060923123021,0.362
7.5,0.329,0.986861227147127,0.0367297289771029,0.362
7.5,0.33,0.986883889032371,0.0344325784059851,0.362
7.5,0.331,0.986905775261195,0.0322141533682929,0.362
7.5,0.332,0.986926890499726,0.0300739704601982,0.362
7.5,0.333,0.986947239381144,0.0280115500670641,0.362
7.5,0.334,0.986966826505975,0.0260264163257196,0.362
7.5,0.335,0.986985656442382,0.0241180970871335,0.362
7.5,0.336,0.987003733726436,0.0222861238803773,0.362
7.5,0.337,0.987021062862415,0.0205300318755208,0.362
7.5,0.338,0.987037648323064,0.0188493598487272,0.362
7.5,0.339,0.987053494549881,0.0172436501463924,0.362
7.5,0.34,0.987068605953385,0.0157124486503291,0.362
7.5,0.341,0.987082986913386,0.0142553047431715,0.362
7.5,0.342,0.98709664177925,0.0128717712744919,0.362
7.5,0.343,0.987109574870164,0.0115614045268719,0.362
7.5,0.344,0.987121790475394,0.010323764182707,0.362
7.5,0.345,0.987133292854543,0.00915841329127698,0.362
7.5,0.346,0.98714408623781,0.0080649182361725,0.362
7.5,0.347,0.987154174826238,0.00704284870323146,0.362
7.5,0.348,0.987163562791963,0.00609177764887558,0.362
7.5,0.349,0.987172254278465,0.00521128126831361,0.362
7.5,0.35,0.987180253400812,0.00440093896503235,0.362
7.5,0.351,0.987187564245896,0.0036603333197105,0.362
7.5,0.352,0.987194190872682,0.00298905006024253,0.362
7.5,0.353,0.987200137312435,0.00238667803142967,0.362
7.5,0.354,0.987205407568962,0.00185280916580322,0.362
7.5,0.355,0.98721000561884,0.00138703845393717,0.362
7.5,0.356,0.987213935411647,0.000988963915693475,0.362
7.5,0.357,0.987217200870189,0.000658186571711461,0.362
7.5,0.358,0.987219805890724,0.000394310415074983,0.362
7.5,0.359,0.987221754343189,0.000196942383112741,0.362
7.5,0.36,0.987223050071412,6.56923303310464e-05,0.362
7.5,0.361,0.987223696893336,1.73000547221136e-07,0.362
7.5,0.362,0.987223698601239,0,0.362
7.5,0.363,0.987223058961934,6.47917711260604e-05,0.362
7.5,0.364,0.987221781716995,0.000194169565403968,0.362
7.5,0.365,0.987219870582959,0.000387757417930068,0.362
7.5,0.366,0.987217329251534,0.000645182121106203,0.362
7.5,0.367,0.987214161389803,0.000966073199570872,0.362
7.5,0.368,0.98721037064043,0.00135006288473072,0.362
7.5,0.369,0.987205960621862,0.00179678608964728,0.362
7.5,0.37,0.987200934928521,0.00230588038485635,0.362
7.5,0.371,0.987195297131009,0.00287698597349895,0.362
7.5,0.372,0.987189050776298,0.00350974566760698,0.362
7.5,0.373,0.987182199387927,0.00420380486376715,0.362
7.5,0.374,0.987174746466188,0.00495881152007271,0.362
7.5,0.375,0.98716669548832,0.00577441613249796,0.362
7.5,0.376,0.987158049908693,0.00665027171193877,0.362
7.5,0.377,0.987148813159,0.00758603376111999,0.362
7.5,0.378,0.987138988648429,0.00858136025261302,0.362
7.5,0.379,0.987128579763855,0.00963591160596522,0.362
7.5,0.38,0.987117589870019,0.0107493506658507,0.362
7.5,0.381,0.987106022309701,0.01192134268031,0.362
7.5,0.382,0.9870938804039,0.0131515552791672,0.362
7.5,0.383,0.987081167452011,0.0144396584524031,0.362
7.5,0.384,0.987067886731992,0.0157853245294381,0.362
7.5,0.385,0.987054041500544,0.017188228157905,0.362
7.5,0.386,0.987039634993271,0.018648046283265,0.362
7.5,0.387,0.987024670424858,0.0201644581279803,0.362
7.5,0.388,0.987009150989229,0.0217371451718407,0.362
7.5,0.389,0.986993079859717,0.0233657911314467,0.362
7.5,0.39,0.986976460189226,0.0250500819406252,0.362
7.5,0.391,0.986959295110393,0.0267897057310451,0.362
7.5,0.392,0.986941587735747,0.0285843528124552,0.362
7.5,0.393,0.986923341157869,0.0304337156538326,0.362
7.5,0.394,0.986904558449549,0.0323374888643091,0.362
7.5,0.395,0.986885242663939,0.0342953691743864,0.362
7.5,0.396,0.986865396834713,0.0363070554175504,0.362
7.5,0.397,0.986845023976213,0.0383722485116866,0.362
7.5,0.398,0.986824127083606,0.0404906514409387,0.362
7.5,0.399,0.986802709133028,0.0426619692380337,0.362
7.5,0.4,0.986780773081737,0.0448859089661857,0.362
7.5,0.401,0.986758321868259,0.0471621797015542,0.362
7.5,0.402,0.986735358412532,0.0494904925158801,0.362
7.5,0.403,0.986711885616051,0.0518705604592551,0.362
7.5,0.404,0.986687906362012,0.0543020985432241,0.362
7.5,0.405,0.986663423515451,0.056784823723488,0.362
7.5,0.406,0.986638439923387,0.0593184548837389,0.362
7.5,0.407,0.986612958414959,0.0619027128186955,0.362
7.5,0.408,0.986586981801564,0.0645373202180721,0.362
7.5,0.409,0.986560512876993,0.0672220016501024,0.362
7.5,0.41,0.986533554417568,0.0699564835459077,0.362
7.5,0.411,0.986506109182272,0.0727404941831988,0.362
7.5,0.412,0.986478179912884,0.0755737636710885,0.362
7.5,0.413,0.986449769334113,0.0784560239340371,0.362
7.5,0.414,0.98642088015372,0.0813870086969315,0.362
7.5,0.415,0.986391515062656,0.0843664534695421,0.362
7.5,0.416,0.986361676735183,0.0873940955318231,0.362
7.5,0.417,0.986331367829006,0.090469673918725,0.362
7.5,0.418,0.986300590985392,0.0935929294054727,0.362
7.5,0.419,0.9862693488293,0.0967636044931997,0.362
7.5,0.42,0.986237643969501,0.0999814433941815,0.362
7.5,0.421,0.986205478998702,0.103246192017803,0.362
7.5,0.422,0.986172856493663,0.106557597956236,0.362
7.5,0.423,0.98613977901532,0.109915410470585,0.362
7.5,0.424,0.986106249108906,0.113319380476762,0.362
7.5,0.425,0.98607226930406,0.116769260532079,0.362
7.5,0.426,0.986037842114956,0.120264804821235,0.362
7.5,0.427,0.986002970040403,0.123805769143415,0.362
7.5,0.428,0.985967655563976,0.127391910898322,0.362
7.5,0.429,0.985931901154116,0.131022989073593,0.362
7.5,0.43,0.98589570926425,0.134698764231311,0.362
7.5,0.431,0.985859082332899,0.138418998495249,0.362
7.5,0.432,0.985822022783789,0.142183455538047,0.362
7.5,0.433,0.985784533025962,0.145991900568632,0.362
7.5,0.434,0.985746615453883,0.14984410031933,0.362
7.5,0.435,0.985708272447547,0.153739823033949,0.362
7.5,0.436,0.985669506372584,0.157678838455144,0.362
7.5,0.437,0.98563031958037,0.161660917812156,0.362
7.5,0.438,0.985590714408127,0.165685833809048,0.362
7.5,0.439,0.985550693179026,0.169753360612623,0.362
7.5,0.44,0.985510258202294,0.173863273840524,0.362
7.5,0.441,0.985469411773312,0.178015350549465,0.362
7.5,0.442,0.985428156173718,0.18220936922404,0.362
7.5,0.443,0.985386493671506,0.186445109764732,0.362
7.5,0.444,0.985344426521125,0.190722353476858,0.362
7.5,0.445,0.985301956963578,0.195040883059128,0.362
7.5,0.446,0.98525908722652,0.199400482592749,0.362
7.5,0.447,0.985215819524354,0.203800937530052,0.362
7.5,0.448,0.985172156058325,0.208242034683725,0.362
7.5,0.449,0.985128099016619,0.212723562216066,0.362
7.5,0.45,0.985083650574452,0.217245309628122,0.362
7.5,0.451,0.985038812894168,0.221807067749014,0.362
7.5,0.452,0.984993588125329,0.226408628725605,0.362
7.5,0.453,0.984947978404805,0.231049786011983,0.362
7.5,0.454,0.98490198585687,0.235730334358975,0.362
7.5,0.455,0.984855612593286,0.240450069804354,0.362
7.5,0.456,0.984808860713397,0.245208789662232,0.362
7.5,0.457,0.984761732304216,0.250006292513194,0.362
7.5,0.458,0.984714229440512,0.254842378194597,0.362
7.5,0.459,0.984666354184898,0.259716847790314,0.362
7.5,0.46,0.984618108587916,0.264629503621427,0.362
7.5,0.461,0.984569494688124,0.269580149236237,0.362
7.5,0.462,0.98452051451218,0.274568589400848,0.362
7.5,0.463,0.984471170074929,0.279594630089619,0.362
7.5,0.464,0.984421463379478,0.284658078475886,0.362
7.5,0.465,0.984371396417291,0.289758742922519,0.362
7.5,0.466,0.984320971168259,0.294896432972891,0.362
7.5,0.467,0.98427018960079,0.300070959341614,0.362
7.5,0.468,0.984219053671884,0.305282133905549,0.362
7.5,0.469,0.984167565327217,0.31052976969479,0.362
7.5,0.47,0.984115726501217,0.315813680883936,0.362
7.5,0.471,0.984063539117145,0.321133682783192,0.362
7.5,0.472,0.984011005087171,0.326489591829637,0.362
7.5,0.473,0.983958126312452,0.331881225578656,0.362
7.5,0.474,0.983904904683209,0.337308402695546,0.362
7.5,0.475,0.983851342078802,0.342770942946657,0.362
7.5,0.476,0.983797440367807,0.348268667191332,0.362
7.5,0.477,0.98374320140809,0.353801397373465,0.362
7.5,0.478,0.983688627046879,0.359368956513451,0.362
7.5,0.479,0.98363371912084,0.364971168699646,0.362
7.5,0.48,0.983578479456148,0.370607859080629,0.362
7.5,0.481,0.983522909868564,0.376278853857004,0.362
7.5,0.482,0.983467012163498,0.381983980273648,0.362
7.5,0.483,0.983410788136088,0.387723066611589,0.362
7.5,0.484,0.983354239571267,0.393495942180389,0.362
7.5,0.485,0.983297368243833,0.399302437310345,0.362
7.5,0.486,0.983240175918517,0.405142383344992,0.362
7.5,0.487,0.983182664350056,0.411015612633259,0.362
7.5,0.488,0.983124835283259,0.416921958522076,0.362
7.5,0.489,0.98306669045307,0.422861255349116,0.362
7.5,0.49,0.983008231584644,0.428833338434975,0.362
7.5,0.491,0.982949460393406,0.434838044076269,0.362
7.5,0.492,0.98289037858512,0.440875209538305,0.362
7.5,0.493,0.982830987855955,0.446944673047622,0.362
7.5,0.494,0.982771289892549,0.453046273785263,0.362
7.5,0.495,0.982711286372073,0.459179851879399,0.362
7.5,0.496,0.982650978962295,0.46534524839863,0.362
7.5,0.497,0.982590369321645,0.471542305344674,0.362
7.5,0.498,0.982529459099274,0.477770865645932,0.362
7.5,0.499,0.982468249935122,0.484030773150246,0.362
7.5,0.5,0.982406743459974,0.490321872618615,0.362
7.5,0.501,0.982344941295525,0.496644009718161,0.362
7.5,0.502,0.98228284505444,0.502997031015484,0.362
7.5,0.503,0.982220456340414,0.509380783970403,0.362
7.5,0.504,0.982157776748231,0.515795116929185,0.362
7.5,0.505,0.982094807863826,0.522239879118058,0.362
7.5,0.506,0.98203155126434,0.528714920637108,0.362
7.5,0.507,0.981968008518183,0.535220092453614,0.362
7.5,0.508,0.981904181185088,0.541755246395881,0.362
7.5,0.509,0.981840070816171,0.548320235147126,0.362
7.5,0.51,0.981775678953986,0.554914912239113,0.362
7.5,0.511,0.981711007132585,0.561539132046174,0.362
7.5,0.512,0.981646056877569,0.568192749778973,0.362
7.5,0.513,0.981580829706149,0.57487562147871,0.362
7.5,0.514,0.981515327127198,0.581587604011036,0.362
7.5,0.515,0.981449550641307,0.588328555060103,0.362
7.5,0.516,0.981383501740838,0.595098333122657,0.362
7.5,0.517,0.98131718190998,0.601896797502532,0.362
7.5,0.518,0.981250592624802,0.60872380830459,0.362
7.5,0.519,0.981183735353304,0.615579226428986,0.362
7.5,0.52,0.981116611555473,0.622462913565713,0.362
7.5,0.521,0.981049222683334,0.629374732188959,0.362
7.5,0.522,0.980981570180999,0.636314545551375,0.362
7.5,0.523,0.980913655484724,0.643282217678598,0.362
7.5,0.524,0.980845480022956,0.65027761336407,0.362
7.5,0.525,0.980777045216385,0.657300598163113,0.362
7.5,0.526,0.980708352477992,0.664351038388067,0.362
7.5,0.527,0.980639403213105,0.671428801102558,0.362
7.5,0.528,0.980570198819442,0.678533754116439,0.362
7.5,0.529,0.980500740687162,0.685665765980459,0.362
7.5,0.53,0.980431030198916,0.692824705981088,0.362
7.5,0.531,0.980361068729892,0.70001044413539,0.362
7.5,0.532,0.980290857647867,0.707222851185829,0.362
7.5,0.533,0.98022039831325,0.714461798595445,0.362
7.5,0.534,0.980149692079134,0.721727158542373,0.362
7.5,0.535,0.980078740291338,0.729018803915404,0.362
7.5,0.536,0.980007544288457,0.736336608308585,0.362
7.5,0.537,0.979936105401908,0.743680446016626,0.362
7.5,0.538,0.979864424955974,0.751050192029878,0.362
7.5,0.539,0.979792504267852,0.758445722029655,0.362
7.5,0.54,0.979720344647694,0.765866912383295,0.362
7.5,0.541,0.979647947398658,0.77331364013955,0.362
7.5,0.542,0.979575313816945,0.780785783023852,0.362
7.5,0.543,0.979502445191849,0.788283219433672,0.362
7.5,0.544,0.979429342805799,0.795805828433793,0.362
7.5,0.545,0.979356007934402,0.803353489751935,0.362
7.5,0.546,0.979282441846487,0.810926083773933,0.362
7.5,0.547,0.979208645804145,0.818523491539613,0.362
7.5,0.548,0.979134621062775,0.826145594737926,0.362
7.5,0.549,0.979060368871124,0.833792275702794,0.362
7.5,0.55,0.97898589047133,0.84146341740865,0.362
7.5,0.551,0.978911187098964,0.849158903465907,0.362
7.5,0.552,0.978836259983068,0.856878618116941,0.362
7.5,0.553,0.9787611103462,0.864622446231533,0.362
7.5,0.554,0.978685739404473,0.87239027330277,0.362
7.5,0.555,0.978610148367592,0.880181985442796,0.362
7.5,0.556,0.978534338438901,0.887997469378599,0.362
7.5,0.557,0.978458310815415,0.895836612447876,0.362
7.5,0.558,0.978382066687866,0.903699302594929,0.362
7.5,0.559,0.978305607240738,0.91158542836669,0.362
7.5,0.56,0.978228933652306,0.919494878908367,0.362
7.5,0.561,0.978152047094677,0.927427543959736,0.362
7.5,0.562,0.978074948733825,0.935383313851079,0.362
7.5,0.563,0.977997639729632,0.94336207949921,0.362
7.5,0.564,0.977920121235925,0.951363732403387,0.362
7.5,0.565,0.977842394400511,0.959388164641761,0.362
7.5,0.566,0.977764460365215,0.967435268867334,0.362
7.5,0.567,0.977686320265921,0.97550493830405,0.362
7.5,0.568,0.977607975232603,0.983597066743225,0.362
7.5,0.569,0.977529426389363,0.991711548539564,0.362
7.5,0.57,0.977450674854469,0.999848278607529,0.362
7.5,0.571,0.977371721740388,1.00800715241769,0.362
7.5,0.572,0.977292568153824,1.01618806599293,0.362
7.5,0.573,0.977213215195752,1.02439091590483,0.362
7.5,0.574,0.977133663961451,1.0326155992703,0.362
7.5,0.575,0.977053915540545,1.04086201374742,0.362
7.5,0.576,0.976973971017029,1.04913005753262,0.362
7.5,0.577,0.97689383146931,1.05741962935644,0.362
7.5,0.578,0.976813497970238,1.06573062848054,0.362
7.5,0.579,0.976732971587139,1.07406295469405,0.362
7.5,0.58,0.976652253381851,1.08241650831007,0.362
7.5,0.581,0.976571344410757,1.09079119016222,0.362
7.5,0.582,0.976490245724815,1.09918690160149,0.362
7.5,0.583,0.976408958369594,1.10760354449257,0.362
7.5,0.584,0.976327483385305,1.1160410212107,0.362
7.5,0.585,0.976245821806832,1.12449923463833,0.362
7.5,0.586,0.976163974663769,1.13297808816177,0.362
7.5,0.587,0.976081942980446,1.14147748566802,0.362
7.5,0.588,0.975999727775964,1.14999733154135,0.362
7.5,0.589,0.975917330064226,1.15853753066035,0.362
7.5,0.59,0.975834750853967,1.16709798839452,0.362
7.5,0.591,0.975751991148786,1.17567861060133,0.362
7.5,0.592,0.975669051947175,1.18427930362286,0.362
7.5,0.593,0.975585934242553,1.19289997428274,0.362
7.5,0.594,0.975502639023293,1.20154052988322,0.362
7.5,0.595,0.975419167272753,1.21020087820196,0.362
7.5,0.596,0.975335519969307,1.21888092748896,0.362
7.5,0.597,0.975251698086374,1.22758058646357,0.362
7.5,0.598,0.975167702592444,1.23629976431172,0.362
7.5,0.599,0.975083534451114,1.24503837068259,0.362
7.5,0.6,0.974999194621112,1.2537963156859,0.362
7.5,0.601,0.974914684056327,1.26257350988883,0.362
7.5,0.602,0.974830003705838,1.27136986431338,0.362
7.5,0.603,0.974745154513942,1.28018529043312,0.362
7.5,0.604,0.974660137420182,1.28901970017063,0.362
7.5,0.605,0.974574953359378,1.29787300589457,0.362
7.5,0.606,0.974489603261648,1.30674512041677,0.362
7.5,0.607,0.974404088052444,1.31563595698965,0.362
7.5,0.608,0.974318408652572,1.32454542930316,0.362
7.5,0.609,0.974232565978225,1.33347345148225,0.362
7.5,0.61,0.974146560941004,1.34241993808426,0.362
7.5,0.611,0.974060394447955,1.35138480409562,0.362
7.5,0.612,0.973974067401582,1.36036796492993,0.362
7.5,0.613,0.973887580699885,1.36936933642482,0.362
7.5,0.614,0.973800935236379,1.37838883483936,0.362
7.5,0.615,0.973714131900126,1.38742637685152,0.362
7.5,0.616,0.973627171575755,1.39648187955548,0.362
7.5,0.617,0.973540055143492,1.40555526045916,0.362
7.5,0.618,0.973452783479186,1.41464643748153,0.362
7.5,0.619,0.973365357454329,1.42375532895007,0.362
7.5,0.62,0.973277777936087,1.43288185359838,0.362
7.5,0.621,0.973190045787323,1.44202593056342,0.362
7.5,0.622,0.973102161866622,1.45118747938324,0.362
7.5,0.623,0.973014127028316,1.46036641999436,0.362
7.5,0.624,0.972925942122505,1.46956267272944,0.362
7.5,0.625,0.972837607995088,1.47877615831478,0.362
7.5,0.626,0.97274912548778,1.48800679786787,0.362
7.5,0.627,0.972660495438145,1.49725451289491,0.362
7.5,0.628,0.972571718679609,1.5065192252887,0.362
7.5,0.629,0.972482796041493,1.51580085732608,0.362
7.5,0.63,0.972393728349031,1.52509933166538,0.362
7.5,0.631,0.972304516423396,1.53441457134462,0.362
7.5,0.632,0.972215161081722,1.54374649977871,0.362
7.5,0.633,0.972125663137127,1.55309504075729,0.362
7.5,0.634,0.972036023398738,1.56246011844261,0.362
7.5,0.635,0.97194624267171,1.57184165736717,0.362
7.5,0.636,0.971856321757253,1.58123958243122,0.362
7.5,0.637,0.97176626145265,1.59065381890102,0.362
7.5,0.638,0.971676062551285,1.60008429240615,0.362
7.5,0.639,0.971585725842658,1.60953092893763,0.362
7.5,0.64,0.971495252112412,1.61899365484564,0.362
7.5,0.641,0.971404642142354,1.62847239683734,0.362
7.5,0.642,0.971313896710476,1.63796708197463,0.362
7.5,0.643,0.971223016590977,1.64747763767221,0.362
7.5,0.644,0.971132002554283,1.65700399169535,0.362
7.5,0.645,0.971040855367072,1.66654607215775,0.362
7.5,0.646,0.97094957579229,1.67610380751946,0.362
7.5,0.647,0.970858164589176,1.68567712658494,0.362
7.5,0.648,0.970766622513282,1.69526595850089,0.362
7.5,0.649,0.970674950316492,1.70487023275412,0.362
7.5,0.65,0.970583148747044,1.71448987916971,0.362
7.5,0.651,0.97049121854955,1.72412482790893,0.362
7.5,0.652,0.970399160465018,1.73377500946705,0.362
7.5,0.653,0.970306975230869,1.74344035467173,0.362
7.5,0.654,0.970214663580959,1.75312079468077,0.362
7.5,0.655,0.970122226245599,1.76281626098014,0.362
7.5,0.656,0.970029663951574,1.77252668538213,0.362
7.5,0.657,0.969936977422163,1.78225200002362,0.362
7.5,0.658,0.96984416737716,1.79199213736363,0.362
7.5,0.659,0.969751234532889,1.80174703018197,0.362
7.5,0.66,0.969658179602229,1.81151661157699,0.362
7.5,0.661,0.969565003294628,1.82130081496394,0.362
7.5,0.662,0.969471706316126,1.83109957407301,0.362
7.5,0.663,0.96937828936937,1.84091282294743,0.362
7.5,0.664,0.969284753153637,1.85074049594161,0.362
7.5,0.665,0.969191098364849,1.8605825277195,0.362
7.5,0.666,0.969097325695595,1.87043885325269,0.362
7.5,0.667,0.969003435835145,1.88030940781858,0.362
7.5,0.668,0.968909429469472,1.89019412699847,0.362
7.5,0.669,0.968815307281269,1.90009294667608,0.362
7.5,0.67,0.968721069949966,1.91000580303557,0.362
7.5,0.671,0.968626718151748,1.91993263255998,0.362
7.5,0.672,0.968532252559576,1.92987337202926,0.362
7.5,0.673,0.9684376738432,1.9398279585187,0.362
7.5,0.674,0.96834298266918,1.94979632939716,0.362
7.5,0.675,0.968248179700901,1.95977842232549,0.362
7.5,0.676,0.968153265598593,1.96977417525461,0.362
7.5,0.677,0.968058241019346,1.97978352642414,0.362
7.5,0.678,0.967963106617128,1.98980641436053,0.362
7.5,0.679,0.967867863042801,1.9998427778753,0.362
7.5,0.68,0.96777251094414,2.00989255606385,0.362
7.5,0.681,0.967677050965849,2.0199556883032,0.362
7.5,0.682,0.967581483749575,2.03003211425106,0.362
7.5,0.683,0.96748580993393,2.04012177384356,0.362
7.5,0.684,0.9673900301545,2.05022460729423,0.362
7.5,0.685,0.96729414504387,2.0603405550919,0.362
7.5,0.686,0.967198155231634,2.07046955799961,0.362
7.5,0.687,0.967102061344411,2.08061155705277,0.362
7.5,0.688,0.967005864005867,2.09076649355755,0.362
7.5,0.689,0.966909563836725,2.10093430908951,0.362
7.5,0.69,0.966813161454782,2.1111149454921,0.362
7.5,0.691,0.966716657474927,2.12130834487492,0.362
7.5,0.692,0.966620052509155,2.13151444961244,0.362
7.5,0.693,0.966523347166581,2.14173320234234,0.362
7.5,0.694,0.966426542053461,2.15196454596414,0.362
7.5,0.695,0.9663296377732,2.16220842363759,0.362
7.5,0.696,0.966232634926371,2.17246477878144,0.362
7.5,0.697,0.966135534110734,2.18273355507153,0.362
7.5,0.698,0.966038335921242,2.19301469643995,0.362
7.5,0.699,0.965941040950063,2.20330814707312,0.362
7.5,0.7,0.965843649786593,2.21361385141055,0.362
7.5,0.701,0.965746163017471,2.22393175414344,0.362
7.5,0.702,0.965648581226593,2.23426180021309,0.362
7.5,0.703,0.965550904995127,2.24460393480976,0.362
7.5,0.704,0.965453134901524,2.25495810337133,0.362
7.5,0.705,0.965355271521543,2.26532425158128,0.362
7.5,0.706,0.965257315428251,2.27570232536822,0.362
7.5,0.707,0.965159267192048,2.28609227090393,0.362
7.5,0.708,0.965061127380677,2.29649403460217,0.362
7.5,0.709,0.964962896559238,2.30690756311727,0.362
7.5,0.71,0.964864575290202,2.31733280334305,0.362
7.5,0.711,0.964766164133427,2.32776970241109,0.362
7.5,0.712,0.964667663646168,2.33821820768985,0.362
7.5,0.713,0.964569074383095,2.34867826678282,0.362
7.5,0.714,0.964470396896301,2.35914982752794,0.362
7.5,0.715,0.964371631735324,2.36963283799565,0.362
7.5,0.716,0.964272779447151,2.38012724648786,0.362
7.5,0.717,0.964173840576238,2.39063300153688,0.362
7.5,0.718,0.96407481566452,2.40115005190369,0.362
7.5,0.719,0.963975705251425,2.41167834657718,0.362
7.5,0.72,0.963876509873889,2.42221783477263,0.362
7.5,0.721,0.963777230066368,2.43276846593026,0.362
7.5,0.722,0.963677866360846,2.44333018971463,0.362
7.5,0.723,0.963578419286856,2.45390295601289,0.362
7.5,0.724,0.963478889371489,2.46448671493358,0.362
7.5,0.725,0.963379277139405,2.47508141680564,0.362
7.5,0.726,0.963279583112847,2.48568701217728,0.362
7.5,0.727,0.963179807811657,2.49630345181435,0.362
7.5,0.728,0.963079951753284,2.5069306866996,0.362
7.5,0.729,0.962980015452795,2.51756866803143,0.362
7.5,0.73,0.962879999422895,2.52821734722235,0.362
7.5,0.731,0.962779904173929,2.53887667589843,0.362
7.5,0.732,0.962679730213907,2.5495466058975,0.362
7.5,0.733,0.9625794780485,2.56022708926864,0.362
7.5,0.734,0.962479148181069,2.57091807827039,0.362
7.5,0.735,0.962378741112661,2.5816195253703,0.362
7.5,0.736,0.962278257342036,2.59233138324315,0.362
7.5,0.737,0.962177697365665,2.60305360477036,0.362
7.5,0.738,0.962077061677753,2.61378614303853,0.362
7.5,0.739,0.961976350770243,2.62452895133856,0.362
7.5,0.74,0.961875565132833,2.63528198316436,0.362
7.5,0.741,0.961774705252981,2.64604519221201,0.362
7.5,0.742,0.961673771615924,2.65681853237847,0.362
7.5,0.743,0.961572764704684,2.66760195776059,0.362
7.5,0.744,0.961471685000083,2.67839542265389,0.362
7.5,0.745,0.961370532980751,2.6891988815519,0.362
7.5,0.746,0.961269309123138,2.70001228914467,0.362
7.5,0.747,0.961168013901527,2.71083560031793,0.362
7.5,0.748,0.961066647788045,2.72166877015201,0.362
7.5,0.749,0.960965211252669,2.73251175392089,0.362
7.5,0.75,0.960863704763244,2.74336450709098,0.362
7.5,0.751,0.96076212878549,2.75422698532042,0.362
7.5,0.752,0.960660483783012,2.76509914445764,0.362
7.5,0.753,0.960558770217313,2.77598094054081,0.362
7.5,0.754,0.960456988547805,2.78687232979633,0.362
7.5,0.755,0.960355139231816,2.79777326863839,0.362
7.5,0.756,0.960253222724605,2.80868371366758,0.362
7.5,0.757,0.960151239479368,2.81960362167013,0.362
7.5,0.758,0.960049189947253,2.8305329496167,0.362
7.5,0.759,0.959947074577368,2.84147165466175,0.362
7.5,0.76,0.95984489381679,2.85241969414218,0.362
7.5,0.761,0.959742648110579,2.86337702557669,0.362
7.5,0.762,0.959640337901782,2.87434360666479,0.362
7.5,0.763,0.959537963631451,2.88531939528571,0.362
7.5,0.764,0.959435525738647,2.89630434949744,0.362
7.5,0.765,0.959333024660452,2.90729842753601,0.362
7.5,0.766,0.959230460831978,2.91830158781452,0.362
7.5,0.767,0.959127834686382,2.92931378892194,0.362
7.5,0.768,0.959025146654866,2.94033498962265,0.362
7.5,0.769,0.958922397166696,2.95136514885497,0.362
7.5,0.77,0.958819586649207,2.96240422573091,0.362
7.5,0.771,0.958716715527814,2.97345217953469,0.362
7.5,0.772,0.95861378422602,2.98450896972213,0.362
7.5,0.773,0.958510793165428,2.99557455591997,0.362
7.5,0.774,0.958407742765751,3.0066488979243,0.362
7.5,0.775,0.958304633444816,3.01773195570048,0.362
7.5,0.776,0.958201465618579,3.0288236893818,0.362
7.5,0.777,0.958098239701134,3.03992405926872,0.362
7.5,0.778,0.957994956104717,3.05103302582803,0.362
7.5,0.779,0.957891615239722,3.06215054969203,0.362
7.5,0.78,0.957788217514704,3.07327659165764,0.362
7.5,0.781,0.957684763336396,3.08441111268538,0.362
7.5,0.782,0.957581253109708,3.09555407389897,0.362
7.5,0.783,0.957477687237744,3.10670543658411,0.362
7.5,0.784,0.957374066121807,3.11786516218771,0.362
7.5,0.785,0.957270390161408,3.12903321231737,0.362
7.5,0.786,0.957166659754279,3.14020954874004,0.362
7.5,0.787,0.957062875296375,3.15139413338166,0.362
7.5,0.788,0.956959037181888,3.16258692832621,0.362
7.5,0.789,0.956855145803254,3.17378789581473,0.362
7.5,0.79,0.956751201551162,3.18499699824493,0.362
7.5,0.791,0.956647204814561,3.19621419816982,0.362
7.5,0.792,0.95654315598067,3.20743945829753,0.362
7.5,0.793,0.956439055434987,3.21867274149013,0.362
7.5,0.794,0.956334903561296,3.22991401076298,0.362
7.5,0.795,0.956230700741675,3.24116322928394,0.362
7.5,0.796,0.956126447356509,3.25242036037252,0.362
7.5,0.797,0.956022143784491,3.2636853674993,0.362
7.5,0.798,0.955917790402634,3.27495821428516,0.362
7.5,0.799,0.955813387586282,3.28623886450023,0.362
7.5,0.8,0.955708935709112,3.29752728206347,0.362
7.75,0.2,0.97443196464176,1.2587254358591,0.361
7.75,0.201,0.974614891188268,1.23972007372548,0.361
7.75,0.202,0.974795959834042,1.22091476495567,0.361
7.75,0.203,0.974975184066069,1.20230789063687,0.361
7.75,0.204,0.975152577245324,1.18389784941504,0.361
7.75,0.205,0.975328152608321,1.16568305724805,0.361
7.75,0.206,0.975501923268641,1.14766194716387,0.361
7.75,0.207,0.975673902218439,1.12983296902207,0.361
7.75,0.208,0.975844102329925,1.11219458928005,0.361
7.75,0.209,0.976012536356822,1.09474529076319,0.361
7.75,0.21,0.976179216935799,1.07748357243911,0.361
7.75,0.211,0.976344156587884,1.06040794919544,0.361
7.75,0.212,0.976507367719854,1.04351695162181,0.361
7.75,0.213,0.976668862625606,1.02680912579529,0.361
7.75,0.214,0.976828653487497,1.01028303306991,0.361
7.75,0.215,0.97698675237768,0.993937249868959,0.361
7.75,0.216,0.977143171259401,0.977770367481701,0.361
7.75,0.217,0.977297921988293,0.961780991862793,0.361
7.75,0.218,0.977451016313636,0.945967743435694,0.361
7.75,0.219,0.977602465879607,0.930329256898599,0.361
7.75,0.22,0.977752282226509,0.914864181034503,0.361
7.75,0.221,0.97790047679198,0.899571178523706,0.361
7.75,0.222,0.978047060912186,0.884448925759584,0.361
7.75,0.223,0.978192045822989,0.869496112667889,0.361
7.75,0.224,0.978335442661116,0.854711442527933,0.361
7.75,0.225,0.978477262465282,0.840093631798289,0.361
7.75,0.226,0.978617516177327,0.825641409943434,0.361
7.75,0.227,0.978756214643314,0.811353519264979,0.361
7.75,0.228,0.97889336861462,0.797228714734421,0.361
7.75,0.229,0.979028988749012,0.783265763829211,0.361
7.75,0.23,0.979163085611705,0.769463446371121,0.361
7.75,0.231,0.979295669676402,0.755820554367514,0.361
7.75,0.232,0.979426751326324,0.742335891854817,0.361
7.75,0.233,0.979556340855224,0.729008274744869,0.361
7.75,0.234,0.979684448468387,0.715836530673064,0.361
7.75,0.235,0.979811084283609,0.702819498849871,0.361
7.75,0.236,0.979936258332172,0.689956029913774,0.361
7.75,0.237,0.980059980559801,0.677244985786984,0.361
7.75,0.238,0.980182260827603,0.664685239533225,0.361
7.75,0.239,0.980303108913002,0.652275675217995,0.361
7.75,0.24,0.980422534510653,0.640015187770615,0.361
7.75,0.241,0.980540547233346,0.627902682849024,0.361
7.75,0.242,0.980657156612901,0.615937076705575,0.361
7.75,0.243,0.980772372101042,0.604117296056361,0.361
7.75,0.244,0.980886203070268,0.592442277951211,0.361
7.75,0.245,0.980998658814707,0.580910969646475,0.361
7.75,0.246,0.98110974855096,0.569522328479555,0.361
7.75,0.247,0.981219481418929,0.558275321745128,0.361
7.75,0.248,0.981327866482647,0.547168926573538,0.361
7.75,0.249,0.981434912731077,0.536202129810737,0.361
7.75,0.25,0.981540629078915,0.52537392790053,0.361
7.75,0.251,0.981645024367381,0.514683326767895,0.361
7.75,0.252,0.98174810736499,0.504129341704584,0.361
7.75,0.253,0.981849886768324,0.493710997256191,0.361
7.75,0.254,0.981950371202784,0.483427327111086,0.361
7.75,0.255,0.98204956922334,0.473277373990655,0.361
7.75,0.256,0.982147489315267,0.46326018954157,0.361
7.75,0.257,0.982244139894871,0.453374834229336,0.361
7.75,0.258,0.982339529310207,0.443620377233556,0.361
7.75,0.259,0.982433665841785,0.433995896344697,0.361
7.75,0.26,0.982526557703272,0.424500477862333,0.361
7.75,0.261,0.982618213042179,0.415133216495001,0.361
7.75,0.262,0.982708639940543,0.405893215261144,0.361
7.75,0.263,0.982797846415597,0.396779585392038,0.361
7.75,0.264,0.982885840420435,0.387791446235664,0.361
7.75,0.265,0.982972629844665,0.37892792516212,0.361
7.75,0.266,0.983058222515056,0.370188157470519,0.361
7.75,0.267,0.983142626196177,0.361571286296858,0.361
7.75,0.268,0.983225848591022,0.353076462523805,0.361
7.75,0.269,0.983307897341639,0.344702844690947,0.361
7.75,0.27,0.983388780029738,0.336449598907196,0.361
7.75,0.271,0.983468504177301,0.328315898763565,0.361
7.75,0.272,0.983547077247173,0.320300925248129,0.361
7.75,0.273,0.983624506643666,0.312403866661093,0.361
7.75,0.274,0.983700799713129,0.304623918532121,0.361
7.75,0.275,0.983775963744534,0.296960283537873,0.361
7.75,0.276,0.983850005970038,0.289412171421577,0.361
7.75,0.277,0.98392293356555,0.281978798912852,0.361
7.75,0.278,0.983994753651286,0.27465938964939,0.361
7.75,0.279,0.984065473292312,0.267453174099241,0.361
7.75,0.28,0.98413509949909,0.260359389484321,0.361
7.75,0.281,0.984203639228013,0.253377279705047,0.361
7.75,0.282,0.98427109938193,0.246506095265864,0.361
7.75,0.283,0.984337486810671,0.239745093201904,0.361
7.75,0.284,0.984402808311562,0.233093537006557,0.361
7.75,0.285,0.98446707062993,0.226550696560057,0.361
7.75,0.286,0.984530280459613,0.220115848059232,0.361
7.75,0.287,0.984592444443452,0.213788273947713,0.361
7.75,0.288,0.984653569173781,0.20756726284763,0.361
7.75,0.289,0.984713661192919,0.201452109491829,0.361
7.75,0.29,0.984772726993642,0.195442114657318,0.361
7.75,0.291,0.984830773019659,0.18953658509917,0.361
7.75,0.292,0.984887805666081,0.183734833486127,0.361
7.75,0.293,0.984943831279882,0.178036178335761,0.361
7.75,0.294,0.984998856160357,0.172439943951863,0.361
7.75,0.295,0.985052886559574,0.166945460361623,0.361
7.75,0.296,0.985105928682817,0.1615520632545,0.361
7.75,0.297,0.985157988689031,0.156259093920963,0.361
7.75,0.298,0.985209072691256,0.151065899192915,0.361
7.75,0.299,0.985259186757055,0.145971831384339,0.361
7.75,0.3,0.985308336908946,0.140976248232993,0.361
7.75,0.301,0.985356529124816,0.13607851284263,0.361
7.75,0.302,0.985403769338342,0.1312779936262,0.361
7.75,0.303,0.985450063439401,0.126574064249652,0.361
7.75,0.304,0.985495417274472,0.121966103576532,0.361
7.75,0.305,0.985539836647043,0.11745349561334,0.361
7.75,0.306,0.985583327318006,0.113035629455327,0.361
7.75,0.307,0.98562589500605,0.108711899233338,0.361
7.75,0.308,0.985667545388048,0.104481704061121,0.361
7.75,0.309,0.98570828409944,0.100344447983436,0.361
7.75,0.31,0.985748116734616,0.0962995399246269,0.361
7.75,0.311,0.985787048847285,0.0923463936380653,0.361
7.75,0.312,0.985825085950854,0.0884844276560326,0.361
7.75,0.313,0.985862233518784,0.0847130652406047,0.361
7.75,0.314,0.985898496984961,0.0810317343345801,0.361
7.75,0.315,0.985933881744053,0.0774398675135402,0.361
7.75,0.316,0.985968393151859,0.0739369019383318,0.361
7.75,0.317,0.986002036525667,0.0705222793078386,0.361
7.75,0.318,0.986034817144593,0.0671954458131951,0.361
7.75,0.319,0.986066740249931,0.0639558520913575,0.361
7.75,0.32,0.986097811045483,0.0608029531804943,0.361
7.75,0.321,0.986128034697906,0.0577362084747568,0.361
7.75,0.322,0.986157416337031,0.054755081680713,0.361
7.75,0.323,0.986185961056199,0.0518590407735831,0.361
7.75,0.324,0.986213673912584,0.0490475579540295,0.361
7.75,0.325,0.986240559927508,0.0463201096061461,0.361
7.75,0.326,0.986266624086766,0.0436761762550031,0.361
7.75,0.327,0.986291871340936,0.0411152425255024,0.361
7.75,0.328,0.986316306605686,0.0386367971013657,0.361
7.75,0.329,0.986339934762087,0.0362403326847005,0.361
7.75,0.33,0.986362760656913,0.0339253459559874,0.361
7.75,0.331,0.986384789102943,0.031691337534534,0.361
7.75,0.332,0.986406024879255,0.0295378119397949,0.361
7.75,0.333,0.986426472731525,0.0274642775524914,0.361
7.75,0.334,0.98644613737231,0.0254702465768641,0.361
7.75,0.335,0.986465023481345,0.0235552350027923,0.361
7.75,0.336,0.986483135705822,0.0217187625688009,0.361
7.75,0.337,0.986500478660669,0.0199603527253789,0.361
7.75,0.338,0.986517056928834,0.0182795325986751,0.361
7.75,0.339,0.986532875061561,0.0166758329544825,0.361
7.75,0.34,0.986547937578656,0.0151487881630885,0.361
7.75,0.341,0.986562248968762,0.0136979361642586,0.361
7.75,0.342,0.986575813689627,0.0123228184324642,0.361
7.75,0.343,0.986588636168363,0.0110229799428874,0.361
7.75,0.344,0.986600720801712,0.00979796913755937,0.361
7.75,0.345,0.986612071956301,0.00864733789205374,0.361
7.75,0.346,0.986622693968903,0.00757064148237951,0.361
7.75,0.347,0.986632591146684,0.0065674385525849,0.361
7.75,0.348,0.986641767767457,0.005637291082361,0.361
7.75,0.349,0.986650228079933,0.00477976435533378,0.361
7.75,0.35,0.98665797630396,0.0039944269274006,0.361
7.75,0.351,0.986665016630769,0.00328085059588812,0.361
7.75,0.352,0.986671353223216,0.00263861036871038,0.361
7.75,0.353,0.986676990216018,0.00206728443366,0.361
7.75,0.354,0.986681931715988,0.00156645412894285,0.361
7.75,0.355,0.986686181802272,0.0011357039129134,0.361
7.75,0.356,0.986689744526573,0.000774621335275505,0.361
7.75,0.357,0.986692623913386,0.000482797007483882,0.361
7.75,0.358,0.986694823960219,0.000259824574522227,0.361
7.75,0.359,0.986696348637821,0.000105300686170651,0.361
7.75,0.36,0.986697201890401,1.88249693167108e-05,0.361
7.75,0.361,0.986697387635847,0,0.361
7.75,0.362,0.986696909765942,4.84312760784533e-05,0.361
7.75,0.363,0.986695772146586,0.000163727189939067,0.361
7.75,0.364,0.986693978617997,0.000345499002118999,0.361
7.75,0.365,0.98669153299493,0.000593360814460375,0.361
7.75,0.366,0.986688439066886,0.000906929543931234,0.361
7.75,0.367,0.986684700598312,0.00128582489697937,0.361
7.75,0.368,0.986680321328809,0.00172966934361973,0.361
7.75,0.369,0.986675304973336,0.00223808809232118,0.361
7.75,0.37,0.986669655222407,0.00281070906484882,0.361
7.75,0.371,0.986663375742292,0.00344716287143942,0.361
7.75,0.372,0.98665647017521,0.00414708278648757,0.361
7.75,0.373,0.986648942139528,0.00491010472418729,0.361
7.75,0.374,0.986640795229946,0.00573586721470676,0.361
7.75,0.375,0.986632033017699,0.00662401138022961,0.361
7.75,0.376,0.986622659050733,0.00757418091181794,0.361
7.75,0.377,0.986612676853902,0.0085860220461198,0.361
7.75,0.378,0.986602089929148,0.00965918354234319,0.361
7.75,0.379,0.986590901755682,0.0107933166599183,0.361
7.75,0.38,0.986579115790175,0.0119880751355161,0.361
7.75,0.381,0.986566735466923,0.0132431151615542,0.361
7.75,0.382,0.986553764198041,0.0145580953636593,0.361
7.75,0.383,0.986540205373626,0.0159326767793289,0.361
7.75,0.384,0.986526062361941,0.0173665228362818,0.361
7.75,0.385,0.98651133850958,0.0188592993313641,0.361
7.75,0.386,0.986496037141644,0.0204106744094323,0.361
7.75,0.387,0.986480161561911,0.0220203185426149,0.361
7.75,0.388,0.986463715053002,0.0236879045097504,0.361
7.75,0.389,0.986446700876544,0.0254131073761821,0.361
7.75,0.39,0.986429122273344,0.027195604473329,0.361
7.75,0.391,0.986410982463541,0.0290350753790358,0.361
7.75,0.392,0.986392284646777,0.0309312018979213,0.361
7.75,0.393,0.986373032002351,0.0328836680415945,0.361
7.75,0.394,0.986353227689379,0.0348921600098251,0.361
7.75,0.395,0.986332874846954,0.0369563661709815,0.361
7.75,0.396,0.986311976594295,0.0390759770435567,0.361
7.75,0.397,0.98629053603091,0.0412506852772276,0.361
7.75,0.398,0.986268556236739,0.0434801856346034,0.361
7.75,0.399,0.986246040272315,0.0457641749727511,0.361
7.75,0.4,0.986222991178903,0.0481023522252988,0.361
7.75,0.401,0.986199411978659,0.050494418384317,0.361
7.75,0.402,0.986175305674769,0.0529400764827548,0.361
7.75,0.403,0.986150675251599,0.0554390315768094,0.361
7.75,0.404,0.986125523674838,0.0579909907288068,0.361
7.75,0.405,0.98609985389164,0.0605956629897486,0.361
7.75,0.406,0.986073668830767,0.0632527593825039,0.361
7.75,0.407,0.986046971402729,0.0659619928848887,0.361
7.75,0.408,0.986019764499921,0.0687230784131021,0.361
7.75,0.409,0.985992050996764,0.071535732805339,0.361
7.75,0.41,0.985963833749839,0.07439967480527,0.361
7.75,0.411,0.985935115598024,0.0773146250460766,0.361
7.75,0.412,0.985905899362626,0.0802803060344859,0.361
7.75,0.413,0.985876187847515,0.0832964421348725,0.361
7.75,0.414,0.985845983839254,0.0863627595537153,0.361
7.75,0.415,0.985815290107231,0.0894789863240764,0.361
7.75,0.416,0.985784109403788,0.0926448522903023,0.361
7.75,0.417,0.98575244446435,0.095860089092703,0.361
7.75,0.418,0.985720298007545,0.0991244301529637,0.361
7.75,0.419,0.98568767273534,0.102437610658668,0.361
7.75,0.42,0.985654571333157,0.105799367549131,0.361
7.75,0.421,0.985620996470003,0.109209439500413,0.361
7.75,0.422,0.985586950798585,0.11266756691144,0.361
7.75,0.423,0.985552436955438,0.116173491889038,0.361
7.75,0.424,0.985517457561041,0.119726958234345,0.361
7.75,0.425,0.985482015219936,0.1233277114286,0.361
7.75,0.426,0.985446112520848,0.126975498619419,0.361
7.75,0.427,0.985409752036801,0.130670068606875,0.361
7.75,0.428,0.985372936325234,0.13441117183024,0.361
7.75,0.429,0.985335667928114,0.138198560354175,0.361
7.75,0.43,0.985297949372052,0.142031987855695,0.361
7.75,0.431,0.985259783168416,0.145911209610938,0.361
7.75,0.432,0.985221171813439,0.149835982482083,0.361
7.75,0.433,0.985182117788334,0.153806064904516,0.361
7.75,0.434,0.985142623559403,0.157821216873777,0.361
7.75,0.435,0.985102691578144,0.161881199933411,0.361
7.75,0.436,0.985062324281359,0.165985777161914,0.361
7.75,0.437,0.985021524091264,0.170134713160563,0.361
7.75,0.438,0.984980293415591,0.174327774041161,0.361
7.75,0.439,0.984938634647695,0.178564727413755,0.361
7.75,0.44,0.984896550166659,0.18284534237456,0.361
7.75,0.441,0.984854042337395,0.187169389494213,0.361
7.75,0.442,0.984811113510746,0.191536640805756,0.361
7.75,0.443,0.984767766023593,0.195946869793051,0.361
7.75,0.444,0.984724002198946,0.200399851379074,0.361
7.75,0.445,0.984679824346054,0.204895361914459,0.361
7.75,0.446,0.984635234760496,0.209433179166352,0.361
7.75,0.447,0.984590235724282,0.21401308230673,0.361
7.75,0.448,0.98454482950595,0.218634851901789,0.361
7.75,0.449,0.984499018360662,0.223298269900263,0.361
7.75,0.45,0.984452804530301,0.228003119623055,0.361
7.75,0.451,0.984406190243562,0.232749185752068,0.361
7.75,0.452,0.984359177716049,0.237536254319592,0.361
7.75,0.453,0.984311769150366,0.242364112697713,0.361
7.75,0.454,0.984263966736212,0.247232549587717,0.361
7.75,0.455,0.984215772650469,0.252141355009461,0.361
7.75,0.456,0.984167189057294,0.257090320291664,0.361
7.75,0.457,0.98411821810821,0.262079238060942,0.361
7.75,0.458,0.984068861942194,0.267107902232078,0.361
7.75,0.459,0.984019122685764,0.272176107998079,0.361
7.75,0.46,0.98396900245307,0.277283651819826,0.361
7.75,0.461,0.983918503345977,0.282430331416639,0.361
7.75,0.462,0.983867627454156,0.287615945756192,0.361
7.75,0.463,0.983816376855161,0.292840295045194,0.361
7.75,0.464,0.983764753614526,0.298103180719367,0.361
7.75,0.465,0.983712759785835,0.303404405434504,0.361
7.75,0.466,0.983660397410818,0.308743773056519,0.361
7.75,0.467,0.983607668519424,0.314121088652475,0.361
7.75,0.468,0.983554575129909,0.319536158481393,0.361
7.75,0.469,0.983501119248912,0.324988789984837,0.361
7.75,0.47,0.983447302871543,0.330478791778099,0.361
7.75,0.471,0.983393127981453,0.33600597364114,0.361
7.75,0.472,0.983338596550921,0.341570146509773,0.361
7.75,0.473,0.983283710540929,0.347171122466738,0.361
7.75,0.474,0.983228471901242,0.352808714733088,0.361
7.75,0.475,0.983172882570483,0.358482737659394,0.361
7.75,0.476,0.98311694447621,0.364193006717484,0.361
7.75,0.477,0.983060659534992,0.369939338491565,0.361
7.75,0.478,0.983004029652486,0.375721550670183,0.361
7.75,0.479,0.98294705672351,0.381539462037517,0.361
7.75,0.48,0.982889742632117,0.387392892465499,0.361
7.75,0.481,0.98283208925167,0.393281662905354,0.361
7.75,0.482,0.982774098444912,0.399205595379715,0.361
7.75,0.483,0.982715772064041,0.405164512974343,0.361
7.75,0.484,0.982657111950782,0.411158239830423,0.361
7.75,0.485,0.982598119936453,0.417186601136477,0.361
7.75,0.486,0.982538797842044,0.42324942312062,0.361
7.75,0.487,0.98247914747828,0.429346533042874,0.361
7.75,0.488,0.982419170645692,0.435477759187353,0.361
7.75,0.489,0.982358869134688,0.441642930854846,0.361
7.75,0.49,0.982298244725619,0.447841878355049,0.361
7.75,0.491,0.982237299188847,0.454074432999363,0.361
7.75,0.492,0.982176034284813,0.460340427093198,0.361
7.75,0.493,0.982114451764104,0.466639693928816,0.361
7.75,0.494,0.982052553367517,0.472972067778099,0.361
7.75,0.495,0.981990340826125,0.479337383885214,0.361
7.75,0.496,0.981927815861346,0.485735478459448,0.361
7.75,0.497,0.981864980185002,0.492166188668297,0.361
7.75,0.498,0.981801835499383,0.498629352630342,0.361
7.75,0.499,0.981738383497319,0.505124809408186,0.361
7.75,0.5,0.981674625862231,0.511652399001794,0.361
7.75,0.501,0.981610564268202,0.518211962341453,0.361
7.75,0.502,0.981546200380034,0.524803341281221,0.361
7.75,0.503,0.981481535853314,0.531426378591804,0.361
7.75,0.504,0.981416572334472,0.538080917954464,0.361
7.75,0.505,0.98135131146084,0.544766803954078,0.361
7.75,0.506,0.981285754860718,0.551483882072334,0.361
7.75,0.507,0.981219904153425,0.558231998682057,0.361
7.75,0.508,0.981153760949366,0.565011001039895,0.361
7.75,0.509,0.981087326850086,0.571820737280615,0.361
7.75,0.51,0.98102060344833,0.578661056410268,0.361
7.75,0.511,0.9809535923281,0.585531808300432,0.361
7.75,0.512,0.980886295064712,0.592432843681601,0.361
7.75,0.513,0.980818713224853,0.599364014137249,0.361
7.75,0.514,0.980750848366639,0.606325172097644,0.361
7.75,0.515,0.980682702039666,0.613316170833933,0.361
7.75,0.516,0.980614275785074,0.620336864451843,0.361
7.75,0.517,0.980545571135593,0.627387107886168,0.361
7.75,0.518,0.980476589615602,0.634466756894603,0.361
7.75,0.519,0.980407332741184,0.64157566805183,0.361
7.75,0.52,0.980337802020177,0.64871369874393,0.361
7.75,0.521,0.98026799895223,0.65588070716267,0.361
7.75,0.522,0.980197925028854,0.663076552299513,0.361
7.75,0.523,0.980127581733475,0.670301093940417,0.361
7.75,0.524,0.980056970541488,0.677554192659868,0.361
7.75,0.525,0.979986092920305,0.684835709815301,0.361
7.75,0.526,0.979914950329408,0.692145507542108,0.361
7.75,0.527,0.979843544220404,0.699483448747529,0.361
7.75,0.528,0.979771876037067,0.706849397105724,0.361
7.75,0.529,0.979699947215398,0.714243217052113,0.361
7.75,0.53,0.979627759183663,0.721664773778419,0.361
7.75,0.531,0.979555313362457,0.729113933226899,0.361
7.75,0.532,0.979482611164739,0.73659056208546,0.361
7.75,0.533,0.979409653995889,0.744094527782568,0.361
7.75,0.534,0.979336443253754,0.751625698481773,0.361
7.75,0.535,0.979262980328696,0.759183943076835,0.361
7.75,0.536,0.979189266603639,0.766769131186451,0.361
7.75,0.537,0.979115303454116,0.774381133149715,0.361
7.75,0.538,0.979041092248318,0.782019820020707,0.361
7.75,0.539,0.978966634347137,0.789685063563539,0.361
7.75,0.54,0.978891931104214,0.797376736247934,0.361
7.75,0.541,0.978816983865987,0.805094711243681,0.361
7.75,0.542,0.978741793971731,0.812838862416654,0.361
7.75,0.543,0.978666362753608,0.820609064323241,0.361
7.75,0.544,0.978590691536709,0.828405192206327,0.361
7.75,0.545,0.9785147816391,0.836227121989985,0.361
7.75,0.546,0.978438634371865,0.844074730275146,0.361
7.75,0.547,0.978362251039149,0.851947894335114,0.361
7.75,0.548,0.978285632938203,0.859846492110816,0.361
7.75,0.549,0.97820878135943,0.867770402206003,0.361
7.75,0.55,0.978131697586418,0.875719503883277,0.361
7.75,0.551,0.978054382895992,0.883693677059472,0.361
7.75,0.552,0.977976838558254,0.89169280230077,0.361
7.75,0.553,0.977899065836622,0.899716760819058,0.361
7.75,0.554,0.977821065987872,0.907765434467045,0.361
7.75,0.555,0.977742840262183,0.915838705733951,0.361
7.75,0.556,0.977664389903174,0.923936457741625,0.361
7.75,0.557,0.977585716147945,0.932058574239947,0.361
7.75,0.558,0.97750682022712,0.940204939602562,0.361
7.75,0.559,0.977427703364882,0.94837543882309,0.361
7.75,0.56,0.977348366779019,0.956569957510545,0.361
7.75,0.561,0.977268811680958,0.96478838188554,0.361
7.75,0.562,0.977189039275808,0.973030598776004,0.361
7.75,0.563,0.977109050762396,0.981296495613204,0.361
7.75,0.564,0.977028847333306,0.989585960427908,0.361
7.75,0.565,0.97694843017492,0.997898881845938,0.361
7.75,0.566,0.976867800467451,1.00623514908491,0.361
7.75,0.567,0.976786959384985,1.01459465194962,0.361
7.75,0.568,0.97670590809552,1.02297728082854,0.361
7.75,0.569,0.976624647760994,1.03138292668994,0.361
7.75,0.57,0.976543179537334,1.03981148107797,0.361
7.75,0.571,0.976461504574482,1.04826283610897,0.361
7.75,0.572,0.976379624016439,1.05673688446761,0.361
7.75,0.573,0.976297539001297,1.06523351940313,0.361
7.75,0.574,0.976215250661277,1.07375263472576,0.361
7.75,0.575,0.97613276012276,1.08229412480307,0.361
7.75,0.576,0.976050068506331,1.09085788455603,0.361
7.75,0.577,0.975967176926806,1.09944380945568,0.361
7.75,0.578,0.975884086493268,1.10805179551963,0.361
7.75,0.579,0.975800798309107,1.11668173930803,0.361
7.75,0.58,0.975717313472048,1.12533353792055,0.361
7.75,0.581,0.97563363307419,1.13400708899254,0.361
7.75,0.582,0.975549758202033,1.14270229069187,0.361
7.75,0.583,0.97546568993652,1.1514190417151,0.361
7.75,0.584,0.975381429353065,1.16015724128424,0.361
7.75,0.585,0.975296977521588,1.16891678914346,0.361
7.75,0.586,0.975212335506546,1.17769758555557,0.361
7.75,0.587,0.975127504366968,1.1864995312987,0.361
7.75,0.588,0.975042485156486,1.19532252766301,0.361
7.75,0.589,0.974957278923367,1.20416647644748,0.361
7.75,0.59,0.974871886710547,1.21303127995638,0.361
7.75,0.591,0.974786309555659,1.22191684099642,0.361
7.75,0.592,0.974700548491067,1.23082306287319,0.361
7.75,0.593,0.9746146045439,1.23974984938808,0.361
7.75,0.594,0.974528478736074,1.24869710483528,0.361
7.75,0.595,0.974442172084335,1.25766473399829,0.361
7.75,0.596,0.974355685600279,1.26665264214723,0.361
7.75,0.597,0.974269020290389,1.27566073503531,0.361
7.75,0.598,0.974182177156062,1.2846889188961,0.361
7.75,0.599,0.97409515719364,1.29373710044032,0.361
7.75,0.6,0.974007961394439,1.30280518685295,0.361
7.75,0.601,0.973920590744782,1.31189308578992,0.361
7.75,0.602,0.973833046226021,1.32100070537549,0.361
7.75,0.603,0.973745328814575,1.33012795419918,0.361
7.75,0.604,0.973657439481953,1.3392747413127,0.361
7.75,0.605,0.973569379194783,1.34844097622726,0.361
7.75,0.606,0.973481148914843,1.35762656891056,0.361
7.75,0.607,0.973392749599089,1.36683142978384,0.361
7.75,0.608,0.973304182199683,1.37605546971917,0.361
7.75,0.609,0.973215447664016,1.38529860003676,0.361
7.75,0.61,0.973126546934745,1.39456073250175,0.361
7.75,0.611,0.973037480949813,1.4038417793218,0.361
7.75,0.612,0.97294825064248,1.41314165314419,0.361
7.75,0.613,0.97285885694135,1.42246026705304,0.361
7.75,0.614,0.972769300770393,1.43179753456684,0.361
7.75,0.615,0.972679583048982,1.44115336963524,0.361
7.75,0.616,0.97258970469191,1.450527686637,0.361
7.75,0.617,0.972499666609419,1.45992040037686,0.361
7.75,0.618,0.97240946970723,1.46933142608312,0.361
7.75,0.619,0.972319114886566,1.47876067940496,0.361
7.75,0.62,0.972228603044177,1.48820807640986,0.361
7.75,0.621,0.972137935072367,1.49767353358101,0.361
7.75,0.622,0.972047111859021,1.50715696781483,0.361
7.75,0.623,0.971956134287627,1.51665829641829,0.361
7.75,0.624,0.971865003237305,1.52617743710648,0.361
7.75,0.625,0.97177371958283,1.53571430799995,0.361
7.75,0.626,0.971682284194655,1.54526882762267,0.361
7.75,0.627,0.97159069793894,1.55484091489899,0.361
7.75,0.628,0.971498961677572,1.56443048915156,0.361
7.75,0.629,0.971407076268194,1.57403747009881,0.361
7.75,0.63,0.971315042564226,1.58366177785247,0.361
7.75,0.631,0.971222861414888,1.59330333291534,0.361
7.75,0.632,0.971130533665228,1.60296205617865,0.361
7.75,0.633,0.971038060156143,1.61263786892001,0.361
7.75,0.634,0.970945441724402,1.62233069280078,0.361
7.75,0.635,0.97085267920267,1.63204044986409,0.361
7.75,0.636,0.970759773419532,1.64176706253223,0.361
7.75,0.637,0.970666725199519,1.65151045360421,0.361
7.75,0.638,0.970573535363122,1.66127054625416,0.361
7.75,0.639,0.970480204726822,1.6710472640284,0.361
7.75,0.64,0.970386734103114,1.68084053084339,0.361
7.75,0.641,0.970293124300523,1.69065027098383,0.361
7.75,0.642,0.97019937612363,1.70047640909989,0.361
7.75,0.643,0.970105490373097,1.71031887020543,0.361
7.75,0.644,0.970011467845681,1.72017757967586,0.361
7.75,0.645,0.969917309334265,1.73005246324549,0.361
7.75,0.646,0.969823015627874,1.73994344700599,0.361
7.75,0.647,0.969728587511697,1.7498504574039,0.361
7.75,0.648,0.969634025767111,1.75977342123861,0.361
7.75,0.649,0.9695393311717,1.76971226566032,0.361
7.75,0.65,0.969444504499279,1.77966691816764,0.361
7.75,0.651,0.969349546519908,1.7896373066062,0.361
7.75,0.652,0.969254457999924,1.79962335916581,0.361
7.75,0.653,0.969159239701952,1.80962500437887,0.361
7.75,0.654,0.96906389238493,1.81964217111836,0.361
7.75,0.655,0.968968416804127,1.82967478859564,0.361
7.75,0.656,0.968872813711169,1.83972278635853,0.361
7.75,0.657,0.968777083854052,1.84978609428943,0.361
7.75,0.658,0.968681227977167,1.85986464260304,0.361
7.75,0.659,0.968585246821316,1.86995836184489,0.361
7.75,0.66,0.968489141123735,1.88006718288904,0.361
7.75,0.661,0.968392911618116,1.89019103693617,0.361
7.75,0.662,0.968296559034619,1.90032985551178,0.361
7.75,0.663,0.968200084099896,1.91048357046433,0.361
7.75,0.664,0.968103487537114,1.92065211396319,0.361
7.75,0.665,0.968006770065964,1.93083541849699,0.361
7.75,0.666,0.967909932402692,1.94103341687151,0.361
7.75,0.667,0.967812975260109,1.95124604220795,0.361
7.75,0.668,0.967715899347614,1.96147322794111,0.361
7.75,0.669,0.96761870537121,1.97171490781773,0.361
7.75,0.67,0.967521394033526,1.98197101589428,0.361
7.75,0.671,0.967423966033833,1.99224148653552,0.361
7.75,0.672,0.967326422068064,2.0025262544126,0.361
7.75,0.673,0.967228762828828,2.01282525450124,0.361
7.75,0.674,0.967130989005435,2.02313842208004,0.361
7.75,0.675,0.967033101283908,2.03346569272871,0.361
7.75,0.676,0.966935100347003,2.04380700232634,0.361
7.75,0.677,0.966836986874228,2.05416228704975,0.361
7.75,0.678,0.966738761541858,2.0645314833716,0.361
7.75,0.679,0.966640425022955,2.07491452805888,0.361
7.75,0.68,0.966541977987384,2.08531135817114,0.361
7.75,0.681,0.96644342110183,2.09572191105873,0.361
7.75,0.682,0.966344755029816,2.10614612436144,0.361
7.75,0.683,0.966245980431721,2.11658393600644,0.361
7.75,0.684,0.966147097964794,2.12703528420697,0.361
7.75,0.685,0.966048108283174,2.13750010746048,0.361
7.75,0.686,0.965949012037905,2.14797834454723,0.361
7.75,0.687,0.965849809876952,2.15846993452855,0.361
7.75,0.688,0.965750502445221,2.1689748167451,0.361
7.75,0.689,0.96565109038457,2.17949293081576,0.361
7.75,0.69,0.965551574333831,2.19002421663546,0.361
7.75,0.691,0.965451954928822,2.20056861437412,0.361
7.75,0.692,0.965352232802365,2.21112606447473,0.361
7.75,0.693,0.965252408584301,2.22169650765212,0.361
7.75,0.694,0.965152482901509,2.23227988489112,0.361
7.75,0.695,0.965052456377916,2.24287613744534,0.361
7.75,0.696,0.964952329634519,2.25348520683541,0.361
7.75,0.697,0.964852103289396,2.26410703484763,0.361
7.75,0.698,0.964751777957725,2.2747415635324,0.361
7.75,0.699,0.964651354251794,2.2853887352029,0.361
7.75,0.7,0.964550832781024,2.29604849243339,0.361
7.75,0.701,0.96445021415198,2.30672077805787,0.361
7.75,0.702,0.964349498968383,2.31740553516859,0.361
7.75,0.703,0.964248687831132,2.32810270711477,0.361
7.75,0.704,0.964147781338313,2.3388122375009,0.361
7.75,0.705,0.964046780085218,2.34953407018552,0.361
7.75,0.706,0.963945684664357,2.36026814927981,0.361
7.75,0.707,0.963844495665473,2.37101441914604,0.361
7.75,0.708,0.963743213675559,2.38177282439631,0.361
7.75,0.709,0.963641839278868,2.39254330989112,0.361
7.75,0.71,0.963540373056935,2.40332582073797,0.361
7.75,0.711,0.96343881558858,2.41412030229007,0.361
7.75,0.712,0.963337167449934,2.42492670014491,0.361
7.75,0.713,0.963235429214444,2.435744960143,0.361
7.75,0.714,0.963133601452894,2.44657502836645,0.361
7.75,0.715,0.963031684733413,2.45741685113763,0.361
7.75,0.716,0.962929679621494,2.46827037501793,0.361
7.75,0.717,0.962827586680005,2.47913554680641,0.361
7.75,0.718,0.9627254064692,2.49001231353856,0.361
7.75,0.719,0.96262313954674,2.50090062248478,0.361
7.75,0.72,0.9625207864677,2.51180042114949,0.361
7.75,0.721,0.962418347784586,2.52271165726938,0.361
7.75,0.722,0.962315824047346,2.53363427881257,0.361
7.75,0.723,0.962213215803385,2.54456823397708,0.361
7.75,0.724,0.962110523597576,2.55551347118976,0.361
7.75,0.725,0.962007747972279,2.56646993910481,0.361
7.75,0.726,0.961904889467345,2.5774375866028,0.361
7.75,0.727,0.961801948620136,2.58841636278935,0.361
7.75,0.728,0.961698925965536,2.59940621699384,0.361
7.75,0.729,0.961595822035962,2.61040709876814,0.361
7.75,0.73,0.96149263736138,2.62141895788575,0.361
7.75,0.731,0.961389372469314,2.63244174434019,0.361
7.75,0.732,0.961286027884862,2.64347540834415,0.361
7.75,0.733,0.961182604130706,2.65451990032806,0.361
7.75,0.734,0.961079101727125,2.66557517093897,0.361
7.75,0.735,0.960975521192009,2.67664117103963,0.361
7.75,0.736,0.960871863040869,2.68771785170687,0.361
7.75,0.737,0.960768127786851,2.69880516423093,0.361
7.75,0.738,0.960664315940745,2.70990306011405,0.361
7.75,0.739,0.960560428011002,2.7210114910694,0.361
7.75,0.74,0.960456464503744,2.73213040901978,0.361
7.75,0.741,0.960352425922771,2.74325976609697,0.361
7.75,0.742,0.960248312769583,2.75439951464,0.361
7.75,0.743,0.96014412554338,2.7655496071946,0.361
7.75,0.744,0.960039864741083,2.77670999651176,0.361
7.75,0.745,0.959935530857342,2.78788063554678,0.361
7.75,0.746,0.959831124384547,2.79906147745799,0.361
7.75,0.747,0.95972664581284,2.81025247560607,0.361
7.75,0.748,0.959622095630129,2.82145358355252,0.361
7.75,0.749,0.959517474322092,2.83266475505903,0.361
7.75,0.75,0.9594127823722,2.84388594408593,0.361
7.75,0.751,0.959308020261716,2.85511710479169,0.361
7.75,0.752,0.959203188469714,2.86635819153149,0.361
7.75,0.753,0.959098287473088,2.87760915885622,0.361
7.75,0.754,0.958993317746562,2.88886996151174,0.361
7.75,0.755,0.958888279762702,2.90014055443737,0.361
7.75,0.756,0.958783173991926,2.91142089276542,0.361
7.75,0.757,0.958678000902519,2.92271093181964,0.361
7.75,0.758,0.958572760960634,2.93401062711476,0.361
7.75,0.759,0.958467454630315,2.94531993435498,0.361
7.75,0.76,0.958362082373498,2.95663880943342,0.361
7.75,0.761,0.958256644650025,2.96796720843073,0.361
7.75,0.762,0.958151141917658,2.9793050876145,0.361
7.75,0.763,0.958045574632081,2.99065240343797,0.361
7.75,0.764,0.957939943246922,3.00200911253914,0.361
7.75,0.765,0.95783424821375,3.0133751717401,0.361
7.75,0.766,0.957728489982097,3.02475053804563,0.361
7.75,0.767,0.957622668999461,3.03613516864252,0.361
7.75,0.768,0.957516785711319,3.0475290208986,0.361
7.75,0.769,0.957410840561137,3.05893205236165,0.361
7.75,0.77,0.957304833990378,3.0703442207588,0.361
7.75,0.771,0.957198766438517,3.08176548399521,0.361
7.75,0.772,0.957092638343042,3.09319580015339,0.361
7.75,0.773,0.956986450139475,3.10463512749231,0.361
7.75,0.774,0.956880202261373,3.11608342444623,0.361
7.75,0.775,0.956773895140339,3.12754064962428,0.361
7.75,0.776,0.956667529206039,3.13900676180889,0.361
7.75,0.777,0.956561104886202,3.1504817199556,0.361
7.75,0.778,0.956454622606634,3.16196548319168,0.361
7.75,0.779,0.956348082791228,3.1734580108155,0.361
7.75,0.78,0.956241485861974,3.18495926229549,0.361
7.75,0.781,0.956134832238965,3.19646919726939,0.361
7.75,0.782,0.956028122340409,3.20798777554345,0.361
7.75,0.783,0.955921356582638,3.21951495709134,0.361
7.75,0.784,0.955814535380118,3.23105070205352,0.361
7.75,0.785,0.955707659145456,3.2425949707362,0.361
7.75,0.786,0.955600728289409,3.25414772361075,0.361
7.75,0.787,0.955493743220898,3.26570892131264,0.361
7.75,0.788,0.95538670434701,3.27727852464066,0.361
7.75,0.789,0.955279612073013,3.28885649455606,0.361
7.75,0.79,0.955172466802361,3.300442792182,0.361
7.75,0.791,0.955065268936705,3.31203737880221,0.361
7.75,0.792,0.9549580188759,3.32364021586082,0.361
7.75,0.793,0.954850717018015,3.33525126496088,0.361
7.75,0.794,0.954743363759343,3.34687048786422,0.361
7.75,0.795,0.954635959494408,3.35849784649001,0.361
7.75,0.796,0.954528504615972,3.37013330291449,0.361
7.75,0.797,0.954420999515047,3.38177681937,0.361
7.75,0.798,0.954313444580903,3.39342835824401,0.361
7.75,0.799,0.954205840201073,3.40508788207865,0.361
7.75,0.8,0.954098186761366,3.41675535356971,0.361
8,0.2,0.973673571005486,1.28376954835379,0.36
8,0.201,0.97386043567891,1.26433518401727,0.36
8,0.202,0.974045403996731,1.24510538871474,0.36
8,0.203,0.974228489586639,1.22607851766394,0.36
8,0.204,0.97440970595071,1.20725294379485,0.36
8,0.205,0.97458906646694,1.18862705750211,0.36
8,0.206,0.974766584390748,1.17019926640221,0.36
8,0.207,0.974942272856464,1.15196799509509,0.36
8,0.208,0.97511614487878,1.13393168492941,0.36
8,0.209,0.975288213354196,1.11608879377216,0.36
8,0.21,0.975458491062426,1.0984377957822,0.36
8,0.211,0.975626990667796,1.08097718118767,0.36
8,0.212,0.975793724720608,1.06370545606724,0.36
8,0.213,0.975958705658496,1.04662114213476,0.36
8,0.214,0.97612194580775,1.02972277652824,0.36
8,0.215,0.976283457384624,1.01300891160161,0.36
8,0.216,0.976443252496628,0.996478114720589,0.36
8,0.217,0.976601343143792,0.980128968061567,0.36
8,0.218,0.97675774121992,0.963960068414016,0.36
8,0.219,0.976912458513816,0.947970026986411,0.36
8,0.22,0.977065506710499,0.932157469214823,0.36
8,0.221,0.9772168973924,0.916521034575046,0.36
8,0.222,0.97736664204053,0.901059376398017,0.36
8,0.223,0.977514752035649,0.885771161687665,0.36
8,0.224,0.977661238659399,0.870655070942128,0.36
8,0.225,0.977806113095437,0.855709797977999,0.36
8,0.226,0.977949386430538,0.840934049757069,0.36
8,0.227,0.97809106965569,0.826326546216039,0.36
8,0.228,0.978231173667168,0.811886020099073,0.36
8,0.229,0.978369709267602,0.797611216792782,0.36
8,0.23,0.978506687167012,0.78350089416428,0.36
8,0.231,0.978642117983851,0.769553822401114,0.36
8,0.232,0.97877601224601,0.755768783854638,0.36
8,0.233,0.978908380391829,0.742144572884906,0.36
8,0.234,0.979039232771077,0.728679995708981,0.36
8,0.235,0.979168579645931,0.715373870250713,0.36
8,0.236,0.97929643119193,0.702225025993752,0.36
8,0.237,0.979422797498928,0.689232303835841,0.36
8,0.238,0.979547688572023,0.676394555946436,0.36
8,0.239,0.979671114332477,0.663710645625848,0.36
8,0.24,0.979793084618626,0.651179447166728,0.36
8,0.241,0.979913609186771,0.638799845717708,0.36
8,0.242,0.980032697712065,0.626570737149224,0.36
8,0.243,0.980150359789379,0.614491027921238,0.36
8,0.244,0.980266604934165,0.602559634953015,0.36
8,0.245,0.980381442583298,0.59077548549511,0.36
8,0.246,0.980494882095913,0.579137517002848,0.36
8,0.247,0.980606932754232,0.567644677012047,0.36
8,0.248,0.980717603764374,0.556295923016736,0.36
8,0.249,0.980826904257157,0.545090222348188,0.36
8,0.25,0.980934843288888,0.534026552056299,0.36
8,0.251,0.981041429842149,0.523103898792465,0.36
8,0.252,0.981146672826561,0.512321258694226,0.36
8,0.253,0.981250581079548,0.501677637271736,0.36
8,0.254,0.981353163367084,0.491172049295741,0.36
8,0.255,0.981454428384437,0.480803518687445,0.36
8,0.256,0.981554384756896,0.470571078409576,0.36
8,0.257,0.981653041040495,0.46047377035956,0.36
8,0.258,0.98175040572272,0.450510645263957,0.36
8,0.259,0.981846487223217,0.440680762574486,0.36
8,0.26,0.98194129389448,0.430983190365497,0.36
8,0.261,0.98203483402254,0.421417005232994,0.36
8,0.262,0.982127115827635,0.411981292195396,0.36
8,0.263,0.982218147464881,0.402675144594955,0.36
8,0.264,0.982307937024929,0.393497664001474,0.36
8,0.265,0.982396492534613,0.384447960116918,0.36
8,0.266,0.982483821957596,0.375525150681377,0.36
8,0.267,0.982569933194999,0.366728361380542,0.36
8,0.268,0.982654834086028,0.358056725754308,0.36
8,0.269,0.982738532408591,0.349509385107094,0.36
8,0.27,0.982821035879911,0.341085488418646,0.36
8,0.271,0.982902352157123,0.332784192256907,0.36
8,0.272,0.982982488837872,0.324604660691641,0.36
8,0.273,0.983061453460901,0.3165460652095,0.36
8,0.274,0.98313925350663,0.308607584629716,0.36
8,0.275,0.983215896397725,0.300788405022057,0.36
8,0.276,0.98329138949967,0.293087719624929,0.36
8,0.277,0.983365740121323,0.285504728764829,0.36
8,0.278,0.983438955515468,0.278038639777245,0.36
8,0.279,0.98351104287936,0.270688666928343,0.36
8,0.28,0.983582009355262,0.263454031337873,0.36
8,0.281,0.983651862030983,0.256333960902988,0.36
8,0.282,0.983720607940395,0.249327690223211,0.36
8,0.283,0.983788254063961,0.242434460526431,0.36
8,0.284,0.983854807329239,0.235653519595758,0.36
8,0.285,0.983920274611399,0.228984121697628,0.36
8,0.286,0.983984662733714,0.222425527510595,0.36
8,0.287,0.984047978468061,0.215977004055312,0.36
8,0.288,0.984110228535407,0.20963782462522,0.36
8,0.289,0.984171419606295,0.203407268718325,0.36
8,0.29,0.984231558301318,0.19728462197004,0.36
8,0.291,0.984290651191593,0.191269176086473,0.36
8,0.292,0.984348704799225,0.185360228778908,0.36
8,0.293,0.984405725597771,0.179557083699255,0.36
8,0.294,0.984461720012692,0.173859050376191,0.36
8,0.295,0.984516694421805,0.168265444151872,0.36
8,0.296,0.984570655155727,0.162775586120034,0.36
8,0.297,0.984623608498316,0.157388803064618,0.36
8,0.298,0.984675560687101,0.152104427399036,0.36
8,0.299,0.984726517913719,0.146921797106536,0.36
8,0.3,0.984776486324332,0.141840255681158,0.36
8,0.301,0.984825472020051,0.136859152069579,0.36
8,0.302,0.984873481057349,0.131977840613473,0.36
8,0.303,0.984920519448472,0.12719568099282,0.36
8,0.304,0.984966593161845,0.122512038170153,0.36
8,0.305,0.985011708122472,0.117926282334757,0.36
8,0.306,0.985055870212329,0.113437788848736,0.36
8,0.307,0.985099085270764,0.109045938192454,0.36
8,0.308,0.985141359094875,0.104750115911889,0.36
8,0.309,0.985182697439899,0.100549712565767,0.36
8,0.31,0.98522310601959,0.0964441236738667,0.36
8,0.311,0.98526259050659,0.0924327496657273,0.36
8,0.312,0.985301156532801,0.0885149958303577,0.36
8,0.313,0.985338809689757,0.0846902722657417,0.36
8,0.314,0.985375555528974,0.0809579938301885,0.36
8,0.315,0.985411399562318,0.0773175800932835,0.36
8,0.316,0.985446347262357,0.073768455287837,0.36
8,0.317,0.985480404062707,0.0703100482627228,0.36
8,0.318,0.985513575358383,0.0669417924354487,0.36
8,0.319,0.98554586650614,0.0636631257464604,0.36
8,0.32,0.98557728282481,0.0604734906129556,0.36
8,0.321,0.985607829595641,0.0573723338839649,0.36
8,0.322,0.985637512062622,0.0543591067956983,0.36
8,0.323,0.985666335432819,0.0514332649274918,0.36
8,0.324,0.985694304876692,0.048594268158153,0.36
8,0.325,0.985721425528418,0.045841580623307,0.36
8,0.326,0.985747702486213,0.0431746706724523,0.36
8,0.327,0.985773140812637,0.0405930108276387,0.36
8,0.328,0.985797745534911,0.0380960777413897,0.36
8,0.329,0.985821521645223,0.0356833521562017,0.36
8,0.33,0.985844474101029,0.0333543188638874,0.36
8,0.331,0.985866607825358,0.0311084666657857,0.36
8,0.332,0.985887927707105,0.0289452883332597,0.36
8,0.333,0.985908438601328,0.0268642805685504,0.36
8,0.334,0.985928145329539,0.0248649439662518,0.36
8,0.335,0.98594705267999,0.0229467829756302,0.36
8,0.336,0.98596516540796,0.0211093058624323,0.36
8,0.337,0.985982488236036,0.0193520246721812,0.36
8,0.338,0.985999025854393,0.017674455193184,0.36
8,0.339,0.986014782921068,0.0160761169203827,0.36
8,0.34,0.986029764062236,0.0145565330193831,0.36
8,0.341,0.986043973872479,0.0131152302909943,0.36
8,0.342,0.986057416915051,0.0117517391365007,0.36
8,0.343,0.986070097722148,0.0104655935225351,0.36
8,0.344,0.986082020795166,0.00925633094730482,0.36
8,0.345,0.986093190604962,0.00812349240664201,0.36
8,0.346,0.986103611592108,0.00706662236051869,0.36
8,0.347,0.986113288167151,0.00608526870002901,0.36
8,0.348,0.986122224710857,0.00517898271499284,0.36
8,0.349,0.986130425574463,0.00434731906124863,0.36
8,0.35,0.986137895079927,0.00358983572914529,0.36
8,0.351,0.986144637520164,0.00290609401185637,0.36
8,0.352,0.986150657159293,0.0022956584742051,0.36
8,0.353,0.986155958232875,0.0017580969219555,0.36
8,0.354,0.986160544948149,0.00129298037114811,0.36
8,0.355,0.986164421484261,0.000899883018301573,0.36
8,0.356,0.986167591992506,0.000578382210458805,0.36
8,0.357,0.986170060596546,0.000328058415721699,0.36
8,0.358,0.986171831392646,0.000148495194229881,0.36
8,0.359,0.986172908449894,3.92791695835726e-05,0.36
8,0.36,0.986173295810423,0,0.36
8,0.361,0.986172997489632,3.02503507354501e-05,0.36
8,0.362,0.986172017476409,0.000129625865619154,0.36
8,0.363,0.986170359733336,0.000297725140274707,0.36
8,0.364,0.986168028196913,0.000534149694475516,0.36
8,0.365,0.986165026777765,0.000838503945410629,0.36
8,0.366,0.986161359360851,0.00121039518110599,0.36
8,0.367,0.986157029805674,0.00164943353417879,0.36
8,0.368,0.986152041946482,0.0021552319558138,0.36
8,0.369,0.986146399592476,0.00272740619020606,0.36
8,0.37,0.98614010652801,0.00336557474880372,0.36
8,0.371,0.986133166512788,0.00406935888559445,0.36
8,0.372,0.986125583282063,0.00483838257208102,0.36
8,0.373,0.986117360546834,0.00567227247250113,0.36
8,0.374,0.986108501994038,0.00657065791984657,0.36
8,0.375,0.986099011286742,0.00753317089161598,0.36
8,0.376,0.98608889206433,0.00855944598630032,0.36
8,0.377,0.986078147942697,0.0096491203993132,0.36
8,0.378,0.986066782514429,0.0108018339003424,0.36
8,0.379,0.986054799348994,0.0120172288099463,0.36
8,0.38,0.986042201992916,0.0132949499770163,0.36
8,0.381,0.986028993969963,0.0146346447560841,0.36
8,0.382,0.986015178781326,0.0160359629850948,0.36
8,0.383,0.986000759905789,0.0174985569636021,0.36
8,0.384,0.985985740799914,0.0190220814306308,0.36
8,0.385,0.985970124898208,0.0206061935432045,0.36
8,0.386,0.9859539156133,0.0222505528552963,0.36
8,0.387,0.985937116336111,0.0239548212962903,0.36
8,0.388,0.985919730436017,0.0257186631505757,0.36
8,0.389,0.985901761261027,0.0275417450364079,0.36
8,0.39,0.98588321213794,0.0294237358858807,0.36
8,0.391,0.985864086372514,0.0313643069245639,0.36
8,0.392,0.985844387249627,0.033363131651365,0.36
8,0.393,0.98582411803344,0.0354198858189436,0.36
8,0.394,0.985803281967553,0.0375342474140394,0.36
8,0.395,0.98578188227517,0.0397058966380648,0.36
8,0.396,0.985759922159247,0.0419345158880979,0.36
8,0.397,0.985737404802654,0.0442197897376539,0.36
8,0.398,0.985714333368327,0.0465614049181662,0.36
8,0.399,0.985690710999421,0.0489590503001347,0.36
8,0.4,0.985666540819458,0.0514124168750962,0.36
8,0.401,0.985641825932482,0.0539211977371501,0.36
8,0.402,0.985616569423201,0.0564850880650392,0.36
8,0.403,0.985590774357137,0.0591037851044973,0.36
8,0.404,0.985564443780775,0.0617769881502639,0.36
8,0.405,0.985537580721701,0.0645043985289639,0.36
8,0.406,0.985510188188749,0.0672857195817,0.36
8,0.407,0.98548226917214,0.070120656646977,0.36
8,0.408,0.985453826643623,0.0730089170438708,0.36
8,0.409,0.985424863556616,0.0759502100551979,0.36
8,0.41,0.985395382846341,0.0789442469108392,0.36
8,0.411,0.985365387429961,0.0819907407717313,0.36
8,0.412,0.985334880206719,0.0850894067130126,0.36
8,0.413,0.985303864058064,0.088239961708636,0.36
8,0.414,0.985272341847793,0.0914421246150043,0.36
8,0.415,0.985240316422176,0.0946956161553603,0.36
8,0.416,0.985207790610088,0.0980001589042878,0.36
8,0.417,0.985174767223139,0.101355477272169,0.36
8,0.418,0.985141249055803,0.104761297489975,0.36
8,0.419,0.985107238885544,0.108217347594053,0.36
8,0.42,0.985072739472939,0.111723357411475,0.36
8,0.421,0.985037753561807,0.115279058544671,0.36
8,0.422,0.985002283879331,0.118884184357437,0.36
8,0.423,0.984966333136179,0.122538469959799,0.36
8,0.424,0.984929904026627,0.12624165219397,0.36
8,0.425,0.984892999228679,0.129993469620215,0.36
8,0.426,0.984855621404185,0.133793662502413,0.36
8,0.427,0.984817773198963,0.137641972794311,0.36
8,0.428,0.984779457242908,0.141538144125941,0.36
8,0.429,0.984740676150117,0.145481921789492,0.36
8,0.43,0.984701432519001,0.149473052725924,0.36
8,0.431,0.984661728932395,0.153511285511931,0.36
8,0.432,0.984621567957677,0.157596370346091,0.36
8,0.433,0.984580952146876,0.161728059036115,0.36
8,0.434,0.984539884036787,0.165906104985702,0.36
8,0.435,0.984498366149074,0.170130263181689,0.36
8,0.436,0.984456400990389,0.174400290181165,0.36
8,0.437,0.984413991052471,0.178715944099039,0.36
8,0.438,0.984371138812257,0.183076984595476,0.36
8,0.439,0.984327846731992,0.187483172863345,0.36
8,0.44,0.984284117259329,0.191934271616012,0.36
8,0.441,0.984239952827433,0.19643004507548,0.36
8,0.442,0.98419535585509,0.200970258959821,0.36
8,0.443,0.984150328746806,0.205554680471698,0.36
8,0.444,0.984104873892908,0.210183078286375,0.36
8,0.445,0.984058993669648,0.214855222540145,0.36
8,0.446,0.9840126904393,0.219570884818387,0.36
8,0.447,0.983965966550261,0.224329838144754,0.36
8,0.448,0.98391882433715,0.2291318569692,0.36
8,0.449,0.983871266120902,0.233976717157036,0.36
8,0.45,0.983823294208869,0.238864195977739,0.36
8,0.451,0.983774910894915,0.243794072093761,0.36
8,0.452,0.983726118459508,0.248766125550004,0.36
8,0.453,0.983676919169816,0.253780137762494,0.36
8,0.454,0.983627315279802,0.258835891507991,0.36
8,0.455,0.983577309030316,0.263933170913244,0.36
8,0.456,0.983526902649184,0.269071761444506,0.36
8,0.457,0.983476098351303,0.274251449897123,0.36
8,0.458,0.983424898338729,0.279472024385075,0.36
8,0.459,0.983373304800768,0.284733274330895,0.36
8,0.46,0.983321319914062,0.290034990455634,0.36
8,0.461,0.983268945842682,0.295376964768468,0.36
8,0.462,0.983216184738211,0.30075899055706,0.36
8,0.463,0.983163038739831,0.306180862377659,0.36
8,0.464,0.983109509974411,0.311642376045307,0.36
8,0.465,0.983055600556592,0.31714332862407,0.36
8,0.466,0.98300131258887,0.322683518417644,0.36
8,0.467,0.982946648161678,0.328262744959718,0.36
8,0.468,0.982891609353474,0.333880809004716,0.36
8,0.469,0.982836198230821,0.339537512518273,0.36
8,0.47,0.982780416848467,0.345232658668193,0.36
8,0.471,0.982724267249427,0.350966051815327,0.36
8,0.472,0.982667751465065,0.356737497504245,0.36
8,0.473,0.982610871515174,0.362546802454577,0.36
8,0.474,0.98255362940805,0.368393774551912,0.36
8,0.475,0.982496027140576,0.374278222839086,0.36
8,0.476,0.982438066698299,0.380199957507465,0.36
8,0.477,0.982379750055503,0.386158789888125,0.36
8,0.478,0.982321079175288,0.392154532443612,0.36
8,0.479,0.982262056009651,0.398186998758887,0.36
8,0.48,0.98220268249955,0.404256003533598,0.36
8,0.481,0.982142960574991,0.410361362573175,0.36
8,0.482,0.982082892155091,0.416502892780901,0.36
8,0.483,0.982022479148158,0.422680412149545,0.36
8,0.484,0.981961723451765,0.428893739753256,0.36
8,0.485,0.981900626952816,0.435142695739632,0.36
8,0.486,0.981839191527624,0.441427101321556,0.36
8,0.487,0.981777419041975,0.447746778769642,0.36
8,0.488,0.981715311351207,0.454101551403929,0.36
8,0.489,0.981652870300275,0.460491243586425,0.36
8,0.49,0.98159009772382,0.466915680713398,0.36
8,0.491,0.98152699544624,0.473374689207695,0.36
8,0.492,0.981463565281754,0.479868096511216,0.36
8,0.493,0.981399809034477,0.486395731077405,0.36
8,0.494,0.981335728498482,0.492957422363727,0.36
8,0.495,0.981271325457867,0.499553000824604,0.36
8,0.496,0.981206601686821,0.506182297903823,0.36
8,0.497,0.981141558949692,0.512845146027363,0.36
8,0.498,0.98107619900105,0.519541378596555,0.36
8,0.499,0.981010523585754,0.526270829980313,0.36
8,0.5,0.98094453443901,0.533033335508959,0.36
8,0.501,0.980878233286442,0.539828731466452,0.36
8,0.502,0.980811621844152,0.546656855083949,0.36
8,0.503,0.980744701818779,0.553517544532922,0.36
8,0.504,0.980677474907568,0.560410638918096,0.36
8,0.505,0.980609942798426,0.5673359782709,0.36
8,0.506,0.980542107169985,0.574293403542914,0.36
8,0.507,0.980473969691664,0.581282756598966,0.36
8,0.508,0.980405532023726,0.588303880210805,0.36
8,0.509,0.98033679581734,0.595356618050458,0.36
8,0.51,0.980267762714642,0.602440814683858,0.36
8,0.511,0.980198434348786,0.609556315564452,0.36
8,0.512,0.980128812344012,0.616702967026872,0.36
8,0.513,0.980058898315699,0.623880616280492,0.36
8,0.514,0.979988693870421,0.631089111403504,0.36
8,0.515,0.979918200606008,0.63832830133641,0.36
8,0.516,0.979847420111598,0.645598035876249,0.36
8,0.517,0.979776353967697,0.652898165670224,0.36
8,0.518,0.979705003746232,0.660228542209862,0.36
8,0.519,0.979633371010608,0.667589017824954,0.36
8,0.52,0.97956145731576,0.674979445677737,0.36
8,0.521,0.979489264208212,0.68239967975694,0.36
8,0.522,0.979416793226128,0.68984957487197,0.36
8,0.523,0.979344045899361,0.697328986647383,0.36
8,0.524,0.979271023749518,0.704837771516686,0.36
8,0.525,0.97919772829,0.712375786717168,0.36
8,0.526,0.979124161026063,0.719942890284031,0.36
8,0.527,0.979050323454864,0.727538941044714,0.36
8,0.528,0.978976217065519,0.735163798613714,0.36
8,0.529,0.978901843339146,0.74281732338688,0.36
8,0.53,0.978827203748924,0.75049937653584,0.36
8,0.531,0.978752299760137,0.758209820002964,0.36
8,0.532,0.978677132830227,0.765948516495696,0.36
8,0.533,0.978601704408844,0.773715329481561,0.36
8,0.534,0.978526015937893,0.781510123182594,0.36
8,0.535,0.978450068851584,0.789332762570427,0.36
8,0.536,0.978373864576483,0.797183113360922,0.36
8,0.537,0.978297404531553,0.805061042009081,0.36
8,0.538,0.978220690128212,0.812966415704075,0.36
8,0.539,0.97814372277037,0.820899102364092,0.36
8,0.54,0.978066503854484,0.828858970631385,0.36
8,0.541,0.9779890347696,0.836845889867321,0.36
8,0.542,0.977911316897401,0.844859730147562,0.36
8,0.543,0.977833351612253,0.852900362256892,0.36
8,0.544,0.977755140281252,0.860967657684708,0.36
8,0.545,0.977676684264264,0.869061488620115,0.36
8,0.546,0.977597984913978,0.877181727947129,0.36
8,0.547,0.977519043575944,0.88532824924008,0.36
8,0.548,0.97743986158862,0.893500926758661,0.36
8,0.549,0.977360440283417,0.90169963544362,0.36
8,0.55,0.97728078098474,0.909924250912075,0.36
8,0.551,0.977200885010033,0.918174649452741,0.36
8,0.552,0.977120753669822,0.926450708021687,0.36
8,0.553,0.977040388267758,0.934752304237652,0.36
8,0.554,0.976959790100656,0.943079316377715,0.36
8,0.555,0.976878960458544,0.951431623372923,0.36
8,0.556,0.976797900624698,0.959809104803488,0.36
8,0.557,0.976716611875686,0.968211640895089,0.36
8,0.558,0.976635095481411,0.976639112514177,0.36
8,0.559,0.976553352705148,0.98509140116374,0.36
8,0.56,0.976471384803589,0.993568388979016,0.36
8,0.561,0.976389193026878,1.00206995872347,0.36
8,0.562,0.976306778618656,1.0105959937845,0.36
8,0.563,0.976224142816098,1.01914637816933,0.36
8,0.564,0.976141286849953,1.02772099650073,0.36
8,0.565,0.976058211944584,1.03631973401332,0.36
8,0.566,0.975974919318002,1.04494247654918,0.36
8,0.567,0.975891410181914,1.053589110554,0.36
8,0.568,0.975807685741752,1.06225952307308,0.36
8,0.569,0.975723747196716,1.07095360174732,0.36
8,0.57,0.975639595739809,1.07967123480948,0.36
8,0.571,0.975555232557876,1.08841231108014,0.36
8,0.572,0.975470658831644,1.09717671996388,0.36
8,0.573,0.975385875735752,1.10596435144543,0.36
8,0.574,0.975300884438793,1.11477509608602,0.36
8,0.575,0.975215686103348,1.12360884501947,0.36
8,0.576,0.975130281886027,1.13246548994839,0.36
8,0.577,0.975044672937495,1.14134492314089,0.36
8,0.578,0.974958860402517,1.15024703742634,0.36
8,0.579,0.97487284541999,1.15917172619215,0.36
8,0.58,0.974786629122975,1.16811888337993,0.36
8,0.581,0.974700212638738,1.17708840348199,0.36
8,0.582,0.97461359708878,1.18608018153787,0.36
8,0.583,0.974526783588871,1.19509411313059,0.36
8,0.584,0.974439773249091,1.2041300943832,0.36
8,0.585,0.974352567173853,1.2131880219556,0.36
8,0.586,0.974265166461944,1.22226779304067,0.36
8,0.587,0.97417757220656,1.23136930536105,0.36
8,0.588,0.97408978549533,1.24049245716589,0.36
8,0.589,0.974001807410359,1.24963714722715,0.36
8,0.59,0.973913639028258,1.25880327483632,0.36
8,0.591,0.973825281420168,1.26799073980164,0.36
8,0.592,0.973736735651807,1.27719944244387,0.36
8,0.593,0.97364800278349,1.28642928359384,0.36
8,0.594,0.973559083870164,1.29568016458883,0.36
8,0.595,0.973469979961445,1.30495198726936,0.36
8,0.596,0.973380692101641,1.31424465397614,0.36
8,0.597,0.973291221329789,1.32355806754667,0.36
8,0.598,0.973201568679682,1.33289213131245,0.36
8,0.599,0.973111735179904,1.34224674909549,0.36
8,0.6,0.973021721853856,1.35162182520547,0.36
8,0.601,0.972931529719791,1.36101726443645,0.36
8,0.602,0.972841159790837,1.37043297206423,0.36
8,0.603,0.972750613075037,1.37986885384267,0.36
8,0.604,0.972659890575368,1.38932481600131,0.36
8,0.605,0.972568993289778,1.39880076524206,0.36
8,0.606,0.972477922211213,1.40829660873634,0.36
8,0.607,0.972386678327643,1.41781225412203,0.36
8,0.608,0.972295262622097,1.42734760950083,0.36
8,0.609,0.972203676072684,1.43690258343507,0.36
8,0.61,0.97211191965263,1.44647708494487,0.36
8,0.611,0.972019994330298,1.45607102350569,0.36
8,0.612,0.971927901069222,1.46568430904486,0.36
8,0.613,0.971835640828133,1.47531685193931,0.36
8,0.614,0.971743214560985,1.48496856301248,0.36
8,0.615,0.971650623216985,1.49463935353178,0.36
8,0.616,0.971557867740618,1.50432913520564,0.36
8,0.617,0.971464949071677,1.51403782018087,0.36
8,0.618,0.971371868145286,1.52376532104008,0.36
8,0.619,0.97127862589193,1.53351155079879,0.36
8,0.62,0.971185223237483,1.54327642290284,0.36
8,0.621,0.971091661103227,1.55305985122582,0.36
8,0.622,0.970997940405886,1.56286175006644,0.36
8,0.623,0.970904062057651,1.57268203414578,0.36
8,0.624,0.970810026966198,1.58252061860495,0.36
8,0.625,0.970715836034727,1.59237741900222,0.36
8,0.626,0.970621490161975,1.60225235131077,0.36
8,0.627,0.970526990242248,1.61214533191598,0.36
8,0.628,0.970432337165444,1.62205627761303,0.36
8,0.629,0.970337531817081,1.63198510560421,0.36
8,0.63,0.970242575078315,1.6419317334968,0.36
8,0.631,0.970147467825975,1.65189607930021,0.36
8,0.632,0.970052210932576,1.66187806142397,0.36
8,0.633,0.969956805266353,1.6718775986748,0.36
8,0.634,0.969861251691279,1.6818946102547,0.36
8,0.635,0.969765551067091,1.6919290157583,0.36
8,0.636,0.969669704249313,1.70198073517065,0.36
8,0.637,0.969573712089285,1.71204968886465,0.36
8,0.638,0.969477575434178,1.72213579759879,0.36
8,0.639,0.969381295127023,1.73223898251511,0.36
8,0.64,0.969284872006731,1.74235916513663,0.36
8,0.641,0.969188306908121,1.75249626736487,0.36
8,0.642,0.969091600661938,1.76265021147815,0.36
8,0.643,0.968994754094877,1.77282092012891,0.36
8,0.644,0.968897768029606,1.78300831634166,0.36
8,0.645,0.96880064328479,1.79321232351057,0.36
8,0.646,0.968703380675111,1.80343286539753,0.36
8,0.647,0.968605981011291,1.81366986612974,0.36
8,0.648,0.968508445100114,1.82392325019771,0.36
8,0.649,0.968410773744447,1.83419294245308,0.36
8,0.65,0.968312967743265,1.84447886810639,0.36
8,0.651,0.968215027891668,1.85478095272495,0.36
8,0.652,0.968116954980906,1.86509912223087,0.36
8,0.653,0.968018749798398,1.8754333028989,0.36
8,0.654,0.967920413127755,1.88578342135437,0.36
8,0.655,0.9678219457488,1.8961494045709,0.36
8,0.656,0.96772334843759,1.90653117986879,0.36
8,0.657,0.967624621966433,1.91692867491269,0.36
8,0.658,0.967525767103913,1.92734181770962,0.36
8,0.659,0.967426784614912,1.93777053660686,0.36
8,0.66,0.967327675260623,1.94821476029028,0.36
8,0.661,0.967228439798575,1.95867441778217,0.36
8,0.662,0.967129078982655,1.96914943843909,0.36
8,0.663,0.967029593563123,1.97963975195035,0.36
8,0.664,0.966929984286638,1.99014528833557,0.36
8,0.665,0.966830251896271,2.00066597794326,0.36
8,0.666,0.966730397131528,2.0112017514486,0.36
8,0.667,0.966630420728369,2.0217525398516,0.36
8,0.668,0.96653032341923,2.03231827447519,0.36
8,0.669,0.966430105933036,2.04289888696352,0.36
8,0.67,0.966329768995229,2.05349430927986,0.36
8,0.671,0.966229313327775,2.06410447370502,0.36
8,0.672,0.966128739649195,2.0747293128353,0.36
8,0.673,0.966028048674575,2.08536875958083,0.36
8,0.674,0.96592724111559,2.09602274716363,0.36
8,0.675,0.96582631768052,2.10669120911582,0.36
8,0.676,0.965725279074268,2.11737407927817,0.36
8,0.677,0.965624125998378,2.1280712917978,0.36
8,0.678,0.965522859151057,2.1387827811268,0.36
8,0.679,0.965421479227188,2.14950848202033,0.36
8,0.68,0.96531998691835,2.16024832953514,0.36
8,0.681,0.965218382912838,2.1710022590274,0.36
8,0.682,0.965116667895675,2.18177020615133,0.36
8,0.683,0.965014842548634,2.19255210685765,0.36
8,0.684,0.964912907550257,2.20334789739129,0.36
8,0.685,0.964810863575868,2.21415751429042,0.36
8,0.686,0.964708711297591,2.22498089438423,0.36
8,0.687,0.96460645138437,2.23581797479178,0.36
8,0.688,0.964504084501984,2.24666869291985,0.36
8,0.689,0.964401611313062,2.25753298646172,0.36
8,0.69,0.964299032477105,2.26841079339539,0.36
8,0.691,0.964196348650497,2.27930205198199,0.36
8,0.692,0.964093560486525,2.29020670076412,0.36
8,0.693,0.963990668635396,2.30112467856436,0.36
8,0.694,0.96388767374425,2.31205592448385,0.36
8,0.695,0.963784576457179,2.32300037790021,0.36
8,0.696,0.963681377415242,2.33395797846669,0.36
8,0.697,0.963578077256484,2.34492866610998,0.36
8,0.698,0.963474676615947,2.35591238102917,0.36
8,0.699,0.96337117612569,2.36690906369388,0.36
8,0.7,0.9632675764148,2.37791865484314,0.36
8,0.701,0.963163878109416,2.38894109548335,0.36
8,0.702,0.963060081832735,2.39997632688733,0.36
8,0.703,0.962956188205035,2.41102429059257,0.36
8,0.704,0.962852197843686,2.42208492839966,0.36
8,0.705,0.962748111363166,2.43315818237122,0.36
8,0.706,0.962643929375078,2.44424399482992,0.36
8,0.707,0.962539652488164,2.45534230835753,0.36
8,0.708,0.962435281308319,2.46645306579316,0.36
8,0.709,0.962330816438608,2.47757621023208,0.36
8,0.71,0.962226258479279,2.48871168502411,0.36
8,0.711,0.962121608027778,2.49985943377238,0.36
8,0.712,0.962016865678766,2.51101940033169,0.36
8,0.713,0.96191203202413,2.52219152880748,0.36
8,0.714,0.961807107653,2.53337576355419,0.36
8,0.715,0.961702093151762,2.54457204917398,0.36
8,0.716,0.961596989104073,2.55578033051531,0.36
8,0.717,0.961491796090875,2.56700055267187,0.36
8,0.718,0.96138651469041,2.57823266098078,0.36
8,0.719,0.961281145478231,2.58947660102171,0.36
8,0.72,0.961175689027221,2.60073231861511,0.36
8,0.721,0.961070145907601,2.61199975982145,0.36
8,0.722,0.960964516686949,2.62327887093938,0.36
8,0.723,0.960858801930212,2.63456959850477,0.36
8,0.724,0.960753002199718,2.64587188928929,0.36
8,0.725,0.960647118055189,2.65718569029922,0.36
8,0.726,0.960541150053757,2.66851094877416,0.36
8,0.727,0.96043509874998,2.67984761218554,0.36
8,0.728,0.960328964695846,2.69119562823585,0.36
8,0.729,0.960222748440796,2.70255494485687,0.36
8,0.73,0.960116450531731,2.71392551020877,0.36
8,0.731,0.96001007151303,2.72530727267877,0.36
8,0.732,0.959903611926555,2.73670018087997,0.36
8,0.733,0.959797072311674,2.74810418365015,0.36
8,0.734,0.959690453205266,2.75951923005036,0.36
8,0.735,0.959583755141737,2.77094526936403,0.36
8,0.736,0.959476978653033,2.78238225109559,0.36
8,0.737,0.95937012426865,2.79383012496928,0.36
8,0.738,0.959263192515651,2.80528884092812,0.36
8,0.739,0.959156183918672,2.8167583491326,0.36
8,0.74,0.959049098999941,2.82823859995966,0.36
8,0.741,0.958941938279288,2.83972954400122,0.36
8,0.742,0.958834702274153,2.8512311320636,0.36
8,0.743,0.958727391499605,2.86274331516576,0.36
8,0.744,0.958620006468348,2.87426604453873,0.36
8,0.745,0.958512547690739,2.88579927162402,0.36
8,0.746,0.958405015674794,2.89734294807269,0.36
8,0.747,0.958297410926204,2.90889702574448,0.36
8,0.748,0.958189733948345,2.9204614567063,0.36
8,0.749,0.958081985242289,2.93203619323146,0.36
8,0.75,0.957974165306817,2.94362118779832,0.36
8,0.751,0.957866274638433,2.95521639308944,0.36
8,0.752,0.957758313731369,2.9668217619903,0.36
8,0.753,0.957650283077603,2.97843724758853,0.36
8,0.754,0.957542183166865,2.99006280317247,0.36
8,0.755,0.957434014486652,3.0016983822305,0.36
8,0.756,0.95732577752224,3.01334393844968,0.36
8,0.757,0.957217472756691,3.02499942571479,0.36
8,0.758,0.957109100670868,3.03666479810742,0.36
8,0.759,0.957000661743442,3.04834000990502,0.36
8,0.76,0.956892156450908,3.06002501557945,0.36
8,0.761,0.956783585267592,3.07171976979637,0.36
8,0.762,0.956674948665663,3.08342422741421,0.36
8,0.763,0.956566247115146,3.09513834348294,0.36
8,0.764,0.956457481083929,3.1068620732432,0.36
8,0.765,0.956348651037775,3.11859537212544,0.36
8,0.766,0.956239757440333,3.13033819574875,0.36
8,0.767,0.956130800753151,3.14209049991983,0.36
8,0.768,0.95602178143568,3.15385224063238,0.36
8,0.769,0.955912699945292,3.16562337406567,0.36
8,0.77,0.955803556737285,3.177403856584,0.36
8,0.771,0.955694352264896,3.18919364473538,0.36
8,0.772,0.955585086979308,3.20099269525096,0.36
8,0.773,0.955475761329665,3.21280096504373,0.36
8,0.774,0.955366375763078,3.22461841120778,0.36
8,0.775,0.955256930724638,3.23644499101747,0.36
8,0.776,0.955147426657424,3.24828066192617,0.36
8,0.777,0.955037864002513,3.26012538156577,0.36
8,0.778,0.954928243198992,3.2719791077453,0.36
8,0.779,0.954818564683964,3.28384179845065,0.36
8,0.78,0.954708828892563,3.29571341184285,0.36
8,0.781,0.954599036257958,3.3075939062579,0.36
8,0.782,0.954489187211366,3.31948324020566,0.36
8,0.783,0.954379282182064,3.33138137236868,0.36
8,0.784,0.954269321597391,3.34328826160171,0.36
8,0.785,0.954159305882766,3.35520386693064,0.36
8,0.786,0.954049235461691,3.36712814755167,0.36
8,0.787,0.953939110755764,3.37906106283039,0.36
8,0.788,0.953828932184688,3.39100257230109,0.36
8,0.789,0.953718700166278,3.40295263566566,0.36
8,0.79,0.953608415116474,3.41491121279291,0.36
8,0.791,0.953498077449344,3.42687826371784,0.36
8,0.792,0.953387687577101,3.4388537486405,0.36
8,0.793,0.953277245910108,3.45083762792522,0.36
8,0.794,0.953166752856883,3.46282986210027,0.36
8,0.795,0.953056208824118,3.47483041185626,0.36
8,0.796,0.952945614216678,3.48683923804594,0.36
8,0.797,0.952834969437615,3.49885630168312,0.36
8,0.798,0.952724274888175,3.5108815639419,0.36
8,0.799,0.952613530967809,3.52291498615587,0.36
8,0.8,0.952502738074181,3.53495652981726,0.36
8.25,0.2,0.972928548415048,1.30771208688949,0.359
8.25,0.201,0.973119212649348,1.28786276411104,0.359
8.25,0.202,0.973307943297506,1.26822239836488,0.359
8.25,0.203,0.973494754118559,1.24878932007371,0.359
8.25,0.204,0.973679658746414,1.22956187751415,0.359
8.25,0.205,0.973862670691348,1.21053843656953,0.359
8.25,0.206,0.974043803341499,1.19171738048629,0.359
8.25,0.207,0.97422306996432,1.17309710963511,0.359
8.25,0.208,0.974400483708017,1.1546760412759,0.359
8.25,0.209,0.974576057602968,1.13645260932667,0.359
8.25,0.21,0.974749804563111,1.11842526413686,0.359
8.25,0.211,0.974921737387318,1.10059247226415,0.359
8.25,0.212,0.975091868760743,1.08295271625505,0.359
8.25,0.213,0.975260211256154,1.06550449442933,0.359
8.25,0.214,0.975426777335242,1.04824632066802,0.359
8.25,0.215,0.975591579349907,1.03117672420521,0.359
8.25,0.216,0.975754629543534,1.01429424942268,0.359
8.25,0.217,0.975915940052237,0.99759745564878,0.359
8.25,0.218,0.976075522906097,0.981084916960229,0.359
8.25,0.219,0.976233390030373,0.964755221986802,0.359
8.25,0.22,0.976389553246696,0.948606973720234,0.359
8.25,0.221,0.97654402427425,0.932638789325235,0.359
8.25,0.222,0.976696814730933,0.916849299954281,0.359
8.25,0.223,0.976847936134497,0.901237150565048,0.359
8.25,0.224,0.976997399903678,0.885800999741115,0.359
8.25,0.225,0.977145217359306,0.870539519515012,0.359
8.25,0.226,0.977291399725397,0.855451395195139,0.359
8.25,0.227,0.977435958130235,0.840535325194125,0.359
8.25,0.228,0.977578903607434,0.825790020861339,0.359
8.25,0.229,0.977720247096983,0.811214206316802,0.359
8.25,0.23,0.977859999446284,0.796806618288626,0.359
8.25,0.231,0.977998171411166,0.782566005952767,0.359
8.25,0.232,0.97813477365689,0.768491130774973,0.359
8.25,0.233,0.97826981675914,0.754580766355839,0.359
8.25,0.234,0.978403311204997,0.740833698277754,0.359
8.25,0.235,0.9785352673939,0.727248723954732,0.359
8.25,0.236,0.9786656956386,0.713824652483686,0.359
8.25,0.237,0.978794606166088,0.700560304499498,0.359
8.25,0.238,0.978922009118523,0.687454512030694,0.359
8.25,0.239,0.979047914554139,0.67450611835862,0.359
8.25,0.24,0.979172332448146,0.661713977877998,0.359
8.25,0.241,0.979295272693609,0.649076955960082,0.359
8.25,0.242,0.979416745102326,0.636593928817564,0.359
8.25,0.243,0.979536759405686,0.624263783371792,0.359
8.25,0.244,0.979655325255522,0.612085417121921,0.359
8.25,0.245,0.979772452224945,0.600057738015969,0.359
8.25,0.246,0.979888149809172,0.588179664323918,0.359
8.25,0.247,0.980002427426343,0.576450124512684,0.359
8.25,0.248,0.980115294418324,0.564868057122947,0.359
8.25,0.249,0.980226760051501,0.553432410647869,0.359
8.25,0.25,0.980336833517566,0.542142143413482,0.359
8.25,0.251,0.980445523934285,0.530996223461111,0.359
8.25,0.252,0.980552840346267,0.51999362843127,0.359
8.25,0.253,0.980658791725714,0.509133345449264,0.359
8.25,0.254,0.980763386973161,0.498414371013012,0.359
8.25,0.255,0.980866634918216,0.487835710881601,0.359
8.25,0.256,0.980968544320278,0.477396379966155,0.359
8.25,0.257,0.981069123869254,0.467095402222273,0.359
8.25,0.258,0.981168382186265,0.456931810543582,0.359
8.25,0.259,0.98126632782434,0.44690464665722,0.359
8.25,0.26,0.981362969269106,0.4370129610207,0.359
8.25,0.261,0.981458314939463,0.427255812720406,0.359
8.25,0.262,0.981552373188256,0.417632269371215,0.359
8.25,0.263,0.981645152302938,0.408141407017792,0.359
8.25,0.264,0.981736660506218,0.398782310037471,0.359
8.25,0.265,0.98182690595671,0.389554071043929,0.359
8.25,0.266,0.981915896749569,0.380455790792933,0.359
8.25,0.267,0.982003640917118,0.371486578088964,0.359
8.25,0.268,0.982090146429468,0.362645549693164,0.359
8.25,0.269,0.982175421195135,0.353931830233001,0.359
8.25,0.27,0.982259473061642,0.345344552112548,0.359
8.25,0.271,0.982342309816117,0.336882855424636,0.359
8.25,0.272,0.982423939185885,0.328545887863751,0.359
8.25,0.273,0.982504368839052,0.320332804640522,0.359
8.25,0.274,0.982583606385076,0.312242768397164,0.359
8.25,0.275,0.982661659375343,0.304274949124084,0.359
8.25,0.276,0.982738535303725,0.29642852407783,0.359
8.25,0.277,0.982814241607134,0.288702677699892,0.359
8.25,0.278,0.982888785666075,0.281096601536879,0.359
8.25,0.279,0.982962174805184,0.273609494161753,0.359
8.25,0.28,0.983034416293765,0.266240561095676,0.359
8.25,0.281,0.98310551734632,0.25898901473187,0.359
8.25,0.282,0.983175485123066,0.251854074259539,0.359
8.25,0.283,0.983244326730461,0.244834965589247,0.359
8.25,0.284,0.983312049221704,0.237930921279528,0.359
8.25,0.285,0.983378659597247,0.231141180463856,0.359
8.25,0.286,0.983444164805288,0.224464988779349,0.359
8.25,0.287,0.983508571742266,0.217901598295844,0.359
8.25,0.288,0.983571887253348,0.211450267446112,0.359
8.25,0.289,0.983634118132904,0.205110260957064,0.359
8.25,0.29,0.983695271124991,0.198880849781968,0.359
8.25,0.291,0.983755352923815,0.192761311033141,0.359
8.25,0.292,0.983814370174199,0.186750927915869,0.359
8.25,0.293,0.983872329472042,0.180848989663351,0.359
8.25,0.294,0.983929237364769,0.175054791471996,0.359
8.25,0.295,0.983985100351781,0.169367634438067,0.359
8.25,0.296,0.9840399248849,0.163786825494716,0.359
8.25,0.297,0.984093717368803,0.158311677350365,0.359
8.25,0.298,0.984146484161459,0.15294150842724,0.359
8.25,0.299,0.984198231574553,0.147675642801248,0.359
8.25,0.3,0.984248965873911,0.142513410142442,0.359
8.25,0.301,0.984298693279917,0.137454145656113,0.359
8.25,0.302,0.984347419967929,0.132497190024927,0.359
8.25,0.303,0.984395152068686,0.127641889351349,0.359
8.25,0.304,0.98444189566871,0.122887595101528,0.359
8.25,0.305,0.984487656810711,0.118233664049083,0.359
8.25,0.306,0.984532441493976,0.113679458220317,0.359
8.25,0.307,0.984576255674765,0.109224344839354,0.359
8.25,0.308,0.984619105266693,0.104867696274979,0.359
8.25,0.309,0.984660996141116,0.100608889987153,0.359
8.25,0.31,0.984701934127505,0.0964473084747119,0.359
8.25,0.311,0.984741925013822,0.0923823392240175,0.359
8.25,0.312,0.98478097454689,0.0884133746572369,0.359
8.25,0.313,0.984819088432756,0.084539812082518,0.359
8.25,0.314,0.984856272337052,0.0807610536438741,0.359
8.25,0.315,0.984892531885358,0.0770765062720447,0.359
8.25,0.316,0.984927872663548,0.0734855816359792,0.359
8.25,0.317,0.984962300218144,0.0699876960948975,0.359
8.25,0.318,0.984995820056661,0.0665822706507724,0.359
8.25,0.319,0.985028437647949,0.0632687309016999,0.359
8.25,0.32,0.985060158422532,0.0600465069955369,0.359
8.25,0.321,0.985090987772941,0.0569150335845148,0.359
8.25,0.322,0.985120931054045,0.0538737497798314,0.359
8.25,0.323,0.985149993583382,0.0509220991072867,0.359
8.25,0.324,0.985178180641478,0.0480595294633179,0.359
8.25,0.325,0.985205497472172,0.0452854930714564,0.359
8.25,0.326,0.985231949282931,0.0425994464394286,0.359
8.25,0.327,0.985257541245161,0.0400008503167903,0.359
8.25,0.328,0.985282278494524,0.0374891696529822,0.359
8.25,0.329,0.985306166131239,0.0350638735558739,0.359
8.25,0.33,0.985329209220389,0.032724435250997,0.359
8.25,0.331,0.98535141279222,0.0304703320411548,0.359
8.25,0.332,0.985372781842439,0.0283010452662324,0.359
8.25,0.333,0.98539332133251,0.026216060264117,0.359
8.25,0.334,0.985413036189943,0.0242148663315067,0.359
8.25,0.335,0.98543193130858,0.0222969566855857,0.359
8.25,0.336,0.985450011548887,0.0204618284254776,0.359
8.25,0.337,0.985467281738232,0.018708982495319,0.359
8.25,0.338,0.985483746671161,0.0170379236466678,0.359
8.25,0.339,0.985499411109682,0.0154481604018653,0.359
8.25,0.34,0.985514279783531,0.0139392050177989,0.359
8.25,0.341,0.985528357390448,0.0125105734499753,0.359
8.25,0.342,0.985541648596442,0.0111617853171264,0.359
8.25,0.343,0.985554158036059,0.00989236386612635,0.359
8.25,0.344,0.985565890312639,0.00870183593746354,0.359
8.25,0.345,0.985576849998582,0.0075897319308682,0.359
8.25,0.346,0.985587041635601,0.00655558577160598,0.359
8.25,0.347,0.985596469734979,0.00559893487697138,0.359
8.25,0.348,0.985605138777818,0.00471932012338083,0.359
8.25,0.349,0.985613053215291,0.00391628581346559,0.359
8.25,0.35,0.985620217468886,0.00318937964403077,0.359
8.25,0.351,0.985626635930655,0.00253815267388102,0.359
8.25,0.352,0.985632312963449,0.00196215929266774,0.359
8.25,0.353,0.985637252901165,0.00146095718911443,0.359
8.25,0.354,0.985641460048976,0.00103410732061882,0.359
8.25,0.355,0.985644938683571,0.000681173882743913,0.359
8.25,0.356,0.985647693053383,0.000401724278797921,0.359
8.25,0.357,0.985649727378823,0.000195329090324492,0.359
8.25,0.358,0.985651045852504,6.15620475041823e-05,0.359
8.25,0.359,0.98565165263947,0,0.359
8.25,0.36,0.985651551877413,1.02228881804223e-05,0.359
8.25,0.361,0.985650747676904,9.18137147642994e-05,0.359
8.25,0.362,0.985649244121601,0.000244358516265919,0.359
8.25,0.363,0.985647045268473,0.000467446335794541,0.359
8.25,0.364,0.985644155148011,0.000760669194765917,0.359
8.25,0.365,0.985640577764442,0.00112362206643457,0.359
8.25,0.366,0.985636317095939,0.00155590284822704,0.359
8.25,0.367,0.985631377094826,0.00205711233578487,0.359
8.25,0.368,0.985625761687791,0.00262685419611941,0.359
8.25,0.369,0.985619474776083,0.00326473494181023,0.359
8.25,0.37,0.985612520235721,0.00397036390515915,0.359
8.25,0.371,0.985604901917688,0.00474335321292152,0.359
8.25,0.372,0.985596623648131,0.00558331776083776,0.359
8.25,0.373,0.985587689228562,0.00648987518880872,0.359
8.25,0.374,0.985578102436047,0.00746264585629319,0.359
8.25,0.375,0.9855678670234,0.00850125281806058,0.359
8.25,0.376,0.985556986719376,0.00960532179969942,0.359
8.25,0.377,0.985545465228855,0.0107744811741917,0.359
8.25,0.378,0.985533306233037,0.0120083619380207,0.359
8.25,0.379,0.98552051338962,0.013306597688012,0.359
8.25,0.38,0.985507090332986,0.0146688245981519,0.359
8.25,0.381,0.985493040674385,0.0160946813968277,0.359
8.25,0.382,0.985478368002112,0.0175838093441794,0.359
8.25,0.383,0.985463075881687,0.019135852209784,0.359
8.25,0.384,0.985447167856031,0.0207504562505179,0.359
8.25,0.385,0.985430647445644,0.0224272701887518,0.359
8.25,0.386,0.985413518148773,0.0241659451906129,0.359
8.25,0.387,0.985395783441587,0.0259661348447349,0.359
8.25,0.388,0.985377446778348,0.0278274951408308,0.359
8.25,0.389,0.98535851159158,0.0297496844489986,0.359
8.25,0.39,0.985338981292229,0.0317323634990041,0.359
8.25,0.391,0.985318859269838,0.0337751953593646,0.359
8.25,0.392,0.985298148892708,0.0358778454175201,0.359
8.25,0.393,0.985276853508056,0.0380399813594723,0.359
8.25,0.394,0.985254976442179,0.0402612731501772,0.359
8.25,0.395,0.985232521000615,0.0425413930133622,0.359
8.25,0.396,0.985209490468298,0.0448800154128515,0.359
8.25,0.397,0.985185888109718,0.0472768170325155,0.359
8.25,0.398,0.985161717169069,0.0497314767577972,0.359
8.25,0.399,0.985136980870412,0.0522436756564604,0.359
8.25,0.4,0.98511168241782,0.0548130969602045,0.359
8.25,0.401,0.98508582499553,0.0574394260461242,0.359
8.25,0.402,0.985059411768097,0.0601223504183901,0.359
8.25,0.403,0.985032445880535,0.0628615596901527,0.359
8.25,0.404,0.98500493045847,0.065656745565601,0.359
8.25,0.405,0.98497686860828,0.0685076018224873,0.359
8.25,0.406,0.984948263417242,0.071413824294364,0.359
8.25,0.407,0.984919117953679,0.0743751108530422,0.359
8.25,0.408,0.984889435267088,0.0773911613921374,0.359
8.25,0.409,0.984859218388297,0.0804616778090628,0.359
8.25,0.41,0.98482847032959,0.0835863639893075,0.359
8.25,0.411,0.984797194084854,0.086764925788585,0.359
8.25,0.412,0.98476539262971,0.0899970710174003,0.359
8.25,0.413,0.984733068921649,0.0932825094242418,0.359
8.25,0.414,0.98470022590017,0.0966209526792383,0.359
8.25,0.415,0.984666866486907,0.100012114358661,0.359
8.25,0.416,0.984632993585763,0.103455709928713,0.359
8.25,0.417,0.984598610083042,0.106951456730053,0.359
8.25,0.418,0.984563718847576,0.1104990739621,0.359
8.25,0.419,0.984528322730854,0.114098282667929,0.359
8.25,0.42,0.98449242456715,0.117748805718798,0.359
8.25,0.421,0.984456027173644,0.121450367799336,0.359
8.25,0.422,0.984419133350556,0.125202695392423,0.359
8.25,0.423,0.984381745881259,0.129005516764558,0.359
8.25,0.424,0.98434386753241,0.132858561951332,0.359
8.25,0.425,0.984305501054066,0.136761562742627,0.359
8.25,0.426,0.984266649179807,0.140714252668839,0.359
8.25,0.427,0.984227314626855,0.144716366986231,0.359
8.25,0.428,0.984187500096192,0.148767642663072,0.359
8.25,0.429,0.984147208272677,0.15286781836561,0.359
8.25,0.43,0.984106441825162,0.157016634444695,0.359
8.25,0.431,0.98406520340661,0.161213832921625,0.359
8.25,0.432,0.984023495654204,0.165459157475012,0.359
8.25,0.433,0.983981321189465,0.16975235342731,0.359
8.25,0.434,0.983938682618363,0.174093167731582,0.359
8.25,0.435,0.983895582531426,0.178481348958393,0.359
8.25,0.436,0.983852023503853,0.182916647282716,0.359
8.25,0.437,0.983808008095623,0.187398814471473,0.359
8.25,0.438,0.983763538851602,0.191927603870323,0.359
8.25,0.439,0.983718618301651,0.19650277039136,0.359
8.25,0.44,0.983673248960735,0.201124070500525,0.359
8.25,0.441,0.983627433329024,0.205791262205324,0.359
8.25,0.442,0.983581173892002,0.210504105042464,0.359
8.25,0.443,0.98353447312057,0.215262360065749,0.359
8.25,0.444,0.983487333471145,0.220065789834356,0.359
8.25,0.445,0.98343975738577,0.224914158400469,0.359
8.25,0.446,0.983391747292205,0.229807231297885,0.359
8.25,0.447,0.983343305604039,0.234744775530094,0.359
8.25,0.448,0.98329443472078,0.239726559558862,0.359
8.25,0.449,0.983245137027956,0.244752353292887,0.359
8.25,0.45,0.983195414897216,0.249821928076233,0.359
8.25,0.451,0.983145270686426,0.254935056677175,0.359
8.25,0.452,0.983094706739763,0.260091513277083,0.359
8.25,0.453,0.983043725387811,0.265291073459584,0.359
8.25,0.454,0.982992328947658,0.270533514199278,0.359
8.25,0.455,0.982940519722987,0.275818613851309,0.359
8.25,0.456,0.982888300004169,0.281146152140432,0.359
8.25,0.457,0.98283567206836,0.286515910150387,0.359
8.25,0.458,0.982782638179586,0.291927670313519,0.359
8.25,0.459,0.982729200588837,0.29738121640035,0.359
8.25,0.46,0.982675361534157,0.302876333509206,0.359
8.25,0.461,0.982621123240732,0.308412808055913,0.359
8.25,0.462,0.982566487920982,0.313990427763922,0.359
8.25,0.463,0.982511457774642,0.31960898165404,0.359
8.25,0.464,0.982456034988856,0.325268260034628,0.359
8.25,0.465,0.982400221738261,0.33096805449162,0.359
8.25,0.466,0.982344020185068,0.33670815787914,0.359
8.25,0.467,0.982287432479156,0.342488364309279,0.359
8.25,0.468,0.982230460758147,0.348308469142933,0.359
8.25,0.469,0.982173107147496,0.354168268980204,0.359
8.25,0.47,0.98211537376057,0.360067561650967,0.359
8.25,0.471,0.982057262698734,0.366006146205589,0.359
8.25,0.472,0.981998776051426,0.37198382290573,0.359
8.25,0.473,0.981939915896245,0.378000393215183,0.359
8.25,0.474,0.981880684299029,0.384055659790583,0.359
8.25,0.475,0.981821083313929,0.390149426473019,0.359
8.25,0.476,0.981761114983497,0.396281498278483,0.359
8.25,0.477,0.981700781338758,0.402451681389482,0.359
8.25,0.478,0.981640084399288,0.408659783146104,0.359
8.25,0.479,0.981579026173294,0.414905612037408,0.359
8.25,0.48,0.981517608657689,0.421188977692877,0.359
8.25,0.481,0.981455833838164,0.427509690873951,0.359
8.25,0.482,0.981393703689269,0.433867563465462,0.359
8.25,0.483,0.981331220174486,0.440262408467462,0.359
8.25,0.484,0.9812683852463,0.446694039986784,0.359
8.25,0.485,0.981205200846273,0.453162273229069,0.359
8.25,0.486,0.98114166890512,0.459666924490354,0.359
8.25,0.487,0.98107779134278,0.466207811149189,0.359
8.25,0.488,0.981013570068483,0.472784751658728,0.359
8.25,0.489,0.980949006980828,0.479397565538675,0.359
8.25,0.49,0.980884103967848,0.486046073367441,0.359
8.25,0.491,0.980818862907085,0.492730096774463,0.359
8.25,0.492,0.980753285665653,0.499449458432544,0.359
8.25,0.493,0.980687374100311,0.50620398205008,0.359
8.25,0.494,0.980621130057533,0.512993492363512,0.359
8.25,0.495,0.980554555373569,0.519817815129975,0.359
8.25,0.496,0.98048765187452,0.526676777119728,0.359
8.25,0.497,0.980420421376398,0.533570206108824,0.359
8.25,0.498,0.980352865685198,0.540497930871853,0.359
8.25,0.499,0.980284986596959,0.547459781174586,0.359
8.25,0.5,0.980216785897829,0.554455587767033,0.359
8.25,0.501,0.980148265364136,0.561485182375887,0.359
8.25,0.502,0.980079426762443,0.56854839769811,0.359
8.25,0.503,0.980010271849618,0.575645067393449,0.359
8.25,0.504,0.979940802372896,0.582775026077575,0.359
8.25,0.505,0.979871020069939,0.589938109315402,0.359
8.25,0.506,0.979800926668901,0.597134153614176,0.359
8.25,0.507,0.979730523888487,0.604362996416774,0.359
8.25,0.508,0.979659813438017,0.611624476094863,0.359
8.25,0.509,0.979588797017486,0.618918431942395,0.359
8.25,0.51,0.97951747631762,0.626244704169077,0.359
8.25,0.511,0.979445853019943,0.633603133893756,0.359
8.25,0.512,0.97937392879683,0.640993563137982,0.359
8.25,0.513,0.979301705311571,0.648415834819627,0.359
8.25,0.514,0.979229184218423,0.655869792746477,0.359
8.25,0.515,0.979156367162676,0.66335528160999,0.359
8.25,0.516,0.979083255780701,0.670872146979118,0.359
8.25,0.517,0.979009851700017,0.678420235293831,0.359
8.25,0.518,0.978936156539339,0.685999393859404,0.359
8.25,0.519,0.978862171908642,0.693609470839873,0.359
8.25,0.52,0.978787899409208,0.701250315252588,0.359
8.25,0.521,0.978713340633691,0.708921776961446,0.359
8.25,0.522,0.978638497166161,0.716623706671715,0.359
8.25,0.523,0.978563370582169,0.72435595592375,0.359
8.25,0.524,0.978487962448796,0.732118377087176,0.359
8.25,0.525,0.978412274324706,0.739910823355161,0.359
8.25,0.526,0.978336307760199,0.747733148738861,0.359
8.25,0.527,0.978260064297268,0.755585208061316,0.359
8.25,0.528,0.978183545469649,0.763466856952211,0.359
8.25,0.529,0.978106752802868,0.771377951842234,0.359
8.25,0.53,0.978029687814304,0.779318349957148,0.359
8.25,0.531,0.977952352013229,0.787287909312795,0.359
8.25,0.532,0.977874746900866,0.795286488709412,0.359
8.25,0.533,0.977796873970435,0.803313947726125,0.359
8.25,0.534,0.977718734707207,0.811370146715862,0.359
8.25,0.535,0.977640330588553,0.819454946799691,0.359
8.25,0.536,0.977561663083989,0.827568209861895,0.359
8.25,0.537,0.977482733655231,0.835709798544593,0.359
8.25,0.538,0.977403543756243,0.843879576242257,0.359
8.25,0.539,0.977324094833277,0.852077407097274,0.359
8.25,0.54,0.977244388324935,0.860303155994036,0.359
8.25,0.541,0.977164425662204,0.868556688554634,0.359
8.25,0.542,0.97708420826851,0.876837871133174,0.359
8.25,0.543,0.977003737559762,0.885146570811224,0.359
8.25,0.544,0.9769230149444,0.893482655392885,0.359
8.25,0.545,0.976842041823443,0.901845993399486,0.359
8.25,0.546,0.976760819590529,0.910236454065361,0.359
8.25,0.547,0.976679349631967,0.918653907332345,0.359
8.25,0.548,0.976597633326778,0.927098223845646,0.359
8.25,0.549,0.976515672046742,0.9355692749486,0.359
8.25,0.55,0.976433467156441,0.944066932678367,0.359
8.25,0.551,0.976351020013304,0.952591069760822,0.359
8.25,0.552,0.976268331967652,0.961141559606449,0.359
8.25,0.553,0.976185404362738,0.969718276305387,0.359
8.25,0.554,0.976102238534796,0.97832109462308,0.359
8.25,0.555,0.976018835813078,0.986949889995437,0.359
8.25,0.556,0.975935197519899,0.995604538524986,0.359
8.25,0.557,0.975851324970681,1.00428491697568,0.359
8.25,0.558,0.975767219473993,1.01299090276927,0.359
8.25,0.559,0.975682882331594,1.02172237398013,0.359
8.25,0.56,0.97559831483847,1.03047920933159,0.359
8.25,0.561,0.975513518282882,1.03926128819132,0.359
8.25,0.562,0.975428493946405,1.04806849056704,0.359
8.25,0.563,0.97534324310396,1.05690069710263,0.359
8.25,0.564,0.97525776702387,1.06575778907332,0.359
8.25,0.565,0.975172066967884,1.07463964838226,0.359
8.25,0.566,0.975086144191228,1.08354615755568,0.359
8.25,0.567,0.974999999942637,1.09247719973944,0.359
8.25,0.568,0.974913635464399,1.10143265869451,0.359
8.25,0.569,0.974827051992391,1.11041241879311,0.359
8.25,0.57,0.974740250756121,1.11941636501465,0.359
8.25,0.571,0.974653232978759,1.12844438294188,0.359
8.25,0.572,0.974565999877184,1.13749635875688,0.359
8.25,0.573,0.974478552662015,1.1465721792371,0.359
8.25,0.574,0.97439089253765,1.15567173175162,0.359
8.25,0.575,0.974303020702306,1.16479490425712,0.359
8.25,0.576,0.974214938348053,1.17394158529422,0.359
8.25,0.577,0.974126646660852,1.18311166398368,0.359
8.25,0.578,0.974038146820589,1.19230503002259,0.359
8.25,0.579,0.973949440001115,1.20152157368059,0.359
8.25,0.58,0.973860527370278,1.21076118579644,0.359
8.25,0.581,0.973771410089961,1.22002375777397,0.359
8.25,0.582,0.973682089316119,1.22930918157871,0.359
8.25,0.583,0.973592566198808,1.23861734973425,0.359
8.25,0.584,0.973502841882228,1.24794815531843,0.359
8.25,0.585,0.973412917504749,1.25730149196022,0.359
8.25,0.586,0.973322794198953,1.26667725383576,0.359
8.25,0.587,0.973232473091662,1.27607533566523,0.359
8.25,0.588,0.973141955303979,1.28549563270886,0.359
8.25,0.589,0.973051241951315,1.29493804076408,0.359
8.25,0.59,0.972960334143423,1.30440245616179,0.359
8.25,0.591,0.972869232984436,1.31388877576295,0.359
8.25,0.592,0.972777939572896,1.32339689695526,0.359
8.25,0.593,0.972686455001788,1.33292671764995,0.359
8.25,0.594,0.972594780358574,1.3424781362781,0.359
8.25,0.595,0.972502916725218,1.35205105178788,0.359
8.25,0.596,0.972410865178231,1.36164536364078,0.359
8.25,0.597,0.97231862678869,1.37126097180869,0.359
8.25,0.598,0.972226202622277,1.38089777677057,0.359
8.25,0.599,0.97213359373931,1.39055567950923,0.359
8.25,0.6,0.972040801194771,1.40023458150822,0.359
8.25,0.601,0.971947826038338,1.40993438474868,0.359
8.25,0.602,0.971854669314418,1.41965499170618,0.359
8.25,0.603,0.971761332062175,1.42939630534771,0.359
8.25,0.604,0.971667815315562,1.43915822912852,0.359
8.25,0.605,0.971574120103351,1.44894066698908,0.359
8.25,0.606,0.971480247449161,1.45874352335202,0.359
8.25,0.607,0.971386198371488,1.46856670311943,0.359
8.25,0.608,0.971291973883739,1.47841011166936,0.359
8.25,0.609,0.971197574994256,1.48827365485324,0.359
8.25,0.61,0.971103002706348,1.49815723899278,0.359
8.25,0.611,0.971008258018316,1.50806077087728,0.359
8.25,0.612,0.970913341923489,1.51798415776039,0.359
8.25,0.613,0.970818255410245,1.52792730735745,0.359
8.25,0.614,0.970722999462044,1.53789012784271,0.359
8.25,0.615,0.970627575057454,1.54787252784632,0.359
8.25,0.616,0.970531983170181,1.55787441645163,0.359
8.25,0.617,0.970436224769092,1.56789570319245,0.359
8.25,0.618,0.97034030081825,1.57793629805005,0.359
8.25,0.619,0.970244212276937,1.58799611145066,0.359
8.25,0.62,0.970147960099677,1.59807505426279,0.359
8.25,0.621,0.970051545236274,1.60817303779421,0.359
8.25,0.622,0.969954968631827,1.61828997378954,0.359
8.25,0.623,0.969858231226766,1.62842577442748,0.359
8.25,0.624,0.969761333956873,1.63858035231825,0.359
8.25,0.625,0.969664277753309,1.64875362050081,0.359
8.25,0.626,0.969567063542642,1.65894549244046,0.359
8.25,0.627,0.969469692246872,1.66915588202599,0.359
8.25,0.628,0.969372164783457,1.67938470356732,0.359
8.25,0.629,0.969274482065337,1.68963187179298,0.359
8.25,0.63,0.969176645000964,1.6998973018473,0.359
8.25,0.631,0.969078654494319,1.71018090928834,0.359
8.25,0.632,0.968980511444947,1.72048261008495,0.359
8.25,0.633,0.968882216747975,1.7308023206144,0.359
8.25,0.634,0.968783771294139,1.74113995766028,0.359
8.25,0.635,0.968685175969808,1.75149543840967,0.359
8.25,0.636,0.96858643165701,1.7618686804507,0.359
8.25,0.637,0.968487539233454,1.77225960177048,0.359
8.25,0.638,0.968388499572557,1.78266812075243,0.359
8.25,0.639,0.968289313543465,1.79309415617395,0.359
8.25,0.64,0.968189982011079,1.80353762720415,0.359
8.25,0.641,0.968090505836076,1.81399845340158,0.359
8.25,0.642,0.967990885874936,1.82447655471158,0.359
8.25,0.643,0.967891122979964,1.83497185146442,0.359
8.25,0.644,0.967791217999312,1.84548426437263,0.359
8.25,0.645,0.967691171777002,1.85601371452901,0.359
8.25,0.646,0.96759098515295,1.86656012340425,0.359
8.25,0.647,0.967490658962991,1.87712341284461,0.359
8.25,0.648,0.967390194038894,1.88770350506995,0.359
8.25,0.649,0.967289591208395,1.89830032267124,0.359
8.25,0.65,0.967188851295211,1.90891378860849,0.359
8.25,0.651,0.967087975119064,1.9195438262088,0.359
8.25,0.652,0.966986963495705,1.93019035916371,0.359
8.25,0.653,0.966885817236937,1.94085331152747,0.359
8.25,0.654,0.96678453715063,1.95153260771486,0.359
8.25,0.655,0.966683124040751,1.96222817249876,0.359
8.25,0.656,0.966581578707379,1.97293993100849,0.359
8.25,0.657,0.966479901946731,1.98366780872747,0.359
8.25,0.658,0.966378094551181,1.99441173149111,0.359
8.25,0.659,0.966276157309276,2.00517162548512,0.359
8.25,0.66,0.96617409100577,2.01594741724278,0.359
8.25,0.661,0.96607189642163,2.02673903364372,0.359
8.25,0.662,0.965969574334068,2.03754640191132,0.359
8.25,0.663,0.965867125516553,2.04836944961091,0.359
8.25,0.664,0.965764550738838,2.05920810464799,0.359
8.25,0.665,0.965661850766976,2.07006229526585,0.359
8.25,0.666,0.965559026363341,2.08093195004397,0.359
8.25,0.667,0.965456078286652,2.09181699789573,0.359
8.25,0.668,0.965353007291983,2.10271736806706,0.359
8.25,0.669,0.965249814130796,2.11363299013376,0.359
8.25,0.67,0.965146499550948,2.12456379400034,0.359
8.25,0.671,0.965043064296721,2.13550970989749,0.359
8.25,0.672,0.964939509108831,2.14647066838076,0.359
8.25,0.673,0.964835834724458,2.15744660032828,0.359
8.25,0.674,0.964732041877256,2.16843743693906,0.359
8.25,0.675,0.964628131297379,2.17944310973128,0.359
8.25,0.676,0.964524103711493,2.19046355054036,0.359
8.25,0.677,0.964419959842801,2.20149869151702,0.359
8.25,0.678,0.964315700411059,2.21254846512564,0.359
8.25,0.679,0.964211326132593,2.22361280414254,0.359
8.25,0.68,0.964106837720319,2.23469164165404,0.359
8.25,0.681,0.964002235883763,2.24578491105458,0.359
8.25,0.682,0.963897521329076,2.25689254604555,0.359
8.25,0.683,0.963792694759053,2.26801448063285,0.359
8.25,0.684,0.963687756873152,2.27915064912554,0.359
8.25,0.685,0.963582708367511,2.2903009861341,0.359
8.25,0.686,0.963477549934965,2.30146542656866,0.359
8.25,0.687,0.963372282265068,2.31264390563726,0.359
8.25,0.688,0.963266906044101,2.32383635884443,0.359
8.25,0.689,0.963161421955099,2.33504272198921,0.359
8.25,0.69,0.963055830677866,2.34626293116356,0.359
8.25,0.691,0.962950132888986,2.35749692275093,0.359
8.25,0.692,0.962844329261848,2.3687446334244,0.359
8.25,0.693,0.962738420466661,2.3800060001451,0.359
8.25,0.694,0.962632407170466,2.39128096016068,0.359
8.25,0.695,0.962526290037158,2.40256945100361,0.359
8.25,0.696,0.962420069727502,2.4138714104897,0.359
8.25,0.697,0.962313746899147,2.42518677671639,0.359
8.25,0.698,0.962207322206644,2.43651548806136,0.359
8.25,0.699,0.962100796301463,2.44785748318068,0.359
8.25,0.7,0.961994169832008,2.45921270100766,0.359
8.25,0.701,0.961887443443633,2.47058108075084,0.359
8.25,0.702,0.96178061777866,2.48196256189299,0.359
8.25,0.703,0.961673693476392,2.49335708418921,0.359
8.25,0.704,0.961566671173131,2.50476458766549,0.359
8.25,0.705,0.961459551502195,2.51618501261719,0.359
8.25,0.706,0.961352335093928,2.52761829960788,0.359
8.25,0.707,0.961245022575721,2.53906438946747,0.359
8.25,0.708,0.961137614572028,2.5505232232907,0.359
8.25,0.709,0.961030111704375,2.56199474243612,0.359
8.25,0.71,0.960922514591383,2.57347888852433,0.359
8.25,0.711,0.960814823848776,2.58497560343658,0.359
8.25,0.712,0.960707040089405,2.59648482931316,0.359
8.25,0.713,0.96059916392325,2.60800650855251,0.359
8.25,0.714,0.960491195957449,2.61954058380931,0.359
8.25,0.715,0.960383136796302,2.63108699799324,0.359
8.25,0.716,0.960274987041293,2.64264569426771,0.359
8.25,0.717,0.9601667472911,2.65421661604814,0.359
8.25,0.718,0.960058418141612,2.665799707001,0.359
8.25,0.719,0.95995000018594,2.67739491104233,0.359
8.25,0.72,0.959841494014438,2.6890021723361,0.359
8.25,0.721,0.95973290021471,2.70062143529322,0.359
8.25,0.722,0.959624219371628,2.71225264457,0.359
8.25,0.723,0.959515452067346,2.72389574506702,0.359
8.25,0.724,0.959406598881315,2.73555068192739,0.359
8.25,0.725,0.959297660390292,2.74721740053607,0.359
8.25,0.726,0.959188637168359,2.75889584651803,0.359
8.25,0.727,0.959079529786935,2.77058596573714,0.359
8.25,0.728,0.958970338814791,2.78228770429487,0.359
8.25,0.729,0.958861064818059,2.7940010085292,0.359
8.25,0.73,0.958751708360252,2.80572582501311,0.359
8.25,0.731,0.958642270002272,2.81746210055325,0.359
8.25,0.732,0.958532750302428,2.82920978218901,0.359
8.25,0.733,0.958423149816444,2.84096881719107,0.359
8.25,0.734,0.958313469097477,2.85273915306012,0.359
8.25,0.735,0.958203708696128,2.8645207375257,0.359
8.25,0.736,0.958093869160455,2.87631351854518,0.359
8.25,0.737,0.957983951035985,2.88811744430206,0.359
8.25,0.738,0.95787395486573,2.89993246320526,0.359
8.25,0.739,0.957763881190197,2.91175852388768,0.359
8.25,0.74,0.9576537305474,2.92359557520498,0.359
8.25,0.741,0.957543503472878,2.93544356623461,0.359
8.25,0.742,0.9574332004997,2.94730244627426,0.359
8.25,0.743,0.957322822158484,2.95917216484112,0.359
8.25,0.744,0.957212368977405,2.97105267167055,0.359
8.25,0.745,0.957101841482211,2.98294391671479,0.359
8.25,0.746,0.956991240196231,2.99484585014196,0.359
8.25,0.747,0.956880565640391,3.00675842233491,0.359
8.25,0.748,0.956769818333226,3.01868158389011,0.359
8.25,0.749,0.956658998790888,3.03061528561641,0.359
8.25,0.75,0.956548107527163,3.04255947853413,0.359
8.25,0.751,0.956437145053481,3.05451411387365,0.359
8.25,0.752,0.956326111878925,3.0664791430747,0.359
8.25,0.753,0.956215008510249,3.07845451778486,0.359
8.25,0.754,0.956103835451883,3.09044018985882,0.359
8.25,0.755,0.95599259320595,3.10243611135701,0.359
8.25,0.756,0.955881282272274,3.11444223454471,0.359
8.25,0.757,0.955769903148395,3.12645851189095,0.359
8.25,0.758,0.955658456329574,3.13848489606747,0.359
8.25,0.759,0.955546942308814,3.1505213399476,0.359
8.25,0.76,0.955435361576862,3.16256779660513,0.359
8.25,0.761,0.955323714622227,3.17462421931347,0.359
8.25,0.762,0.955212001931186,3.18669056154468,0.359
8.25,0.763,0.955100223987801,3.198766776968,0.359
8.25,0.764,0.954988381273923,3.21085281944928,0.359
8.25,0.765,0.954876474269208,3.22294864304979,0.359
8.25,0.766,0.954764503451128,3.23505420202523,0.359
8.25,0.767,0.95465246929498,3.24716945082464,0.359
8.25,0.768,0.954540372273894,3.25929434408969,0.359
8.25,0.769,0.954428212858852,3.27142883665317,0.359
8.25,0.77,0.954315991518689,3.28357288353862,0.359
8.25,0.771,0.954203708720113,3.29572643995888,0.359
8.25,0.772,0.954091364927706,3.30788946131539,0.359
8.25,0.773,0.953978960603943,3.32006190319705,0.359
8.25,0.774,0.953866496209197,3.33224372137939,0.359
8.25,0.775,0.953753972201752,3.34443487182352,0.359
8.25,0.776,0.953641389037812,3.35663531067534,0.359
8.25,0.777,0.953528747171511,3.36884499426426,0.359
8.25,0.778,0.953416047054926,3.38106387910275,0.359
8.25,0.779,0.953303289138083,3.39329192188496,0.359
8.25,0.78,0.95319047386897,3.40552907948612,0.359
8.25,0.781,0.953077601693546,3.41777530896141,0.359
8.25,0.782,0.952964673055751,3.43003056754507,0.359
8.25,0.783,0.952851688397517,3.44229481264968,0.359
8.25,0.784,0.952738648158775,3.45456800186508,0.359
8.25,0.785,0.952625552777469,3.46685009295733,0.359
8.25,0.786,0.952512402689561,3.47914104386833,0.359
8.25,0.787,0.952399198329045,3.4914408127144,0.359
8.25,0.788,0.952285940127954,3.50374935778552,0.359
8.25,0.789,0.952172628516371,3.51606663754491,0.359
8.25,0.79,0.952059263922437,3.52839261062741,0.359
8.25,0.791,0.95194584677236,3.54072723583922,0.359
8.25,0.792,0.95183237749043,3.55307047215665,0.359
8.25,0.793,0.95171885649902,3.56542227872572,0.359
8.25,0.794,0.951605284218601,3.57778261486066,0.359
8.25,0.795,0.951491661067749,3.59015144004378,0.359
8.25,0.796,0.951377987463156,3.60252871392408,0.359
8.25,0.797,0.951264263819638,3.6149143963166,0.359
8.25,0.798,0.951150490550143,3.62730844720183,0.359
8.25,0.799,0.951036668065761,3.63971082672438,0.359
8.25,0.8,0.950922796775735,3.65212149519274,0.359
8.5,0.2,0.972196674747318,1.33060525221893,0.359
8.5,0.201,0.97239100520692,1.31035452696027,0.359
8.5,0.202,0.972583366017479,1.29031702416542,0.359
8.5,0.203,0.97277377106073,1.27049105047279,0.359
8.5,0.204,0.972962234093823,1.250874930507,0.359
8.5,0.205,0.973148768750804,1.23146700663075,0.359
8.5,0.206,0.973333388544076,1.21226563870136,0.359
8.5,0.207,0.973516106865834,1.19326920383152,0.359
8.5,0.208,0.973696936989483,1.17447609615355,0.359
8.5,0.209,0.973875892071026,1.15588472658863,0.359
8.5,0.21,0.974052985150442,1.13749352261878,0.359
8.5,0.211,0.97422822915303,1.11930092806416,0.359
8.5,0.212,0.974401636890743,1.10130540286268,0.359
8.5,0.213,0.974573221063494,1.08350542285431,0.359
8.5,0.214,0.97474299426045,1.06589947956857,0.359
8.5,0.215,0.974910968961298,1.04848608001566,0.359
8.5,0.216,0.9750771575375,1.03126374648113,0.359
8.5,0.217,0.975241572253524,1.01423101632381,0.359
8.5,0.218,0.975404225268058,0.997386441777159,0.359
8.5,0.219,0.975565128635206,0.98072858975411,0.359
8.5,0.22,0.975724294305671,0.964256041654421,0.359
8.5,0.221,0.975881734127908,0.947967393176241,0.359
8.5,0.222,0.976037459849278,0.93186125412954,0.359
8.5,0.223,0.976191483117168,0.915936248253701,0.359
8.5,0.224,0.976343815480108,0.900191013037044,0.359
8.5,0.225,0.976494468388865,0.88462419954014,0.359
8.5,0.226,0.976643453197518,0.869234472221292,0.359
8.5,0.227,0.976790781164531,0.854020508765174,0.359
8.5,0.228,0.976936463453794,0.838980999914063,0.359
8.5,0.229,0.977080511135662,0.824114649301788,0.359
8.5,0.23,0.977222935187972,0.809420173290376,0.359
8.5,0.231,0.97736374649705,0.794896300808978,0.359
8.5,0.232,0.977502955858702,0.780541773195842,0.359
8.5,0.233,0.977640573979187,0.766355344042347,0.359
8.5,0.234,0.97777661147619,0.752335779039326,0.359
8.5,0.235,0.977911078879759,0.7384818558265,0.359
8.5,0.236,0.978043986633256,0.724792363843374,0.359
8.5,0.237,0.978175345094269,0.71126610418335,0.359
8.5,0.238,0.978305164535534,0.697901889448893,0.359
8.5,0.239,0.978433455145825,0.684698543610152,0.359
8.5,0.24,0.978560227030848,0.671654901865093,0.359
8.5,0.241,0.978685490214111,0.658769810501769,0.359
8.5,0.242,0.97880925463779,0.646042126762847,0.359
8.5,0.243,0.978931530163577,0.633470718712115,0.359
8.5,0.244,0.979052326573522,0.621054465103166,0.359
8.5,0.245,0.979171653570865,0.608792255249524,0.359
8.5,0.246,0.979289520780847,0.596682988897612,0.359
8.5,0.247,0.979405937751521,0.584725576100742,0.359
8.5,0.248,0.979520913954547,0.572918937095523,0.359
8.5,0.249,0.979634458785977,0.561262002179896,0.359
8.5,0.25,0.979746581567034,0.549753711592893,0.359
8.5,0.251,0.97985729154487,0.53839301539671,0.359
8.5,0.252,0.97996659789333,0.527178873359513,0.359
8.5,0.253,0.980074509713688,0.51611025484104,0.359
8.5,0.254,0.98018103603539,0.505186138679226,0.359
8.5,0.255,0.980286185816778,0.494405513078511,0.359
8.5,0.256,0.980389967945806,0.483767375500088,0.359
8.5,0.257,0.980492391240747,0.473270732553477,0.359
8.5,0.258,0.980593464450895,0.46291459988983,0.359
8.5,0.259,0.980693196257248,0.45269800209673,0.359
8.5,0.26,0.9807915952732,0.442619972594072,0.359
8.5,0.261,0.980888670045201,0.4326795535325,0.359
8.5,0.262,0.980984429053428,0.422875795692068,0.359
8.5,0.263,0.98107888071244,0.413207758383205,0.359
8.5,0.264,0.981172033371825,0.403674509348484,0.359
8.5,0.265,0.981263895316836,0.394275124666454,0.359
8.5,0.266,0.981354474769025,0.385008688656274,0.359
8.5,0.267,0.981443779886869,0.37587429378374,0.359
8.5,0.268,0.981531818766379,0.366871040569072,0.359
8.5,0.269,0.981618599441713,0.357998037495322,0.359
8.5,0.27,0.981704129885777,0.349254400918642,0.359
8.5,0.271,0.981788418010815,0.340639254979647,0.359
8.5,0.272,0.981871471668996,0.332151731515706,0.359
8.5,0.273,0.981953298652996,0.323790969974769,0.359
8.5,0.274,0.982033906696563,0.315556117330473,0.359
8.5,0.275,0.98211330347509,0.307446327997929,0.359
8.5,0.276,0.982191496606167,0.299460763751247,0.359
8.5,0.277,0.982268493650135,0.291598593641629,0.359
8.5,0.278,0.982344302110631,0.283858993917052,0.359
8.5,0.279,0.982418929435121,0.276241147943113,0.359
8.5,0.28,0.982492383015444,0.268744246123909,0.359
8.5,0.281,0.98256467018832,0.261367485825703,0.359
8.5,0.282,0.982635798235888,0.254110071299918,0.359
8.5,0.283,0.982705774386201,0.246971213608482,0.359
8.5,0.284,0.982774605813748,0.239950130549271,0.359
8.5,0.285,0.982842299639947,0.233046046582985,0.359
8.5,0.286,0.98290886293364,0.226258192761164,0.359
8.5,0.287,0.982974302711587,0.219585806654576,0.359
8.5,0.288,0.983038625938945,0.213028132283055,0.359
8.5,0.289,0.983101839529748,0.20658442004613,0.359
8.5,0.29,0.983163950347381,0.200253926654526,0.359
8.5,0.291,0.983224965205044,0.194035915062551,0.359
8.5,0.292,0.983284890866216,0.187929654401531,0.359
8.5,0.293,0.98334373404511,0.181934419913787,0.359
8.5,0.294,0.983401501407124,0.17604949288792,0.359
8.5,0.295,0.983458199569288,0.17027416059463,0.359
8.5,0.296,0.983513835100704,0.164607716223331,0.359
8.5,0.297,0.983568414522982,0.159049458819793,0.359
8.5,0.298,0.983621944310673,0.153598693224466,0.359
8.5,0.299,0.983674430891689,0.148254730011876,0.359
8.5,0.3,0.983725880647732,0.143016885430036,0.359
8.5,0.301,0.983776299914704,0.137884481341644,0.359
8.5,0.302,0.983825694983122,0.132856845165374,0.359
8.5,0.303,0.983874072098526,0.12793330981804,0.359
8.5,0.304,0.983921437461879,0.1231132136575,0.359
8.5,0.305,0.983967797229966,0.118395900426527,0.359
8.5,0.306,0.984013157515788,0.113780719197099,0.359
8.5,0.307,0.984057524388952,0.109267024315374,0.359
8.5,0.308,0.984100903876055,0.104854175347646,0.359
8.5,0.309,0.984143301961067,0.100541537026633,0.359
8.5,0.31,0.984184724585702,0.0963284791988928,0.359
8.5,0.311,0.984225177649797,0.0922143767723593,0.359
8.5,0.312,0.984264667011677,0.0881986096647802,0.359
8.5,0.313,0.984303198488521,0.0842805627530474,0.359
8.5,0.314,0.98434077785672,0.0804596258226598,0.359
8.5,0.315,0.984377410852235,0.0767351935183624,0.359
8.5,0.316,0.984413103170951,0.0731066652946977,0.359
8.5,0.317,0.984447860469022,0.0695734453681096,0.359
8.5,0.318,0.984481688363222,0.0661349426684943,0.359
8.5,0.319,0.98451459243128,0.062790570792548,0.359
8.5,0.32,0.98454657821222,0.0595397479566051,0.359
8.5,0.321,0.984577651206698,0.0563818969508967,0.359
8.5,0.322,0.98460781687733,0.0533164450936985,0.359
8.5,0.323,0.984637080649015,0.0503428241866777,0.359
8.5,0.324,0.984665447909269,0.0474604704701287,0.359
8.5,0.325,0.984692924008532,0.0446688245793858,0.359
8.5,0.326,0.984719514260498,0.0419673315011027,0.359
8.5,0.327,0.984745223942415,0.0393554405308194,0.359
8.5,0.328,0.984770058295406,0.0368326052301748,0.359
8.5,0.329,0.984794022524772,0.0343982833855172,0.359
8.5,0.33,0.984817121800292,0.0320519369661376,0.359
8.5,0.331,0.984839361256529,0.0297930320839468,0.359
8.5,0.332,0.984860745993124,0.0276210389525966,0.359
8.5,0.333,0.984881281075091,0.0255354318480006,0.359
8.5,0.334,0.984900971533108,0.0235356890687433,0.359
8.5,0.335,0.984919822363805,0.0216212928974002,0.359
8.5,0.336,0.984937838530052,0.019791729561569,0.359
8.5,0.337,0.984955024961234,0.0180464891964549,0.359
8.5,0.338,0.984971386553538,0.0163850658068343,0.359
8.5,0.339,0.984986928170227,0.0148069572301512,0.359
8.5,0.34,0.985001654641909,0.0133116650998799,0.359
8.5,0.341,0.985015570766816,0.0118986948090871,0.359
8.5,0.342,0.985028681311065,0.0105675554745943,0.359
8.5,0.343,0.985040991008928,0.0093177599016725,0.359
8.5,0.344,0.98505250456309,0.00814882454907018,0.359
8.5,0.345,0.985063226644916,0.00706026949404137,0.359
8.5,0.346,0.985073161894698,0.00605161839868362,0.359
8.5,0.347,0.98508231492192,0.00512239847560991,0.359
8.5,0.348,0.985090690305506,0.00427214045484181,0.359
8.5,0.349,0.985098292594066,0.00350037855065821,0.359
8.5,0.35,0.985105126306151,0.00280665042891037,0.359
8.5,0.351,0.985111195930489,0.00219049717464781,0.359
8.5,0.352,0.985116505926235,0.00165146326047694,0.359
8.5,0.353,0.985121060723205,0.00118909651460886,0.359
8.5,0.354,0.985124864722118,0.000802948089995148,0.359
8.5,0.355,0.985127922294826,0.000492572433286043,0.359
8.5,0.356,0.985130237784551,0.000257527254277079,0.359
8.5,0.357,0.985131815506115,9.73734959552885e-05,0.359
8.5,0.358,0.985132659746165,1.16753045675821e-05,0.359
8.5,0.359,0.985132774763403,0,0.359
8.5,0.36,0.985132164788807,6.19180469119129e-05,0.359
8.5,0.361,0.985130834025854,0.00019700302560377,0.359
8.5,0.362,0.985128786650738,0.000404831603639799,0.359
8.5,0.363,0.985126026812588,0.000684983507870385,0.359
8.5,0.364,0.985122558633683,0.00103704149605477,0.359
8.5,0.365,0.985118386209666,0.00146059132981602,0.359
8.5,0.366,0.985113513609753,0.00195522174695206,0.359
8.5,0.367,0.985107944876943,0.00252052443483475,0.359
8.5,0.368,0.985101684028226,0.00315609400345362,0.359
8.5,0.369,0.985094735054785,0.00386152795914807,0.359
8.5,0.37,0.985087101922203,0.00463642667856146,0.359
8.5,0.371,0.985078788570658,0.00548039338288397,0.359
8.5,0.372,0.985069798915131,0.00639303411209546,0.359
8.5,0.373,0.985060136845592,0.00737395770007421,0.359
8.5,0.374,0.985049806227206,0.00842277574930606,0.359
8.5,0.375,0.985038810900518,0.00953910260648172,0.359
8.5,0.376,0.985027154681652,0.0107225553376722,0.359
8.5,0.377,0.985014841362492,0.0119727537047476,0.359
8.5,0.378,0.985001874710879,0.0132893201408857,0.359
8.5,0.379,0.984988258470792,0.0146718797273238,0.359
8.5,0.38,0.984973996362533,0.0161200601697331,0.359
8.5,0.381,0.98495909208291,0.0176334917753485,0.359
8.5,0.382,0.984943549305419,0.0192118074297865,0.359
8.5,0.383,0.984927371680421,0.020854642574486,0.359
8.5,0.384,0.984910562835323,0.0225616351845037,0.359
8.5,0.385,0.984893126374751,0.0243324257459987,0.359
8.5,0.386,0.984875065880725,0.0261666572346053,0.359
8.5,0.387,0.984856384912833,0.0280639750936951,0.359
8.5,0.388,0.984837087008401,0.0300240272125496,0.359
8.5,0.389,0.98481717568266,0.0320464639057771,0.359
8.5,0.39,0.984796654428922,0.0341309378915522,0.359
8.5,0.391,0.984775526718735,0.0362771042715204,0.359
8.5,0.392,0.984753796002057,0.0384846205096601,0.359
8.5,0.393,0.984731465707417,0.0407531464121869,0.359
8.5,0.394,0.984708539242072,0.0430823441074146,0.359
8.5,0.395,0.984685019992175,0.0454718780257268,0.359
8.5,0.396,0.984660911322929,0.047921414879859,0.359
8.5,0.397,0.984636216578743,0.0504306236455365,0.359
8.5,0.398,0.984610939083395,0.0529991755417347,0.359
8.5,0.399,0.984585082140179,0.0556267440121827,0.359
8.5,0.4,0.984558649032063,0.0583130047057345,0.359
8.5,0.401,0.984531643021836,0.061057635458206,0.359
8.5,0.402,0.984504067352267,0.0638603162735008,0.359
8.5,0.403,0.984475925246241,0.0667207293055805,0.359
8.5,0.404,0.984447219906921,0.0696385588398574,0.359
8.5,0.405,0.984417954517884,0.0726134912755638,0.359
8.5,0.406,0.984388132243271,0.0756452151079445,0.359
8.5,0.407,0.984357756227928,0.0787334209104484,0.359
8.5,0.408,0.98432682959755,0.0818778013175203,0.359
8.5,0.409,0.984295355458824,0.0850780510073035,0.359
8.5,0.41,0.984263336899564,0.0883338666843203,0.359
8.5,0.411,0.984230776988855,0.0916449470629521,0.359
8.5,0.412,0.984197678777187,0.0950109928504084,0.359
8.5,0.413,0.984164045296591,0.0984317067303841,0.359
8.5,0.414,0.984129879560779,0.101906793346385,0.359
8.5,0.415,0.984095184565271,0.105435959285871,0.359
8.5,0.416,0.984059963287531,0.109018913063808,0.359
8.5,0.417,0.984024218687099,0.112655365107117,0.359
8.5,0.418,0.983987953705721,0.116345027738496,0.359
8.5,0.419,0.983951171267477,0.120087615161246,0.359
8.5,0.42,0.98391387427891,0.123882843443668,0.359
8.5,0.421,0.983876065629152,0.127730430503759,0.359
8.5,0.422,0.983837748190052,0.131630096094026,0.359
8.5,0.423,0.983798924816298,0.135581561786591,0.359
8.5,0.424,0.983759598345542,0.139584550958483,0.359
8.5,0.425,0.983719771598523,0.143638788776634,0.359
8.5,0.426,0.983679447379187,0.147744002183692,0.359
8.5,0.427,0.983638628474809,0.151899919883247,0.359
8.5,0.428,0.983597317656112,0.156106272325962,0.359
8.5,0.429,0.983555517677384,0.160362791695201,0.359
8.5,0.43,0.983513231276596,0.164669211893043,0.359
8.5,0.431,0.983470461175522,0.169025268526579,0.359
8.5,0.432,0.983427210079846,0.173430698894261,0.359
8.5,0.433,0.983383480679285,0.177885241971953,0.359
8.5,0.434,0.983339275647697,0.182388638399966,0.359
8.5,0.435,0.983294597643198,0.186940630469401,0.359
8.5,0.436,0.983249449308265,0.191540962109138,0.359
8.5,0.437,0.983203833269858,0.196189378872802,0.359
8.5,0.438,0.983157752139519,0.200885627925596,0.359
8.5,0.439,0.983111208513488,0.205629458031709,0.359
8.5,0.44,0.983064204972807,0.210420619541729,0.359
8.5,0.441,0.983016744083425,0.215258864379897,0.359
8.5,0.442,0.982968828396312,0.220143946031492,0.359
8.5,0.443,0.982920460447553,0.225075619531157,0.359
8.5,0.444,0.98287164275846,0.23005364144979,0.359
8.5,0.445,0.982822377835673,0.235077769883318,0.359
8.5,0.446,0.982772668171261,0.240147764440213,0.359
8.5,0.447,0.982722516242825,0.245263386229677,0.359
8.5,0.448,0.982671924513597,0.250424397850191,0.359
8.5,0.449,0.982620895432544,0.255630563377474,0.359
8.5,0.45,0.982569431434461,0.260881648353295,0.359
8.5,0.451,0.982517534940074,0.266177419773883,0.359
8.5,0.452,0.982465208356133,0.271517646078689,0.359
8.5,0.453,0.982412454075512,0.276902097139198,0.359
8.5,0.454,0.982359274477304,0.282330544247711,0.359
8.5,0.455,0.982305671926916,0.287802760106382,0.359
8.5,0.456,0.982251648776161,0.293318518816643,0.359
8.5,0.457,0.982197207363355,0.298877595867819,0.359
8.5,0.458,0.982142350013404,0.304479768127153,0.359
8.5,0.459,0.982087079037904,0.310124813828416,0.359
8.5,0.46,0.982031396735224,0.315812512562252,0.359
8.5,0.461,0.9819753053906,0.321542645265138,0.359
8.5,0.462,0.981918807276225,0.327314994209482,0.359
8.5,0.463,0.981861904651339,0.333129342993055,0.359
8.5,0.464,0.981804599762311,0.338985476529441,0.359
8.5,0.465,0.981746894842733,0.344883181037425,0.359
8.5,0.466,0.981688792113506,0.350822244031401,0.359
8.5,0.467,0.981630293782921,0.356802454311511,0.359
8.5,0.468,0.981571402046749,0.362823601953832,0.359
8.5,0.469,0.981512119088323,0.368885478300873,0.359
8.5,0.47,0.981452447078626,0.374987875951782,0.359
8.5,0.471,0.98139238817637,0.381130588752998,0.359
8.5,0.472,0.981331944528076,0.387313411789036,0.359
8.5,0.473,0.981271118268165,0.393536141372852,0.359
8.5,0.474,0.98120991151903,0.399798575036825,0.359
8.5,0.475,0.981148326391124,0.406100511523566,0.359
8.5,0.476,0.981086364983034,0.412441750776904,0.359
8.5,0.477,0.981024029381562,0.41882209393298,0.359
8.5,0.478,0.980961321661806,0.425241343311145,0.359
8.5,0.479,0.980898243887236,0.43169930240532,0.359
8.5,0.48,0.980834798109771,0.438195775875294,0.359
8.5,0.481,0.980770986369857,0.444730569537999,0.359
8.5,0.482,0.980706810696543,0.451303490358801,0.359
8.5,0.483,0.980642273107556,0.457914346443355,0.359
8.5,0.484,0.980577375609374,0.464562947028857,0.359
8.5,0.485,0.980512120197307,0.471249102475801,0.359
8.5,0.486,0.980446508855563,0.477972624259815,0.359
8.5,0.487,0.980380543557324,0.484733324963327,0.359
8.5,0.488,0.980314226264823,0.49153101826751,0.359
8.5,0.489,0.980247558929407,0.498365518944199,0.359
8.5,0.49,0.980180543491619,0.505236642847851,0.359
8.5,0.491,0.980113181881258,0.512144206907883,0.359
8.5,0.492,0.980045476017461,0.519088029120418,0.359
8.5,0.493,0.97997742780876,0.526067928541019,0.359
8.5,0.494,0.979909039153165,0.533083725276429,0.359
8.5,0.495,0.97984031193822,0.540135240477535,0.359
8.5,0.496,0.979771248041081,0.547222296331062,0.359
8.5,0.497,0.979701849328577,0.554344716053023,0.359
8.5,0.498,0.97963211765728,0.561502323880236,0.359
8.5,0.499,0.979562054873573,0.568694945063952,0.359
8.5,0.5,0.979491662813712,0.575922405861706,0.359
8.5,0.501,0.979420943303896,0.583184533530567,0.359
8.5,0.502,0.979349898160329,0.590481156319811,0.359
8.5,0.503,0.979278529189287,0.597812103463902,0.359
8.5,0.504,0.979206838187177,0.605177205175256,0.359
8.5,0.505,0.97913482694061,0.61257629263729,0.359
8.5,0.506,0.979062497226452,0.620009197997806,0.359
8.5,0.507,0.978989850811899,0.62747575436144,0.359
8.5,0.508,0.978916889454529,0.634975795783599,0.359
8.5,0.509,0.978843614902369,0.642509157263271,0.359
8.5,0.51,0.978770028893955,0.65007567473625,0.359
8.5,0.511,0.978696133158392,0.657675185068896,0.359
8.5,0.512,0.978621929415415,0.665307526051229,0.359
8.5,0.513,0.97854741937545,0.672972536390337,0.359
8.5,0.514,0.978472604739671,0.680670055704291,0.359
8.5,0.515,0.978397487200058,0.688399924515326,0.359
8.5,0.516,0.978322068439461,0.696161984243693,0.359
8.5,0.517,0.978246350131652,0.703956077201284,0.359
8.5,0.518,0.978170333941384,0.711782046585419,0.359
8.5,0.519,0.97809402152445,0.719639736472688,0.359
8.5,0.52,0.97801741452774,0.727528991812409,0.359
8.5,0.521,0.977940514589293,0.735449658421272,0.359
8.5,0.522,0.977863323338359,0.743401582976544,0.359
8.5,0.523,0.977785842395448,0.751384613010608,0.359
8.5,0.524,0.97770807337239,0.759398596904659,0.359
8.5,0.525,0.977630017872386,0.767443383883148,0.359
8.5,0.526,0.977551677490067,0.775518824007504,0.359
8.5,0.527,0.977473053811541,0.783624768170754,0.359
8.5,0.528,0.977394148414453,0.791761068091534,0.359
8.5,0.529,0.977314962868032,0.799927576308535,0.359
8.5,0.53,0.977235498733151,0.808124146174616,0.359
8.5,0.531,0.977155757562369,0.816350631851503,0.359
8.5,0.532,0.977075740899994,0.824606888304036,0.359
8.5,0.533,0.976995450282126,0.832892771294658,0.359
8.5,0.534,0.976914887236711,0.841208137378024,0.359
8.5,0.535,0.976834053283591,0.849552843895673,0.359
8.5,0.536,0.976752949934559,0.85792674897025,0.359
8.5,0.537,0.9766715786934,0.866329711500646,0.359
8.5,0.538,0.976589941055948,0.874761591156514,0.359
8.5,0.539,0.976508038510132,0.883222248372939,0.359
8.5,0.54,0.976425872536025,0.891711544345331,0.359
8.5,0.541,0.976343444605894,0.900229341024295,0.359
8.5,0.542,0.976260756184245,0.908775501110437,0.359
8.5,0.543,0.976177808727876,0.917349888049346,0.359
8.5,0.544,0.976094603685916,0.925952366026572,0.359
8.5,0.545,0.976011142499882,0.934582799962502,0.359
8.5,0.546,0.975927426603718,0.943241055507626,0.359
8.5,0.547,0.975843457423847,0.9519269990373,0.359
8.5,0.548,0.97575923637921,0.960640497647325,0.359
8.5,0.549,0.97567476488132,0.969381419148796,0.359
8.5,0.55,0.975590044334302,0.978149632063241,0.359
8.5,0.551,0.975505076134937,0.986945005618245,0.359
8.5,0.552,0.975419861672714,0.995767409742143,0.359
8.5,0.553,0.975334402329865,1.00461671506016,0.359
8.5,0.554,0.975248699481416,1.01349279288896,0.359
8.5,0.555,0.975162754495226,1.02239551523253,0.359
8.5,0.556,0.975076568732036,1.03132475477734,0.359
8.5,0.557,0.974990143545508,1.04028038488806,0.359
8.5,0.558,0.974903480282264,1.04926227960305,0.359
8.5,0.559,0.97481658028194,1.05827031362962,0.359
8.5,0.56,0.974729444877218,1.06730436233982,0.359
8.5,0.561,0.97464207539387,1.07636430176627,0.359
8.5,0.562,0.974554473150804,1.08545000859719,0.359
8.5,0.563,0.974466639460099,1.09456136017274,0.359
8.5,0.564,0.974378575627053,1.10369823448031,0.359
8.5,0.565,0.974290282950216,1.11286051015058,0.359
8.5,0.566,0.974201762721436,1.12204806645302,0.359
8.5,0.567,0.974113016225899,1.13126078329182,0.359
8.5,0.568,0.974024044742164,1.14049854120186,0.359
8.5,0.569,0.973934849542208,1.14976122134443,0.359
8.5,0.57,0.973845431891463,1.15904870550323,0.359
8.5,0.571,0.973755793048855,1.16836087608032,0.359
8.5,0.572,0.973665934266844,1.17769761609192,0.359
8.5,0.573,0.973575856791458,1.18705880916485,0.359
8.5,0.574,0.973485561862339,1.19644433953214,0.359
8.5,0.575,0.973395050712773,1.20585409202931,0.359
8.5,0.576,0.973304324569734,1.21528795209029,0.359
8.5,0.577,0.973213384653915,1.22474580574401,0.359
8.5,0.578,0.973122232179772,1.23422753961007,0.359
8.5,0.579,0.973030868355558,1.24373304089502,0.359
8.5,0.58,0.972939294383355,1.25326219738884,0.359
8.5,0.581,0.972847511459118,1.26281489746107,0.359
8.5,0.582,0.972755520772707,1.27239103005703,0.359
8.5,0.583,0.972663323507923,1.28199048469402,0.359
8.5,0.584,0.972570920842544,1.29161315145805,0.359
8.5,0.585,0.972478313948362,1.30125892099977,0.359
8.5,0.586,0.972385503991214,1.31092768453125,0.359
8.5,0.587,0.972292492131021,1.32061933382204,0.359
8.5,0.588,0.972199279521822,1.33033376119587,0.359
8.5,0.589,0.972105867311804,1.34007085952719,0.359
8.5,0.59,0.972012256643343,1.34983052223736,0.359
8.5,0.591,0.971918448653034,1.35961264329147,0.359
8.5,0.592,0.971824444471724,1.36941711719483,0.359
8.5,0.593,0.971730245224547,1.37924383898942,0.359
8.5,0.594,0.971635852030957,1.38909270425072,0.359
8.5,0.595,0.971541266004761,1.39896360908418,0.359
8.5,0.596,0.971446488254151,1.40885645012199,0.359
8.5,0.597,0.971351519881738,1.41877112451969,0.359
8.5,0.598,0.971256361984583,1.4287075299529,0.359
8.5,0.599,0.971161015654229,1.43866556461416,0.359
8.5,0.6,0.971065481976734,1.44864512720946,0.359
8.5,0.601,0.970969762032702,1.45864611695539,0.359
8.5,0.602,0.970873856897315,1.46866843357552,0.359
8.5,0.603,0.970777767640363,1.47871197729765,0.359
8.5,0.604,0.970681495326276,1.48877664885023,0.359
8.5,0.605,0.970585041014153,1.4988623494598,0.359
8.5,0.606,0.970488405757798,1.50896898084738,0.359
8.5,0.607,0.970391590605743,1.51909644522565,0.359
8.5,0.608,0.970294596601283,1.52924464529589,0.359
8.5,0.609,0.970197424782505,1.53941348424491,0.359
8.5,0.61,0.970100076182315,1.54960286574215,0.359
8.5,0.611,0.970002551828476,1.55981269393635,0.359
8.5,0.612,0.969904852743625,1.57004287345326,0.359
8.5,0.613,0.969806979945311,1.58029330939196,0.359
8.5,0.614,0.969708934446023,1.59056390732248,0.359
8.5,0.615,0.969610717253216,1.60085457328272,0.359
8.5,0.616,0.969512329369339,1.61116521377556,0.359
8.5,0.617,0.969413771791871,1.62149573576591,0.359
8.5,0.618,0.969315045513337,1.63184604667821,0.359
8.5,0.619,0.969216151521347,1.6422160543933,0.359
8.5,0.62,0.969117090798617,1.65260566724585,0.359
8.5,0.621,0.969017864323002,1.66301479402138,0.359
8.5,0.622,0.968918473067518,1.67344334395365,0.359
8.5,0.623,0.968818918000371,1.6838912267221,0.359
8.5,0.624,0.968719200084989,1.69435835244875,0.359
8.5,0.625,0.96861932028004,1.70484463169582,0.359
8.5,0.626,0.968519279539468,1.71534997546303,0.359
8.5,0.627,0.968419078812513,1.72587429518478,0.359
8.5,0.628,0.968318719043739,1.73641750272771,0.359
8.5,0.629,0.968218201173062,1.74697951038809,0.359
8.5,0.63,0.968117526135774,1.75756023088904,0.359
8.5,0.631,0.968016694862571,1.76815957737819,0.359
8.5,0.632,0.967915708279575,1.77877746342505,0.359
8.5,0.633,0.967814567308366,1.78941380301831,0.359
8.5,0.634,0.967713272865998,1.80006851056356,0.359
8.5,0.635,0.967611825865034,1.81074150088085,0.359
8.5,0.636,0.967510227213565,1.82143268920174,0.359
8.5,0.637,0.967408477815236,1.83214199116746,0.359
8.5,0.638,0.967306578569272,1.84286932282602,0.359
8.5,0.639,0.9672045303705,1.85361460063012,0.359
8.5,0.64,0.967102334109376,1.86437774143438,0.359
8.5,0.641,0.966999990672009,1.87515866249315,0.359
8.5,0.642,0.966897500940185,1.88595728145811,0.359
8.5,0.643,0.966794865791388,1.89677351637618,0.359
8.5,0.644,0.966692086098826,1.90760728568664,0.359
8.5,0.645,0.966589162731458,1.91845850821915,0.359
8.5,0.646,0.966486096554009,1.92932710319151,0.359
8.5,0.647,0.966382888427003,1.94021299020717,0.359
8.5,0.648,0.96627953920678,1.95111608925296,0.359
8.5,0.649,0.96617604974552,1.96203632069709,0.359
8.5,0.65,0.966072420891265,1.97297360528663,0.359
8.5,0.651,0.965968653487946,1.98392786414541,0.359
8.5,0.652,0.965864748375401,1.99489901877168,0.359
8.5,0.653,0.965760706389399,2.00588699103623,0.359
8.5,0.654,0.965656528361662,2.01689170317985,0.359
8.5,0.655,0.965552215119889,2.02791307781141,0.359
8.5,0.656,0.965447767487775,2.03895103790555,0.359
8.5,0.657,0.965343186285035,2.05000550680068,0.359
8.5,0.658,0.965238472327424,2.06107640819682,0.359
8.5,0.659,0.965133626426759,2.07216366615339,0.359
8.5,0.66,0.965028649390944,2.08326720508742,0.359
8.5,0.661,0.964923542023984,2.09438694977111,0.359
8.5,0.662,0.964818305126014,2.10552282532988,0.359
8.5,0.663,0.964712939493315,2.11667475724058,0.359
8.5,0.664,0.964607445918334,2.12784267132919,0.359
8.5,0.665,0.964501825189712,2.13902649376883,0.359
8.5,0.666,0.964396078092294,2.15022615107778,0.359
8.5,0.667,0.96429020540716,2.16144157011768,0.359
8.5,0.668,0.964184207911637,2.17267267809123,0.359
8.5,0.669,0.964078086379325,2.18391940254044,0.359
8.5,0.67,0.963971841580113,2.19518167134471,0.359
8.5,0.671,0.963865474280201,2.2064594127188,0.359
8.5,0.672,0.963758985242122,2.21775255521088,0.359
8.5,0.673,0.963652375224755,2.22906102770077,0.359
8.5,0.674,0.963545644983354,2.24038475939792,0.359
8.5,0.675,0.963438795269558,2.25172367983948,0.359
8.5,0.676,0.963331826831418,2.26307771888867,0.359
8.5,0.677,0.963224740413411,2.2744468067327,0.359
8.5,0.678,0.963117536756461,2.28583087388106,0.359
8.5,0.679,0.96301021659796,2.29722985116354,0.359
8.5,0.68,0.962902780671784,2.30864366972861,0.359
8.5,0.681,0.962795229708311,2.32007226104141,0.359
8.5,0.682,0.962687564434444,2.33151555688216,0.359
8.5,0.683,0.962579785573625,2.34297348934438,0.359
8.5,0.684,0.962471893845858,2.35444599083272,0.359
8.5,0.685,0.96236388996772,2.36593299406187,0.359
8.5,0.686,0.962255774652388,2.37743443205418,0.359
8.5,0.687,0.96214754860965,2.38895023813841,0.359
8.5,0.688,0.962039212545928,2.40048034594769,0.359
8.5,0.689,0.961930767164294,2.41202468941788,0.359
8.5,0.69,0.961822213164483,2.42358320278611,0.359
8.5,0.691,0.96171355124292,2.43515582058884,0.359
8.5,0.692,0.96160478209273,2.4467424776601,0.359
8.5,0.693,0.961495906403757,2.45834310913027,0.359
8.5,0.694,0.961386924862585,2.46995765042388,0.359
8.5,0.695,0.961277838152551,2.48158603725837,0.359
8.5,0.696,0.961168646953761,2.49322820564233,0.359
8.5,0.697,0.961059351943115,2.50488409187379,0.359
8.5,0.698,0.960949953794313,2.51655363253878,0.359
8.5,0.699,0.960840453177879,2.52823676450964,0.359
8.5,0.7,0.960730850761177,2.53993342494341,0.359
8.5,0.701,0.960621147208425,2.5516435512803,0.359
8.5,0.702,0.960511343180712,2.56336708124218,0.359
8.5,0.703,0.960401439336016,2.57510395283094,0.359
8.5,0.704,0.960291436329221,2.58685410432693,0.359
8.5,0.705,0.960181334812129,2.59861747428747,0.359
8.5,0.706,0.960071135433481,2.61039400154524,0.359
8.5,0.707,0.959960838838967,2.62218362520714,0.359
8.5,0.708,0.959850445671249,2.63398628465228,0.359
8.5,0.709,0.959739956569974,2.6458019195305,0.359
8.5,0.71,0.959629372171784,2.6576304697616,0.359
8.5,0.711,0.959518693110341,2.66947187553301,0.359
8.5,0.712,0.959407920016336,2.6813260772987,0.359
8.5,0.713,0.959297053517509,2.69319301577768,0.359
8.5,0.714,0.959186094238657,2.70507263195272,0.359
8.5,0.715,0.959075042801658,2.71696486706867,0.359
8.5,0.716,0.95896389982548,2.72886966263126,0.359
8.5,0.717,0.9588526659262,2.74078696040523,0.359
8.5,0.718,0.958741341717014,2.75271670241366,0.359
8.5,0.719,0.958629927808258,2.76465883093586,0.359
8.5,0.72,0.958518424807418,2.77661328850642,0.359
8.5,0.721,0.958406833319146,2.78858001791373,0.359
8.5,0.722,0.958295153945276,2.80055896219844,0.359
8.5,0.723,0.958183387284835,2.81255006465244,0.359
8.5,0.724,0.958071533934063,2.82455326881701,0.359
8.5,0.725,0.957959594486423,2.83656851848204,0.359
8.5,0.726,0.957847569532616,2.84859575768421,0.359
8.5,0.727,0.957735459660594,2.86063493070605,0.359
8.5,0.728,0.957623265455578,2.87268598207442,0.359
8.5,0.729,0.957510987500068,2.88474885655901,0.359
8.5,0.73,0.95739862637386,2.89682349917153,0.359
8.5,0.731,0.957286182654056,2.90890985516408,0.359
8.5,0.732,0.957173656915081,2.92100787002776,0.359
8.5,0.733,0.957061049728697,2.93311748949179,0.359
8.5,0.734,0.956948361664013,2.9452386595219,0.359
8.5,0.735,0.956835593287503,2.95737132631919,0.359
8.5,0.736,0.956722745163014,2.96951543631885,0.359
8.5,0.737,0.956609817851786,2.98167093618906,0.359
8.5,0.738,0.956496811912458,2.99383777282947,0.359
8.5,0.739,0.956383727901089,3.00601589337031,0.359
8.5,0.74,0.956270566371164,3.01820524517085,0.359
8.5,0.741,0.95615732787361,3.03040577581841,0.359
8.5,0.742,0.956044012956811,3.04261743312715,0.359
8.5,0.743,0.955930622166617,3.05484016513662,0.359
8.5,0.744,0.955817156046359,3.06707392011094,0.359
8.5,0.745,0.955703615136863,3.07931864653725,0.359
8.5,0.746,0.955589999976458,3.09157429312505,0.359
8.5,0.747,0.955476311100993,3.1038408088043,0.359
8.5,0.748,0.955362549043848,3.11611814272499,0.359
8.5,0.749,0.955248714335948,3.12840624425539,0.359
8.5,0.75,0.955134807505771,3.1407050629815,0.359
8.5,0.751,0.955020829079365,3.15301454870534,0.359
8.5,0.752,0.954906779580357,3.16533465144417,0.359
8.5,0.753,0.954792659529968,3.17766532142922,0.359
8.5,0.754,0.954678469447022,3.19000650910477,0.359
8.5,0.755,0.95456420984796,3.20235816512671,0.359
8.5,0.756,0.954449881246853,3.21472024036169,0.359
8.5,0.757,0.954335484155408,3.2270926858861,0.359
8.5,0.758,0.95422101908299,3.23947545298466,0.359
8.5,0.759,0.954106486536623,3.25186849314956,0.359
8.5,0.76,0.953991887021008,3.26427175807937,0.359
8.5,0.761,0.953877221038534,3.27668519967803,0.359
8.5,0.762,0.953762489089287,3.28910877005355,0.359
8.5,0.763,0.953647691671062,3.30154242151735,0.359
8.5,0.764,0.95353282927938,3.31398610658262,0.359
8.5,0.765,0.953417902407491,3.32643977796396,0.359
8.5,0.766,0.953302911546388,3.33890338857592,0.359
8.5,0.767,0.953187857184822,3.35137689153204,0.359
8.5,0.768,0.953072739809308,3.36386024014388,0.359
8.5,0.769,0.952957559904141,3.37635338791995,0.359
8.5,0.77,0.952842317951401,3.38885628856482,0.359
8.5,0.771,0.952727014430969,3.401368895978,0.359
8.5,0.772,0.952611649820536,3.4138911642529,0.359
8.5,0.773,0.952496224595615,3.42642304767604,0.359
8.5,0.774,0.952380739229549,3.43896450072587,0.359
8.5,0.775,0.952265194193524,3.45151547807174,0.359
8.5,0.776,0.952149589956578,3.46407593457341,0.359
8.5,0.777,0.952033926985615,3.47664582527931,0.359
8.5,0.778,0.951918205745412,3.4892251054262,0.359
8.5,0.779,0.951802426698628,3.50181373043807,0.359
8.5,0.78,0.951686590305821,3.51441165592494,0.359
8.5,0.781,0.95157069702545,3.52701883768234,0.359
8.5,0.782,0.951454747313895,3.53963523168987,0.359
8.5,0.783,0.951338741625455,3.55226079411082,0.359
8.5,0.784,0.951222680412371,3.56489548129069,0.359
8.5,0.785,0.951106564124826,3.57753924975663,0.359
8.5,0.786,0.95099039321096,3.5901920562166,0.359
8.5,0.787,0.950874168116881,3.60285385755807,0.359
8.5,0.788,0.950757889286669,3.61552461084753,0.359
8.5,0.789,0.950641557162393,3.62820427332928,0.359
8.5,0.79,0.950525172184117,3.6408928024247,0.359
8.5,0.791,0.950408734789909,3.65359015573128,0.359
8.5,0.792,0.950292245415853,3.66629629102191,0.359
8.5,0.793,0.950175704496058,3.67901116624376,0.359
8.5,0.794,0.950059112462667,3.69173473951749,0.359
8.5,0.795,0.949942469745867,3.70446696913664,0.359
8.5,0.796,0.949825776773897,3.71720781356635,0.359
8.5,0.797,0.949709033973061,3.72995723144267,0.359
8.5,0.798,0.949592241767734,3.74271518157188,0.359
8.5,0.799,0.949475400580371,3.75548162292951,0.359
8.5,0.8,0.949358510831522,3.76825651465933,0.359
8.75,0.2,0.971477716120032,1.3524887335876,0.358
8.75,0.201,0.971675584536442,1.33184968824767,0.358
8.75,0.202,0.971871448354718,1.31142801311097,0.358
8.75,0.203,0.972065321571285,1.29122199198457,0.358
8.75,0.204,0.97225721805859,1.27122992678408,0.358
8.75,0.205,0.972447151566557,1.25145013728589,0.358
8.75,0.206,0.972635135724024,1.23188096088327,0.358
8.75,0.207,0.97282118404016,1.21252075234644,0.358
8.75,0.208,0.973005309905853,1.19336788358737,0.358
8.75,0.209,0.973187526595083,1.17442074342802,0.358
8.75,0.21,0.973367847266271,1.15567773737251,0.358
8.75,0.211,0.973546284963607,1.13713728738389,0.358
8.75,0.212,0.973722852618363,1.11879783166349,0.358
8.75,0.213,0.973897563050177,1.10065782443487,0.358
8.75,0.214,0.974070428968327,1.08271573573102,0.358
8.75,0.215,0.974241462972979,1.06497005118513,0.358
8.75,0.216,0.974410677556425,1.04741927182481,0.358
8.75,0.217,0.974578085104289,1.03006191386974,0.358
8.75,0.218,0.974743697896731,1.01289650853269,0.358
8.75,0.219,0.974907528109621,0.995921601823624,0.358
8.75,0.22,0.975069587815702,0.979135754357219,0.358
8.75,0.221,0.975229888985736,0.962537541163377,0.358
8.75,0.222,0.975388443489628,0.94612555150082,0.358
8.75,0.223,0.975545263097543,0.929898388673633,0.358
8.75,0.224,0.975700359480999,0.913854669850989,0.358
8.75,0.225,0.975853744213947,0.897993025889465,0.358
8.75,0.226,0.976005428773834,0.882312101158456,0.358
8.75,0.227,0.976155424542658,0.866810553368103,0.358
8.75,0.228,0.976303742807998,0.851487053400168,0.358
8.75,0.229,0.976450394764034,0.836340285141546,0.358
8.75,0.23,0.976595391512557,0.821368945320189,0.358
8.75,0.231,0.976738744063957,0.806571743343887,0.358
8.75,0.232,0.976880463338203,0.79194740114148,0.358
8.75,0.233,0.977020560165806,0.777494653006472,0.358
8.75,0.234,0.977159045288771,0.76321224544309,0.358
8.75,0.235,0.977295929361535,0.749098937014558,0.358
8.75,0.236,0.977431222951894,0.735153498194419,0.358
8.75,0.237,0.977564936541911,0.721374711219092,0.358
8.75,0.238,0.977697080528821,0.70776136994346,0.358
8.75,0.239,0.977827665225916,0.694312279698539,0.358
8.75,0.24,0.977956700863423,0.681026257150852,0.358
8.75,0.241,0.978084197589367,0.667902130164588,0.358
8.75,0.242,0.978210165470422,0.654938737665489,0.358
8.75,0.243,0.978334614492757,0.642134929506666,0.358
8.75,0.244,0.978457554562862,0.629489566336816,0.358
8.75,0.245,0.978578995508367,0.617001519470128,0.358
8.75,0.246,0.978698947078854,0.604669670758118,0.358
8.75,0.247,0.978817418946652,0.592492912463483,0.358
8.75,0.248,0.978934420707623,0.580470147135936,0.358
8.75,0.249,0.979049961881941,0.56860028748964,0.358
8.75,0.25,0.979164051914858,0.55688225628252,0.358
8.75,0.251,0.979276700177463,0.545314986197343,0.358
8.75,0.252,0.979387915967423,0.533897419724783,0.358
8.75,0.253,0.979497708509729,0.522628509047673,0.358
8.75,0.254,0.979606086957416,0.511507215927609,0.358
8.75,0.255,0.979713060392287,0.500532511592588,0.358
8.75,0.256,0.979818637825622,0.489703376626416,0.358
8.75,0.257,0.979922828198874,0.479018800860387,0.358
8.75,0.258,0.980025640384366,0.468477783265198,0.358
8.75,0.259,0.980127083185972,0.458079331845673,0.358
8.75,0.26,0.980227165339789,0.447822463536673,0.358
8.75,0.261,0.980325895514807,0.437706204099508,0.358
8.75,0.262,0.980423282313563,0.427729588021397,0.358
8.75,0.263,0.980519334272794,0.417891658415304,0.358
8.75,0.264,0.980614059864072,0.408191466921459,0.358
8.75,0.265,0.980707467494445,0.398628073610152,0.358
8.75,0.266,0.980799565507058,0.389200546886204,0.358
8.75,0.267,0.980890362181771,0.37990796339451,0.358
8.75,0.268,0.98097986573577,0.370749407927029,0.358
8.75,0.269,0.981068084324172,0.361723973330719,0.358
8.75,0.27,0.981155026040615,0.3528307604175,0.358
8.75,0.271,0.981240698917852,0.34406887787477,0.358
8.75,0.272,0.981325110928328,0.335437442177278,0.358
8.75,0.273,0.981408269984756,0.326935577500587,0.358
8.75,0.274,0.981490183940687,0.318562415635082,0.358
8.75,0.275,0.981570860591062,0.310317095902124,0.358
8.75,0.276,0.981650307672775,0.302198765070161,0.358
8.75,0.277,0.981728532865214,0.294206577272971,0.358
8.75,0.278,0.981805543790806,0.286339693928483,0.358
8.75,0.279,0.981881348015546,0.278597283658755,0.358
8.75,0.28,0.98195595304953,0.270978522211274,0.358
8.75,0.281,0.982029366347473,0.263482592381137,0.358
8.75,0.282,0.982101595309226,0.256108683934198,0.358
8.75,0.283,0.982172647280287,0.248855993531372,0.358
8.75,0.284,0.9822425295523,0.241723724653986,0.358
8.75,0.285,0.982311249363558,0.234711087530037,0.358
8.75,0.286,0.982378813899491,0.227817299061472,0.358
8.75,0.287,0.982445230293156,0.221041582752157,0.358
8.75,0.288,0.982510505625712,0.214383168637577,0.358
8.75,0.289,0.982574646926899,0.207841293214406,0.358
8.75,0.29,0.982637661175509,0.201415199371913,0.358
8.75,0.291,0.982699555299847,0.195104136323487,0.358
8.75,0.292,0.982760336178189,0.18890735953998,0.358
8.75,0.293,0.98282001063924,0.182824130682935,0.358
8.75,0.294,0.98287858546258,0.176853717539371,0.358
8.75,0.295,0.982936067379107,0.170995393957174,0.358
8.75,0.296,0.982992463071476,0.165248439781229,0.358
8.75,0.297,0.983047779174533,0.159612140790677,0.358
8.75,0.298,0.983102022275745,0.154085788636449,0.358
8.75,0.299,0.983155198915618,0.148668680780362,0.358
8.75,0.3,0.983207315588123,0.143360120434344,0.358
8.75,0.301,0.983258378741108,0.138159416500505,0.358
8.75,0.302,0.983308394776707,0.133065883512451,0.358
8.75,0.303,0.983357370051746,0.128078841576906,0.358
8.75,0.304,0.983405310878143,0.123197616315895,0.358
8.75,0.305,0.983452223523305,0.118421538810676,0.358
8.75,0.306,0.983498114210521,0.113749945544761,0.358
8.75,0.307,0.983542989119348,0.109182178349143,0.358
8.75,0.308,0.983586854385996,0.104717584347536,0.358
8.75,0.309,0.983629716103706,0.100355515902195,0.358
8.75,0.31,0.983671580323125,0.0960953305607859,0.358
8.75,0.311,0.983712453052681,0.0919363910034665,0.358
8.75,0.312,0.983752340258943,0.0878780649912869,0.358
8.75,0.313,0.983791247866991,0.0839197253145185,0.358
8.75,0.314,0.983829181760772,0.0800607497419392,0.358
8.75,0.315,0.983866147783453,0.0763005209709622,0.358
8.75,0.316,0.98390215173778,0.0726384265779645,0.358
8.75,0.317,0.983937199386417,0.0690738589694595,0.358
8.75,0.318,0.983971296452295,0.0656062153338688,0.358
8.75,0.319,0.984004448618954,0.0622348975936937,0.358
8.75,0.32,0.984036661530873,0.0589593123587084,0.358
8.75,0.321,0.984067940793811,0.0557788708790641,0.358
8.75,0.322,0.984098291975133,0.0526929889996364,0.358
8.75,0.323,0.984127720604134,0.0497010871144399,0.358
8.75,0.324,0.984156232172367,0.0468025901217972,0.358
8.75,0.325,0.98418383213396,0.0439969273799967,0.358
8.75,0.326,0.984210525905927,0.0412835326637051,0.358
8.75,0.327,0.984236318868492,0.0386618441204245,0.358
8.75,0.328,0.984261216365388,0.0361313042277711,0.358
8.75,0.329,0.984285223704168,0.0336913597516642,0.358
8.75,0.33,0.984308346156511,0.031341461703871,0.358
8.75,0.331,0.984330588958511,0.0290810653015283,0.358
8.75,0.332,0.984351957310991,0.0269096299256422,0.358
8.75,0.333,0.984372456379779,0.0248266190816748,0.358
8.75,0.334,0.984392091296011,0.0228315003589996,0.358
8.75,0.335,0.984410867156415,0.0209237453919098,0.358
8.75,0.336,0.984428789023596,0.0191028298207385,0.358
8.75,0.337,0.984445861926315,0.0173682332535563,0.358
8.75,0.338,0.984462090859773,0.0157194392280458,0.358
8.75,0.339,0.984477480785888,0.0141559351738874,0.358
8.75,0.34,0.984492036633559,0.0126772123760999,0.358
8.75,0.341,0.984505763298951,0.0112827659378478,0.358
8.75,0.342,0.98451866564575,0.00997209474491445,0.358
8.75,0.343,0.984530748505434,0.00874470142915307,0.358
8.75,0.344,0.984542016677541,0.00760009233338188,0.358
8.75,0.345,0.984552474929915,0.00653777747692263,0.358
8.75,0.346,0.984562127998978,0.00555727052009569,0.358
8.75,0.347,0.984570980589976,0.00465808873071349,0.358
8.75,0.348,0.984579037377235,0.00383975295015215,0.358
8.75,0.349,0.984586303004408,0.00310178755968948,0.358
8.75,0.35,0.984592782084726,0.00244372044773122,0.358
8.75,0.351,0.98459847920124,0.00186508297714827,0.358
8.75,0.352,0.984603398907063,0.00136540995296919,0.358
8.75,0.353,0.984607545725614,0.000944239590272566,0.358
8.75,0.354,0.984610924150849,0.000601113482945337,0.358
8.75,0.355,0.984613538647506,0.000335576572330076,0.358
8.75,0.356,0.984615393651327,0.000147177116227581,0.358
8.75,0.357,0.984616493569297,3.5466658809824e-05,0.358
8.75,0.358,0.984616842779869,0,0.358
8.75,0.359,0.984616445633192,4.03351659628015e-05,0.358
8.75,0.36,0.984615306451333,0.00015603337935044,0.358
8.75,0.361,0.984613429528501,0.000346659030459051,0.358
8.75,0.362,0.984610819131265,0.000611779648096444,0.358
8.75,0.363,0.984607479498773,0.00095096587124921,0.358
8.75,0.364,0.984603414842968,0.00136379142088305,0.358
8.75,0.365,0.984598629348799,0.00184983307178754,0.358
8.75,0.366,0.984593127174436,0.00240867062528682,0.358
8.75,0.367,0.984586912451477,0.00303988688188372,0.358
8.75,0.368,0.984579989285154,0.00374306761425913,0.358
8.75,0.369,0.984572361754544,0.00451780154038239,0.358
8.75,0.37,0.984564033912765,0.0053636802975765,0.358
8.75,0.371,0.984555009787185,0.00628029841593936,0.358
8.75,0.372,0.984545293379617,0.00726725329274203,0.358
8.75,0.373,0.984534888666519,0.008324145166827,0.358
8.75,0.374,0.984523799599184,0.00945057709347275,0.358
8.75,0.375,0.984512030103946,0.0106461549191694,0.358
8.75,0.376,0.98449958408236,0.0119104872571496,0.358
8.75,0.377,0.984486465411401,0.0132431854625858,0.358
8.75,0.378,0.984472677943646,0.0146438636087209,0.358
8.75,0.379,0.984458225507466,0.0161121384628871,0.358
8.75,0.38,0.98444311190721,0.0176476294625472,0.358
8.75,0.381,0.984427340923387,0.0192499586921802,0.358
8.75,0.382,0.984410916312847,0.0209187508600106,0.358
8.75,0.383,0.984393841808964,0.0226536332750271,0.358
8.75,0.384,0.984376121121812,0.024454235824245,0.358
8.75,0.385,0.984357757938345,0.0263201909503907,0.358
8.75,0.386,0.984338755922565,0.0282511336296309,0.358
8.75,0.387,0.984319118715704,0.03024670134959,0.358
8.75,0.388,0.98429884993639,0.0323065340876338,0.358
8.75,0.389,0.98427795318082,0.0344302742892877,0.358
8.75,0.39,0.984256432022928,0.0366175668468971,0.358
8.75,0.391,0.984234290014551,0.0388680590789114,0.358
8.75,0.392,0.984211530685598,0.041181400708501,0.358
8.75,0.393,0.98418815754421,0.0435572438433951,0.358
8.75,0.394,0.984164174076924,0.0459952429552102,0.358
8.75,0.395,0.984139583748839,0.0484950548591767,0.358
8.75,0.396,0.984114390003768,0.051056338694444,0.358
8.75,0.397,0.9840885962644,0.0536787559041407,0.358
8.75,0.398,0.984062205932458,0.0563619702156348,0.358
8.75,0.399,0.984035222388853,0.0591056476214602,0.358
8.75,0.4,0.984007648993839,0.0619094563597766,0.358
8.75,0.401,0.983979489087162,0.0647730668957625,0.358
8.75,0.402,0.983950745988218,0.0676961519026076,0.358
8.75,0.403,0.983921422996197,0.0706783862429061,0.358
8.75,0.404,0.983891523390235,0.0737194469503377,0.358
8.75,0.405,0.983861050429557,0.0768190132114377,0.358
8.75,0.406,0.983830007353633,0.0799767663473672,0.358
8.75,0.407,0.983798397382307,0.0831923897965048,0.358
8.75,0.408,0.983766223715956,0.0864655690963057,0.358
8.75,0.409,0.983733489535622,0.0897959918660485,0.358
8.75,0.41,0.983700198003157,0.0931833477895827,0.358
8.75,0.411,0.983666352261362,0.0966273285979646,0.358
8.75,0.412,0.983631955434125,0.100127628052626,0.358
8.75,0.413,0.983597010626559,0.103683941928656,0.358
8.75,0.414,0.983561520925136,0.107295967998011,0.358
8.75,0.415,0.983525489397825,0.110963406013243,0.358
8.75,0.416,0.983488919094222,0.114685957690952,0.358
8.75,0.417,0.983451813045685,0.118463326695828,0.358
8.75,0.418,0.983414174265465,0.12229521862468,0.358
8.75,0.419,0.983376005748837,0.126181340990472,0.358
8.75,0.42,0.983337310473223,0.130121403207006,0.358
8.75,0.421,0.983298091398331,0.134115116572886,0.358
8.75,0.422,0.983258351466271,0.13816219425673,0.358
8.75,0.423,0.983218093601686,0.142262351281564,0.358
8.75,0.424,0.983177320711876,0.146415304509917,0.358
8.75,0.425,0.983136035686923,0.150620772629084,0.358
8.75,0.426,0.983094241399809,0.154878476135933,0.358
8.75,0.427,0.983051940706543,0.159188137322808,0.358
8.75,0.428,0.983009136446275,0.163549480262848,0.358
8.75,0.429,0.982965831441424,0.167962230795404,0.358
8.75,0.43,0.982922028497786,0.172426116512314,0.358
8.75,0.431,0.982877730404662,0.176940866743536,0.358
8.75,0.432,0.982832939934964,0.181506212543381,0.358
8.75,0.433,0.98278765984534,0.18612188667666,0.358
8.75,0.434,0.982741892876279,0.190787623605027,0.358
8.75,0.435,0.982695641752234,0.195503159473653,0.358
8.75,0.436,0.982648909181725,0.200268232097534,0.358
8.75,0.437,0.982601697857459,0.20508258094849,0.358
8.75,0.438,0.982554010456435,0.209945947141943,0.358
8.75,0.439,0.982505849640055,0.21485807342394,0.358
8.75,0.44,0.982457218054234,0.219818704158214,0.358
8.75,0.441,0.982408118329504,0.224827585313636,0.358
8.75,0.442,0.982358553081128,0.229884464451224,0.358
8.75,0.443,0.982308524909197,0.234989090712112,0.358
8.75,0.444,0.982258036398746,0.240141214804557,0.358
8.75,0.445,0.982207090119845,0.245340588992304,0.358
8.75,0.446,0.982155688627714,0.250586967082023,0.358
8.75,0.447,0.982103834462818,0.255880104411332,0.358
8.75,0.448,0.982051530150975,0.261219757836928,0.358
8.75,0.449,0.981998778203451,0.266605685722765,0.358
8.75,0.45,0.981945581117061,0.272037647928447,0.358
8.75,0.451,0.981891941374273,0.277515405797302,0.358
8.75,0.452,0.981837861443302,0.283038722145212,0.358
8.75,0.453,0.981783343778206,0.288607361249293,0.358
8.75,0.454,0.981728390818986,0.294221088836322,0.358
8.75,0.455,0.981673004991684,0.299879672071723,0.358
8.75,0.456,0.981617188708471,0.305582879548516,0.358
8.75,0.457,0.981560944367747,0.311330481276451,0.358
8.75,0.458,0.981504274354236,0.317122248670909,0.358
8.75,0.459,0.981447181039071,0.32295795454238,0.358
8.75,0.46,0.981389666779897,0.3288373730856,0.358
8.75,0.461,0.98133173392095,0.334760279869206,0.358
8.75,0.462,0.981273384793158,0.340726451825213,0.358
8.75,0.463,0.981214621714227,0.346735667238485,0.358
8.75,0.464,0.981155446988729,0.352787705736479,0.358
8.75,0.465,0.98109586290819,0.35888234827961,0.358
8.75,0.466,0.981035871751182,0.365019377150255,0.358
8.75,0.467,0.980975475783406,0.371198575943521,0.358
8.75,0.468,0.980914677257778,0.377419729557005,0.358
8.75,0.469,0.980853478414517,0.383682624181114,0.358
8.75,0.47,0.980791881481229,0.38998704728912,0.358
8.75,0.471,0.980729888672992,0.396332787627873,0.358
8.75,0.472,0.980667502192437,0.402719635207971,0.358
8.75,0.473,0.980604724229833,0.409147381294495,0.358
8.75,0.474,0.98054155696317,0.415615818397397,0.358
8.75,0.475,0.980478002558238,0.422124740262597,0.358
8.75,0.476,0.98041406316871,0.428673941862434,0.358
8.75,0.477,0.980349740936222,0.435263219386628,0.358
8.75,0.478,0.98028503799045,0.441892370233421,0.358
8.75,0.479,0.980219956449193,0.448561193000319,0.358
8.75,0.48,0.980154498418451,0.45526948747554,0.358
8.75,0.481,0.980088665992499,0.462017054628894,0.358
8.75,0.482,0.980022461253968,0.468803696603293,0.358
8.75,0.483,0.979955886273918,0.47562921670623,0.358
8.75,0.484,0.979888943111919,0.482493419400698,0.358
8.75,0.485,0.979821633816121,0.489396110297347,0.358
8.75,0.486,0.979753960423334,0.496337096145494,0.358
8.75,0.487,0.979685924959095,0.503316184825287,0.358
8.75,0.488,0.97961752943775,0.510333185339018,0.358
8.75,0.489,0.979548775862521,0.517387907803313,0.358
8.75,0.49,0.979479666225582,0.524480163440577,0.358
8.75,0.491,0.979410202508127,0.53160976457145,0.358
8.75,0.492,0.979340386680445,0.53877652460641,0.358
8.75,0.493,0.97927022070199,0.545980258038137,0.358
8.75,0.494,0.979199706521449,0.553220780433428,0.358
8.75,0.495,0.979128846076816,0.560497908425717,0.358
8.75,0.496,0.979057641295455,0.567811459707124,0.358
8.75,0.497,0.978986094094175,0.575161253021061,0.358
8.75,0.498,0.978914206379295,0.58254710815433,0.358
8.75,0.499,0.978841980046709,0.589968845930056,0.358
8.75,0.5,0.978769416981959,0.597426288199832,0.358
8.75,0.501,0.978696519060296,0.604919257836656,0.358
8.75,0.502,0.978623288146752,0.612447578727404,0.358
8.75,0.503,0.978549726096197,0.62001107576577,0.358
8.75,0.504,0.978475834753413,0.627609574844956,0.358
8.75,0.505,0.978401615953151,0.635242902850663,0.358
8.75,0.506,0.9783270715202,0.642910887653891,0.358
8.75,0.507,0.978252203269451,0.650613358104013,0.358
8.75,0.508,0.978177013005955,0.658350144021935,0.358
8.75,0.509,0.978101502524989,0.66612107619306,0.358
8.75,0.51,0.97802567361212,0.673925986360446,0.358
8.75,0.511,0.977949528043262,0.681764707218324,0.358
8.75,0.512,0.97787306758474,0.68963707240508,0.358
8.75,0.513,0.977796293993351,0.697542916496685,0.358
8.75,0.514,0.977719209016423,0.705482075000319,0.358
8.75,0.515,0.977641814391875,0.7134543843476,0.358
8.75,0.516,0.977564111848277,0.721459681888037,0.358
8.75,0.517,0.977486103104908,0.729497805882984,0.358
8.75,0.518,0.977407789871816,0.737568595498805,0.358
8.75,0.519,0.977329173849873,0.745671890801014,0.358
8.75,0.52,0.977250256730837,0.753807532747564,0.358
8.75,0.521,0.977171040197405,0.761975363183054,0.358
8.75,0.522,0.977091525923273,0.770175224832204,0.358
8.75,0.523,0.977011715573189,0.778406961294031,0.358
8.75,0.524,0.976931610803012,0.786670417035662,0.358
8.75,0.525,0.976851213259764,0.794965437386397,0.358
8.75,0.526,0.976770524581691,0.803291868531608,0.358
8.75,0.527,0.97668954639831,0.811649557507033,0.358
8.75,0.528,0.976608280330469,0.820038352192753,0.358
8.75,0.529,0.976526727990399,0.828458101307517,0.358
8.75,0.53,0.976444890981767,0.836908654402979,0.358
8.75,0.531,0.976362770899729,0.845389861857759,0.358
8.75,0.532,0.976280369330985,0.853901574872107,0.358
8.75,0.533,0.976197687853825,0.862443645462219,0.358
8.75,0.534,0.976114728038191,0.871015926454222,0.358
8.75,0.535,0.976031491445719,0.87961827147951,0.358
8.75,0.536,0.975947979629795,0.888250534968371,0.358
8.75,0.537,0.975864194135604,0.896912572145148,0.358
8.75,0.538,0.975780136500183,0.905604239022595,0.358
8.75,0.539,0.975695808252467,0.914325392396642,0.358
8.75,0.54,0.975611210913343,0.923075889840952,0.358
8.75,0.541,0.975526345995694,0.931855589701858,0.358
8.75,0.542,0.975441215004453,0.940664351093035,0.358
8.75,0.543,0.975355819436651,0.949502033890282,0.358
8.75,0.544,0.975270160781461,0.958368498726414,0.358
8.75,0.545,0.97518424052025,0.967263606986446,0.358
8.75,0.546,0.975098060126626,0.976187220801905,0.358
8.75,0.547,0.975011621066482,0.985139203046748,0.358
8.75,0.548,0.974924924798048,0.994119417331407,0.358
8.75,0.549,0.974837972771934,1.0031277279986,0.358
8.75,0.55,0.974750766431178,1.01216400011803,0.358
8.75,0.551,0.974663307211288,1.02122809948193,0.358
8.75,0.552,0.974575596540292,1.0303198925997,0.358
8.75,0.553,0.974487635838783,1.03943924669372,0.358
8.75,0.554,0.97439942651996,1.0485860296942,0.358
8.75,0.555,0.974310969989678,1.05776011023471,0.358
8.75,0.556,0.974222267646485,1.06696135764743,0.358
8.75,0.557,0.974133320881674,1.07618964195855,0.358
8.75,0.558,0.974044131079321,1.08544483388373,0.358
8.75,0.559,0.973954699616331,1.09472680482354,0.358
8.75,0.56,0.973865027862478,1.10403542685888,0.358
8.75,0.561,0.973775117180453,1.11337057274665,0.358
8.75,0.562,0.973684968925901,1.12273211591507,0.358
8.75,0.563,0.973594584447464,1.13211993045961,0.358
8.75,0.564,0.973503965086827,1.14153389113834,0.358
8.75,0.565,0.973413112178755,1.1509738733678,0.358
8.75,0.566,0.973322027051135,1.16043975321853,0.358
8.75,0.567,0.973230711025018,1.16993140741097,0.358
8.75,0.568,0.97313916541466,1.17944871331102,0.358
8.75,0.569,0.973047391527561,1.18899154892602,0.358
8.75,0.57,0.972955390664506,1.1985597929006,0.358
8.75,0.571,0.972863164119601,1.20815332451247,0.358
8.75,0.572,0.972770713180322,1.21777202366817,0.358
8.75,0.573,0.972678039127542,1.22741577089942,0.358
8.75,0.574,0.972585143235581,1.23708444735866,0.358
8.75,0.575,0.972492026772235,1.24677793481529,0.358
8.75,0.576,0.972398690998822,1.25649611565155,0.358
8.75,0.577,0.972305137170218,1.26623887285866,0.358
8.75,0.578,0.972211366534891,1.27600609003302,0.358
8.75,0.579,0.972117380334942,1.28579765137211,0.358
8.75,0.58,0.972023179806146,1.29561344167064,0.358
8.75,0.581,0.97192876617798,1.30545334631709,0.358
8.75,0.582,0.971834140673669,1.31531725128935,0.358
8.75,0.583,0.971739304510214,1.32520504315154,0.358
8.75,0.584,0.971644258898437,1.33511660904986,0.358
8.75,0.585,0.97154900504301,1.34505183670899,0.358
8.75,0.586,0.971453544142497,1.35501061442846,0.358
8.75,0.587,0.971357877389382,1.36499283107916,0.358
8.75,0.588,0.971262005970111,1.37499837609922,0.358
8.75,0.589,0.971165931065126,1.38502713949111,0.358
8.75,0.59,0.971069653848895,1.39507901181746,0.358
8.75,0.591,0.970973175489952,1.40515388419795,0.358
8.75,0.592,0.970876497150931,1.4152516483054,0.358
8.75,0.593,0.970779619988596,1.42537219636267,0.358
8.75,0.594,0.97068254515388,1.43551542113902,0.358
8.75,0.595,0.970585273791913,1.44568121594684,0.358
8.75,0.596,0.970487807042063,1.45586947463772,0.358
8.75,0.597,0.97039014603796,1.46608009159985,0.358
8.75,0.598,0.970292291907538,1.47631296175408,0.358
8.75,0.599,0.97019424577306,1.48656798055082,0.358
8.75,0.6,0.970096008751159,1.4968450439667,0.358
8.75,0.601,0.969997581952861,1.50714404850123,0.358
8.75,0.602,0.969898966483623,1.51746489117379,0.358
8.75,0.603,0.969800163443364,1.52780746951999,0.358
8.75,0.604,0.969701173926498,1.53817168158878,0.358
8.75,0.605,0.969601999021959,1.54855742593927,0.358
8.75,0.606,0.969502639813241,1.55896460163734,0.358
8.75,0.607,0.969403097378424,1.56939310825275,0.358
8.75,0.608,0.969303372790204,1.57984284585586,0.358
8.75,0.609,0.969203467115927,1.59031371501466,0.358
8.75,0.61,0.969103381417618,1.6008056167917,0.358
8.75,0.611,0.96900311675201,1.61131845274083,0.358
8.75,0.612,0.968902674170576,1.62185212490458,0.358
8.75,0.613,0.968802054719559,1.63240653581069,0.358
8.75,0.614,0.968701259439996,1.64298158846972,0.358
8.75,0.615,0.968600289367757,1.65357718637134,0.358
8.75,0.616,0.968499145533566,1.66419323348221,0.358
8.75,0.617,0.968397828963036,1.67482963424244,0.358
8.75,0.618,0.96829634067669,1.68548629356311,0.358
8.75,0.619,0.968194681690002,1.69616311682299,0.358
8.75,0.62,0.96809285301341,1.70686000986622,0.358
8.75,0.621,0.967990855652359,1.71757687899912,0.358
8.75,0.622,0.967888690607319,1.72831363098729,0.358
8.75,0.623,0.967786358873816,1.73907017305335,0.358
8.75,0.624,0.967683861442462,1.7498464128735,0.358
8.75,0.625,0.967581199298981,1.7606422585754,0.358
8.75,0.626,0.967478373424232,1.77145761873498,0.358
8.75,0.627,0.967375384794245,1.782292402374,0.358
8.75,0.628,0.96727223438024,1.79314651895723,0.358
8.75,0.629,0.967168923148658,1.8040198783899,0.358
8.75,0.63,0.967065452061186,1.8149123910149,0.358
8.75,0.631,0.966961822074785,1.82582396761046,0.358
8.75,0.632,0.966858034141714,1.83675451938714,0.358
8.75,0.633,0.966754089209557,1.84770395798552,0.358
8.75,0.634,0.966649988221252,1.85867219547353,0.358
8.75,0.635,0.966545732115113,1.86965914434394,0.358
8.75,0.636,0.966441321824854,1.88066471751183,0.358
8.75,0.637,0.966336758279621,1.89168882831201,0.358
8.75,0.638,0.966232042404011,1.90273139049661,0.358
8.75,0.639,0.966127175118102,1.91379231823252,0.358
8.75,0.64,0.966022157337473,1.92487152609899,0.358
8.75,0.641,0.965916989973233,1.93596892908519,0.358
8.75,0.642,0.965811673932042,1.94708444258773,0.358
8.75,0.643,0.96570621011614,1.95821798240843,0.358
8.75,0.644,0.965600599423367,1.96936946475159,0.358
8.75,0.645,0.96549484274719,1.98053880622187,0.358
8.75,0.646,0.965388940976725,1.99172592382197,0.358
8.75,0.647,0.965282894996762,2.00293073495015,0.358
8.75,0.648,0.965176705687789,2.0141531573979,0.358
8.75,0.649,0.965070373926014,2.02539310934782,0.358
8.75,0.65,0.964963900583392,2.03665050937096,0.358
8.75,0.651,0.96485728652764,2.04792527642512,0.358
8.75,0.652,0.964750532622272,2.05921732985197,0.358
8.75,0.653,0.964643639726612,2.07052658937528,0.358
8.75,0.654,0.964536608695822,2.08185297509837,0.358
8.75,0.655,0.964429440380923,2.09319640750214,0.358
8.75,0.656,0.964322135628815,2.10455680744279,0.358
8.75,0.657,0.964214695282308,2.11593409614939,0.358
8.75,0.658,0.964107120180131,2.12732819522237,0.358
8.75,0.659,0.963999411156966,2.13873902663058,0.358
8.75,0.66,0.963891569043465,2.15016651270969,0.358
8.75,0.661,0.963783594666269,2.16161057615991,0.358
8.75,0.662,0.963675488848036,2.17307114004381,0.358
8.75,0.663,0.963567252407459,2.1845481277843,0.358
8.75,0.664,0.963458886159286,2.1960414631627,0.358
8.75,0.665,0.963350390914342,2.2075510703164,0.358
8.75,0.666,0.963241767479556,2.21907687373692,0.358
8.75,0.667,0.963133016657971,2.230618798268,0.358
8.75,0.668,0.963024139248774,2.24217676910357,0.358
8.75,0.669,0.962915136047313,2.25375071178546,0.358
8.75,0.67,0.962806007845119,2.26534055220178,0.358
8.75,0.671,0.962696755429925,2.27694621658456,0.358
8.75,0.672,0.962587379585687,2.28856763150838,0.358
8.75,0.673,0.962477881092603,2.3002047238877,0.358
8.75,0.674,0.962368260727138,2.31185742097528,0.358
8.75,0.675,0.962258519262036,2.32352565036054,0.358
8.75,0.676,0.962148657466347,2.33520933996707,0.358
8.75,0.677,0.962038676105442,2.34690841805121,0.358
8.75,0.678,0.961928575941037,2.35862281319974,0.358
8.75,0.679,0.961818357731206,2.37035245432846,0.358
8.75,0.68,0.961708022230407,2.38209727068015,0.358
8.75,0.681,0.961597570189498,2.39385719182243,0.358
8.75,0.682,0.961487002355757,2.40563214764644,0.358
8.75,0.683,0.961376319472899,2.41742206836466,0.358
8.75,0.684,0.961265522281099,2.42922688450922,0.358
8.75,0.685,0.961154611517005,2.44104652693007,0.358
8.75,0.686,0.961043587913762,2.45288092679334,0.358
8.75,0.687,0.960932452201028,2.46473001557928,0.358
8.75,0.688,0.960821205104993,2.47659372508078,0.358
8.75,0.689,0.960709847348396,2.48847198740152,0.358
8.75,0.69,0.960598379650546,2.50036473495414,0.358
8.75,0.691,0.960486802727336,2.51227190045871,0.358
8.75,0.692,0.960375117291265,2.52419341694083,0.358
8.75,0.693,0.960263324051454,2.53612921773005,0.358
8.75,0.694,0.960151423713664,2.54807923645817,0.358
8.75,0.695,0.960039416980313,2.56004340705738,0.358
8.75,0.696,0.959927304550493,2.57202166375901,0.358
8.75,0.697,0.95981508711999,2.58401394109138,0.358
8.75,0.698,0.959702765381302,2.59602017387841,0.358
8.75,0.699,0.959590340023649,2.60804029723805,0.358
8.75,0.7,0.959477811732998,2.62007424658059,0.358
8.75,0.701,0.959365181192077,2.63212195760691,0.358
8.75,0.702,0.959252449080392,2.6441833663071,0.358
8.75,0.703,0.959139616074243,2.65625840895871,0.358
8.75,0.704,0.959026682846742,2.66834702212522,0.358
8.75,0.705,0.958913650067829,2.68044914265446,0.358
8.75,0.706,0.958800518404289,2.69256470767718,0.358
8.75,0.707,0.958687288519768,2.70469365460522,0.358
8.75,0.708,0.958573961074788,2.71683592113026,0.358
8.75,0.709,0.958460536726766,2.7289914452221,0.358
8.75,0.71,0.958347016130027,2.74116016512727,0.358
8.75,0.711,0.958233399935823,2.75334201936746,0.358
8.75,0.712,0.958119688792346,2.76553694673793,0.358
8.75,0.713,0.958005883344748,2.77774488630624,0.358
8.75,0.714,0.95789198423515,2.78996577741055,0.358
8.75,0.715,0.957777992102663,2.80219955965837,0.358
8.75,0.716,0.957663907583405,2.81444617292486,0.358
8.75,0.717,0.95754973131051,2.82670555735154,0.358
8.75,0.718,0.957435463914149,2.83897765334473,0.358
8.75,0.719,0.95732110602154,2.85126240157449,0.358
8.75,0.72,0.957206658256971,2.86355974297243,0.358
8.75,0.721,0.957092121241806,2.87586961873116,0.358
8.75,0.722,0.956977495594508,2.88819197030239,0.358
8.75,0.723,0.956862781930647,2.90052673939551,0.358
8.75,0.724,0.956747980862919,2.91287386797665,0.358
8.75,0.725,0.956633093001161,2.92523329826668,0.358
8.75,0.726,0.956518118952363,2.9376049727402,0.358
8.75,0.727,0.956403059320685,2.94998883412441,0.358
8.75,0.728,0.956287914707469,2.96238482539708,0.358
8.75,0.729,0.956172685711255,2.97479288978604,0.358
8.75,0.73,0.956057372927795,2.98721297076709,0.358
8.75,0.731,0.955941976950069,2.99964501206313,0.358
8.75,0.732,0.955826498368294,3.01208895764282,0.358
8.75,0.733,0.955710937769944,3.02454475171903,0.358
8.75,0.734,0.955595295739759,3.03701233874778,0.358
8.75,0.735,0.955479572859764,3.04949166342681,0.358
8.75,0.736,0.955363769709278,3.06198267069444,0.358
8.75,0.737,0.955247886864929,3.07448530572809,0.358
8.75,0.738,0.955131924900669,3.08699951394318,0.358
8.75,0.739,0.955015884387788,3.09952524099186,0.358
8.75,0.74,0.954899765894924,3.11206243276163,0.358
8.75,0.741,0.954783569988081,3.12461103537434,0.358
8.75,0.742,0.954667297230636,3.13717099518469,0.358
8.75,0.743,0.954550948183361,3.14974225877909,0.358
8.75,0.744,0.954434523404428,3.16232477297467,0.358
8.75,0.745,0.954318023449427,3.17491848481766,0.358
8.75,0.746,0.954201448871376,3.18752334158245,0.358
8.75,0.747,0.954084800220736,3.20013929077048,0.358
8.75,0.748,0.953968078045424,3.21276628010883,0.358
8.75,0.749,0.953851282890822,3.22540425754905,0.358
8.75,0.75,0.953734415299797,3.23805317126622,0.358
8.75,0.751,0.953617475812705,3.25071296965751,0.358
8.75,0.752,0.95350046496741,3.26338360134122,0.358
8.75,0.753,0.953383383299294,3.27606501515558,0.358
8.75,0.754,0.95326623134127,3.28875716015746,0.358
8.75,0.755,0.953149009623792,3.30145998562152,0.358
8.75,0.756,0.953031718674871,3.31417344103879,0.358
8.75,0.757,0.952914359020087,3.32689747611561,0.358
8.75,0.758,0.952796931182595,3.33963204077286,0.358
8.75,0.759,0.952679435683145,3.35237708514435,0.358
8.75,0.76,0.952561873040091,3.36513255957591,0.358
8.75,0.761,0.9524442437694,3.37789841462453,0.358
8.75,0.762,0.952326548384669,3.39067460105686,0.358
8.75,0.763,0.952208787397131,3.4034610698485,0.358
8.75,0.764,0.952090961315674,3.4162577721826,0.358
8.75,0.765,0.951973070646845,3.42906465944919,0.358
8.75,0.766,0.951855115894866,3.44188168324366,0.358
8.75,0.767,0.951737097561645,3.45470879536611,0.358
8.75,0.768,0.951619016146787,3.46754594781997,0.358
8.75,0.769,0.951500872147604,3.48039309281132,0.358
8.75,0.77,0.951382666059132,3.49325018274735,0.358
8.75,0.771,0.951264398374132,3.50611717023599,0.358
8.75,0.772,0.951146069583111,3.51899400808422,0.358
8.75,0.773,0.951027680174328,3.53188064929764,0.358
8.75,0.774,0.950909230633807,3.54477704707892,0.358
8.75,0.775,0.950790721445347,3.55768315482734,0.358
8.75,0.776,0.950672153090533,3.57059892613725,0.358
8.75,0.777,0.950553526048747,3.58352431479749,0.358
8.75,0.778,0.950434840797181,3.59645927479026,0.358
8.75,0.779,0.950316097810841,3.60940376029022,0.358
8.75,0.78,0.950197297562569,3.62235772566313,0.358
8.75,0.781,0.950078440523041,3.63532112546563,0.358
8.75,0.782,0.949959527160785,3.64829391444355,0.358
8.75,0.783,0.949840557942195,3.66127604753117,0.358
8.75,0.784,0.949721533331528,3.6742674798508,0.358
8.75,0.785,0.949602453790931,3.68726816671083,0.358
8.75,0.786,0.949483319780438,3.70027806360571,0.358
8.75,0.787,0.949364131757988,3.71329712621451,0.358
8.75,0.788,0.949244890179432,3.72632531040025,0.358
8.75,0.789,0.949125595498544,3.73936257220866,0.358
8.75,0.79,0.949006248167031,3.75240886786772,0.358
8.75,0.791,0.948886848634543,3.76546415378631,0.358
8.75,0.792,0.948767397348683,3.77852838655364,0.358
8.75,0.793,0.948647894755018,3.79160152293807,0.358
8.75,0.794,0.948528341297086,3.80468351988652,0.358
8.75,0.795,0.948408737416409,3.81777433452326,0.358
8.75,0.796,0.948289083552502,3.83087392414927,0.358
8.75,0.797,0.948169380142881,3.8439822462413,0.358
8.75,0.798,0.948049627623073,3.85709925845088,0.358
8.75,0.799,0.94792982642663,3.8702249186036,0.358
8.75,0.8,0.947809976985131,3.88335918469824,0.358
9,0.2,0.970771429955683,1.3733902154764,0.357
9,0.201,0.970972712957786,1.35237547423432,0.357
9,0.202,0.971171957475408,1.33158213788866,0.357
9,0.203,0.971369177612251,1.31100846831349,0.357
9,0.204,0.971564387348693,1.29065274560551,0.357
9,0.205,0.971757600543228,1.270513267836,0.357
9,0.206,0.971948830933874,1.25058835080667,0.357
9,0.207,0.972138092139564,1.23087632781009,0.357
9,0.208,0.972325397661517,1.21137554939381,0.357
9,0.209,0.972510760884585,1.19208438312854,0.357
9,0.21,0.97269419507858,1.17300121338058,0.357
9,0.211,0.972875713399588,1.15412444108727,0.357
9,0.212,0.973055328891244,1.13545248353755,0.357
9,0.213,0.973233054486019,1.11698377415437,0.357
9,0.214,0.973408903006453,1.0987167622825,0.357
9,0.215,0.973582887166397,1.08064991297854,0.357
9,0.216,0.973755019572224,1.06278170680516,0.357
9,0.217,0.973925312724023,1.04511063962822,0.357
9,0.218,0.974093779016779,1.0276352224176,0.357
9,0.219,0.974260430741533,1.010353981051,0.357
9,0.22,0.974425280086524,0.993265456121084,0.357
9,0.221,0.974588339138322,0.976368202745559,0.357
9,0.222,0.974749619882935,0.959660790380523,0.357
9,0.223,0.974909134206904,0.943141802636904,0.357
9,0.224,0.975066893898387,0.926809837099185,0.357
9,0.225,0.97522291064822,0.910663505147968,0.357
9,0.226,0.975377196050967,0.894701431784561,0.357
9,0.227,0.975529761605955,0.878922255458847,0.357
9,0.228,0.975680618718296,0.863324627899642,0.357
9,0.229,0.97582977869989,0.847907213947519,0.357
9,0.23,0.97597725277042,0.832668691390759,0.357
9,0.231,0.976123052058325,0.817607750803617,0.357
9,0.232,0.976267187601772,0.802723095386781,0.357
9,0.233,0.976409670349603,0.788013440810853,0.357
9,0.234,0.976550511162272,0.773477515061916,0.357
9,0.235,0.976689720812776,0.759114058289545,0.357
9,0.236,0.976827309987562,0.744921822657152,0.357
9,0.237,0.976963289287433,0.730899572194743,0.357
9,0.238,0.977097669228434,0.717046082653483,0.357
9,0.239,0.977230460242725,0.703360141363385,0.357
9,0.24,0.977361672679457,0.68984054709178,0.357
9,0.241,0.977491316805612,0.676486109905539,0.357
9,0.242,0.977619402806853,0.663295651033868,0.357
9,0.243,0.977745940788356,0.650268002734178,0.357
9,0.244,0.977870940775623,0.637402008159427,0.357
9,0.245,0.977994412715299,0.624696521227919,0.357
9,0.246,0.978116366475964,0.612150406494427,0.357
9,0.247,0.978236811848926,0.599762539023563,0.357
9,0.248,0.978355758548998,0.587531804265295,0.357
9,0.249,0.978473216215264,0.575457097931587,0.357
9,0.25,0.978589194411839,0.563537325875596,0.357
9,0.251,0.978703702628615,0.551771403972023,0.357
9,0.252,0.978816750282002,0.540158257999712,0.357
9,0.253,0.978928346715658,0.528696823525543,0.357
9,0.254,0.979038501201205,0.517386045790347,0.357
9,0.255,0.979147222938943,0.506224879596195,0.357
9,0.256,0.979254521058552,0.495212289195357,0.357
9,0.257,0.979360404619784,0.48434724818105,0.357
9,0.258,0.979464882613147,0.473628739379706,0.357
9,0.259,0.979567963960582,0.463055754744501,0.357
9,0.26,0.97966965751613,0.452627295250485,0.357
9,0.261,0.979769972066588,0.442342370791859,0.357
9,0.262,0.979868916332169,0.432200000079419,0.357
9,0.263,0.979966498967132,0.422199210540675,0.357
9,0.264,0.980062728560428,0.412339038220755,0.357
9,0.265,0.980157613636322,0.402618527684773,0.357
9,0.266,0.980251162655012,0.393036731921548,0.357
9,0.267,0.980343384013245,0.383592712248926,0.357
9,0.268,0.980434286044918,0.374285538220009,0.357
9,0.269,0.980523877021675,0.365114287531054,0.357
9,0.27,0.9806121651535,0.356078045930386,0.357
9,0.271,0.980699158589299,0.347175907128627,0.357
9,0.272,0.980784865417475,0.338406972710303,0.357
9,0.273,0.980869293666495,0.32977035204651,0.357
9,0.274,0.980952451305457,0.321265162208739,0.357
9,0.275,0.981034346244646,0.312890527884058,0.357
9,0.276,0.981114986336074,0.304645581291374,0.357
9,0.277,0.981194379374036,0.296529462098549,0.357
9,0.278,0.981272533095634,0.288541317341107,0.357
9,0.279,0.981349455181315,0.280680301341807,0.357
9,0.28,0.981425153255393,0.272945575631156,0.357
9,0.281,0.98149963488656,0.265336308869379,0.357
9,0.282,0.98157290758841,0.257851676768794,0.357
9,0.283,0.981644978819932,0.250490862018027,0.357
9,0.284,0.98171585598602,0.243253054206427,0.357
9,0.285,0.981785546437958,0.236137449750351,0.357
9,0.286,0.981854057473918,0.229143251819397,0.357
9,0.287,0.981921396339434,0.222269670264552,0.357
9,0.288,0.981987570227882,0.215515921546872,0.357
9,0.289,0.982052586280957,0.20888122866678,0.357
9,0.29,0.982116451589131,0.202364821095036,0.357
9,0.291,0.982179173192121,0.195965934703946,0.357
9,0.292,0.982240758079341,0.189683811699815,0.357
9,0.293,0.982301213190353,0.183517700556113,0.357
9,0.294,0.982360545415315,0.177466855947706,0.357
9,0.295,0.982418761595422,0.171530538685527,0.357
9,0.296,0.982475868523338,0.165708015652744,0.357
9,0.297,0.982531872943629,0.159998559740959,0.357
9,0.298,0.982586781553192,0.154401449787933,0.357
9,0.299,0.982640601001671,0.148915970515717,0.357
9,0.3,0.98269333789188,0.143541412469617,0.357
9,0.301,0.982744998780208,0.138277071957948,0.357
9,0.302,0.982795590177034,0.13312225099269,0.357
9,0.303,0.982845118547124,0.128076257230769,0.357
9,0.304,0.982893590310036,0.123138403915846,0.357
9,0.305,0.982941011840506,0.118308009821622,0.357
9,0.306,0.982987389468847,0.113584399194688,0.357
9,0.307,0.98303272948133,0.108966901699192,0.357
9,0.308,0.983077038120566,0.104454852361502,0.357
9,0.309,0.983120321585885,0.100047591515895,0.357
9,0.31,0.983162586033708,0.0957444647506245,0.357
9,0.311,0.983203837577919,0.0915448228551163,0.357
9,0.312,0.983244082290228,0.087448021767278,0.357
9,0.313,0.983283326200532,0.0834534225220063,0.357
9,0.314,0.983321575297276,0.0795603911997622,0.357
9,0.315,0.983358835527807,0.0757682988761665,0.357
9,0.316,0.983395112798718,0.0720765215722174,0.357
9,0.317,0.983430412976204,0.0684844402048412,0.357
9,0.318,0.983464741886397,0.0649914405382646,0.357
9,0.319,0.983498105315708,0.0615969131360528,0.357
9,0.32,0.983530509011167,0.0583002533133481,0.357
9,0.321,0.983561958680746,0.0551008610902182,0.357
9,0.322,0.983592459993695,0.0519981411450487,0.357
9,0.323,0.983622018580866,0.0489915027688914,0.357
9,0.324,0.983650640035034,0.0460803598200332,0.357
9,0.325,0.983678329911214,0.0432641306796988,0.357
9,0.326,0.983705093726978,0.0405422382073084,0.357
9,0.327,0.983730936962769,0.0379141096971791,0.357
9,0.328,0.983755865062207,0.0353791768352929,0.357
9,0.329,0.983779883432391,0.032936875656886,0.357
9,0.33,0.983802997444212,0.0305866465038163,0.357
9,0.331,0.983825212432644,0.028327933983463,0.357
9,0.332,0.983846533697039,0.0261601869275596,0.357
9,0.333,0.983866966501429,0.0240828583510933,0.357
9,0.334,0.983886516074807,0.0220954054126699,0.357
9,0.335,0.983905187611421,0.0201972893746127,0.357
9,0.336,0.983922986271055,0.0183879755635941,0.357
9,0.337,0.983939917179311,0.0166669333320879,0.357
9,0.338,0.983955985427889,0.0150336360199788,0.357
9,0.339,0.983971196074861,0.0134875609167029,0.357
9,0.34,0.983985554144949,0.0120281892235896,0.357
9,0.341,0.983999064629788,0.0106550060172905,0.357
9,0.342,0.984011732488199,0.00936750021289789,0.357
9,0.343,0.984023562646453,0.00816516452768479,0.357
9,0.344,0.984034559998535,0.00704749544568894,0.357
9,0.345,0.984044729406398,0.00601399318227447,0.357
9,0.346,0.984054075700228,0.00506416164898216,0.357
9,0.347,0.984062603678693,0.00419750841937905,0.357
9,0.348,0.9840703181092,0.00341354469453048,0.357
9,0.349,0.984077223728141,0.00271178526956017,0.357
9,0.35,0.984083325241138,0.00209174850021032,0.357
9,0.351,0.984088627323297,0.00155295626973473,0.357
9,0.352,0.984093134619442,0.00109493395630267,0.357
9,0.353,0.984096851744359,0.000717210400935642,0.357
9,0.354,0.984099783283031,0.000419317875488545,0.357
9,0.355,0.984101933790877,0.000200792051119336,0.357
9,0.356,0.984103307793983,6.11719670473576e-05,0.357
9,0.357,0.984103909789335,0,0.357
9,0.358,0.984103744245043,1.68218333040926e-05,0.357
9,0.359,0.984102815600574,0.00011118642719854,0.357
9,0.36,0.98410112826697,0.000282645988769481,0.357
9,0.361,0.984098686627077,0.000530755942307337,0.357
9,0.362,0.984095495035759,0.000855074900552033,0.357
9,0.363,0.984091557820118,0.00125516463567177,0.357
9,0.364,0.984086879279713,0.00173059005059706,0.357
9,0.365,0.984081463686767,0.00228091915113193,0.357
9,0.366,0.984075315286386,0.00290572301779868,0.357
9,0.367,0.984068438296766,0.00360457577832651,0.357
9,0.368,0.984060836909397,0.00437705458053994,0.357
9,0.369,0.984052515289278,0.00522273956502506,0.357
9,0.37,0.984043477575111,0.00614121383863964,0.357
9,0.371,0.98403372787951,0.00713206344828965,0.357
9,0.372,0.984023270289196,0.00819487735441715,0.357
9,0.373,0.9840121088652,0.00932924740537633,0.357
9,0.374,0.984000247643055,0.010534768312076,0.357
9,0.375,0.983987690632997,0.0118110376221336,0.357
9,0.376,0.983974441820148,0.0131576556955171,0.357
9,0.377,0.983960505164716,0.0145742256793202,0.357
9,0.378,0.983945884602181,0.0160603534835158,0.357
9,0.379,0.983930584043479,0.0176156477566636,0.357
9,0.38,0.983914607375195,0.0192397198619521,0.357
9,0.381,0.98389795845974,0.0209321838534171,0.357
9,0.382,0.983880641135535,0.022692656452894,0.357
9,0.383,0.983862659217198,0.0245207570260142,0.357
9,0.384,0.983844016495713,0.0264161075601121,0.357
9,0.385,0.983824716738613,0.0283783326411102,0.357
9,0.386,0.983804763690158,0.030407059430626,0.357
9,0.387,0.983784161071501,0.0325019176447006,0.357
9,0.388,0.983762912580871,0.0346625395309053,0.357
9,0.389,0.983741021893734,0.0368885598469815,0.357
9,0.39,0.98371849266297,0.0391796158392355,0.357
9,0.391,0.983695328519035,0.0415353472212221,0.357
9,0.392,0.983671533070136,0.0439553961523176,0.357
9,0.393,0.983647109902382,0.0464394072176688,0.357
9,0.394,0.983622062579963,0.0489870274064108,0.357
9,0.395,0.9835963946453,0.0515979060921268,0.357
9,0.396,0.983570109619212,0.0542716950120647,0.357
9,0.397,0.983543211001073,0.05700804824742,0.357
9,0.398,0.983515702268969,0.0598066222032845,0.357
9,0.399,0.983487586879854,0.06266707558924,0.357
9,0.4,0.983458868269709,0.0655890693995964,0.357
9,0.401,0.983429549853689,0.0685722668946065,0.357
9,0.402,0.98339963502628,0.0716163335809705,0.357
9,0.403,0.983369127161448,0.0747209371934954,0.357
9,0.404,0.983338029612788,0.0778857476760209,0.357
9,0.405,0.983306345713673,0.0811104371631899,0.357
9,0.406,0.983274078777401,0.0843946799620188,0.357
9,0.407,0.983241232097338,0.087738152534178,0.357
9,0.408,0.983207808947066,0.0911405334776738,0.357
9,0.409,0.983173812580524,0.0946015035092174,0.357
9,0.41,0.983139246232151,0.0981207454468613,0.357
9,0.411,0.983104113117022,0.101697944192591,0.357
9,0.412,0.983068416430992,0.105332786715051,0.357
9,0.413,0.983032159350836,0.109024962032378,0.357
9,0.414,0.982995345034378,0.112774161195794,0.357
9,0.415,0.982957976620635,0.116580077272443,0.357
9,0.416,0.982920057229945,0.120442405329113,0.357
9,0.417,0.982881589964103,0.124360842416049,0.357
9,0.418,0.982842577906496,0.128335087550391,0.357
9,0.419,0.982803024122229,0.132364841700339,0.357
9,0.42,0.982762931658259,0.136449807769345,0.357
9,0.421,0.982722303543519,0.140589690580306,0.357
9,0.422,0.982681142789052,0.144784196860037,0.357
9,0.423,0.982639452388135,0.149033035223756,0.357
9,0.424,0.982597235316399,0.153335916160047,0.357
9,0.425,0.982554494531962,0.15769255201572,0.357
9,0.426,0.982511232975551,0.162102656980379,0.357
9,0.427,0.982467453570616,0.166565947072472,0.357
9,0.428,0.982423159223462,0.17108214012389,0.357
9,0.429,0.982378352823365,0.175650955765683,0.357
9,0.43,0.982333037242689,0.180272115413804,0.357
9,0.431,0.982287215337005,0.184945342254705,0.357
9,0.432,0.982240889945215,0.189670361231209,0.357
9,0.433,0.982194063889658,0.194446899028633,0.357
9,0.434,0.98214673997623,0.199274684061135,0.357
9,0.435,0.982098920994503,0.204153446457456,0.357
9,0.436,0.982050609717829,0.209082918047909,0.357
9,0.437,0.982001808903461,0.214062832350637,0.357
9,0.438,0.98195252129266,0.219092924558395,0.357
9,0.439,0.981902749610802,0.224172931525501,0.357
9,0.44,0.981852496567501,0.229302591754332,0.357
9,0.441,0.9818017648567,0.234481645382933,0.357
9,0.442,0.981750557156794,0.239709834171764,0.357
9,0.443,0.981698876130726,0.244986901491417,0.357
9,0.444,0.981646724426101,0.250312592309609,0.357
9,0.445,0.981594104675288,0.255686653179032,0.357
9,0.446,0.981541019495521,0.261108832224988,0.357
9,0.447,0.981487471489008,0.266578879133061,0.357
9,0.448,0.981433463243031,0.272096545137068,0.357
9,0.449,0.98137899733005,0.277661583006994,0.357
9,0.45,0.981324076307797,0.283273747037405,0.357
9,0.451,0.981268702719388,0.288932793035102,0.357
9,0.452,0.981212879093409,0.294638478308218,0.357
9,0.453,0.981156607944025,0.300390561654096,0.357
9,0.454,0.981099891771073,0.306188803347962,0.357
9,0.455,0.981042733060157,0.312032965131803,0.357
9,0.456,0.98098513428275,0.317922810202864,0.357
9,0.457,0.980927097896286,0.323858103202768,0.357
9,0.458,0.980868626344251,0.329838610206301,0.357
9,0.459,0.980809722056283,0.335864098710714,0.357
9,0.46,0.980750387448263,0.341934337624572,0.357
9,0.461,0.980690624922405,0.348049097257297,0.357
9,0.462,0.980630436867351,0.354208149308488,0.357
9,0.463,0.980569825658257,0.360411266857508,0.357
9,0.464,0.980508793656891,0.366658224352667,0.357
9,0.465,0.980447343211713,0.372948797601302,0.357
9,0.466,0.980385476657969,0.379282763759492,0.357
9,0.467,0.980323196317782,0.385659901321667,0.357
9,0.468,0.980260504500231,0.392079990110683,0.357
9,0.469,0.980197403501443,0.398542811268077,0.357
9,0.47,0.98013389560468,0.405048147243781,0.357
9,0.471,0.980069983080418,0.411595781786733,0.357
9,0.472,0.980005668186439,0.418185499934909,0.357
9,0.473,0.979940953167911,0.424817088005747,0.357
9,0.474,0.97987584025747,0.431490333586959,0.357
9,0.475,0.979810331675304,0.43820502552665,0.357
9,0.476,0.979744429629237,0.444960953924189,0.357
9,0.477,0.979678136314807,0.451757910120909,0.357
9,0.478,0.979611453915347,0.458595686691088,0.357
9,0.479,0.979544384602066,0.465474077432493,0.357
9,0.48,0.97947693053413,0.472392877357675,0.357
9,0.481,0.979409093858736,0.479351882684886,0.357
9,0.482,0.979340876711195,0.486350890829268,0.357
9,0.483,0.979272281215006,0.493389700394031,0.357
9,0.484,0.979203309481935,0.500468111161978,0.357
9,0.485,0.979133963612091,0.507585924086373,0.357
9,0.486,0.979064245693999,0.514742941282975,0.357
9,0.487,0.978994157804682,0.521938966021129,0.357
9,0.488,0.978923702009725,0.529173802715599,0.357
9,0.489,0.978852880363359,0.536447256918327,0.357
9,0.49,0.978781694908531,0.543759135309685,0.357
9,0.491,0.978710147676971,0.551109245690995,0.357
9,0.492,0.978638240689275,0.558497396975866,0.357
9,0.493,0.978565975954967,0.565923399182466,0.357
9,0.494,0.978493355472577,0.573387063425446,0.357
9,0.495,0.978420381229707,0.58088820190807,0.357
9,0.496,0.978347055203104,0.588426627914274,0.357
9,0.497,0.978273379358728,0.59600215580109,0.357
9,0.498,0.978199355651821,0.603614600990965,0.357
9,0.499,0.978124986026976,0.611263779963767,0.357
9,0.5,0.978050272418206,0.618949510249722,0.357
9,0.501,0.977975216749009,0.62667161042167,0.357
9,0.502,0.977899820932435,0.634429900087663,0.357
9,0.503,0.977824086871158,0.64222419988349,0.357
9,0.504,0.977748016457535,0.650054331465455,0.357
9,0.505,0.977671611573672,0.657920117503408,0.357
9,0.506,0.977594874091492,0.665821381673215,0.357
9,0.507,0.977517805872802,0.673757948649545,0.357
9,0.508,0.977440408769349,0.681729644099249,0.357
9,0.509,0.977362684622889,0.68973629467417,0.357
9,0.51,0.977284635265248,0.697777728004034,0.357
9,0.511,0.977206262518388,0.705853772689746,0.357
9,0.512,0.977127568194465,0.713964258296462,0.357
9,0.513,0.97704855409589,0.722109015347083,0.357
9,0.514,0.976969222015394,0.730287875315305,0.357
9,0.515,0.976889573736086,0.738500670619047,0.357
9,0.516,0.976809611031515,0.746747234613787,0.357
9,0.517,0.976729335665728,0.755027401586172,0.357
9,0.518,0.97664874939333,0.763341006747376,0.357
9,0.519,0.976567853959543,0.771687886226902,0.357
9,0.52,0.976486651100264,0.780067877065993,0.357
9,0.521,0.976405142542124,0.788480817211412,0.357
9,0.522,0.976323330002546,0.796926545509091,0.357
9,0.523,0.976241215189799,0.805404901698115,0.357
9,0.524,0.976158799803058,0.81391572640428,0.357
9,0.525,0.97607608553246,0.822458861134301,0.357
9,0.526,0.975993074059159,0.831034148269416,0.357
9,0.527,0.975909767055379,0.839641431059723,0.357
9,0.528,0.975826166184476,0.848280553617919,0.357
9,0.529,0.975742273100986,0.856951360913594,0.357
9,0.53,0.975658089450682,0.865653698767321,0.357
9,0.531,0.975573616870629,0.874387413844668,0.357
9,0.532,0.975488856989233,0.883152353650773,0.357
9,0.533,0.975403811426301,0.891948366524353,0.357
9,0.534,0.975318481793088,0.900775301632262,0.357
9,0.535,0.975232869692352,0.909633008963384,0.357
9,0.536,0.975146976718404,0.918521339323952,0.357
9,0.537,0.975060804457163,0.927440144330882,0.357
9,0.538,0.974974354486205,0.936389276407268,0.357
9,0.539,0.974887628374811,0.945368588776452,0.357
9,0.54,0.974800627684025,0.954377935456718,0.357
9,0.541,0.974713353966695,0.963417171255898,0.357
9,0.542,0.974625808767531,0.972486151766172,0.357
9,0.543,0.974537993623149,0.981584733358787,0.357
9,0.544,0.974449910062122,0.990712773178593,0.357
9,0.545,0.974361559605028,0.999870129139313,0.357
9,0.546,0.974272943764499,1.00905665991806,0.357
9,0.547,0.97418406404527,1.01827222495021,0.357
9,0.548,0.974094921944225,1.02751668442458,0.357
9,0.549,0.974005518950443,1.03678989927836,0.357
9,0.55,0.973915856545248,1.0460917311919,0.357
9,0.551,0.973825936202255,1.05542204258411,0.357
9,0.552,0.973735759387415,1.06478069660731,0.357
9,0.553,0.973645327559062,1.07416755714249,0.357
9,0.554,0.973554642167956,1.08358248879457,0.357
9,0.555,0.973463704657335,1.09302535688731,0.357
9,0.556,0.973372516462952,1.10249602745904,0.357
9,0.557,0.973281079013126,1.11199436725746,0.357
9,0.558,0.97318939372878,1.12152024373542,0.357
9,0.559,0.973097462023493,1.13107352504589,0.357
9,0.56,0.973005285303538,1.14065408003767,0.357
9,0.561,0.972912864967924,1.15026177825079,0.357
9,0.562,0.972820202408447,1.1598964899117,0.357
9,0.563,0.972727299009724,1.16955808592933,0.357
9,0.564,0.972634156149243,1.17924643789,0.357
9,0.565,0.972540775197399,1.18896141805351,0.357
9,0.566,0.972447157517538,1.19870289934865,0.357
9,0.567,0.972353304466003,1.20847075536856,0.357
9,0.568,0.972259217392169,1.2182648603668,0.357
9,0.569,0.972164897638485,1.22808508925296,0.357
9,0.57,0.972070346540521,1.2379313175882,0.357
9,0.571,0.971975565427002,1.24780342158133,0.357
9,0.572,0.971880555619848,1.25770127808456,0.357
9,0.573,0.97178531843422,1.26762476458926,0.357
9,0.574,0.971689855178553,1.27757375922184,0.357
9,0.575,0.971594167154599,1.28754814073979,0.357
9,0.576,0.971498255657467,1.29754778852762,0.357
9,0.577,0.971402121975657,1.30757258259269,0.357
9,0.578,0.971305767391106,1.31762240356137,0.357
9,0.579,0.971209193179217,1.32769713267509,0.357
9,0.58,0.971112400608907,1.33779665178633,0.357
9,0.581,0.971015390942637,1.34792084335462,0.357
9,0.582,0.970918165436454,1.35806959044311,0.357
9,0.583,0.970820725340025,1.36824277671423,0.357
9,0.584,0.970723071896678,1.37844028642609,0.357
9,0.585,0.970625206343435,1.38866200442875,0.357
9,0.586,0.97052712991105,1.39890781616059,0.357
9,0.587,0.970428843824047,1.40917760764407,0.357
9,0.588,0.970330349300752,1.41947126548276,0.357
9,0.589,0.970231647553333,1.42978867685708,0.357
9,0.59,0.970132739787833,1.44012972952106,0.357
9,0.591,0.970033627204205,1.45049431179844,0.357
9,0.592,0.969934310996351,1.46088231257933,0.357
9,0.593,0.969834792352149,1.47129362131651,0.357
9,0.594,0.969735072453497,1.48172812802194,0.357
9,0.595,0.969635152476341,1.49218572326326,0.357
9,0.596,0.969535033590709,1.5026662981604,0.357
9,0.597,0.96943471696075,1.51316974438196,0.357
9,0.598,0.969334203744761,1.52369595414197,0.357
9,0.599,0.969233495095228,1.53424482019637,0.357
9,0.6,0.96913259215885,1.54481623583971,0.357
9,0.601,0.969031496076583,1.55541009490168,0.357
9,0.602,0.96893020798366,1.56602629174407,0.357
9,0.603,0.968828729009635,1.57666472125726,0.357
9,0.604,0.968727060278409,1.58732527885683,0.357
9,0.605,0.968625202908264,1.59800786048061,0.357
9,0.606,0.968523158011896,1.60871236258531,0.357
9,0.607,0.968420926696442,1.61943868214331,0.357
9,0.608,0.968318510063517,1.63018671663957,0.357
9,0.609,0.968215909209243,1.64095636406836,0.357
9,0.61,0.968113125224281,1.65174752293018,0.357
9,0.611,0.968010159193858,1.66256009222874,0.357
9,0.612,0.967907012197801,1.67339397146791,0.357
9,0.613,0.967803685310572,1.6842490606483,0.357
9,0.614,0.967700179601286,1.69512526026474,0.357
9,0.615,0.967596496133754,1.7060224713028,0.357
9,0.616,0.967492635966504,1.7169405952363,0.357
9,0.617,0.967388600152815,1.7278795340238,0.357
9,0.618,0.967284389740743,1.7388391901062,0.357
9,0.619,0.967180005773157,1.74981946640309,0.357
9,0.62,0.967075449287759,1.76082026631086,0.357
9,0.621,0.96697072131712,1.77184149369871,0.357
9,0.622,0.966865822888705,1.7828830529067,0.357
9,0.623,0.966760755024903,1.79394484874233,0.357
9,0.624,0.966655518743054,1.80502678647803,0.357
9,0.625,0.96655011505548,1.81612877184816,0.357
9,0.626,0.966444544969509,1.8272507110465,0.357
9,0.627,0.966338809487505,1.83839251072315,0.357
9,0.628,0.966232909606896,1.84955407798202,0.357
9,0.629,0.9661268463202,1.86073532037805,0.357
9,0.63,0.966020620615054,1.87193614591452,0.357
9,0.631,0.965914233474237,1.88315646304047,0.357
9,0.632,0.965807685875704,1.89439618064764,0.357
9,0.633,0.965700978792605,1.90565520806845,0.357
9,0.634,0.965594113193318,1.91693345507284,0.357
9,0.635,0.965487090041469,1.92823083186602,0.357
9,0.636,0.965379910295964,1.9395472490856,0.357
9,0.637,0.965272574911012,1.95088261779932,0.357
9,0.638,0.96516508483615,1.96223684950227,0.357
9,0.639,0.965057441016272,1.97360985611439,0.357
9,0.64,0.964949644391653,1.98500154997803,0.357
9,0.641,0.96484169589797,1.99641184385562,0.357
9,0.642,0.964733596466336,2.00784065092672,0.357
9,0.643,0.964625347023317,2.01928788478605,0.357
9,0.644,0.964516948490961,2.03075345944084,0.357
9,0.645,0.964408401786822,2.04223728930828,0.357
9,0.646,0.964299707823984,2.05373928921337,0.357
9,0.647,0.964190867511084,2.06525937438649,0.357
9,0.648,0.964081881752341,2.07679746046068,0.357
9,0.649,0.963972751447573,2.08835346346994,0.357
9,0.65,0.963863477492229,2.09992729984614,0.357
9,0.651,0.963754060777406,2.1115188864173,0.357
9,0.652,0.963644502189877,2.12312814040492,0.357
9,0.653,0.96353480261211,2.13475497942188,0.357
9,0.654,0.963424962922297,2.14639932147014,0.357
9,0.655,0.963314983994372,2.15806108493837,0.357
9,0.656,0.963204866698038,2.16974018859981,0.357
9,0.657,0.963094611898787,2.18143655161014,0.357
9,0.658,0.962984220457924,2.19315009350487,0.357
9,0.659,0.962873693232591,2.20488073419776,0.357
9,0.66,0.962763031075785,2.21662839397803,0.357
9,0.661,0.962652234836386,2.22839299350865,0.357
9,0.662,0.962541305359176,2.24017445382385,0.357
9,0.663,0.962430243484859,2.25197269632738,0.357
9,0.664,0.962319050050087,2.26378764278992,0.357
9,0.665,0.962207725887483,2.27561921534722,0.357
9,0.666,0.962096271825655,2.28746733649827,0.357
9,0.667,0.961984688689225,2.29933192910263,0.357
9,0.668,0.961872977298846,2.31121291637888,0.357
9,0.669,0.961761138471226,2.32311022190228,0.357
9,0.67,0.961649173019147,2.33502376960293,0.357
9,0.671,0.961537081751489,2.34695348376357,0.357
9,0.672,0.961424865473246,2.35889928901778,0.357
9,0.673,0.961312524985551,2.3708611103477,0.357
9,0.674,0.961200061085693,2.38283887308244,0.357
9,0.675,0.961087474567141,2.39483250289576,0.357
9,0.676,0.960974766219563,2.4068419258042,0.357
9,0.677,0.960861936828846,2.41886706816534,0.357
9,0.678,0.960748987177113,2.43090785667575,0.357
9,0.679,0.960635918042751,2.44296421836885,0.357
9,0.68,0.960522730200421,2.45503608061342,0.357
9,0.681,0.960409424421085,2.4671233711115,0.357
9,0.682,0.960296001472021,2.47922601789645,0.357
9,0.683,0.960182462116847,2.49134394933126,0.357
9,0.684,0.960068807115535,2.50347709410654,0.357
9,0.685,0.959955037224436,2.5156253812388,0.357
9,0.686,0.959841153196293,2.52778874006867,0.357
9,0.687,0.959727155780266,2.53996710025883,0.357
9,0.688,0.959613045721945,2.55216039179256,0.357
9,0.689,0.959498823763374,2.56436854497162,0.357
9,0.69,0.959384490643066,2.57659149041485,0.357
9,0.691,0.959270047096023,2.58882915905598,0.357
9,0.692,0.959155493853754,2.60108148214226,0.357
9,0.693,0.959040831644296,2.61334839123251,0.357
9,0.694,0.958926061192225,2.62562981819534,0.357
9,0.695,0.958811183218683,2.63792569520782,0.357
9,0.696,0.95869619844139,2.65023595475304,0.357
9,0.697,0.958581107574664,2.66256052961928,0.357
9,0.698,0.958465911329438,2.67489935289775,0.357
9,0.699,0.958350610413278,2.68725235798108,0.357
9,0.7,0.958235205530401,2.69961947856161,0.357
9,0.701,0.958119697381691,2.71200064863009,0.357
9,0.702,0.958004086664718,2.72439580247335,0.357
9,0.703,0.957888374073755,2.73680487467334,0.357
9,0.704,0.957772560299793,2.74922780010523,0.357
9,0.705,0.957656646030562,2.76166451393565,0.357
9,0.706,0.957540631950544,2.7741149516215,0.357
9,0.707,0.95742451874099,2.78657904890804,0.357
9,0.708,0.95730830707994,2.79905674182734,0.357
9,0.709,0.957191997642239,2.81154796669687,0.357
9,0.71,0.957075591099548,2.824052660118,0.357
9,0.711,0.956959088120368,2.83657075897403,0.357
9,0.712,0.956842489370051,2.8491022004292,0.357
9,0.713,0.956725795510819,2.86164692192685,0.357
9,0.714,0.95660900720178,2.87420486118786,0.357
9,0.715,0.956492125098941,2.8867759562095,0.357
9,0.716,0.956375149855228,2.89936014526351,0.357
9,0.717,0.956258082120499,2.91195736689487,0.357
9,0.718,0.956140922541562,2.92456755992025,0.357
9,0.719,0.956023671762186,2.93719066342673,0.357
9,0.72,0.955906330423125,2.9498266167699,0.357
9,0.721,0.955788899162124,2.96247535957288,0.357
9,0.722,0.95567137861394,2.9751368317247,0.357
9,0.723,0.955553769410358,2.98781097337872,0.357
9,0.724,0.955436072180201,3.00049772495161,0.357
9,0.725,0.95531828754935,3.01319702712148,0.357
9,0.726,0.955200416140757,3.02590882082683,0.357
9,0.727,0.955082458574461,3.03863304726495,0.357
9,0.728,0.9549644154676,3.05136964789066,0.357
9,0.729,0.954846287434429,3.06411856441493,0.357
9,0.73,0.954728075086336,3.07687973880335,0.357
9,0.731,0.954609779031848,3.08965311327516,0.357
9,0.732,0.954491399876657,3.1024386303014,0.357
9,0.733,0.954372938223625,3.11523623260392,0.357
9,0.734,0.954254394672806,3.12804586315407,0.357
9,0.735,0.954135769821453,3.1408674651711,0.357
9,0.736,0.954017064264036,3.15370098212115,0.357
9,0.737,0.953898278592259,3.16654635771572,0.357
9,0.738,0.953779413395065,3.17940353591051,0.357
9,0.739,0.953660469258661,3.19227246090414,0.357
9,0.74,0.953541446766524,3.20515307713665,0.357
9,0.741,0.953422346499416,3.21804532928862,0.357
9,0.742,0.9533031690354,3.23094916227968,0.357
9,0.743,0.953183914949851,3.24386452126717,0.357
9,0.744,0.953064584815474,3.25679135164489,0.357
9,0.745,0.95294517920231,3.26972959904224,0.357
9,0.746,0.952825698677758,3.28267920932253,0.357
9,0.747,0.95270614380658,3.29564012858192,0.357
9,0.748,0.952586515150919,3.30861230314834,0.357
9,0.749,0.952466813270314,3.32159567958008,0.357
9,0.75,0.952347038721705,3.33459020466484,0.357
9,0.751,0.952227192059457,3.34759582541801,0.357
9,0.752,0.952107273835362,3.36061248908233,0.357
9,0.753,0.95198728459866,3.37364014312584,0.357
9,0.754,0.951867224896049,3.3866787352413,0.357
9,0.755,0.951747095271693,3.39972821334482,0.357
9,0.756,0.951626896267244,3.41278852557469,0.357
9,0.757,0.951506628421845,3.42585962029025,0.357
9,0.758,0.951386292272153,3.43894144607062,0.357
9,0.759,0.951265888352338,3.45203395171401,0.357
9,0.76,0.951145417194107,3.46513708623601,0.357
9,0.761,0.951024879326711,3.47825079886896,0.357
9,0.762,0.950904275276956,3.49137503906043,0.357
9,0.763,0.950783605569221,3.50450975647236,0.357
9,0.764,0.950662870725464,3.51765490097995,0.357
9,0.765,0.950542071265233,3.53081042267058,0.357
9,0.766,0.950421207705686,3.54397627184255,0.357
9,0.767,0.950300280561595,3.55715239900412,0.357
9,0.768,0.950179290345361,3.57033875487252,0.357
9,0.769,0.950058237567026,3.58353529037283,0.357
9,0.77,0.949937122734283,3.59674195663673,0.357
9,0.771,0.949815946352488,3.60995870500174,0.357
9,0.772,0.949694708924674,3.62318548700997,0.357
9,0.773,0.949573410951558,3.63642225440723,0.357
9,0.774,0.949452052931556,3.64966895914192,0.357
9,0.775,0.949330635360793,3.66292555336385,0.357
9,0.776,0.949209158733113,3.67619198942357,0.357
9,0.777,0.949087623540093,3.68946821987108,0.357
9,0.778,0.948966030271053,3.70275419745481,0.357
9,0.779,0.948844379413064,3.71604987512089,0.357
9,0.78,0.948722671450964,3.72935520601181,0.357
9,0.781,0.948600906867366,3.74267014346563,0.357
9,0.782,0.948479086142668,3.75599464101501,0.357
9,0.783,0.948357209755068,3.76932865238608,0.357
9,0.784,0.948235278180568,3.78267213149772,0.357
9,0.785,0.948113291892993,3.79602503246028,0.357
9,0.786,0.947991251363995,3.80938730957481,0.357
9,0.787,0.947869157063065,3.82275891733219,0.357
9,0.788,0.947747009457545,3.83613981041198,0.357
9,0.789,0.947624809012638,3.84952994368151,0.357
9,0.79,0.94750255619142,3.86292927219509,0.357
9,0.791,0.947380251454844,3.87633775119292,0.357
9,0.792,0.94725789526176,3.88975533610023,0.357
9,0.793,0.947135488068915,3.90318198252639,0.357
9,0.794,0.947013030330973,3.91661764626399,0.357
9,0.795,0.946890522500515,3.93006228328776,0.357
9,0.796,0.94676796502806,3.94351584975399,0.357
9,0.797,0.946645358362064,3.95697830199935,0.357
9,0.798,0.946522702948938,3.97044959654005,0.357
9,0.799,0.946399999233056,3.98392969007111,0.357
9,0.8,0.946277247656762,3.99741853946525,0.357
9.25,0.2,0.970077567542755,1.39335522955915,0.357
9.25,0.201,0.97028214648376,1.37197696828437,0.357
9.25,0.202,0.97048465406827,1.35082403803775,0.357
9.25,0.203,0.970685104500394,1.32989467960798,0.357
9.25,0.204,0.970883511861623,1.30918715211226,0.357
9.25,0.205,0.971079890112241,1.2886997327485,0.357
9.25,0.206,0.971274253092714,1.26843071655085,0.357
9.25,0.207,0.971466614525056,1.2483784161502,0.357
9.25,0.208,0.971656988014176,1.22854116153814,0.357
9.25,0.209,0.971845387049203,1.20891729983525,0.357
9.25,0.21,0.972031825004795,1.18950519506289,0.357
9.25,0.211,0.972216315142423,1.17030322791922,0.357
9.25,0.212,0.972398870611635,1.15130979555897,0.357
9.25,0.213,0.972579504451314,1.13252331137614,0.357
9.25,0.214,0.972758229590899,1.1139422047912,0.357
9.25,0.215,0.972935058851601,1.09556492104137,0.357
9.25,0.216,0.973110004947595,1.07738992097421,0.357
9.25,0.217,0.973283080487202,1.05941568084471,0.357
9.25,0.218,0.973454297974042,1.04164069211601,0.357
9.25,0.219,0.973623669808182,1.02406346126267,0.357
9.25,0.22,0.973791208287258,1.00668250957781,0.357
9.25,0.221,0.973956925607592,0.989496372982646,0.357
9.25,0.222,0.974120833865277,0.972503601840091,0.357
9.25,0.223,0.97428294505727,0.955702760769861,0.357
9.25,0.224,0.974443271082438,0.939092428468258,0.357
9.25,0.225,0.974601823742623,0.922671197529334,0.357
9.25,0.226,0.974758614743666,0.9064376742697,0.357
9.25,0.227,0.974913655696431,0.890390478555791,0.357
9.25,0.228,0.975066958117808,0.874528243634098,0.357
9.25,0.229,0.975218533431709,0.858849615963519,0.357
9.25,0.23,0.975368392970039,0.84335325505116,0.357
9.25,0.231,0.975516547973667,0.828037833289841,0.357
9.25,0.232,0.975663009593373,0.812902035798646,0.357
9.25,0.233,0.975807788890788,0.797944560265851,0.357
9.25,0.234,0.975950896839319,0.783164116793866,0.357
9.25,0.235,0.976092344325062,0.768559427747317,0.357
9.25,0.236,0.976232142147704,0.75412922760274,0.357
9.25,0.237,0.97637030102141,0.739872262800745,0.357
9.25,0.238,0.9765068315757,0.725787291600977,0.357
9.25,0.239,0.976641744356315,0.711873083938186,0.357
9.25,0.24,0.976775049826069,0.698128421281519,0.357
9.25,0.241,0.976906758365695,0.684552096495317,0.357
9.25,0.242,0.97703688027467,0.671142913702405,0.357
9.25,0.243,0.977165425772042,0.6578996881486,0.357
9.25,0.244,0.977292404997235,0.644821246070659,0.357
9.25,0.245,0.977417828010851,0.631906424564677,0.357
9.25,0.246,0.977541704795456,0.619154071457451,0.357
9.25,0.247,0.977664045256364,0.60656304517912,0.357
9.25,0.248,0.977784859222396,0.594132214638354,0.357
9.25,0.249,0.977904156446648,0.581860459098515,0.357
9.25,0.25,0.978021946607236,0.569746668056537,0.357
9.25,0.251,0.978138239308035,0.557789741122594,0.357
9.25,0.252,0.97825304407941,0.545988587902491,0.357
9.25,0.253,0.978366370378937,0.534342127881016,0.357
9.25,0.254,0.978478227592115,0.52284929030737,0.357
9.25,0.255,0.978588625033067,0.51150901408199,0.357
9.25,0.256,0.978697571945236,0.500320247645414,0.357
9.25,0.257,0.97880507750207,0.489281948868103,0.357
9.25,0.258,0.978911150807698,0.478393084942419,0.357
9.25,0.259,0.979015800897599,0.467652632275772,0.357
9.25,0.26,0.979119036739261,0.457059576385532,0.357
9.25,0.261,0.979220867232839,0.446612911795019,0.357
9.25,0.262,0.979321301211788,0.436311641931719,0.357
9.25,0.263,0.97942034744351,0.426154779025789,0.357
9.25,0.264,0.979518014629977,0.416141344011356,0.357
9.25,0.265,0.979614311408354,0.406270366427863,0.357
9.25,0.266,0.979709246351607,0.396540884323793,0.357
9.25,0.267,0.97980282796912,0.386951944161118,0.357
9.25,0.268,0.979895064707281,0.377502600721447,0.357
9.25,0.269,0.979985964950082,0.368191917013183,0.357
9.25,0.27,0.980075537019703,0.35901896417998,0.357
9.25,0.271,0.980163789177081,0.349982821410988,0.357
9.25,0.272,0.980250729622495,0.341082575851259,0.357
9.25,0.273,0.980336366496115,0.332317322514575,0.357
9.25,0.274,0.980420707878569,0.323686164196735,0.357
9.25,0.275,0.980503761791491,0.315188211389872,0.357
9.25,0.276,0.980585536198063,0.306822582198607,0.357
9.25,0.277,0.980666039003556,0.298588402256805,0.357
9.25,0.278,0.980745278055859,0.290484804645708,0.357
9.25,0.279,0.980823261146007,0.282510929812907,0.357
9.25,0.28,0.980899996008699,0.274665925492501,0.357
9.25,0.281,0.980975490322808,0.266948946626822,0.357
9.25,0.282,0.981049751711895,0.259359155288186,0.357
9.25,0.283,0.981122787744707,0.251895720602535,0.357
9.25,0.284,0.98119460593567,0.244557818673874,0.357
9.25,0.285,0.981265213745387,0.237344632509284,0.357
9.25,0.286,0.981334618581112,0.230255351945829,0.357
9.25,0.287,0.981402827797239,0.223289173577368,0.357
9.25,0.288,0.981469848695769,0.21644530068301,0.357
9.25,0.289,0.981535688526784,0.20972294315631,0.357
9.25,0.29,0.981600354488904,0.203121317435406,0.357
9.25,0.291,0.981663853729748,0.196639646433949,0.357
9.25,0.292,0.981726193346387,0.190277159473262,0.357
9.25,0.293,0.981787380385793,0.184033092214775,0.357
9.25,0.294,0.981847421845277,0.177906686594143,0.357
9.25,0.295,0.981906324672931,0.171897190755232,0.357
9.25,0.296,0.98196409576806,0.166003858985975,0.357
9.25,0.297,0.98202074198161,0.160225951654236,0.357
9.25,0.298,0.98207627011659,0.154562735145003,0.357
9.25,0.299,0.982130686928493,0.14901348179801,0.357
9.25,0.3,0.982183999125711,0.143577469846456,0.357
9.25,0.301,0.982236213369939,0.138253983356407,0.357
9.25,0.302,0.982287336276589,0.133042312166709,0.357
9.25,0.303,0.982337374415184,0.127941751830041,0.357
9.25,0.304,0.982386334309756,0.122951603554666,0.357
9.25,0.305,0.982434222439241,0.118071174146483,0.357
9.25,0.306,0.982481045237865,0.11329977595218,0.357
9.25,0.307,0.982526809095526,0.10863672680328,0.357
9.25,0.308,0.982571520358177,0.104081349960405,0.357
9.25,0.309,0.9826151853282,0.099632974058439,0.357
9.25,0.31,0.982657810264778,0.0952909330523832,0.357
9.25,0.311,0.982699401384264,0.0910545661641171,0.357
9.25,0.312,0.982739964860542,0.0869232178292156,0.357
9.25,0.313,0.982779506825388,0.0828962376449693,0.357
9.25,0.314,0.982818033368829,0.0789729803188921,0.357
9.25,0.315,0.982855550539492,0.0751528056177175,0.357
9.25,0.316,0.982892064344954,0.0714350783171058,0.357
9.25,0.317,0.982927580752086,0.0678191681523277,0.357
9.25,0.318,0.982962105687397,0.0643044497684597,0.357
9.25,0.319,0.982995645037371,0.0608903026725338,0.357
9.25,0.32,0.983028204648798,0.0575761111855311,0.357
9.25,0.321,0.98305979032911,0.0543612643949976,0.357
9.25,0.322,0.983090407846707,0.0512451561081706,0.357
9.25,0.323,0.983120062931277,0.0482271848060822,0.357
9.25,0.324,0.983148761274123,0.0453067535976404,0.357
9.25,0.325,0.983176508528478,0.0424832701748645,0.357
9.25,0.326,0.983203310309818,0.0397561467679886,0.357
9.25,0.327,0.983229172196173,0.0371248001016955,0.357
9.25,0.328,0.983254099728438,0.0345886513514637,0.357
9.25,0.329,0.983278098410674,0.0321471261007789,0.357
9.25,0.33,0.983301173710413,0.0297996542985457,0.357
9.25,0.331,0.983323331058953,0.0275456702168775,0.357
9.25,0.332,0.983344575851656,0.0253846124101065,0.357
9.25,0.333,0.983364913448242,0.0233159236733949,0.357
9.25,0.334,0.983384349173073,0.021339051002367,0.357
9.25,0.335,0.983402888315446,0.0194534455530526,0.357
9.25,0.336,0.983420536129876,0.0176585626022963,0.357
9.25,0.337,0.983437297836371,0.0159538615086552,0.357
9.25,0.338,0.983453178620717,0.0143388056737637,0.357
9.25,0.339,0.983468183634752,0.012812862504008,0.357
9.25,0.34,0.983482317996637,0.0113755033728458,0.357
9.25,0.341,0.983495586791127,0.0100262035833909,0.357
9.25,0.342,0.983507995069836,0.00876444233175455,0.357
9.25,0.343,0.983519547851509,0.0075897026700078,0.357
9.25,0.344,0.983530250122275,0.00650147147067681,0.357
9.25,0.345,0.983540106835912,0.00549923939083818,0.357
9.25,0.346,0.983549122914104,0.00458250083681389,0.357
9.25,0.347,0.983557303246691,0.00375075392953228,0.357
9.25,0.348,0.983564652691929,0.00300350046962272,0.357
9.25,0.349,0.983571176076732,0.00234024590393123,0.357
9.25,0.35,0.983576878196921,0.00176049929141442,0.357
9.25,0.351,0.983581763817473,0.00126377326989946,0.357
9.25,0.352,0.983585837672759,0.00084958402337687,0.357
9.25,0.353,0.983589104466784,0.000517451249204548,0.357
9.25,0.354,0.983591568873428,0.000266898125933501,0.357
9.25,0.355,0.983593235536678,9.74512815776762e-05,0.357
9.25,0.356,0.983594109070866,8.64076203921371e-06,0.357
9.25,0.357,0.983594194060892,0,0.357
9.25,0.358,0.983593495062461,7.1065784257307e-05,0.357
9.25,0.359,0.983592016602305,0.000221378229015023,0.357
9.25,0.36,0.98358976317841,0.000450480743885429,0.357
9.25,0.361,0.983586739260235,0.00075792000435726,0.357
9.25,0.362,0.983582949288935,0.00114324592195292,0.357
9.25,0.363,0.983578397677579,0.00160601161531826,0.357
9.25,0.364,0.983573088811366,0.002145773381379,0.357
9.25,0.365,0.983567027047836,0.00276209066680799,0.357
9.25,0.366,0.983560216717087,0.00345452603995877,0.357
9.25,0.367,0.983552662121981,0.00422264516282134,0.357
9.25,0.368,0.983544367538355,0.00506601676364404,0.357
9.25,0.369,0.983535337215225,0.00598421260937787,0.357
9.25,0.37,0.983525575374991,0.00697680747905327,0.357
9.25,0.371,0.98351508621364,0.00804337913677955,0.357
9.25,0.372,0.983503873900947,0.0091835083055436,0.357
9.25,0.373,0.983491942580669,0.0103967786411419,0.357
9.25,0.374,0.983479296370748,0.0116827767059124,0.357
9.25,0.375,0.983465939363505,0.0130410919436885,0.357
9.25,0.376,0.983451875625825,0.0144713166545296,0.357
9.25,0.377,0.983437109199363,0.0159730459690532,0.357
9.25,0.378,0.983421644100719,0.0175458778244542,0.357
9.25,0.379,0.983405484321634,0.0191894129396353,0.357
9.25,0.38,0.983388633829177,0.0209032547909827,0.357
9.25,0.381,0.983371096565924,0.0226870095884513,0.357
9.25,0.382,0.983352876450144,0.0245402862519395,0.357
9.25,0.383,0.983333977375982,0.0264626963876413,0.357
9.25,0.384,0.983314403213635,0.0284538542649759,0.357
9.25,0.385,0.983294157809531,0.0305133767935617,0.357
9.25,0.386,0.983273244986505,0.0326408835004344,0.357
9.25,0.387,0.983251668543977,0.0348359965076206,0.357
9.25,0.388,0.98322943225812,0.0370983405098446,0.357
9.25,0.389,0.983206539882034,0.0394275427525459,0.357
9.25,0.39,0.983182995145918,0.0418232330099633,0.357
9.25,0.391,0.983158801757233,0.0442850435637743,0.357
9.25,0.392,0.983133963400875,0.0468126091814236,0.357
9.25,0.393,0.983108483739338,0.0494055670953175,0.357
9.25,0.394,0.983082366412879,0.0520635569815964,0.357
9.25,0.395,0.983055615039675,0.0547862209398398,0.357
9.25,0.396,0.983028233215993,0.0575732034722831,0.357
9.25,0.397,0.983000224516343,0.0604241514635673,0.357
9.25,0.398,0.982971592493642,0.0633387141606656,0.357
9.25,0.399,0.982942340679363,0.0663165431533219,0.357
9.25,0.4,0.9829124725837,0.0693572923538222,0.357
9.25,0.401,0.982881991695713,0.0724606179781651,0.357
9.25,0.402,0.982850901483488,0.0756261785263446,0.357
9.25,0.403,0.982819205394285,0.0788536347634983,0.357
9.25,0.404,0.982786906854687,0.0821426497009892,0.357
9.25,0.405,0.982754009270753,0.0854928885776873,0.357
9.25,0.406,0.982720516028162,0.0889040188416068,0.357
9.25,0.407,0.98268643049236,0.0923757101314093,0.357
9.25,0.408,0.982651756008705,0.0959076342584408,0.357
9.25,0.409,0.982616495902613,0.0994994651887238,0.357
9.25,0.41,0.982580653479697,0.103150879025105,0.357
9.25,0.411,0.98254423202591,0.106861553990001,0.357
9.25,0.412,0.982507234807685,0.110631170407594,0.357
9.25,0.413,0.982469665072073,0.114459410686862,0.357
9.25,0.414,0.982431526046884,0.118345959304267,0.357
9.25,0.415,0.982392820940818,0.122290502787248,0.357
9.25,0.416,0.982353552943602,0.126292729697175,0.357
9.25,0.417,0.98231372522613,0.130352330612804,0.357
9.25,0.418,0.982273340940587,0.134468998114112,0.357
9.25,0.419,0.982232403220587,0.1386424267658,0.357
9.25,0.42,0.9821909151813,0.142872313101416,0.357
9.25,0.421,0.982148879919587,0.14715835560728,0.357
9.25,0.422,0.982106300514121,0.151500254706827,0.357
9.25,0.423,0.982063180025521,0.155897712745046,0.357
9.25,0.424,0.982019521496474,0.160350433972845,0.357
9.25,0.425,0.981975327951865,0.164858124531841,0.357
9.25,0.426,0.981930602398895,0.169420492439354,0.357
9.25,0.427,0.981885347827209,0.174037247573167,0.357
9.25,0.428,0.981839567209018,0.178708101656699,0.357
9.25,0.429,0.981793263499217,0.183432768244551,0.357
9.25,0.43,0.981746439635507,0.18821096270758,0.357
9.25,0.431,0.981699098538515,0.193042402218624,0.357
9.25,0.432,0.981651243111911,0.197926805738224,0.357
9.25,0.433,0.981602876242526,0.202863894000438,0.357
9.25,0.434,0.981554000800468,0.207853389498713,0.357
9.25,0.435,0.981504619639234,0.21289501647237,0.357
9.25,0.436,0.98145473559583,0.217988500892274,0.357
9.25,0.437,0.981404351490881,0.223133570447698,0.357
9.25,0.438,0.981353470128743,0.228329954532613,0.357
9.25,0.439,0.981302094297615,0.233577384232331,0.357
9.25,0.44,0.98125022676965,0.238875592310306,0.357
9.25,0.441,0.981197870301065,0.244224313194974,0.357
9.25,0.442,0.98114502763225,0.249623282966893,0.357
9.25,0.443,0.981091701487873,0.255072239345577,0.357
9.25,0.444,0.98103789457699,0.260570921677172,0.357
9.25,0.445,0.98098360959315,0.266119070921533,0.357
9.25,0.446,0.9809288492145,0.27171642963979,0.357
9.25,0.447,0.98087361610389,0.277362741981868,0.357
9.25,0.448,0.980817912908974,0.28305775367452,0.357
9.25,0.449,0.980761742262321,0.288801212008716,0.357
9.25,0.45,0.980705106781502,0.294592865828047,0.357
9.25,0.451,0.980648009069206,0.300432465516587,0.357
9.25,0.452,0.980590451713332,0.306319762986851,0.357
9.25,0.453,0.980532437287091,0.312254511668431,0.357
9.25,0.454,0.980473968349101,0.318236466496358,0.357
9.25,0.455,0.980415047443491,0.324265383899447,0.357
9.25,0.456,0.980355677099995,0.330341021788838,0.357
9.25,0.457,0.980295859834044,0.336463139547138,0.357
9.25,0.458,0.980235598146869,0.342631498016677,0.357
9.25,0.459,0.98017489452559,0.348845859488867,0.357
9.25,0.46,0.980113751443314,0.355105987692994,0.357
9.25,0.461,0.980052171359226,0.361411647785426,0.357
9.25,0.462,0.979990156718679,0.367762606338862,0.357
9.25,0.463,0.979927709953291,0.374158631331611,0.357
9.25,0.464,0.979864833481035,0.380599492136935,0.357
9.25,0.465,0.979801529706323,0.387084959512718,0.357
9.25,0.466,0.979737801020104,0.393614805591103,0.357
9.25,0.467,0.979673649799949,0.400188803867896,0.357
9.25,0.468,0.979609078410136,0.406806729192799,0.357
9.25,0.469,0.979544089201745,0.41346835775895,0.357
9.25,0.47,0.979478684512739,0.420173467092932,0.357
9.25,0.471,0.979412866668049,0.426921836045269,0.357
9.25,0.472,0.979346637979666,0.43371324478001,0.357
9.25,0.473,0.979280000746721,0.440547474765252,0.357
9.25,0.474,0.979212957255568,0.447424308763589,0.357
9.25,0.475,0.97914550977987,0.454343530822343,0.357
9.25,0.476,0.97907766058068,0.461304926264261,0.357
9.25,0.477,0.979009411906529,0.468308281677721,0.357
9.25,0.478,0.978940765993498,0.475353384907984,0.357
9.25,0.479,0.978871725065304,0.482440025047559,0.357
9.25,0.48,0.978802291333381,0.489567992427076,0.357
9.25,0.481,0.978732466996959,0.496737078606402,0.357
9.25,0.482,0.978662254243141,0.503947076365518,0.357
9.25,0.483,0.978591655246983,0.511197779695594,0.357
9.25,0.484,0.978520672171573,0.518488983790122,0.357
9.25,0.485,0.978449307168106,0.525820485036377,0.357
9.25,0.486,0.97837756237596,0.533192081006439,0.357
9.25,0.487,0.978305439922775,0.540603570448739,0.357
9.25,0.488,0.978232941924528,0.548054753279614,0.357
9.25,0.489,0.978160070485603,0.555545430574678,0.357
9.25,0.49,0.978086827698873,0.563075404560531,0.357
9.25,0.491,0.978013215645767,0.570644478606575,0.357
9.25,0.492,0.977939236396346,0.578252457216522,0.357
9.25,0.493,0.977864892009377,0.585899146020297,0.357
9.25,0.494,0.977790184532401,0.593584351766308,0.357
9.25,0.495,0.977715116001809,0.601307882312785,0.357
9.25,0.496,0.977639688442912,0.609069546620322,0.357
9.25,0.497,0.977563903870007,0.616869154744015,0.357
9.25,0.498,0.977487764286451,0.624706517825135,0.357
9.25,0.499,0.977411271684731,0.632581448084113,0.357
9.25,0.5,0.977334428046531,0.640493758812188,0.357
9.25,0.501,0.9772572353428,0.648443264364218,0.357
9.25,0.502,0.97717969553382,0.656429780150924,0.357
9.25,0.503,0.977101810569276,0.664453122631503,0.357
9.25,0.504,0.977023582388317,0.672513109306272,0.357
9.25,0.505,0.97694501291963,0.680609558709011,0.357
9.25,0.506,0.976866104081497,0.688742290400257,0.357
9.25,0.507,0.976786857781871,0.696911124959132,0.357
9.25,0.508,0.976707275918428,0.705115883977392,0.357
9.25,0.509,0.976627360378643,0.713356390051167,0.357
9.25,0.51,0.976547113039846,0.721632466774635,0.357
9.25,0.511,0.97646653576929,0.729943938732802,0.357
9.25,0.512,0.976385630424212,0.738290631494487,0.357
9.25,0.513,0.976304398851894,0.746672371605728,0.357
9.25,0.514,0.976222842889729,0.755088986582519,0.357
9.25,0.515,0.976140964365279,0.763540304904575,0.357
9.25,0.516,0.976058765096337,0.77202615600831,0.357
9.25,0.517,0.975976246890987,0.780546370280222,0.357
9.25,0.518,0.975893411547669,0.789100779050322,0.357
9.25,0.519,0.975810260855228,0.797689214585828,0.357
9.25,0.52,0.975726796592986,0.806311510084257,0.357
9.25,0.521,0.975643020530794,0.814967499667252,0.357
9.25,0.522,0.975558934429087,0.823657018374502,0.357
9.25,0.523,0.975474540038951,0.832379902156832,0.357
9.25,0.524,0.975389839102174,0.841135987870256,0.357
9.25,0.525,0.975304833351304,0.849925113269889,0.357
9.25,0.526,0.97521952450971,0.858747117003444,0.357
9.25,0.527,0.975133914291632,0.867601838605547,0.357
9.25,0.528,0.975048004402239,0.876489118491408,0.357
9.25,0.529,0.974961796537691,0.88540879795056,0.357
9.25,0.53,0.974875292385183,0.894360719141551,0.357
9.25,0.531,0.974788493623008,0.903344725085531,0.357
9.25,0.532,0.974701401920608,0.912360659660649,0.357
9.25,0.533,0.974614018938629,0.921408367595866,0.357
9.25,0.534,0.974526346328974,0.93048769446582,0.357
9.25,0.535,0.974438385734855,0.939598486684412,0.357
9.25,0.536,0.97435013879085,0.948740591499675,0.357
9.25,0.537,0.974261607122948,0.957913856987891,0.357
9.25,0.538,0.974172792348611,0.967118132047928,0.357
9.25,0.539,0.974083696076814,0.976353266396091,0.357
9.25,0.54,0.973994319908108,0.985619110560054,0.357
9.25,0.541,0.97390466543466,0.994915515874206,0.357
9.25,0.542,0.973814734240313,1.00424233447325,0.357
9.25,0.543,0.97372452790063,1.01359941928765,0.357
9.25,0.544,0.973634047982946,1.02298662403812,0.357
9.25,0.545,0.973543296046416,1.0324038032302,0.357
9.25,0.546,0.973452273642069,1.041850812149,0.357
9.25,0.547,0.97336098231285,1.0513275068543,0.357
9.25,0.548,0.973269423593671,1.06083374417516,0.357
9.25,0.549,0.973177599011463,1.07036938170484,0.357
9.25,0.55,0.973085510085217,1.07993427779589,0.357
9.25,0.551,0.972993158326037,1.08952829155489,0.357
9.25,0.552,0.972900545237183,1.09915128283768,0.357
9.25,0.553,0.972807672314121,1.10880311224437,0.357
9.25,0.554,0.972714541044568,1.11848364111433,0.357
9.25,0.555,0.972621152908538,1.12819273152143,0.357
9.25,0.556,0.972527509378386,1.13793024626927,0.357
9.25,0.557,0.972433611918859,1.14769604888614,0.357
9.25,0.558,0.972339461987133,1.15749000362053,0.357
9.25,0.559,0.972245061032866,1.16731197543642,0.357
9.25,0.56,0.972150410498236,1.17716183000849,0.357
9.25,0.561,0.97205551181799,1.18703943371732,0.357
9.25,0.562,0.971960366419484,1.19694465364513,0.357
9.25,0.563,0.97186497572273,1.20687735757112,0.357
9.25,0.564,0.971769341140436,1.21683741396683,0.357
9.25,0.565,0.971673464078052,1.22682469199162,0.357
9.25,0.566,0.97157734593381,1.23683906148846,0.357
9.25,0.567,0.971480988098768,1.24688039297915,0.357
9.25,0.568,0.971384391956853,1.25694855766028,0.357
9.25,0.569,0.971287558884899,1.26704342739876,0.357
9.25,0.57,0.971190490252693,1.27716487472724,0.357
9.25,0.571,0.971093187423014,1.28731277284024,0.357
9.25,0.572,0.970995651751673,1.29748699558967,0.357
9.25,0.573,0.970897884587556,1.30768741748051,0.357
9.25,0.574,0.970799887272663,1.31791391366689,0.357
9.25,0.575,0.970701661142147,1.32816635994784,0.357
9.25,0.576,0.970603207524357,1.33844463276303,0.357
9.25,0.577,0.970504527740874,1.3487486091887,0.357
9.25,0.578,0.970405623106553,1.35907816693381,0.357
9.25,0.579,0.97030649492956,1.36943318433587,0.357
9.25,0.58,0.970207144511414,1.37981354035688,0.357
9.25,0.581,0.970107573147019,1.39021911457944,0.357
9.25,0.582,0.970007782124711,1.40064978720291,0.357
9.25,0.583,0.969907772726287,1.41110543903924,0.357
9.25,0.584,0.96980754622705,1.42158595150941,0.357
9.25,0.585,0.969707103895843,1.43209120663934,0.357
9.25,0.586,0.969606446995086,1.44262108705606,0.357
9.25,0.587,0.969505576780813,1.45317547598427,0.357
9.25,0.588,0.969404494502712,1.46375425724214,0.357
9.25,0.589,0.969303201404155,1.47435731523782,0.357
9.25,0.59,0.969201698722242,1.48498453496568,0.357
9.25,0.591,0.969099987687828,1.49563580200276,0.357
9.25,0.592,0.968998069525569,1.5063110025048,0.357
9.25,0.593,0.968895945453949,1.5170100232029,0.357
9.25,0.594,0.968793616685317,1.52773275140003,0.357
9.25,0.595,0.968691084425928,1.53847907496707,0.357
9.25,0.596,0.968588349875967,1.54924888233963,0.357
9.25,0.597,0.968485414229595,1.56004206251423,0.357
9.25,0.598,0.968382278674976,1.57085850504521,0.357
9.25,0.599,0.968278944394311,1.5816981000409,0.357
9.25,0.6,0.968175412563877,1.59256073816045,0.357
9.25,0.601,0.968071684354055,1.60344631061016,0.357
9.25,0.602,0.967967760929369,1.61435470914029,0.357
9.25,0.603,0.967863643448512,1.6252858260418,0.357
9.25,0.604,0.967759333064385,1.63623955414267,0.357
9.25,0.605,0.967654830924129,1.64721578680498,0.357
9.25,0.606,0.967550138169153,1.65821441792138,0.357
9.25,0.607,0.967445255935174,1.66923534191175,0.357
9.25,0.608,0.967340185352239,1.68027845372041,0.357
9.25,0.609,0.967234927544769,1.69134364881238,0.357
9.25,0.61,0.967129483631578,1.70243082317052,0.357
9.25,0.611,0.967023854725915,1.71353987329235,0.357
9.25,0.612,0.966918041935488,1.72467069618671,0.357
9.25,0.613,0.966812046362501,1.7358231893708,0.357
9.25,0.614,0.966705869103681,1.74699725086702,0.357
9.25,0.615,0.966599511250305,1.75819277920015,0.357
9.25,0.616,0.966492973888241,1.76940967339387,0.357
9.25,0.617,0.96638625809797,1.78064783296803,0.357
9.25,0.618,0.966279364954616,1.79190715793556,0.357
9.25,0.619,0.966172295527981,1.80318754879951,0.357
9.25,0.62,0.96606505088257,1.81448890655009,0.357
9.25,0.621,0.965957632077623,1.82581113266169,0.357
9.25,0.622,0.965850040167143,1.83715412909005,0.357
9.25,0.623,0.965742276199926,1.84851779826927,0.357
9.25,0.624,0.965634341219587,1.85990204310897,0.357
9.25,0.625,0.965526236264596,1.87130676699134,0.357
9.25,0.626,0.965417962368296,1.88273187376871,0.357
9.25,0.627,0.965309520558941,1.89417726776,0.357
9.25,0.628,0.965200911859719,1.90564285374886,0.357
9.25,0.629,0.965092137288779,1.91712853697994,0.357
9.25,0.63,0.964983197859264,1.92863422315692,0.357
9.25,0.631,0.964874094579334,1.94015981843929,0.357
9.25,0.632,0.964764828452195,1.95170522943979,0.357
9.25,0.633,0.964655400476125,1.96327036322184,0.357
9.25,0.634,0.964545811644505,1.97485512729669,0.357
9.25,0.635,0.96443606294584,1.9864594296209,0.357
9.25,0.636,0.964326155363791,1.99808317859342,0.357
9.25,0.637,0.9642160898772,2.00972628305345,0.357
9.25,0.638,0.964105867460112,2.02138865227748,0.357
9.25,0.639,0.96399548908181,2.03307019597672,0.357
9.25,0.64,0.963884955706833,2.04477082429473,0.357
9.25,0.641,0.963774268295004,2.05649044780485,0.357
9.25,0.642,0.963663427801462,2.06822897750734,0.357
9.25,0.643,0.963552435176676,2.07998632482733,0.357
9.25,0.644,0.963441291366482,2.09176240161209,0.357
9.25,0.645,0.963329997312098,2.10355712012869,0.357
9.25,0.646,0.963218553950157,2.11537039306127,0.357
9.25,0.647,0.96310696221273,2.12720213350885,0.357
9.25,0.648,0.962995223027347,2.13905225498299,0.357
9.25,0.649,0.962883337317025,2.15092067140505,0.357
9.25,0.65,0.962771306000293,2.16280729710412,0.357
9.25,0.651,0.962659129991214,2.17471204681448,0.357
9.25,0.652,0.962546810199409,2.18663483567332,0.357
9.25,0.653,0.962434347530086,2.19857557921836,0.357
9.25,0.654,0.962321742884056,2.2105341933855,0.357
9.25,0.655,0.962208997157764,2.22251059450675,0.357
9.25,0.656,0.962096111243305,2.23450469930753,0.357
9.25,0.657,0.961983086028456,2.24651642490488,0.357
9.25,0.658,0.961869922396694,2.25854568880457,0.357
9.25,0.659,0.961756621227217,2.27059240889971,0.357
9.25,0.66,0.961643183394973,2.28265650346768,0.357
9.25,0.661,0.961529609770679,2.29473789116854,0.357
9.25,0.662,0.961415901220845,2.30683649104244,0.357
9.25,0.663,0.961302058607795,2.31895222250764,0.357
9.25,0.664,0.96118808278969,2.33108500535835,0.357
9.25,0.665,0.961073974620552,2.34323475976248,0.357
9.25,0.666,0.960959734950285,2.35540140625956,0.357
9.25,0.667,0.960845364624694,2.36758486575865,0.357
9.25,0.668,0.960730864485512,2.37978505953622,0.357
9.25,0.669,0.96061623537042,2.39200190923397,0.357
9.25,0.67,0.960501478113065,2.40423533685694,0.357
9.25,0.671,0.960386593543085,2.41648526477125,0.357
9.25,0.672,0.960271582486132,2.42875161570204,0.357
9.25,0.673,0.96015644576389,2.44103431273177,0.357
9.25,0.674,0.960041184194092,2.45333327929798,0.357
9.25,0.675,0.959925798590553,2.46564843919095,0.357
9.25,0.676,0.959810289763178,2.47797971655233,0.357
9.25,0.677,0.959694658517992,2.49032703587269,0.357
9.25,0.678,0.959578905657154,2.50269032198991,0.357
9.25,0.679,0.959463031978981,2.51506950008678,0.357
9.25,0.68,0.959347038277966,2.52746449568966,0.357
9.25,0.681,0.959230925344803,2.53987523466583,0.357
9.25,0.682,0.959114693966401,2.55230164322231,0.357
9.25,0.683,0.958998344925906,2.56474364790347,0.357
9.25,0.684,0.958881879002721,2.57720117558926,0.357
9.25,0.685,0.958765296972529,2.58967415349347,0.357
9.25,0.686,0.958648599607308,2.60216250916163,0.357
9.25,0.687,0.958531787675349,2.61466617046942,0.357
9.25,0.688,0.958414861941282,2.62718506562067,0.357
9.25,0.689,0.958297823166089,2.6397191231456,0.357
9.25,0.69,0.958180672107127,2.65226827189891,0.357
9.25,0.691,0.958063409518145,2.66483244105815,0.357
9.25,0.692,0.957946036149303,2.67741156012173,0.357
9.25,0.693,0.957828552747191,2.69000555890737,0.357
9.25,0.694,0.957710960054847,2.70261436755013,0.357
9.25,0.695,0.957593258811779,2.71523791650079,0.357
9.25,0.696,0.957475449753976,2.72787613652414,0.357
9.25,0.697,0.957357533613934,2.74052895869703,0.357
9.25,0.698,0.957239511120672,2.75319631440678,0.357
9.25,0.699,0.957121382999745,2.76587813534972,0.357
9.25,0.7,0.957003149973269,2.77857435352906,0.357
9.25,0.701,0.956884812759936,2.79128490125355,0.357
9.25,0.702,0.956766372075029,2.8040097111355,0.357
9.25,0.703,0.956647828630446,2.8167487160895,0.357
9.25,0.704,0.95652918313471,2.82950184933044,0.357
9.25,0.705,0.956410436292992,2.84226904437206,0.357
9.25,0.706,0.956291588807129,2.85505023502508,0.357
9.25,0.707,0.956172641375634,2.86784535539599,0.357
9.25,0.708,0.95605359469372,2.88065433988507,0.357
9.25,0.709,0.955934449453316,2.89347712318495,0.357
9.25,0.71,0.955815206343081,2.90631364027913,0.357
9.25,0.711,0.955695866048423,2.91916382644009,0.357
9.25,0.712,0.955576429251517,2.93202761722797,0.357
9.25,0.713,0.955456896631316,2.94490494848905,0.357
9.25,0.714,0.955337268863577,2.95779575635404,0.357
9.25,0.715,0.955217546620866,2.97069997723656,0.357
9.25,0.716,0.955097730572585,2.98361754783185,0.357
9.25,0.717,0.95497782138498,2.99654840511483,0.357
9.25,0.718,0.954857819721162,3.00949248633917,0.357
9.25,0.719,0.954737726241121,3.02244972903518,0.357
9.25,0.72,0.954617541601744,3.03542007100863,0.357
9.25,0.721,0.954497266456826,3.04840345033948,0.357
9.25,0.722,0.954376901457094,3.06139980537992,0.357
9.25,0.723,0.954256447250213,3.07440907475334,0.357
9.25,0.724,0.954135904480808,3.08743119735273,0.357
9.25,0.725,0.954015273790479,3.10046611233912,0.357
9.25,0.726,0.953894555817814,3.11351375914033,0.357
9.25,0.727,0.953773751198405,3.12657407744954,0.357
9.25,0.728,0.953652860564864,3.13964700722371,0.357
9.25,0.729,0.953531884546838,3.15273248868244,0.357
9.25,0.73,0.953410823771024,3.16583046230621,0.357
9.25,0.731,0.953289678861184,3.17894086883543,0.357
9.25,0.732,0.953168450438158,3.19206364926872,0.357
9.25,0.733,0.953047139119882,3.20519874486163,0.357
9.25,0.734,0.9529257455214,3.21834609712552,0.357
9.25,0.735,0.952804270254879,3.23150564782588,0.357
9.25,0.736,0.952682713929627,3.24467733898108,0.357
9.25,0.737,0.952561077152102,3.25786111286117,0.357
9.25,0.738,0.952439360525929,3.27105691198648,0.357
9.25,0.739,0.952317564651915,3.2842646791261,0.357
9.25,0.74,0.952195690128062,3.29748435729711,0.357
9.25,0.741,0.952073737549581,3.31071588976264,0.357
9.25,0.742,0.951951707508907,3.32395922003104,0.357
9.25,0.743,0.951829600595712,3.33721429185432,0.357
9.25,0.744,0.95170741739692,3.35048104922711,0.357
9.25,0.745,0.951585158496718,3.36375943638516,0.357
9.25,0.746,0.951462824476575,3.37704939780423,0.357
9.25,0.747,0.951340415915248,3.3903508781989,0.357
9.25,0.748,0.951217933388804,3.40366382252113,0.357
9.25,0.749,0.951095377470626,3.41698817595917,0.357
9.25,0.75,0.950972748731432,3.43032388393629,0.357
9.25,0.751,0.950850047739285,3.44367089210946,0.357
9.25,0.752,0.950727275059606,3.45702914636852,0.357
9.25,0.753,0.950604431255191,3.47039859283433,0.357
9.25,0.754,0.950481516886218,3.48377917785829,0.357
9.25,0.755,0.950358532510268,3.49717084802046,0.357
9.25,0.756,0.950235478682328,3.51057355012909,0.357
9.25,0.757,0.950112355954813,3.52398723121872,0.357
9.25,0.758,0.949989164877574,3.53741183854965,0.357
9.25,0.759,0.949865905997911,3.55084731960629,0.357
9.25,0.76,0.949742579860587,3.56429362209645,0.357
9.25,0.761,0.94961918700784,3.57775069394968,0.357
9.25,0.762,0.949495727979394,3.59121848331665,0.357
9.25,0.763,0.949372203312475,3.60469693856766,0.357
9.25,0.764,0.94924861354182,3.61818600829162,0.357
9.25,0.765,0.949124959199689,3.6316856412951,0.357
9.25,0.766,0.949001240815881,3.64519578660094,0.357
9.25,0.767,0.948877458917742,3.65871639344733,0.357
9.25,0.768,0.948753614030182,3.67224741128644,0.357
9.25,0.769,0.948629706675679,3.68578878978398,0.357
9.25,0.77,0.948505737374299,3.69934047881737,0.357
9.25,0.771,0.948381706643705,3.71290242847502,0.357
9.25,0.772,0.948257614999167,3.72647458905524,0.357
9.25,0.773,0.948133462953574,3.74005691106531,0.357
9.25,0.774,0.94800925101745,3.75364934522,0.357
9.25,0.775,0.947884979698962,3.76725184244096,0.357
9.25,0.776,0.947760649503929,3.7808643538555,0.357
9.25,0.777,0.947636260935839,3.79448683079544,0.357
9.25,0.778,0.94751181449586,3.80811922479622,0.357
9.25,0.779,0.947387310682842,3.82176148759619,0.357
9.25,0.78,0.947262749993344,3.83541357113459,0.357
9.25,0.781,0.947138132921633,3.8490754275518,0.357
9.25,0.782,0.947013459959697,3.86274700918738,0.357
9.25,0.783,0.946888731597261,3.87642826857963,0.357
9.25,0.784,0.946763948321794,3.8901191584642,0.357
9.25,0.785,0.946639110618521,3.90381963177335,0.357
9.25,0.786,0.946514218970435,3.91752964163499,0.357
9.25,0.787,0.946389273858305,3.93124914137153,0.357
9.25,0.788,0.946264275760689,3.94497808449903,0.357
9.25,0.789,0.946139225153947,3.95871642472607,0.357
9.25,0.79,0.946014122512244,3.97246411595313,0.357
9.25,0.791,0.94588896830757,3.98622111227134,0.357
9.25,0.792,0.945763763009745,3.99998736796152,0.357
9.25,0.793,0.945638507086428,4.01376283749353,0.357
9.25,0.794,0.945513201003135,4.02754747552494,0.357
9.25,0.795,0.94538784522324,4.04134123690045,0.357
9.25,0.796,0.945262440207994,4.05514407665062,0.357
9.25,0.797,0.945136986416526,4.0689559499915,0.357
9.25,0.798,0.945011484305863,4.08277681232299,0.357
9.25,0.799,0.944885934330932,4.09660661922846,0.357
9.25,0.8,0.944760336944576,4.11044532647371,0.357
9.5,0.2,0.969395876174039,1.41242953986678,0.356
9.5,0.201,0.969603636957394,1.39069949987927,0.356
9.5,0.202,0.9698092944807,1.36919861278311,0.356
9.5,0.203,0.97001286304211,1.34792509908124,0.356
9.5,0.204,0.970214356817901,1.32687719770428,0.356
9.5,0.205,0.970413789863865,1.30605316576182,0.356
9.5,0.206,0.970611176116669,1.28545127829873,0.356
9.5,0.207,0.970806529395204,1.2650698280551,0.356
9.5,0.208,0.970999863401902,1.24490712523053,0.356
9.5,0.209,0.971191191724048,1.22496149725209,0.356
9.5,0.21,0.971380527835055,1.20523128854653,0.356
9.5,0.211,0.971567885095736,1.18571486031573,0.356
9.5,0.212,0.971753276755547,1.1664105903165,0.356
9.5,0.213,0.971936715953818,1.14731687264329,0.356
9.5,0.214,0.97211821572096,1.12843211751528,0.356
9.5,0.215,0.972297788979655,1.10975475106652,0.356
9.5,0.216,0.97247544854604,1.09128321513907,0.356
9.5,0.217,0.972651207130855,1.07301596708058,0.356
9.5,0.218,0.972825077340591,1.05495147954409,0.356
9.5,0.219,0.972997071678611,1.03708824029156,0.356
9.5,0.22,0.973167202546262,1.01942475200072,0.356
9.5,0.221,0.973335482243965,1.00195953207447,0.356
9.5,0.222,0.973501922972295,0.984691112453939,0.356
9.5,0.223,0.973666536833042,0.967618039434015,0.356
9.5,0.224,0.973829335830261,0.950738873482004,0.356
9.5,0.225,0.973990331871301,0.934052189059309,0.356
9.5,0.226,0.974149536767828,0.917556574445455,0.356
9.5,0.227,0.974306962236824,0.901250631565609,0.356
9.5,0.228,0.974462619901584,0.885132975819891,0.356
9.5,0.229,0.974616521292687,0.869202235916178,0.356
9.5,0.23,0.974768677848964,0.853457053704831,0.356
9.5,0.231,0.974919100918446,0.837896084016543,0.356
9.5,0.232,0.975067801759304,0.82251799450217,0.356
9.5,0.233,0.97521479154077,0.807321465475552,0.356
9.5,0.234,0.975360081344052,0.792305189758258,0.356
9.5,0.235,0.975503682163236,0.777467872526816,0.356
9.5,0.236,0.97564560490617,0.762808231162637,0.356
9.5,0.237,0.975785860395344,0.7483249951038,0.356
9.5,0.238,0.975924459368752,0.73401690569912,0.356
9.5,0.239,0.976061412480748,0.719882716064424,0.356
9.5,0.24,0.976196730302886,0.705921190941372,0.356
9.5,0.241,0.976330423324752,0.692131106557881,0.356
9.5,0.242,0.976462501954785,0.678511250490677,0.356
9.5,0.243,0.976592976521085,0.665060421530295,0.356
9.5,0.244,0.976721857272211,0.651777429547762,0.356
9.5,0.245,0.976849154377978,0.638661095362902,0.356
9.5,0.246,0.976974877930223,0.625710250615596,0.356
9.5,0.247,0.977099037943582,0.612923737638038,0.356
9.5,0.248,0.977221644356249,0.600300409328969,0.356
9.5,0.249,0.977342707030722,0.587839129030132,0.356
9.5,0.25,0.977462235754544,0.575538770404238,0.356
9.5,0.251,0.977580240241033,0.563398217314659,0.356
9.5,0.252,0.977696730130005,0.551416363707147,0.356
9.5,0.253,0.977811714988483,0.53959211349297,0.356
9.5,0.254,0.977925204311406,0.527924380433631,0.356
9.5,0.255,0.978037207522316,0.516412088027884,0.356
9.5,0.256,0.978147733974049,0.505054169399433,0.356
9.5,0.257,0.978256792949414,0.493849567186966,0.356
9.5,0.258,0.978364393661853,0.482797233435539,0.356
9.5,0.259,0.978470545256117,0.471896129489102,0.356
9.5,0.26,0.978575256808902,0.461145225885273,0.356
9.5,0.261,0.978678537329509,0.450543502250866,0.356
9.5,0.262,0.978780395760469,0.440089947199573,0.356
9.5,0.263,0.97888084097818,0.429783558230379,0.356
9.5,0.264,0.978979881793526,0.419623341627773,0.356
9.5,0.265,0.97907752695249,0.409608312363585,0.356
9.5,0.266,0.979173785136765,0.39973749399953,0.356
9.5,0.267,0.979268664964351,0.390009918591572,0.356
9.5,0.268,0.979362174990144,0.380424626595821,0.356
9.5,0.269,0.979454323706529,0.3709806667749,0.356
9.5,0.27,0.979545119543954,0.361677096106283,0.356
9.5,0.271,0.979634570871501,0.352512979691832,0.356
9.5,0.272,0.979722685997453,0.343487390668318,0.356
9.5,0.273,0.979809473169853,0.334599410119218,0.356
9.5,0.274,0.979894940577053,0.325848126987816,0.356
9.5,0.275,0.979979096348262,0.317232637991349,0.356
9.5,0.276,0.980061948554085,0.308752047536465,0.356
9.5,0.277,0.980143505207053,0.3004054676357,0.356
9.5,0.278,0.980223774262155,0.292192017824888,0.356
9.5,0.279,0.980302763617353,0.284110825082307,0.356
9.5,0.28,0.9803804811141,0.276161023748078,0.356
9.5,0.281,0.980456934537849,0.268341755445167,0.356
9.5,0.282,0.980532131618552,0.26065216900133,0.356
9.5,0.283,0.980606080031164,0.253091420372176,0.356
9.5,0.284,0.98067878739613,0.245658672564697,0.356
9.5,0.285,0.980750261279871,0.238353095562727,0.356
9.5,0.286,0.980820509195266,0.231173866252643,0.356
9.5,0.287,0.980889538602127,0.224120168350161,0.356
9.5,0.288,0.98095735690767,0.217191192328436,0.356
9.5,0.289,0.981023971466977,0.210386135346718,0.356
9.5,0.29,0.981089389583458,0.203704201180055,0.356
9.5,0.291,0.981153618509304,0.197144600150012,0.356
9.5,0.292,0.981216665445936,0.19070654905613,0.356
9.5,0.293,0.981278537544451,0.184389271108265,0.356
9.5,0.294,0.981339241906061,0.178191995860044,0.356
9.5,0.295,0.981398785582526,0.172113959142783,0.356
9.5,0.296,0.981457175576586,0.16615440300054,0.356
9.5,0.297,0.981514418842385,0.160312575625965,0.356
9.5,0.298,0.981570522285893,0.154587731296618,0.356
9.5,0.299,0.981625492765318,0.148979130313043,0.356
9.5,0.3,0.981679337091525,0.143486038935992,0.356
9.5,0.301,0.981732062028436,0.138107729326298,0.356
9.5,0.302,0.981783674293433,0.132843479484079,0.356
9.5,0.303,0.981834180557764,0.127692573189431,0.356
9.5,0.304,0.981883587446926,0.122654299943692,0.356
9.5,0.305,0.981931901541065,0.11772795491134,0.356
9.5,0.306,0.981979129375356,0.112912838862567,0.356
9.5,0.307,0.982025277440382,0.108208258117215,0.356
9.5,0.308,0.982070352182523,0.103613524488044,0.356
9.5,0.309,0.982114360004316,0.0991279552262636,0.356
9.5,0.31,0.982157307264832,0.0947508729666424,0.356
9.5,0.311,0.982199200280042,0.09048160567382,0.356
9.5,0.312,0.982240045323178,0.0863194865888817,0.356
9.5,0.313,0.982279848625085,0.0822638541773335,0.356
9.5,0.314,0.982318616374588,0.0783140520763004,0.356
9.5,0.315,0.982356354718832,0.0744694290442327,0.356
9.5,0.316,0.982393069763633,0.0707293389096364,0.356
9.5,0.317,0.98242876757382,0.0670931405214015,0.356
9.5,0.318,0.982463454173579,0.0635601976989308,0.356
9.5,0.319,0.982497135546782,0.0601298791838234,0.356
9.5,0.32,0.98252981763733,0.0568015585912018,0.356
9.5,0.321,0.982561506349472,0.0535746143622839,0.356
9.5,0.322,0.982592207548138,0.0504484297173313,0.356
9.5,0.323,0.98262192705926,0.0474223926088646,0.356
9.5,0.324,0.982650670670092,0.0444958956758335,0.356
9.5,0.325,0.982678444129524,0.0416683361982084,0.356
9.5,0.326,0.982705253148398,0.0389391160520836,0.356
9.5,0.327,0.982731103399816,0.0363076416652675,0.356
9.5,0.328,0.982756000519448,0.0337733239733851,0.356
9.5,0.329,0.982779950105836,0.03133557837669,0.356
9.5,0.33,0.982802957720691,0.0289938246971433,0.356
9.5,0.331,0.982825028889198,0.0267474871361806,0.356
9.5,0.332,0.982846169100302,0.02459599423279,0.356
9.5,0.333,0.982866383807006,0.0225387788222786,0.356
9.5,0.334,0.982885678426658,0.0205752779953716,0.356
9.5,0.335,0.982904058341236,0.018704933057867,0.356
9.5,0.336,0.982921528897631,0.0169271894905787,0.356
9.5,0.337,0.98293809540793,0.015241496910301,0.356
9.5,0.338,0.982953763149689,0.0136473090303069,0.356
9.5,0.339,0.982968537366215,0.0121440836220454,0.356
9.5,0.34,0.98298242326683,0.0107312824771277,0.356
9.5,0.341,0.982995426027145,0.00940837136953476,0.356
9.5,0.342,0.983007550789327,0.00817482001842507,0.356
9.5,0.343,0.983018802662361,0.0070301020512753,0.356
9.5,0.344,0.983029186722314,0.00597369496759814,0.356
9.5,0.345,0.983038708012593,0.00500508010286005,0.356
9.5,0.346,0.983047371544202,0.00412374259299852,0.356
9.5,0.347,0.983055182295994,0.00332917133920585,0.356
9.5,0.348,0.983062145214927,0.00262085897313469,0.356
9.5,0.349,0.983068265216309,0.00199830182270322,0.356
9.5,0.35,0.983073547184048,0.00146099987778925,0.356
9.5,0.351,0.983077995970895,0.00100845675692351,0.356
9.5,0.352,0.983081616398686,0.000640179673805363,0.356
9.5,0.353,0.983084413258582,0.000355679404728804,0.356
9.5,0.354,0.983086391311308,0.000154470255742112,0.356
9.5,0.355,0.983087555287387,3.60700308510431e-05,0.356
9.5,0.356,0.983087909887371,0,0.356
9.5,0.357,0.983087459782078,4.57848677637429e-05,0.356
9.5,0.358,0.983086209612813,0.000172952742238941,0.356
9.5,0.359,0.983084163991603,0.000381035104157768,0.356
9.5,0.36,0.983081327501412,0.000669566776911878,0.356
9.5,0.361,0.983077704696371,0.0010380858961101,0.356
9.5,0.362,0.983073300101995,0.00148613387978003,0.356
9.5,0.363,0.983068118215403,0.00201325539928021,0.356
9.5,0.364,0.983062163505529,0.00261899835003465,0.356
9.5,0.365,0.983055440413344,0.00330291382277803,0.356
9.5,0.366,0.983047953352062,0.00406455607513401,0.356
9.5,0.367,0.983039706707352,0.00490348250330452,0.356
9.5,0.368,0.983030704837548,0.00581925361453628,0.356
9.5,0.369,0.983020952073853,0.00681143299918752,0.356
9.5,0.37,0.983010452720543,0.00787958730390503,0.356
9.5,0.371,0.982999211055173,0.00902328620417947,0.356
9.5,0.372,0.982987231328774,0.0102421023782107,0.356
9.5,0.373,0.982974517766053,0.0115356114800846,0.356
9.5,0.374,0.982961074565593,0.012903392113861,0.356
9.5,0.375,0.982946905900042,0.0143450258078603,0.356
9.5,0.376,0.982932015916314,0.0158600969887512,0.356
9.5,0.377,0.982916408735769,0.0174481929569703,0.356
9.5,0.378,0.982900088454421,0.019108903860765,0.356
9.5,0.379,0.982883059143108,0.0208418226723683,0.356
9.5,0.38,0.982865324847691,0.02264654516273,0.356
9.5,0.381,0.98284688958923,0.0245226698780909,0.356
9.5,0.382,0.982827757364176,0.0264697981153139,0.356
9.5,0.383,0.982807932144544,0.0284875338985247,0.356
9.5,0.384,0.982787417878101,0.0305754839555306,0.356
9.5,0.385,0.982766218488536,0.0327332576947947,0.356
9.5,0.386,0.982744337875643,0.0349604671822545,0.356
9.5,0.387,0.982721779915494,0.0372567271184954,0.356
9.5,0.388,0.982698548460613,0.0396216548165906,0.356
9.5,0.389,0.982674647340146,0.0420548701794754,0.356
9.5,0.39,0.982650080360034,0.0445559956782082,0.356
9.5,0.391,0.982624851303183,0.0471246563298333,0.356
9.5,0.392,0.982598963929627,0.0497604796761308,0.356
9.5,0.393,0.982572421976698,0.0524630957620342,0.356
9.5,0.394,0.982545229159189,0.0552321371146247,0.356
9.5,0.395,0.982517389169517,0.0580672387220371,0.356
9.5,0.396,0.982488905677885,0.0609680380128763,0.356
9.5,0.397,0.982459782332444,0.0639341748357669,0.356
9.5,0.398,0.982430022759448,0.0669652914388363,0.356
9.5,0.399,0.982399630563415,0.0700610324499085,0.356
9.5,0.4,0.982368609327281,0.0732210448563864,0.356
9.5,0.401,0.982336962612557,0.0764449779856902,0.356
9.5,0.402,0.982304693959479,0.0797324834858948,0.356
9.5,0.403,0.982271806887164,0.0830832153061234,0.356
9.5,0.404,0.982238304893756,0.0864968296778734,0.356
9.5,0.405,0.982204191456584,0.0899729850955655,0.356
9.5,0.406,0.982169470032298,0.0935113422984468,0.356
9.5,0.407,0.982134144057027,0.0971115642517839,0.356
9.5,0.408,0.982098216946516,0.100773316128411,0.356
9.5,0.409,0.982061692096278,0.104496265290877,0.356
9.5,0.41,0.982024572881734,0.108280081273038,0.356
9.5,0.411,0.981986862658351,0.112124435762828,0.356
9.5,0.412,0.981948564761788,0.116029002584206,0.356
9.5,0.413,0.981909682508036,0.119993457679968,0.356
9.5,0.414,0.981870219193551,0.124017479094185,0.356
9.5,0.415,0.981830178095396,0.128100746955595,0.356
9.5,0.416,0.981789562471375,0.132242943460081,0.356
9.5,0.417,0.981748375560168,0.136443752854576,0.356
9.5,0.418,0.981706620581466,0.140702861419761,0.356
9.5,0.419,0.981664300736101,0.145019957454218,0.356
9.5,0.42,0.98162141920618,0.149394731257724,0.356
9.5,0.421,0.981577979155213,0.153826875115648,0.356
9.5,0.422,0.981533983728248,0.158316083282339,0.356
9.5,0.423,0.981489436051988,0.16286205196594,0.356
9.5,0.424,0.981444339234931,0.167464479312307,0.356
9.5,0.425,0.981398696367488,0.172123065389806,0.356
9.5,0.426,0.981352510522108,0.176837512173922,0.356
9.5,0.427,0.981305784753407,0.181607523531757,0.356
9.5,0.428,0.981258522098287,0.186432805207404,0.356
9.5,0.429,0.981210725576059,0.191313064806797,0.356
9.5,0.43,0.981162398188563,0.19624801178304,0.356
9.5,0.431,0.981113542920291,0.201237357421769,0.356
9.5,0.432,0.981064162738501,0.20628081482672,0.356
9.5,0.433,0.98101426059334,0.211378098905213,0.356
9.5,0.434,0.980963839417956,0.216528926354242,0.356
9.5,0.435,0.98091290212862,0.221733015646075,0.356
9.5,0.436,0.980861451624836,0.226990087014567,0.356
9.5,0.437,0.980809490789455,0.232299862441443,0.356
9.5,0.438,0.980757022488793,0.237662065642263,0.356
9.5,0.439,0.980704049572739,0.243076422053146,0.356
9.5,0.44,0.98065057487487,0.248542658817374,0.356
9.5,0.441,0.980596601212554,0.254060504772013,0.356
9.5,0.442,0.980542131387069,0.259629690434671,0.356
9.5,0.443,0.980487168183707,0.26524994799082,0.356
9.5,0.444,0.980431714371881,0.270921011280389,0.356
9.5,0.445,0.980375772705234,0.276642615785327,0.356
9.5,0.446,0.980319345921743,0.282414498616834,0.356
9.5,0.447,0.980262436743824,0.288236398502906,0.356
9.5,0.448,0.980205047878442,0.294108055775522,0.356
9.5,0.449,0.980147182017208,0.300029212358788,0.356
9.5,0.45,0.980088841836483,0.30599961175648,0.356
9.5,0.451,0.980030029997481,0.31201899904012,0.356
9.5,0.452,0.97997074914637,0.318087120836652,0.356
9.5,0.453,0.979911001914373,0.324203725317052,0.356
9.5,0.454,0.979850790917866,0.330368562184136,0.356
9.5,0.455,0.979790118758476,0.336581382661238,0.356
9.5,0.456,0.979728988023181,0.342841939480398,0.356
9.5,0.457,0.979667401284406,0.349149986871078,0.356
9.5,0.458,0.979605361100121,0.355505280548862,0.356
9.5,0.459,0.97954287001393,0.361907577704135,0.356
9.5,0.46,0.979479930555177,0.36835663699093,0.356
9.5,0.461,0.979416545239029,0.374852218516053,0.356
9.5,0.462,0.979352716566578,0.381394083827935,0.356
9.5,0.463,0.979288447024926,0.387981995906128,0.356
9.5,0.464,0.979223739087283,0.39461571915016,0.356
9.5,0.465,0.979158595213055,0.401295019369319,0.356
9.5,0.466,0.979093017847935,0.408019663771819,0.356
9.5,0.467,0.979027009423993,0.414789420954498,0.356
9.5,0.468,0.978960572359765,0.421604060892555,0.356
9.5,0.469,0.978893709060341,0.428463354929098,0.356
9.5,0.47,0.978826421917454,0.435367075765014,0.356
9.5,0.471,0.978758713309562,0.4423149974492,0.356
9.5,0.472,0.978690585601943,0.449306895368151,0.356
9.5,0.473,0.978622041146772,0.456342546236321,0.356
9.5,0.474,0.978553082283211,0.463421728086444,0.356
9.5,0.475,0.978483711337492,0.470544220259472,0.356
9.5,0.476,0.978413930623,0.477709803395276,0.356
9.5,0.477,0.978343742440357,0.484918259422873,0.356
9.5,0.478,0.978273149077503,0.492169371551143,0.356
9.5,0.479,0.978202152809779,0.49946292425942,0.356
9.5,0.48,0.978130755900008,0.506798703288092,0.356
9.5,0.481,0.978058960598576,0.514176495629459,0.356
9.5,0.482,0.977986769143507,0.521596089518828,0.356
9.5,0.483,0.977914183760552,0.529057274425049,0.356
9.5,0.484,0.977841206663257,0.536559841041839,0.356
9.5,0.485,0.97776784005305,0.544103581278876,0.356
9.5,0.486,0.977694086119309,0.551688288252938,0.356
9.5,0.487,0.977619947039451,0.559313756279156,0.356
9.5,0.488,0.977545424978996,0.566979780862331,0.356
9.5,0.489,0.97747052209165,0.574686158688542,0.356
9.5,0.49,0.977395240519379,0.582432687616463,0.356
9.5,0.491,0.977319582392482,0.59021916666897,0.356
9.5,0.492,0.977243549829666,0.598045396024749,0.356
9.5,0.493,0.97716714493812,0.605911177010166,0.356
9.5,0.494,0.977090369813587,0.613816312090787,0.356
9.5,0.495,0.977013226540436,0.621760604863653,0.356
9.5,0.496,0.976935717191733,0.629743860048748,0.356
9.5,0.497,0.976857843829318,0.637765883481167,0.356
9.5,0.498,0.976779608503866,0.645826482103562,0.356
9.5,0.499,0.976701013254965,0.653925463957572,0.356
9.5,0.5,0.976622060111185,0.662062638176586,0.356
9.5,0.501,0.976542751090141,0.67023781497777,0.356
9.5,0.502,0.97646308819857,0.678450805654451,0.356
9.5,0.503,0.976383073432392,0.686701422568614,0.356
9.5,0.504,0.976302708776783,0.694989479143193,0.356
9.5,0.505,0.976221996206238,0.703314789854681,0.356
9.5,0.506,0.976140937684641,0.711677170225866,0.356
9.5,0.507,0.976059535165329,0.720076436818196,0.356
9.5,0.508,0.975977790591157,0.72851240722478,0.356
9.5,0.509,0.975895705894566,0.736984900062954,0.356
9.5,0.51,0.975813282997644,0.745493734967417,0.356
9.5,0.511,0.975730523812196,0.754038732582663,0.356
9.5,0.512,0.975647430239799,0.762619714556445,0.356
9.5,0.513,0.975564004171874,0.771236503532502,0.356
9.5,0.514,0.975480247489745,0.779888923143601,0.356
9.5,0.515,0.975396162064697,0.788576798005125,0.356
9.5,0.516,0.975311749758047,0.797299953707431,0.356
9.5,0.517,0.975227012421199,0.806058216810102,0.356
9.5,0.518,0.975141951895706,0.81485141483435,0.356
9.5,0.519,0.975056570013331,0.823679376257158,0.356
9.5,0.52,0.974970868596109,0.832541930504016,0.356
9.5,0.521,0.974884849456404,0.841438907942949,0.356
9.5,0.522,0.974798514396968,0.850370139877699,0.356
9.5,0.523,0.974711865211002,0.85933545854151,0.356
9.5,0.524,0.974624903682213,0.868334697090556,0.356
9.5,0.525,0.974537631584874,0.877367689597786,0.356
9.5,0.526,0.974450050683877,0.886434271046732,0.356
9.5,0.527,0.974362162734795,0.895534277325138,0.356
9.5,0.528,0.974273969483935,0.904667545218807,0.356
9.5,0.529,0.974185472668398,0.913833912405693,0.356
9.5,0.53,0.97409667401613,0.923033217449709,0.356
9.5,0.531,0.974007575245982,0.932265299794599,0.356
9.5,0.532,0.973918178067765,0.941529999758117,0.356
9.5,0.533,0.973828484182301,0.950827158526324,0.356
9.5,0.534,0.973738495281479,0.960156618147234,0.356
9.5,0.535,0.973648213048311,0.969518221525445,0.356
9.5,0.536,0.973557639156983,0.978911812416206,0.356
9.5,0.537,0.97346677527291,0.98833723541969,0.356
9.5,0.538,0.973375623052785,0.997794335975466,0.356
9.5,0.539,0.973284184144638,1.00728296035641,0.356
9.5,0.54,0.973192460187884,1.01680295566382,0.356
9.5,0.541,0.97310045281337,1.0263541698214,0.356
9.5,0.542,0.973008163643438,1.03593645156992,0.356
9.5,0.543,0.972915594291965,1.04554965046164,0.356
9.5,0.544,0.972822746364419,1.05519361685515,0.356
9.5,0.545,0.972729621457907,1.0648682019099,0.356
9.5,0.546,0.972636221161228,1.07457325758085,0.356
9.5,0.547,0.972542547054919,1.084308636613,0.356
9.5,0.548,0.972448600711305,1.09407419253671,0.356
9.5,0.549,0.972354383694549,1.10386977966197,0.356
9.5,0.55,0.972259897560701,1.11369525307343,0.356
9.5,0.551,0.972165143857744,1.12355046862547,0.356
9.5,0.552,0.972070124125642,1.13343528293697,0.356
9.5,0.553,0.97197483989639,1.14334955338622,0.356
9.5,0.554,0.971879292694058,1.15329313810599,0.356
9.5,0.555,0.97178348403484,1.1632658959787,0.356
9.5,0.556,0.971687415427101,1.17326768663146,0.356
9.5,0.557,0.971591088371419,1.1832983704311,0.356
9.5,0.558,0.971494504360636,1.19335780847936,0.356
9.5,0.559,0.971397664879901,1.20344586260828,0.356
9.5,0.56,0.971300571406715,1.21356239537516,0.356
9.5,0.561,0.971203225410978,1.22370727005818,0.356
9.5,0.562,0.971105628355029,1.23388035065137,0.356
9.5,0.563,0.971007781693696,1.24408150186031,0.356
9.5,0.564,0.970909686874337,1.25431058909713,0.356
9.5,0.565,0.970811345336882,1.26456747847643,0.356
9.5,0.566,0.970712758513881,1.27485203681015,0.356
9.5,0.567,0.970613927830543,1.28516413160376,0.356
9.5,0.568,0.97051485470478,1.29550363105118,0.356
9.5,0.569,0.97041554054725,1.30587040403072,0.356
9.5,0.57,0.9703159867614,1.3162643201005,0.356
9.5,0.571,0.970216194743505,1.32668524949422,0.356
9.5,0.572,0.970116165882713,1.33713306311674,0.356
9.5,0.573,0.970015901561084,1.34760763253983,0.356
9.5,0.574,0.969915403153632,1.35810882999787,0.356
9.5,0.575,0.969814672028366,1.36863652838375,0.356
9.5,0.576,0.969713709546329,1.37919060124454,0.356
9.5,0.577,0.969612517061641,1.38977092277714,0.356
9.5,0.578,0.969511095921537,1.40037736782472,0.356
9.5,0.579,0.969409447466405,1.41100981187217,0.356
9.5,0.58,0.969307573029831,1.42166813104188,0.356
9.5,0.581,0.969205473938631,1.43235220209039,0.356
9.5,0.582,0.969103151512896,1.44306190240355,0.356
9.5,0.583,0.969000607066029,1.45379710999323,0.356
9.5,0.584,0.968897841904778,1.46455770349296,0.356
9.5,0.585,0.968794857329283,1.4753435621542,0.356
9.5,0.586,0.968691654633107,1.48615456584245,0.356
9.5,0.587,0.968588235103277,1.49699059503319,0.356
9.5,0.588,0.968484600020322,1.50785153080828,0.356
9.5,0.589,0.968380750658306,1.51873725485228,0.356
9.5,0.59,0.968276688284867,1.52964764944816,0.356
9.5,0.591,0.968172414161256,1.54058259747434,0.356
9.5,0.592,0.968067929542372,1.55154198239993,0.356
9.5,0.593,0.967963235676793,1.5625256882823,0.356
9.5,0.594,0.967858333806821,1.57353359976233,0.356
9.5,0.595,0.967753225168511,1.58456560206142,0.356
9.5,0.596,0.967647910991709,1.59562158097759,0.356
9.5,0.597,0.967542392500086,1.60670142288202,0.356
9.5,0.598,0.967436670911173,1.61780501471558,0.356
9.5,0.599,0.967330747436397,1.62893224398521,0.356
9.5,0.6,0.967224623281114,1.64008299876037,0.356
9.5,0.601,0.967118299644645,1.65125716766958,0.356
9.5,0.602,0.967011777720307,1.66245463989725,0.356
9.5,0.603,0.966905058695452,1.67367530517974,0.356
9.5,0.604,0.966798143751492,1.68491905380261,0.356
9.5,0.605,0.966691034063944,1.6961857765966,0.356
9.5,0.606,0.966583730802451,1.70747536493483,0.356
9.5,0.607,0.966476235130825,1.71878771072913,0.356
9.5,0.608,0.966368548207073,1.73012270642687,0.356
9.5,0.609,0.966260671183432,1.74148024500782,0.356
9.5,0.61,0.966152605206402,1.75286021998062,0.356
9.5,0.611,0.966044351416777,1.76426252537982,0.356
9.5,0.612,0.965935910949676,1.77568705576252,0.356
9.5,0.613,0.965827284934578,1.78713370620529,0.356
9.5,0.614,0.965718474495348,1.79860237230107,0.356
9.5,0.615,0.965609480750275,1.81009295015575,0.356
9.5,0.616,0.965500304812096,1.82160533638545,0.356
9.5,0.617,0.965390947788034,1.83313942811312,0.356
9.5,0.618,0.96528141077982,1.84469512296586,0.356
9.5,0.619,0.965171694883732,1.85627231907139,0.356
9.5,0.62,0.965061801190623,1.86787091505534,0.356
9.5,0.621,0.964951730785943,1.8794908100384,0.356
9.5,0.622,0.964841484749783,1.89113190363288,0.356
9.5,0.623,0.964731064156892,1.9027940959403,0.356
9.5,0.624,0.964620470076715,1.91447728754792,0.356
9.5,0.625,0.964509703573414,1.92618137952647,0.356
9.5,0.626,0.964398765705909,1.93790627342647,0.356
9.5,0.627,0.964287657527894,1.94965187127616,0.356
9.5,0.628,0.964176380087873,1.96141807557806,0.356
9.5,0.629,0.96406493442919,1.97320478930654,0.356
9.5,0.63,0.963953321590049,1.98501191590481,0.356
9.5,0.631,0.963841542603552,1.9968393592821,0.356
9.5,0.632,0.963729598497721,2.00868702381103,0.356
9.5,0.633,0.963617490295529,2.02055481432482,0.356
9.5,0.634,0.963505219014923,2.0324426361146,0.356
9.5,0.635,0.963392785668857,2.04435039492648,0.356
9.5,0.636,0.963280191265314,2.05627799695938,0.356
9.5,0.637,0.963167436807341,2.06822534886162,0.356
9.5,0.638,0.963054523293066,2.08019235772892,0.356
9.5,0.639,0.96294145171573,2.09217893110165,0.356
9.5,0.64,0.962828223063716,2.10418497696181,0.356
9.5,0.641,0.96271483832057,2.11621040373091,0.356
9.5,0.642,0.962601298465032,2.12825512026709,0.356
9.5,0.643,0.962487604471056,2.14031903586294,0.356
9.5,0.644,0.962373757307846,2.15240206024232,0.356
9.5,0.645,0.96225975793987,2.1645041035586,0.356
9.5,0.646,0.962145607326894,2.17662507639158,0.356
9.5,0.647,0.962031306424004,2.18876488974535,0.356
9.5,0.648,0.961916856181633,2.20092345504559,0.356
9.5,0.649,0.961802257545583,2.21310068413718,0.356
9.5,0.65,0.961687511457055,2.22529648928194,0.356
9.5,0.651,0.961572618852667,2.23751078315602,0.356
9.5,0.652,0.961457580664487,2.24974347884745,0.356
9.5,0.653,0.961342397820049,2.26199448985425,0.356
9.5,0.654,0.961227071242385,2.27426373008108,0.356
9.5,0.655,0.961111601850042,2.28655111383806,0.356
9.5,0.656,0.960995990557113,2.29885655583755,0.356
9.5,0.657,0.960880238273254,2.31117997119239,0.356
9.5,0.658,0.960764345903715,2.32352127541313,0.356
9.5,0.659,0.960648314349357,2.33588038440613,0.356
9.5,0.66,0.960532144506679,2.34825721447114,0.356
9.5,0.661,0.960415837267842,2.36065168229895,0.356
9.5,0.662,0.96029939352069,2.37306370496948,0.356
9.5,0.663,0.960182814148773,2.38549319994905,0.356
9.5,0.664,0.960066100031371,2.39794008508873,0.356
9.5,0.665,0.959949252043517,2.41040427862174,0.356
9.5,0.666,0.95983227105602,2.42288569916134,0.356
9.5,0.667,0.959715157935483,2.43538426569891,0.356
9.5,0.668,0.959597913544332,2.44789989760161,0.356
9.5,0.669,0.959480538740836,2.46043251461001,0.356
9.5,0.67,0.959363034379124,2.4729820368367,0.356
9.5,0.671,0.959245401309214,2.48554838476334,0.356
9.5,0.672,0.95912764037703,2.49813147923907,0.356
9.5,0.673,0.959009752424426,2.5107312414784,0.356
9.5,0.674,0.958891738289208,2.5233475930591,0.356
9.5,0.675,0.958773598805153,2.53598045591983,0.356
9.5,0.676,0.958655334802032,2.54862975235877,0.356
9.5,0.677,0.95853694710563,2.56129540503109,0.356
9.5,0.678,0.958418436537767,2.57397733694702,0.356
9.5,0.679,0.958299803916323,2.58667547146998,0.356
9.5,0.68,0.95818105005525,2.59938973231471,0.356
9.5,0.681,0.958062175764602,2.61212004354485,0.356
9.5,0.682,0.957943181850549,2.6248663295716,0.356
9.5,0.683,0.957824069115402,2.63762851515115,0.356
9.5,0.684,0.957704838357628,2.6504065253834,0.356
9.5,0.685,0.957585490371874,2.66320028570954,0.356
9.5,0.686,0.957466025948988,2.67600972191029,0.356
9.5,0.687,0.957346445876034,2.68883476010422,0.356
9.5,0.688,0.957226750936316,2.70167532674566,0.356
9.5,0.689,0.957106941909396,2.71453134862278,0.356
9.5,0.69,0.956987019571114,2.72740275285606,0.356
9.5,0.691,0.956866984693607,2.74028946689604,0.356
9.5,0.692,0.956746838045328,2.75319141852188,0.356
9.5,0.693,0.956626580391067,2.76610853583927,0.356
9.5,0.694,0.956506212491966,2.77904074727879,0.356
9.5,0.695,0.956385735105545,2.79198798159397,0.356
9.5,0.696,0.956265148985713,2.80495016785971,0.356
9.5,0.697,0.956144454882788,2.8179272354705,0.356
9.5,0.698,0.956023653543524,2.83091911413837,0.356
9.5,0.699,0.955902745711118,2.84392573389147,0.356
9.5,0.7,0.955781732125235,2.85694702507227,0.356
9.5,0.701,0.955660613522026,2.86998291833578,0.356
9.5,0.702,0.955539390634144,2.88303334464786,0.356
9.5,0.703,0.955418064190763,2.89609823528347,0.356
9.5,0.704,0.955296634917596,2.90917752182518,0.356
9.5,0.705,0.955175103536914,2.92227113616126,0.356
9.5,0.706,0.955053470767559,2.93537901048424,0.356
9.5,0.707,0.954931737324971,2.9485010772889,0.356
9.5,0.708,0.954809903921193,2.96163726937126,0.356
9.5,0.709,0.954687971264901,2.97478751982618,0.356
9.5,0.71,0.954565940061412,2.98795176204634,0.356
9.5,0.711,0.954443811012705,3.00112992972035,0.356
9.5,0.712,0.954321584817439,3.01432195683129,0.356
9.5,0.713,0.954199262170968,3.02752777765483,0.356
9.5,0.714,0.954076843765358,3.04074732675814,0.356
9.5,0.715,0.953954330289405,3.0539805389979,0.356
9.5,0.716,0.953831722428651,3.06722734951905,0.356
9.5,0.717,0.953709020865402,3.08048769375278,0.356
9.5,0.718,0.953586226278742,3.09376150741563,0.356
9.5,0.719,0.953463339344551,3.10704872650747,0.356
9.5,0.72,0.95334036073552,3.12034928731018,0.356
9.5,0.721,0.95321729112117,3.13366312638612,0.356
9.5,0.722,0.953094131167866,3.14699018057669,0.356
9.5,0.723,0.952970881538832,3.16033038700057,0.356
9.5,0.724,0.952847542894171,3.17368368305262,0.356
9.5,0.725,0.952724115890875,3.18705000640231,0.356
9.5,0.726,0.952600601182846,3.20042929499196,0.356
9.5,0.727,0.952476999420909,3.21382148703571,0.356
9.5,0.728,0.952353311252829,3.22722652101779,0.356
9.5,0.729,0.952229537323324,3.24064433569122,0.356
9.5,0.73,0.952105678274085,3.25407487007627,0.356
9.5,0.731,0.951981734743784,3.26751806345935,0.356
9.5,0.732,0.951857707368099,3.28097385539112,0.356
9.5,0.733,0.951733596779717,3.29444218568562,0.356
9.5,0.734,0.951609403608362,3.30792299441844,0.356
9.5,0.735,0.951485128480802,3.32141622192543,0.356
9.5,0.736,0.951360772020863,3.33492180880173,0.356
9.5,0.737,0.951236334849449,3.34843969589991,0.356
9.5,0.738,0.951111817584553,3.36196982432884,0.356
9.5,0.739,0.950987220841273,3.37551213545237,0.356
9.5,0.74,0.950862545231826,3.38906657088791,0.356
9.5,0.741,0.950737791365562,3.4026330725051,0.356
9.5,0.742,0.950612959848982,3.41621158242453,0.356
9.5,0.743,0.950488051285744,3.42980204301664,0.356
9.5,0.744,0.950363066276687,3.44340439689987,0.356
9.5,0.745,0.950238005419839,3.45701858694001,0.356
9.5,0.746,0.950112869310433,3.47064455624839,0.356
9.5,0.747,0.949987658540919,3.48428224818103,0.356
9.5,0.748,0.949862373700982,3.49793160633698,0.356
9.5,0.749,0.94973701537755,3.5115925745574,0.356
9.5,0.75,0.949611584154815,3.52526509692399,0.356
9.5,0.751,0.949486080614238,3.53894911775805,0.356
9.5,0.752,0.949360505334571,3.55264458161908,0.356
9.5,0.753,0.949234858891866,3.56635143330342,0.356
9.5,0.754,0.949109141859485,3.58006961784341,0.356
9.5,0.755,0.948983354808124,3.59379908050574,0.356
9.5,0.756,0.948857498305815,3.60753976679054,0.356
9.5,0.757,0.948731572917944,3.6212916224301,0.356
9.5,0.758,0.948605579207266,3.63505459338769,0.356
9.5,0.759,0.948479517733914,3.64882862585616,0.356
9.5,0.76,0.948353389055415,3.66261366625713,0.356
9.5,0.761,0.948227193726701,3.6764096612397,0.356
9.5,0.762,0.948100932300123,3.69021655767898,0.356
9.5,0.763,0.947974605325465,3.70403430267536,0.356
9.5,0.764,0.947848213349951,3.71786284355318,0.356
9.5,0.765,0.947721756918265,3.73170212785954,0.356
9.5,0.766,0.947595236572559,3.74555210336316,0.356
9.5,0.767,0.947468652852466,3.75941271805345,0.356
9.5,0.768,0.947342006295114,3.77328392013911,0.356
9.5,0.769,0.947215297435137,3.78716565804733,0.356
9.5,0.77,0.947088526804687,3.80105788042227,0.356
9.5,0.771,0.946961694933446,3.81496053612433,0.356
9.5,0.772,0.946834802348641,3.82887357422892,0.356
9.5,0.773,0.946707849575052,3.84279694402545,0.356
9.5,0.774,0.946580837135026,3.85673059501599,0.356
9.5,0.775,0.94645376554849,3.87067447691443,0.356
9.5,0.776,0.94632663533296,3.88462853964555,0.356
9.5,0.777,0.946199447003554,3.8985927333435,0.356
9.5,0.778,0.946072201073007,3.91256700835121,0.356
9.5,0.779,0.945944898051675,3.92655131521908,0.356
9.5,0.78,0.945817538447556,3.940545604704,0.356
9.5,0.781,0.945690122766294,3.95454982776837,0.356
9.5,0.782,0.945562651511194,3.96856393557894,0.356
9.5,0.783,0.945435125183232,3.98258787950596,0.356
9.5,0.784,0.945307544281067,3.996621611122,0.356
9.5,0.785,0.945179909301054,4.01066508220105,0.356
9.5,0.786,0.945052220737251,4.02471824471751,0.356
9.5,0.787,0.944924479081434,4.0387810508451,0.356
9.5,0.788,0.944796684823105,4.0528534529559,0.356
9.5,0.789,0.944668838449507,4.06693540361951,0.356
9.5,0.79,0.944540940445631,4.08102685560185,0.356
9.5,0.791,0.944412991294228,4.09512776186434,0.356
9.5,0.792,0.944284991475821,4.10923807556289,0.356
9.5,0.793,0.944156941468716,4.12335775004677,0.356
9.5,0.794,0.944028841749012,4.13748673885794,0.356
9.5,0.795,0.943900692790608,4.15162499572999,0.356
9.5,0.796,0.94377249506522,4.16577247458718,0.356
9.5,0.797,0.943644249042389,4.17992912954328,0.356
9.5,0.798,0.943515955189487,4.19409491490119,0.356
9.5,0.799,0.943387613971739,4.20826978515128,0.356
9.5,0.8,0.943259225852219,4.22245369497101,0.356
9.75,0.2,0.96872610092866,1.43063026096069,0.355
9.75,0.201,0.968936933834736,1.40855976927405,0.355
9.75,0.202,0.969145632502223,1.38672215211333,0.355
9.75,0.203,0.969352211317411,1.36511561045232,0.355
9.75,0.204,0.969556684545502,1.34373836378381,0.355
9.75,0.205,0.96975906633196,1.32258864987187,0.355
9.75,0.206,0.96995937070386,1.30166472450777,0.355
9.75,0.207,0.970157611571206,1.28096486127003,0.355
9.75,0.208,0.970353802728229,1.26048735128894,0.355
9.75,0.209,0.970547957854672,1.24023050301452,0.355
9.75,0.21,0.970740090517052,1.22019264198816,0.355
9.75,0.211,0.9709302141699,1.2003721106191,0.355
9.75,0.212,0.971118342156993,1.18076726796321,0.355
9.75,0.213,0.971304487712555,1.16137648950645,0.355
9.75,0.214,0.971488663962451,1.14219816695134,0.355
9.75,0.215,0.971670883925357,1.12323070800702,0.355
9.75,0.216,0.97185116051392,1.10447253618284,0.355
9.75,0.217,0.972029506535889,1.08592209058529,0.355
9.75,0.218,0.97220593469525,1.06757782571787,0.355
9.75,0.219,0.972380457593321,1.04943821128469,0.355
9.75,0.22,0.972553087729848,1.03150173199678,0.355
9.75,0.221,0.972723837504086,1.01376688738162,0.355
9.75,0.222,0.972892719215847,0.99623219159608,0.355
9.75,0.223,0.973059745066561,0.978896173241428,0.355
9.75,0.224,0.973224927160294,0.961757375182182,0.355
9.75,0.225,0.973388277504775,0.944814354367463,0.355
9.75,0.226,0.973549808012391,0.928065681654777,0.355
9.75,0.227,0.973709530501183,0.911509941637179,0.355
9.75,0.228,0.973867456695816,0.895145732472824,0.355
9.75,0.229,0.974023598228545,0.878971665716866,0.355
9.75,0.23,0.974177966640164,0.862986366156582,0.355
9.75,0.231,0.974330573380939,0.847188471648574,0.355
9.75,0.232,0.974481429811536,0.831576632958586,0.355
9.75,0.233,0.974630547203932,0.816149513603714,0.355
9.75,0.234,0.974777936742308,0.800905789697359,0.355
9.75,0.235,0.974923609523948,0.785844149795811,0.355
9.75,0.236,0.975067576560102,0.770963294748017,0.355
9.75,0.237,0.97520984877686,0.756261937547076,0.355
9.75,0.238,0.975350437015998,0.741738803183911,0.355
9.75,0.239,0.975489352035824,0.727392628503587,0.355
9.75,0.24,0.975626604512005,0.713222162063309,0.355
9.75,0.241,0.975762205038387,0.699226163992916,0.355
9.75,0.242,0.97589616412781,0.685403405856966,0.355
9.75,0.243,0.976028492212898,0.67175267051951,0.355
9.75,0.244,0.976159199646853,0.658272752010225,0.355
9.75,0.245,0.976288296704232,0.644962455392983,0.355
9.75,0.246,0.976415793581715,0.631820596635913,0.355
9.75,0.247,0.976541700398864,0.618846002483786,0.355
9.75,0.248,0.976666027198874,0.606037510332169,0.355
9.75,0.249,0.976788783949308,0.593393968102962,0.355
9.75,0.25,0.976909980542833,0.58091423412252,0.355
9.75,0.251,0.977029626797937,0.56859717700064,0.355
9.75,0.252,0.977147732459642,0.556441675512143,0.355
9.75,0.253,0.977264307200212,0.544446618479477,0.355
9.75,0.254,0.977379360619838,0.532610904657349,0.355
9.75,0.255,0.977492902247335,0.52093344261912,0.355
9.75,0.256,0.977604941540814,0.509413150644167,0.355
9.75,0.257,0.977715487888349,0.498048956607855,0.355
9.75,0.258,0.977824550608645,0.486839797871919,0.355
9.75,0.259,0.977932138951686,0.475784621177411,0.355
9.75,0.26,0.978038262099383,0.464882382538634,0.355
9.75,0.261,0.978142929166209,0.454132047138334,0.355
9.75,0.262,0.978246149199831,0.443532589224893,0.355
9.75,0.263,0.978347931181732,0.433082992010814,0.355
9.75,0.264,0.978448284027825,0.422782247572218,0.355
9.75,0.265,0.978547216589062,0.412629356750105,0.355
9.75,0.266,0.978644737652031,0.402623329053231,0.355
9.75,0.267,0.978740855939553,0.392763182561384,0.355
9.75,0.268,0.978835580111267,0.383047943831061,0.355
9.75,0.269,0.978928918764207,0.373476647801763,0.355
9.75,0.27,0.97902088043338,0.364048337703737,0.355
9.75,0.271,0.979111473592324,0.354762064967051,0.355
9.75,0.272,0.979200706653676,0.345616889131906,0.355
9.75,0.273,0.979288587969716,0.336611877759929,0.355
9.75,0.274,0.979375125832922,0.327746106346938,0.355
9.75,0.275,0.979460328476502,0.319018658236847,0.355
9.75,0.276,0.979544204074934,0.310428624536407,0.355
9.75,0.277,0.979626760744491,0.30197510403156,0.355
9.75,0.278,0.979708006543762,0.293657203104591,0.355
9.75,0.279,0.979787949474169,0.285474035652533,0.355
9.75,0.28,0.979866597480479,0.277424723006248,0.355
9.75,0.281,0.979943958451302,0.269508393851603,0.355
9.75,0.282,0.980020040219597,0.261724184150181,0.355
9.75,0.283,0.980094850563159,0.254071237062425,0.355
9.75,0.284,0.980168397205108,0.246548702871086,0.355
9.75,0.285,0.980240687814375,0.239155738905561,0.355
9.75,0.286,0.980311730006169,0.231891509467808,0.355
9.75,0.287,0.980381531342458,0.224755185758596,0.355
9.75,0.288,0.98045009933243,0.217745945805237,0.355
9.75,0.289,0.980517441432955,0.210862974389658,0.355
9.75,0.29,0.980583565049039,0.204105462978155,0.355
9.75,0.291,0.980648477534277,0.197472609651328,0.355
9.75,0.292,0.980712186191298,0.190963619035345,0.355
9.75,0.293,0.980774698272207,0.184577702233968,0.355
9.75,0.294,0.980836020979017,0.178314076761521,0.355
9.75,0.295,0.980896161464085,0.172171966476453,0.355
9.75,0.296,0.980955126830537,0.166150601516191,0.355
9.75,0.297,0.98101292413269,0.160249218232211,0.355
9.75,0.298,0.98106956037647,0.154467059126584,0.355
9.75,0.299,0.981125042519822,0.148803372789086,0.355
9.75,0.3,0.981179377473124,0.143257413834519,0.355
9.75,0.301,0.981232572099587,0.137828442841958,0.355
9.75,0.302,0.981284633215657,0.132515726293625,0.355
9.75,0.303,0.981335567591408,0.127318536515331,0.355
9.75,0.304,0.981385381950939,0.122236151617261,0.355
9.75,0.305,0.981434082972754,0.117267855435554,0.355
9.75,0.306,0.981481677290153,0.112412937474637,0.355
9.75,0.307,0.981528171491602,0.107670692850514,0.355
9.75,0.308,0.981573572121119,0.103040422234035,0.355
9.75,0.309,0.981617885678636,0.0985214317957395,0.355
9.75,0.31,0.981661118620373,0.0941130331509665,0.355
9.75,0.311,0.981703277359196,0.0898145433052999,0.355
9.75,0.312,0.981744368264982,0.0856252846016536,0.355
9.75,0.313,0.981784397664972,0.0815445846666041,0.355
9.75,0.314,0.981823371844124,0.0775717763588091,0.355
9.75,0.315,0.981861297045463,0.0737061977169606,0.355
9.75,0.316,0.981898179470424,0.0699471919091144,0.355
9.75,0.317,0.981934025279195,0.0662941071819745,0.355
9.75,0.318,0.981968840591056,0.0627462968115111,0.355
9.75,0.319,0.982002631484713,0.0593031190533777,0.355
9.75,0.32,0.982035403998629,0.0559639370946385,0.355
9.75,0.321,0.982067164131351,0.0527281190056961,0.355
9.75,0.322,0.982097917841837,0.0495950376927512,0.355
9.75,0.323,0.982127671049775,0.0465640708509518,0.355
9.75,0.324,0.982156429635904,0.0436346009183408,0.355
9.75,0.325,0.982184199442328,0.0408060150295597,0.355
9.75,0.326,0.98221098627282,0.0380777049713954,0.355
9.75,0.327,0.982236795893148,0.0354490671371055,0.355
9.75,0.328,0.982261634031363,0.0329195024832085,0.355
9.75,0.329,0.982285506378111,0.0304884164852748,0.355
9.75,0.33,0.98230841858693,0.0281552190948497,0.355
9.75,0.331,0.982330376274545,0.0259193246970879,0.355
9.75,0.332,0.982351385021168,0.0237801520682313,0.355
9.75,0.333,0.982371450370779,0.0217371243342646,0.355
9.75,0.334,0.982390577831422,0.0197896689295929,0.355
9.75,0.335,0.982408772875485,0.017937217556474,0.355
9.75,0.336,0.982426040939987,0.0161792061446731,0.355
9.75,0.337,0.982442387426853,0.014515074811694,0.355
9.75,0.338,0.982457817703192,0.012944267823678,0.355
9.75,0.339,0.982472337101572,0.0114662335563231,0.355
9.75,0.34,0.98248595092029,0.0100804244566266,0.355
9.75,0.341,0.982498664423645,0.00878629700484801,0.355
9.75,0.342,0.982510482842197,0.00758331167696191,0.355
9.75,0.343,0.982521411373037,0.00647093290757628,0.355
9.75,0.344,0.982531455180045,0.00544862905329513,0.355
9.75,0.345,0.982540619394146,0.0045158723565919,0.355
9.75,0.346,0.982548909113577,0.00367213890914986,0.355
9.75,0.347,0.982556329404123,0.00291690861773386,0.355
9.75,0.348,0.982562885299386,0.00224966516797487,0.355
9.75,0.349,0.982568581801022,0.00166989599015288,0.355
9.75,0.35,0.982573423878991,0.00117709222511309,0.355
9.75,0.351,0.982577416471805,0.000770748689915557,0.355
9.75,0.352,0.982580564486763,0.000450363844683999,0.355
9.75,0.353,0.982582872800194,0.000215439759254643,0.355
9.75,0.354,0.982584346257697,6.54820805356948e-05,0.355
9.75,0.355,0.98258498967437,0,0.355
9.75,0.356,0.982584807835048,1.85062216440102e-05,0.355
9.75,0.357,0.98258380549453,0.000120516930324222,0.355
9.75,0.358,0.982581987377811,0.00030555176027125,0.355
9.75,0.359,0.982579358180306,0.000573133764381062,0.355
9.75,0.36,0.982575922568076,0.000922789383106526,0.355
9.75,0.361,0.982571685178045,0.0013540484145258,0.355
9.75,0.362,0.98256665061823,0.00186644398407765,0.355
9.75,0.363,0.982560823467949,0.00245951251502952,0.355
9.75,0.364,0.982554208278043,0.00313279369905661,0.355
9.75,0.365,0.98254680957109,0.00388583046713187,0.355
9.75,0.366,0.982538631841613,0.0047181689609932,0.355
9.75,0.367,0.982529679556294,0.00562935850458857,0.355
9.75,0.368,0.982519957154182,0.00661895157592074,0.355
9.75,0.369,0.982509469046898,0.00768650377951374,0.355
9.75,0.37,0.982498219618839,0.00883157381850186,0.355
9.75,0.371,0.982486213227383,0.0100537234677622,0.355
9.75,0.372,0.982473454203089,0.0113525175468032,0.355
9.75,0.373,0.982459946849892,0.0127275238933189,0.355
9.75,0.374,0.982445695445309,0.0141783133364548,0.355
9.75,0.375,0.982430704240624,0.0157044596713174,0.355
9.75,0.376,0.98241497746109,0.0173055396325283,0.355
9.75,0.377,0.982398519306114,0.0189811328693557,0.355
9.75,0.378,0.982381333949454,0.0207308219199565,0.355
9.75,0.379,0.982363425539404,0.0225541921865302,0.355
9.75,0.38,0.982344798198978,0.024450831910805,0.355
9.75,0.381,0.9823254560261,0.0264203321493461,0.355
9.75,0.382,0.982305403093788,0.0284622867492867,0.355
9.75,0.383,0.982284643450327,0.0305762923247466,0.355
9.75,0.384,0.982263181119463,0.0327619482326957,0.355
9.75,0.385,0.982241020100567,0.0350188565498843,0.355
9.75,0.386,0.982218164368825,0.0373466220491725,0.355
9.75,0.387,0.982194617875404,0.0397448521770594,0.355
9.75,0.388,0.982170384547633,0.0422131570305906,0.355
9.75,0.389,0.982145468289169,0.0447511493349761,0.355
9.75,0.39,0.982119872980172,0.0473584444214969,0.355
9.75,0.391,0.982093602477475,0.0500346602050783,0.355
9.75,0.392,0.982066660614746,0.0527794171628848,0.355
9.75,0.393,0.982039051202666,0.0555923383123824,0.355
9.75,0.394,0.982010778029079,0.0584730491903329,0.355
9.75,0.395,0.981981844859168,0.0614211778313445,0.355
9.75,0.396,0.981952255435611,0.0644363547469773,0.355
9.75,0.397,0.981922013478745,0.0675182129053375,0.355
9.75,0.398,0.981891122686721,0.0706663877101388,0.355
9.75,0.399,0.981859586735666,0.0738805169805845,0.355
9.75,0.4,0.981827409279839,0.0771602409314065,0.355
9.75,0.401,0.981794593951783,0.0805052021528585,0.355
9.75,0.402,0.981761144362485,0.0839150455908433,0.355
9.75,0.403,0.981727064101522,0.0873894185277502,0.355
9.75,0.404,0.981692356737217,0.0909279705629595,0.355
9.75,0.405,0.981657025816786,0.0945303535938358,0.355
9.75,0.406,0.981621074866492,0.0981962217966315,0.355
9.75,0.407,0.981584507391782,0.101925231608013,0.355
9.75,0.408,0.981547326877447,0.10571704170641,0.355
9.75,0.409,0.981509536787755,0.109571312993517,0.355
9.75,0.41,0.981471140566601,0.113487708576487,0.355
9.75,0.411,0.98143214163765,0.117465893749569,0.355
9.75,0.412,0.981392543404474,0.121505535976429,0.355
9.75,0.413,0.981352349250695,0.125606304872683,0.355
9.75,0.414,0.981311562540125,0.129767872188191,0.355
9.75,0.415,0.981270186616902,0.133989911789789,0.355
9.75,0.416,0.981228224805627,0.138272099644476,0.355
9.75,0.417,0.981185680411499,0.142614113802031,0.355
9.75,0.418,0.98114255672045,0.147015634378489,0.355
9.75,0.419,0.98109885699928,0.151476343539447,0.355
9.75,0.42,0.981054584495786,0.155995925483632,0.355
9.75,0.421,0.981009742438894,0.160574066426711,0.355
9.75,0.422,0.98096433403879,0.165210454584774,0.355
9.75,0.423,0.980918362487048,0.169904780158858,0.355
9.75,0.424,0.98087183095676,0.17465673531869,0.355
9.75,0.425,0.980824742602659,0.179466014187235,0.355
9.75,0.426,0.980777100561245,0.184332312825264,0.355
9.75,0.427,0.980728907950915,0.18925532921561,0.355
9.75,0.428,0.98068016787208,0.19423476324838,0.355
9.75,0.429,0.980630883407293,0.199270316705458,0.355
9.75,0.43,0.980581057621366,0.204361693245936,0.355
9.75,0.431,0.980530693561494,0.209508598391128,0.355
9.75,0.432,0.980479794257374,0.21471073950996,0.355
9.75,0.433,0.980428362721322,0.219967825804446,0.355
9.75,0.434,0.980376401948392,0.225279568295256,0.355
9.75,0.435,0.980323914916494,0.230645679807595,0.355
9.75,0.436,0.980270904586507,0.236065874957148,0.355
9.75,0.437,0.980217373902398,0.241539870135776,0.355
9.75,0.438,0.980163325791329,0.247067383498112,0.355
9.75,0.439,0.980108763163778,0.252648134947653,0.355
9.75,0.44,0.980053688913646,0.258281846123132,0.355
9.75,0.441,0.97999810591837,0.26396824038506,0.355
9.75,0.442,0.979942017039034,0.269707042802625,0.355
9.75,0.443,0.979885425120475,0.275497980140149,0.355
9.75,0.444,0.979828332991396,0.281340780844519,0.355
9.75,0.445,0.979770743464472,0.287235175031575,0.355
9.75,0.446,0.979712659336454,0.293180894473788,0.355
9.75,0.447,0.979654083388282,0.299177672587359,0.355
9.75,0.448,0.97959501838518,0.305225244419782,0.355
9.75,0.449,0.97953546707677,0.311323346636994,0.355
9.75,0.45,0.979475432197171,0.317471717511375,0.355
9.75,0.451,0.979414916465101,0.323670096909523,0.355
9.75,0.452,0.97935392258398,0.329918226279746,0.355
9.75,0.453,0.97929245324203,0.336215848640453,0.355
9.75,0.454,0.97923051111238,0.342562708567939,0.355
9.75,0.455,0.979168098853157,0.348958552184775,0.355
9.75,0.456,0.979105219107591,0.355403127148102,0.355
9.75,0.457,0.979041874504114,0.361896182637822,0.355
9.75,0.458,0.978978067656449,0.368437469345539,0.355
9.75,0.459,0.978913801163716,0.375026739462658,0.355
9.75,0.46,0.978849077610521,0.381663746669636,0.355
9.75,0.461,0.978783899567054,0.388348246124304,0.355
9.75,0.462,0.978718269589182,0.395079994451408,0.355
9.75,0.463,0.978652190218543,0.401858749730954,0.355
9.75,0.464,0.978585663982638,0.408684271487814,0.355
9.75,0.465,0.978518693394923,0.415556320680888,0.355
9.75,0.466,0.978451280954901,0.422474659692296,0.355
9.75,0.467,0.978383429148211,0.429439052316827,0.355
9.75,0.468,0.97831514044672,0.436449263751548,0.355
9.75,0.469,0.978246417308611,0.44350506058537,0.355
9.75,0.47,0.97817726217847,0.450606210788784,0.355
9.75,0.471,0.978107677487376,0.457752483703566,0.355
9.75,0.472,0.978037665652988,0.464943650032734,0.355
9.75,0.473,0.97796722907963,0.47217948183047,0.355
9.75,0.474,0.977896370158375,0.479459752492506,0.355
9.75,0.475,0.977825091267139,0.486784236745552,0.355
9.75,0.476,0.97775339477075,0.494152710638529,0.355
9.75,0.477,0.977681283021049,0.501564951531885,0.355
9.75,0.478,0.977608758356961,0.509020738088783,0.355
9.75,0.479,0.977535823104581,0.51651985026524,0.355
9.75,0.48,0.977462479577258,0.524062069300846,0.355
9.75,0.481,0.977388730075674,0.531647177709327,0.355
9.75,0.482,0.977314576887925,0.539274959269265,0.355
9.75,0.483,0.977240022289602,0.54694519901517,0.355
9.75,0.484,0.977165068543871,0.554657683228044,0.355
9.75,0.485,0.977089717901546,0.562412199426832,0.355
9.75,0.486,0.97701397260118,0.570208536358807,0.355
9.75,0.487,0.976937834869125,0.578046483991601,0.355
9.75,0.488,0.976861306919627,0.585925833503542,0.355
9.75,0.489,0.976784390954891,0.59384637727562,0.355
9.75,0.49,0.976707089165158,0.601807908882512,0.355
9.75,0.491,0.976629403728787,0.609810223084084,0.355
9.75,0.492,0.976551336812321,0.617853115817124,0.355
9.75,0.493,0.976472890570568,0.625936384186776,0.355
9.75,0.494,0.976394067146674,0.634059826457967,0.355
9.75,0.495,0.976314868672189,0.642223242047724,0.355
9.75,0.496,0.976235297267151,0.650426431516449,0.355
9.75,0.497,0.976155355040148,0.658669196560102,0.355
9.75,0.498,0.976075044088396,0.666951340002142,0.355
9.75,0.499,0.975994366497806,0.675272665785243,0.355
9.75,0.5,0.975913324343058,0.683632978963922,0.355
9.75,0.501,0.975831919687665,0.692032085696326,0.355
9.75,0.502,0.975750154584052,0.70046979323628,0.355
9.75,0.503,0.975668031073616,0.708945909926184,0.355
9.75,0.504,0.975585551186799,0.717460245188795,0.355
9.75,0.505,0.975502716943152,0.726012609520077,0.355
9.75,0.506,0.975419530351409,0.734602814481189,0.355
9.75,0.507,0.97533599340955,0.743230672691442,0.355
9.75,0.508,0.975252108104864,0.751895997821084,0.355
9.75,0.509,0.97516787641402,0.760598604583285,0.355
9.75,0.51,0.975083300303134,0.769338308727496,0.355
9.75,0.511,0.974998381727825,0.778114927031992,0.355
9.75,0.512,0.974913122633291,0.786928277296783,0.355
9.75,0.513,0.974827524954365,0.795778178336559,0.355
9.75,0.514,0.97474159061558,0.804664449973491,0.355
9.75,0.515,0.974655321531236,0.813586913030528,0.355
9.75,0.516,0.974568719605458,0.822545389324358,0.355
9.75,0.517,0.974481786732258,0.831539701658701,0.355
9.75,0.518,0.974394524795606,0.840569673816915,0.355
9.75,0.519,0.974306935669474,0.849635130556448,0.355
9.75,0.52,0.974219021217916,0.858735897600882,0.355
9.75,0.521,0.974130783295114,0.867871801634101,0.355
9.75,0.522,0.974042223745446,0.877042670293537,0.355
9.75,0.523,0.973953344403543,0.886248332163531,0.355
9.75,0.524,0.973864147094346,0.895488616768936,0.355
9.75,0.525,0.973774633633169,0.904763354568927,0.355
9.75,0.526,0.973684805825755,0.914072376950292,0.355
9.75,0.527,0.973594665468332,0.923415516221326,0.355
9.75,0.528,0.973504214347677,0.932792605605504,0.355
9.75,0.529,0.973413454241163,0.942203479235504,0.355
9.75,0.53,0.973322386916825,0.951647972146819,0.355
9.75,0.531,0.973231014133413,0.961125920271488,0.355
9.75,0.532,0.973139337640444,0.970637160432641,0.355
9.75,0.533,0.973047359178264,0.98018153033792,0.355
9.75,0.534,0.972955080478098,0.989758868573842,0.355
9.75,0.535,0.972862503262108,0.999369014599805,0.355
9.75,0.536,0.972769629243445,1.00901180874224,0.355
9.75,0.537,0.972676460126305,1.01868709218875,0.355
9.75,0.538,0.972582997605979,1.02839470698239,0.355
9.75,0.539,0.97248924336891,1.03813449601622,0.355
9.75,0.54,0.972395199092745,1.04790630302698,0.355
9.75,0.541,0.972300866446385,1.05770997259025,0.355
9.75,0.542,0.97220624709004,1.06754535011426,0.355
9.75,0.543,0.972111342675278,1.07741228183473,0.355
9.75,0.544,0.972016154845079,1.0873106148092,0.355
9.75,0.545,0.971920685233885,1.09724019691162,0.355
9.75,0.546,0.971824935467648,1.10720087682703,0.355
9.75,0.547,0.971728907163886,1.11719250404612,0.355
9.75,0.548,0.971632601931726,1.12721492885992,0.355
9.75,0.549,0.971536021371958,1.13726800235459,0.355
9.75,0.55,0.971439167077084,1.1473515764062,0.355
9.75,0.551,0.971342040631366,1.15746550367533,0.355
9.75,0.552,0.971244643610874,1.16760963760221,0.355
9.75,0.553,0.971146977583534,1.17778383240164,0.355
9.75,0.554,0.971049044109179,1.18798794305734,0.355
9.75,0.555,0.970950844739592,1.19822182531781,0.355
9.75,0.556,0.970852381018557,1.20848533569071,0.355
9.75,0.557,0.970753654481901,1.21877833143811,0.355
9.75,0.558,0.970654666657548,1.22910067057154,0.355
9.75,0.559,0.970555419065559,1.2394522118472,0.355
9.75,0.56,0.970455913218179,1.24983281476114,0.355
9.75,0.561,0.970356150619885,1.26024233954438,0.355
9.75,0.562,0.970256132767431,1.27068064715794,0.355
9.75,0.563,0.970155861149888,1.28114759928881,0.355
9.75,0.564,0.970055337248697,1.2916430583445,0.355
9.75,0.565,0.969954562537704,1.30216688744889,0.355
9.75,0.566,0.969853538483214,1.3127189504373,0.355
9.75,0.567,0.969752266544026,1.32329911185218,0.355
9.75,0.568,0.969650748171483,1.33390723693847,0.355
9.75,0.569,0.969548984809508,1.3445431916391,0.355
9.75,0.57,0.969446977894656,1.35520684259032,0.355
9.75,0.571,0.969344728856151,1.36589805711766,0.355
9.75,0.572,0.969242239115926,1.37661670323146,0.355
9.75,0.573,0.969139510088671,1.38736264962194,0.355
9.75,0.574,0.969036543181871,1.39813576565566,0.355
9.75,0.575,0.968933339795848,1.40893592137086,0.355
9.75,0.576,0.968829901323804,1.41976298747288,0.355
9.75,0.577,0.968726229151859,1.43061683533074,0.355
9.75,0.578,0.968622324659092,1.44149733697203,0.355
9.75,0.579,0.968518189217586,1.45240436507932,0.355
9.75,0.58,0.968413824192461,1.46333779298591,0.355
9.75,0.581,0.968309230941919,1.47429749467167,0.355
9.75,0.582,0.968204410817281,1.48528334475879,0.355
9.75,0.583,0.968099365163027,1.49629521850825,0.355
9.75,0.584,0.967994095316836,1.50733299181522,0.355
9.75,0.585,0.967888602609624,1.51839654120545,0.355
9.75,0.586,0.967782888365581,1.52948574383118,0.355
9.75,0.587,0.967676953902211,1.54060047746731,0.355
9.75,0.588,0.967570800530372,1.55174062050736,0.355
9.75,0.589,0.967464429554308,1.56290605195972,0.355
9.75,0.59,0.967357842271691,1.57409665144392,0.355
9.75,0.591,0.967251039973658,1.5853122991865,0.355
9.75,0.592,0.967144023944846,1.59655287601757,0.355
9.75,0.593,0.967036795463431,1.60781826336687,0.355
9.75,0.594,0.966929355801161,1.61910834326018,0.355
9.75,0.595,0.966821706223398,1.63042299831542,0.355
9.75,0.596,0.966713847989147,1.64176211173932,0.355
9.75,0.597,0.966605782351098,1.65312556732338,0.355
9.75,0.598,0.966497510555658,1.66451324944052,0.355
9.75,0.599,0.966389033842988,1.67592504304155,0.355
9.75,0.6,0.966280353447036,1.68736083365149,0.355
9.75,0.601,0.966171470595573,1.69882050736592,0.355
9.75,0.602,0.966062386510231,1.71030395084777,0.355
9.75,0.603,0.965953102406531,1.72181105132365,0.355
9.75,0.604,0.965843619493921,1.7333416965803,0.355
9.75,0.605,0.965733938975811,1.74489577496155,0.355
9.75,0.606,0.965624062049603,1.75647317536451,0.355
9.75,0.607,0.96551398990673,1.76807378723622,0.355
9.75,0.608,0.965403723732681,1.77969750057085,0.355
9.75,0.609,0.965293264707043,1.79134420590559,0.355
9.75,0.61,0.96518261400353,1.80301379431775,0.355
9.75,0.611,0.965071772790011,1.8147061574217,0.355
9.75,0.612,0.964960742228553,1.82642118736502,0.355
9.75,0.613,0.964849523475443,1.83815877682592,0.355
9.75,0.614,0.964738117681227,1.84991881900953,0.355
9.75,0.615,0.964626525990736,1.86170120764504,0.355
9.75,0.616,0.964514749543124,1.87350583698234,0.355
9.75,0.617,0.964402789471894,1.88533260178896,0.355
9.75,0.618,0.964290646904933,1.89718139734698,0.355
9.75,0.619,0.964178322964538,1.90905211944994,0.355
9.75,0.62,0.964065818767455,1.92094466439969,0.355
9.75,0.621,0.963953135424901,1.93285892900348,0.355
9.75,0.622,0.963840274042599,1.94479481057068,0.355
9.75,0.623,0.963727235720808,1.95675220691027,0.355
9.75,0.624,0.963614021554351,1.9687310163272,0.355
9.75,0.625,0.96350063263265,1.98073113761994,0.355
9.75,0.626,0.963387070039747,1.9927524700774,0.355
9.75,0.627,0.963273334854341,2.00479491347589,0.355
9.75,0.628,0.963159428149814,2.01685836807632,0.355
9.75,0.629,0.963045350994262,2.02894273462146,0.355
9.75,0.63,0.962931104450521,2.04104791433279,0.355
9.75,0.631,0.962816689576196,2.05317380890802,0.355
9.75,0.632,0.962702107423696,2.06532032051772,0.355
9.75,0.633,0.962587359040252,2.07748735180322,0.355
9.75,0.634,0.962472445467951,2.08967480587354,0.355
9.75,0.635,0.962357367743766,2.10188258630231,0.355
9.75,0.636,0.96224212689958,2.11411059712547,0.355
9.75,0.637,0.962126723962215,2.12635874283837,0.355
9.75,0.638,0.962011159953457,2.13862692839326,0.355
9.75,0.639,0.961895435890089,2.15091505919622,0.355
9.75,0.64,0.961779552783912,2.16322304110492,0.355
9.75,0.641,0.961663511641778,2.17555078042575,0.355
9.75,0.642,0.961547313465608,2.18789818391127,0.355
9.75,0.643,0.961430959252431,2.20026515875746,0.355
9.75,0.644,0.961314449994397,2.21265161260156,0.355
9.75,0.645,0.961197786678814,2.22505745351889,0.355
9.75,0.646,0.961080970288169,2.23748259002083,0.355
9.75,0.647,0.960964001800153,2.24992693105199,0.355
9.75,0.648,0.960846882187692,2.26239038598781,0.355
9.75,0.649,0.960729612418966,2.27487286463208,0.355
9.75,0.65,0.96061219345744,2.28737427721433,0.355
9.75,0.651,0.960494626261886,2.29989453438761,0.355
9.75,0.652,0.96037691178641,2.31243354722577,0.355
9.75,0.653,0.960259050980476,2.32499122722121,0.355
9.75,0.654,0.960141044788931,2.33756748628251,0.355
9.75,0.655,0.960022894152029,2.35016223673183,0.355
9.75,0.656,0.959904600005458,2.36277539130272,0.355
9.75,0.657,0.959786163280362,2.37540686313773,0.355
9.75,0.658,0.959667584903365,2.38805656578602,0.355
9.75,0.659,0.959548865796598,2.40072441320101,0.355
9.75,0.66,0.959430006877719,2.4134103197381,0.355
9.75,0.661,0.959311009059942,2.42611420015237,0.355
9.75,0.662,0.959191873252051,2.43883596959662,0.355
9.75,0.663,0.959072600358439,2.45157554361826,0.355
9.75,0.664,0.958953191279114,2.46433283815808,0.355
9.75,0.665,0.958833646909735,2.4771077695473,0.355
9.75,0.666,0.958713968141631,2.48990025450557,0.355
9.75,0.667,0.95859415586182,2.50271021013901,0.355
9.75,0.668,0.95847421095304,2.51553755393752,0.355
9.75,0.669,0.958354134293762,2.52838220377318,0.355
9.75,0.67,0.958233926758221,2.54124407789758,0.355
9.75,0.671,0.958113589216434,2.55412309494001,0.355
9.75,0.672,0.957993122534223,2.56701917390525,0.355
9.75,0.673,0.957872527573237,2.57993223417128,0.355
9.75,0.674,0.957751805190974,2.59286219548749,0.355
9.75,0.675,0.957630956240804,2.60580897797245,0.355
9.75,0.676,0.957509981571988,2.61877250211171,0.355
9.75,0.677,0.957388882029703,2.63175268875595,0.355
9.75,0.678,0.957267658455061,2.64474945911877,0.355
9.75,0.679,0.957146311685131,2.65776273477476,0.355
9.75,0.68,0.957024842552962,2.67079243765749,0.355
9.75,0.681,0.956903251887598,2.68383849005756,0.355
9.75,0.682,0.956781540514108,2.69690081462037,0.355
9.75,0.683,0.956659709253598,2.70997933434443,0.355
9.75,0.684,0.95653775892324,2.72307397257912,0.355
9.75,0.685,0.956415690336284,2.73618465302301,0.355
9.75,0.686,0.956293504302086,2.74931129972196,0.355
9.75,0.687,0.956171201626121,2.76245383706686,0.355
9.75,0.688,0.956048783110013,2.77561218979177,0.355
9.75,0.689,0.955926249551543,2.78878628297248,0.355
9.75,0.69,0.955803601744681,2.80197604202408,0.355
9.75,0.691,0.955680840479595,2.81518139269943,0.355
9.75,0.692,0.955557966542679,2.82840226108714,0.355
9.75,0.693,0.955434980716567,2.84163857360982,0.355
9.75,0.694,0.955311883780157,2.85489025702204,0.355
9.75,0.695,0.955188676508626,2.86815723840883,0.355
9.75,0.696,0.955065359673454,2.88143944518364,0.355
9.75,0.697,0.954941934042438,2.89473680508656,0.355
9.75,0.698,0.954818400379715,2.90804924618264,0.355
9.75,0.699,0.954694759445778,2.92137669685997,0.355
9.75,0.7,0.954571011997497,2.9347190858281,0.355
9.75,0.701,0.954447158788138,2.94807634211609,0.355
9.75,0.702,0.954323200567378,2.96144839507089,0.355
9.75,0.703,0.954199138081329,2.97483517435557,0.355
9.75,0.704,0.954074972072549,2.98823660994774,0.355
9.75,0.705,0.95395070328007,3.00165263213741,0.355
9.75,0.706,0.953826332439406,3.01508317152601,0.355
9.75,0.707,0.953701860282576,3.02852815902404,0.355
9.75,0.708,0.953577287538125,3.04198752584968,0.355
9.75,0.709,0.953452614931134,3.05546120352713,0.355
9.75,0.71,0.953327843183246,3.06894912388505,0.355
9.75,0.711,0.953202973012677,3.08245121905451,0.355
9.75,0.712,0.953078005134237,3.095967421468,0.355
9.75,0.713,0.952952940259347,3.10949766385724,0.355
9.75,0.714,0.952827779096054,3.1230418792519,0.355
9.75,0.715,0.952702522349054,3.13660000097777,0.355
9.75,0.716,0.952577170719701,3.15017196265552,0.355
9.75,0.717,0.95245172490603,3.16375769819857,0.355
9.75,0.718,0.952326185602772,3.17735714181224,0.355
9.75,0.719,0.952200553501371,3.19097022799149,0.355
9.75,0.72,0.952074829290001,3.20459689151975,0.355
9.75,0.721,0.951949013653578,3.21823706746758,0.355
9.75,0.722,0.951823107273787,3.23189069119056,0.355
9.75,0.723,0.95169711082909,3.24555769832813,0.355
9.75,0.724,0.951571024994741,3.25923802480221,0.355
9.75,0.725,0.951444850442809,3.27293160681548,0.355
9.75,0.726,0.951318587842189,3.2866383808499,0.355
9.75,0.727,0.951192237858622,3.30035828366524,0.355
9.75,0.728,0.951065801154707,3.31409125229771,0.355
9.75,0.729,0.950939278389916,3.32783722405856,0.355
9.75,0.73,0.950812670220619,3.3415961365322,0.355
9.75,0.731,0.950685977300086,3.35536792757538,0.355
9.75,0.732,0.950559200278514,3.36915253531529,0.355
9.75,0.733,0.950432339803036,3.3829498981482,0.355
9.75,0.734,0.950305396517738,3.39675995473838,0.355
9.75,0.735,0.950178371063677,3.41058264401617,0.355
9.75,0.736,0.950051264078892,3.42441790517705,0.355
9.75,0.737,0.949924076198421,3.43826567768002,0.355
9.75,0.738,0.949796808054318,3.45212590124615,0.355
9.75,0.739,0.949669460275662,3.46599851585763,0.355
9.75,0.74,0.949542033488583,3.47988346175558,0.355
9.75,0.741,0.949414528316262,3.49378067943975,0.355
9.75,0.742,0.949286945378959,3.50769010966634,0.355
9.75,0.743,0.949159285294018,3.52161169344696,0.355
9.75,0.744,0.949031548675889,3.53554537204752,0.355
9.75,0.745,0.948903736136136,3.54949108698643,0.355
9.75,0.746,0.948775848283459,3.56344878003365,0.355
9.75,0.747,0.948647885723698,3.57741839320946,0.355
9.75,0.748,0.948519849059855,3.59139986878281,0.355
9.75,0.749,0.948391738892109,3.60539314927018,0.355
9.75,0.75,0.948263555817824,3.61939817743449,0.355
9.75,0.751,0.948135300431566,3.63341489628359,0.355
9.75,0.752,0.948006973325119,3.64744324906903,0.355
9.75,0.753,0.947878575087494,3.6614831792851,0.355
9.75,0.754,0.947750106304948,3.67553463066705,0.355
9.75,0.755,0.947621567560994,3.68959754719016,0.355
9.75,0.756,0.947492959436415,3.70367187306893,0.355
9.75,0.757,0.947364282509281,3.7177575527547,0.355
9.75,0.758,0.947235537354956,3.73185453093567,0.355
9.75,0.759,0.947106724546117,3.74596275253514,0.355
9.75,0.76,0.946977844652766,3.76008216270998,0.355
9.75,0.761,0.94684889824224,3.77421270685017,0.355
9.75,0.762,0.946719885879229,3.78835433057712,0.355
9.75,0.763,0.946590808125786,3.80250697974245,0.355
9.75,0.764,0.94646166554134,3.81667060042719,0.355
9.75,0.765,0.94633245868271,3.83084513894025,0.355
9.75,0.766,0.946203188104116,3.84503054181751,0.355
9.75,0.767,0.946073854357196,3.8592267558204,0.355
9.75,0.768,0.945944457991013,3.87343372793512,0.355
9.75,0.769,0.945814999552073,3.88765140537111,0.355
9.75,0.77,0.945685479584332,3.90187973556035,0.355
9.75,0.771,0.945555898629215,3.91611866615571,0.355
9.75,0.772,0.945426257225621,3.93036814503034,0.355
9.75,0.773,0.945296555909943,3.94462812027632,0.355
9.75,0.774,0.945166795216073,3.95889854020339,0.355
9.75,0.775,0.945036975675421,3.9731793533383,0.355
9.75,0.776,0.944907097816921,3.98747050842334,0.355
9.75,0.777,0.944777162167048,4.00177195441531,0.355
9.75,0.778,0.944647169249827,4.01608364048458,0.355
9.75,0.779,0.944517119586844,4.03040551601412,0.355
9.75,0.78,0.944387013697264,4.04473753059793,0.355
9.75,0.781,0.944256852097835,4.05907963404046,0.355
9.75,0.782,0.944126635302905,4.07343177635557,0.355
9.75,0.783,0.94399636382443,4.08779390776521,0.355
9.75,0.784,0.94386603817199,4.10216597869846,0.355
9.75,0.785,0.943735658852796,4.11654793979059,0.355
9.75,0.786,0.943605226371705,4.13093974188208,0.355
9.75,0.787,0.943474741231229,4.14534133601734,0.355
9.75,0.788,0.943344203931549,4.15975267344393,0.355
9.75,0.789,0.943213614970522,4.17417370561153,0.355
9.75,0.79,0.943082974843698,4.1886043841709,0.355
9.75,0.791,0.942952284044323,4.20304466097285,0.355
9.75,0.792,0.942821543063362,4.21749448806723,0.355
9.75,0.793,0.942690752389499,4.23195381770203,0.355
9.75,0.794,0.942559912509151,4.2464226023224,0.355
9.75,0.795,0.942429023906484,4.26090079456962,0.355
9.75,0.796,0.942298087063417,4.27538834728018,0.355
9.75,0.797,0.942167102459636,4.28988521348481,0.355
9.75,0.798,0.942036070572606,4.30439134640743,0.355
9.75,0.799,0.94190499187758,4.31890669946431,0.355
9.75,0.8,0.941773866847609,4.33343122626322,0.355
10,0.2,0.968067986153558,1.44800118113806,0.355
10,0.201,0.968281785668506,1.42560115898953,0.355
10,0.202,0.968493420850184,1.40343763669202,0.355
10,0.203,0.968702906167552,1.38150879640435,0.355
10,0.204,0.968910255969289,1.35981283888997,0.355
10,0.205,0.969115484485123,1.33834798326946,0.355
10,0.206,0.96931860582715,1.31711246677624,0.355
10,0.207,0.969519633991136,1.29610454451718,0.355
10,0.208,0.969718582857787,1.27532248923687,0.355
10,0.209,0.969915466194015,1.25476459108569,0.355
10,0.21,0.970110297654177,1.23442915739191,0.355
10,0.211,0.970303090781293,1.21431451243761,0.355
10,0.212,0.970493859008259,1.19441899723791,0.355
10,0.213,0.970682615659026,1.17474096932428,0.355
10,0.214,0.970869373949774,1.15527880253099,0.355
10,0.215,0.971054146990063,1.13603088678542,0.355
10,0.216,0.971236947783975,1.11699562790104,0.355
10,0.217,0.971417789231224,1.0981714473749,0.355
10,0.218,0.97159668412827,1.07955678218705,0.355
10,0.219,0.971773645169406,1.06115008460408,0.355
10,0.22,0.971948684947826,1.04294982198565,0.355
10,0.221,0.972121815956689,1.02495447659368,0.355
10,0.222,0.972293050590162,1.00716254540498,0.355
10,0.223,0.972462401144445,0.98957253992662,0.355
10,0.224,0.972629879818792,0.972182986014247,0.355
10,0.225,0.972795498716509,0.954992423693302,0.355
10,0.226,0.972959269845939,0.937999406983114,0.355
10,0.227,0.973121205121441,0.921202503723273,0.355
10,0.228,0.973281316364345,0.904600295403202,0.355
10,0.229,0.973439615303907,0.888191376994141,0.355
10,0.23,0.973596113578235,0.871974356783878,0.355
10,0.231,0.973750822735216,0.855947856213723,0.355
10,0.232,0.973903754233428,0.840110509718039,0.355
10,0.233,0.974054919443033,0.824460964566542,0.355
10,0.234,0.974204329646669,0.808997880708517,0.355
10,0.235,0.974351996040317,0.793719930619874,0.355
10,0.236,0.974497929734168,0.778625799152044,0.355
10,0.237,0.974642141753478,0.763714183383368,0.355
10,0.238,0.974784643039401,0.748983792472924,0.355
10,0.239,0.974925444449823,0.734433347516061,0.355
10,0.24,0.975064556760179,0.720061581402431,0.355
10,0.241,0.975201990664265,0.705867238676117,0.355
10,0.242,0.975337756775032,0.691849075397366,0.355
10,0.243,0.975471865625371,0.678005859007524,0.355
10,0.244,0.975604327668901,0.664336368194074,0.355
10,0.245,0.975735153280726,0.650839392759717,0.355
10,0.246,0.975864352758199,0.63751373349159,0.355
10,0.247,0.975991936321667,0.624358202033948,0.355
10,0.248,0.976117914115214,0.611371620761236,0.355
10,0.249,0.97624229620739,0.598552822654019,0.355
10,0.25,0.976365092591928,0.585900651176252,0.355
10,0.251,0.976486313188461,0.573413960154512,0.355
10,0.252,0.976605967843223,0.561091613658693,0.355
10,0.253,0.976724066329743,0.548932485884768,0.355
10,0.254,0.976840618349531,0.536935461038901,0.355
10,0.255,0.976955633532758,0.525099433223275,0.355
10,0.256,0.977069121438921,0.513423306323779,0.355
10,0.257,0.977181091557509,0.501905993898766,0.355
10,0.258,0.97729155330865,0.490546419070159,0.355
10,0.259,0.977400516043767,0.479343514414943,0.355
10,0.26,0.977507989046203,0.46829622185951,0.355
10,0.261,0.977613981531857,0.457403492574548,0.355
10,0.262,0.97771850264981,0.446664286871501,0.355
10,0.263,0.977821561482933,0.436077574100713,0.355
10,0.264,0.977923167048499,0.425642332551046,0.355
10,0.265,0.978023328298783,0.415357549350492,0.355
10,0.266,0.978122054121657,0.405222220368362,0.355
10,0.267,0.978219353341171,0.39523535011905,0.355
10,0.268,0.97831523471814,0.385395951666623,0.355
10,0.269,0.978409706950711,0.375703046531095,0.355
10,0.27,0.978502778674936,0.366155664595746,0.355
10,0.271,0.978594458465322,0.356752844016084,0.355
10,0.272,0.978684754835395,0.347493631129292,0.355
10,0.273,0.978773676238239,0.338377080365593,0.355
10,0.274,0.978861231067041,0.329402254160693,0.355
10,0.275,0.978947427655624,0.320568222868922,0.355
10,0.276,0.979032274278976,0.311874064678186,0.355
10,0.277,0.979115779153771,0.303318865525459,0.355
10,0.278,0.979197950438887,0.294901719013962,0.355
10,0.279,0.979278796235918,0.286621726330805,0.355
10,0.28,0.979358324589675,0.278477996166426,0.355
10,0.281,0.979436543488688,0.270469644634352,0.355
10,0.282,0.979513460865701,0.262595795192788,0.355
10,0.283,0.979589084598155,0.254855578566415,0.355
10,0.284,0.979663422508679,0.247248132669831,0.355
10,0.285,0.979736482365559,0.239772602531918,0.355
10,0.286,0.979808271883215,0.232428140220664,0.355
10,0.287,0.979878798722667,0.225213904769772,0.355
10,0.288,0.979948070491997,0.218129062105432,0.355
10,0.289,0.980016094746804,0.211172784974689,0.355
10,0.29,0.980082878990661,0.204344252874034,0.355
10,0.291,0.980148430675554,0.19764265197999,0.355
10,0.292,0.980212757202329,0.191067175079174,0.355
10,0.293,0.980275865921131,0.184617021500322,0.355
10,0.294,0.980337764131832,0.178291397046926,0.355
10,0.295,0.980398459084461,0.172089513930507,0.355
10,0.296,0.980457957979627,0.166010590704779,0.355
10,0.297,0.98051626796894,0.16005385220097,0.355
10,0.298,0.98057339615542,0.15421852946349,0.355
10,0.299,0.980629349593913,0.148503859686788,0.355
10,0.3,0.980684135291493,0.142909086152598,0.355
10,0.301,0.980737760207862,0.137433458168656,0.355
10,0.302,0.980790231255751,0.132076231007305,0.355
10,0.303,0.980841555301311,0.126836665845342,0.355
10,0.304,0.980891739164501,0.121714029704956,0.355
10,0.305,0.980940789619472,0.11670759539455,0.355
10,0.306,0.98098871339495,0.111816641450924,0.355
10,0.307,0.981035517174612,0.107040452082052,0.355
10,0.308,0.981081207597457,0.102378317110374,0.355
10,0.309,0.981125791258176,0.0978295319170153,0.355
10,0.31,0.98116927470752,0.0933933973864542,0.355
10,0.311,0.981211664452654,0.0890692198522336,0.355
10,0.312,0.981252966957522,0.0848563110428691,0.355
10,0.313,0.981293188643199,0.080753988028559,0.355
10,0.314,0.981332335888239,0.0767615731688709,0.355
10,0.315,0.981370415029022,0.0728783940606714,0.355
10,0.316,0.9814074323601,0.0691037834868125,0.355
10,0.317,0.981443394134536,0.0654370793652825,0.355
10,0.318,0.981478306564238,0.06187762469958,0.355
10,0.319,0.981512175820293,0.0584247675285976,0.355
10,0.32,0.9815450080333,0.0550778608782165,0.355
10,0.321,0.981576809293688,0.0518362627127456,0.355
10,0.322,0.981607585652051,0.048699335887159,0.355
10,0.323,0.981637343119454,0.0456664481001345,0.355
10,0.324,0.981666087667762,0.0427369718471349,0.355
10,0.325,0.981693825229945,0.0399102843745558,0.355
10,0.326,0.981720561700391,0.0371857676341181,0.355
10,0.327,0.981746302935216,0.0345628082377925,0.355
10,0.328,0.981771054752564,0.0320407974134351,0.355
10,0.329,0.981794822932911,0.0296191309607341,0.355
10,0.33,0.981817613219359,0.0272972092080881,0.355
10,0.331,0.981839431317939,0.025074436968997,0.355
10,0.332,0.981860282897896,0.0229502235002288,0.355
10,0.333,0.981880173591983,0.0209239824597862,0.355
10,0.334,0.981899108996744,0.0189951318652293,0.355
10,0.335,0.981917094672803,0.0171630940527079,0.355
10,0.336,0.981934136145141,0.0154272956366386,0.355
10,0.337,0.981950238903376,0.0137871674695367,0.355
10,0.338,0.981965408402039,0.0122421446023813,0.355
10,0.339,0.981979650060848,0.0107916662455132,0.355
10,0.34,0.981992969264974,0.00943517573006591,0.355
10,0.341,0.982005371365316,0.00817212046952953,0.355
10,0.342,0.982016861678762,0.00700195192189224,0.355
10,0.343,0.982027445488452,0.0059241255523812,0.355
10,0.344,0.982037128044037,0.00493810079678081,0.355
10,0.345,0.982045914561943,0.00404334102397375,0.355
10,0.346,0.982053810225621,0.00323931350088014,0.355
10,0.347,0.982060820185798,0.00252548935597563,0.355
10,0.348,0.982066949560736,0.00190134354423055,0.355
10,0.349,0.98207220343647,0.00136635481218228,0.355
10,0.35,0.982076586867065,0.000920005663251899,0.355
10,0.351,0.982080104874848,0.000561782323682536,0.355
10,0.352,0.982082762450658,0.00029117470874418,0.355
10,0.353,0.982084564554082,0.00010767638927156,0.355
10,0.354,0.982085516113693,1.07845586239108e-05,0.355
10,0.355,0.982085622027281,0,0.355
10,0.356,0.98208488716209,7.48270541972573e-05,0.355
10,0.357,0.982083316355047,0.000234773587481918,0.355
10,0.358,0.98208091441299,0.000479350960036484,0.355
10,0.359,0.982077686112891,0.000808073994784664,0.355
10,0.36,0.982073636202086,0.00122046094646056,0.355
10,0.361,0.982068769398493,0.00171603347072224,0.355
10,0.362,0.982063090390832,0.00229431659430901,0.355
10,0.363,0.982056603838845,0.00295483868475444,0.355
10,0.364,0.982049314373509,0.00369713142109873,0.355
10,0.365,0.982041226597253,0.00452072976424578,0.355
10,0.366,0.98203234508417,0.00542517192823055,0.355
10,0.367,0.982022674380222,0.00640999935153097,0.355
10,0.368,0.982012219003455,0.00747475666860176,0.355
10,0.369,0.9820009834442,0.00861899168216329,0.355
10,0.37,0.981988972165282,0.00984225533466887,0.355
10,0.371,0.981976189602221,0.0111441016817704,0.355
10,0.372,0.981962640163429,0.0125240878646959,0.355
10,0.373,0.981948328230413,0.0139817740833159,0.355
10,0.374,0.981933258157974,0.0155167235696752,0.355
10,0.375,0.981917434274397,0.0171285025617252,0.355
10,0.376,0.981900860881649,0.0188166802772782,0.355
10,0.377,0.981883542255569,0.0205808288880727,0.355
10,0.378,0.981865482646059,0.0224205234945929,0.355
10,0.379,0.981846686277274,0.0243353421004677,0.355
10,0.38,0.981827157347803,0.0263248655880233,0.355
10,0.381,0.981806900030863,0.028388677693103,0.355
10,0.382,0.981785918474478,0.0305263649807097,0.355
10,0.383,0.981764216801659,0.0327375168214017,0.355
10,0.384,0.981741799110589,0.0350217253664464,0.355
10,0.385,0.981718669474799,0.0373785855247277,0.355
10,0.386,0.981694831943345,0.0398076949394088,0.355
10,0.387,0.981670290540987,0.0423086539642181,0.355
10,0.388,0.981645049268358,0.0448810656409782,0.355
10,0.389,0.981619112102142,0.0475245356765575,0.355
10,0.39,0.981592482995243,0.050238672420666,0.355
10,0.391,0.981565165876953,0.0530230868434511,0.355
10,0.392,0.981537164653123,0.0558773925133815,0.355
10,0.393,0.981508483206328,0.058801205575687,0.355
10,0.394,0.981479125396034,0.0617941447305537,0.355
10,0.395,0.981449095058759,0.0648558312118741,0.355
10,0.396,0.981418396008242,0.0679858887660201,0.355
10,0.397,0.981387032035593,0.0711839436312145,0.355
10,0.398,0.981355006909466,0.0744496245162374,0.355
10,0.399,0.981322324376206,0.0777825625806194,0.355
10,0.4,0.981288988160012,0.0811823914138587,0.355
10,0.401,0.981255001963096,0.084648747015148,0.355
10,0.402,0.981220369465826,0.0881812677743454,0.355
10,0.403,0.981185094326892,0.0917795944512356,0.355
10,0.404,0.981149180183447,0.0954433701569446,0.355
10,0.405,0.981112630651266,0.0991722403338002,0.355
10,0.406,0.981075449324891,0.102965852736991,0.355
10,0.407,0.981037639777778,0.106823857414939,0.355
10,0.408,0.980999205562447,0.11074590669129,0.355
10,0.409,0.980960150210624,0.114731655145794,0.355
10,0.41,0.98092047723339,0.118780759596082,0.355
10,0.411,0.980880190121318,0.122892879079739,0.355
10,0.412,0.980839292344621,0.127067674836034,0.355
10,0.413,0.980797787353288,0.131304810288047,0.355
10,0.414,0.980755678577223,0.13560395102552,0.355
10,0.415,0.980712969426394,0.139964764786438,0.355
10,0.416,0.980669663290951,0.144386921440809,0.355
10,0.417,0.980625763541382,0.148870092972797,0.355
10,0.418,0.980581273528633,0.153413953464043,0.355
10,0.419,0.980536196584251,0.158018179076658,0.355
10,0.42,0.980490536020513,0.162682448036877,0.355
10,0.421,0.980444295130558,0.167406440618323,0.355
10,0.422,0.980397477188517,0.172189839125836,0.355
10,0.423,0.980350085449644,0.177032327879156,0.355
10,0.424,0.980302123150446,0.181933593197159,0.355
10,0.425,0.980253593508803,0.186893323381843,0.355
10,0.426,0.980204499724104,0.191911208702589,0.355
10,0.427,0.980154844977365,0.196986941380706,0.355
10,0.428,0.98010463243136,0.20212021557402,0.355
10,0.429,0.980053865230736,0.207310727361643,0.355
10,0.43,0.980002546502141,0.212558174728739,0.355
10,0.431,0.979950679354346,0.217862257551804,0.355
10,0.432,0.979898266878362,0.22322267758339,0.355
10,0.433,0.979845312147559,0.228639138438269,0.355
10,0.434,0.979791818217791,0.234111345577714,0.355
10,0.435,0.979737788127503,0.239639006296355,0.355
10,0.436,0.979683224897856,0.245221829706832,0.355
10,0.437,0.979628131532839,0.250859526726432,0.355
10,0.438,0.979572511019385,0.256551810062589,0.355
10,0.439,0.979516366327484,0.262298394199423,0.355
10,0.44,0.979459700410293,0.26809899538367,0.355
10,0.441,0.979402516204256,0.273953331611154,0.355
10,0.442,0.979344816629206,0.279861122613467,0.355
10,0.443,0.979286604588478,0.285822089844623,0.355
10,0.444,0.979227882969023,0.291835956467379,0.355
10,0.445,0.979168654641511,0.297902447340737,0.355
10,0.446,0.979108922460438,0.304021289006662,0.355
10,0.447,0.979048689264238,0.310192209677118,0.355
10,0.448,0.978987957875384,0.316414939221499,0.355
10,0.449,0.978926731100496,0.322689209154037,0.355
10,0.45,0.978865011730442,0.329014752621126,0.355
10,0.451,0.978802802540445,0.335391304388954,0.355
10,0.452,0.978740106290185,0.341818600831312,0.355
10,0.453,0.978676925723897,0.34829637991749,0.355
10,0.454,0.978613263570476,0.354824381200025,0.355
10,0.455,0.978549122543577,0.361402345802664,0.355
10,0.456,0.978484505341711,0.368030016409127,0.355
10,0.457,0.978419414648348,0.374707137250652,0.355
10,0.458,0.978353853132012,0.381433454094671,0.355
10,0.459,0.978287823446378,0.388208714233373,0.355
10,0.46,0.978221328230372,0.395032666472339,0.355
10,0.461,0.978154370108261,0.401905061118835,0.355
10,0.462,0.978086951689752,0.408825649971201,0.355
10,0.463,0.978019075570085,0.415794186307195,0.355
10,0.464,0.977950744330128,0.422810424873266,0.355
10,0.465,0.977881960536465,0.429874121873586,0.355
10,0.466,0.977812726741492,0.436985034959458,0.355
10,0.467,0.977743045483509,0.444142923218105,0.355
10,0.468,0.977672919286808,0.451347547162517,0.355
10,0.469,0.977602350661763,0.4585986687208,0.355
10,0.47,0.977531342104922,0.465896051225623,0.355
10,0.471,0.97745989609909,0.473239459404073,0.355
10,0.472,0.977388015113426,0.480628659367244,0.355
10,0.473,0.977315701603519,0.488063418600126,0.355
10,0.474,0.977242958011485,0.495543505951734,0.355
10,0.475,0.977169786766044,0.503068691624864,0.355
10,0.476,0.977096190282612,0.510638747166348,0.355
10,0.477,0.977022170963382,0.518253445457284,0.355
10,0.478,0.976947731197408,0.525912560703312,0.355
10,0.479,0.976872873360692,0.533615868424775,0.355
10,0.48,0.976797599816258,0.541363145447726,0.355
10,0.481,0.976721912914247,0.549154169893695,0.355
10,0.482,0.976645814991987,0.556988721171026,0.355
10,0.483,0.976569308374078,0.564866579965262,0.355
10,0.484,0.976492395372475,0.572787528229801,0.355
10,0.485,0.976415078286563,0.580751349177144,0.355
10,0.486,0.976337359403238,0.588757827269548,0.355
10,0.487,0.976259240996986,0.596806748210188,0.355
10,0.488,0.976180725329961,0.604897898934098,0.355
10,0.489,0.97610181465206,0.61303106759969,0.355
10,0.49,0.976022511201003,0.621206043579625,0.355
10,0.491,0.975942817202407,0.62942261745238,0.355
10,0.492,0.975862734869862,0.637680580993716,0.355
10,0.493,0.975782266405006,0.645979727167845,0.355
10,0.494,0.975701413997599,0.654319850119389,0.355
10,0.495,0.975620179825599,0.662700745164746,0.355
10,0.496,0.975538566055233,0.671122208783848,0.355
10,0.497,0.97545657484107,0.679584038612013,0.355
10,0.498,0.975374208326095,0.688086033431667,0.355
10,0.499,0.975291468641779,0.6966279931643,0.355
10,0.5,0.975208357908153,0.705209718862543,0.355
10,0.501,0.975124878233874,0.713831012702149,0.355
10,0.502,0.975041031716299,0.722491677974024,0.355
10,0.503,0.974956820441554,0.731191519076591,0.355
10,0.504,0.974872246484602,0.739930341507855,0.355
10,0.505,0.974787311909315,0.748707951857863,0.355
10,0.506,0.974702018768536,0.757524157800926,0.355
10,0.507,0.974616369104153,0.766378768088427,0.355
10,0.508,0.974530364947162,0.775271592540761,0.355
10,0.509,0.974444008317737,0.784202442040405,0.355
10,0.51,0.974357301225293,0.793171128524395,0.355
10,0.511,0.974270245668554,0.802177464976839,0.355
10,0.512,0.974182843635617,0.811221265421946,0.355
10,0.513,0.974095097104017,0.82030234491679,0.355
10,0.514,0.974007008040795,0.829420519543977,0.355
10,0.515,0.973918578402553,0.83857560640479,0.355
10,0.516,0.973829810135529,0.8477674236121,0.355
10,0.517,0.973740705175647,0.856995790283666,0.355
10,0.518,0.973651265448594,0.866260526534735,0.355
10,0.519,0.97356149286987,0.875561453471607,0.355
10,0.52,0.973471389344854,0.884898393184841,0.355
10,0.521,0.973380956768868,0.894271168742455,0.355
10,0.522,0.973290197027232,0.903679604183183,0.355
10,0.523,0.973199111995331,0.913123524509873,0.355
10,0.524,0.973107703538667,0.922602755683255,0.355
10,0.525,0.973015973512928,0.932117124615006,0.355
10,0.526,0.972923923764036,0.941666459161583,0.355
10,0.527,0.972831556128217,0.951250588117714,0.355
10,0.528,0.97273887243205,0.96086934120998,0.355
10,0.529,0.972645874492529,0.970522549090824,0.355
10,0.53,0.972552564117122,0.980210043332019,0.355
10,0.531,0.972458943103824,0.989931656418519,0.355
10,0.532,0.972365013241214,0.999687221742529,0.355
10,0.533,0.972270776308516,1.00947657359713,0.355
10,0.534,0.97217623407565,1.01929954717042,0.355
10,0.535,0.972081388303287,1.02915597853956,0.355
10,0.536,0.971986240742911,1.03904570466462,0.355
10,0.537,0.971890793136862,1.04896856338297,0.355
10,0.538,0.971795047218401,1.0589243934032,0.355
10,0.539,0.971699004711759,1.06891303429948,0.355
10,0.54,0.971602667332189,1.07893432650572,0.355
10,0.541,0.971506036786025,1.08898811130973,0.355
10,0.542,0.971409114770728,1.09907423084794,0.355
10,0.543,0.971311902974942,1.10919252809956,0.355
10,0.544,0.971214403078545,1.11934284688087,0.355
10,0.545,0.971116616752704,1.12952503183976,0.355
10,0.546,0.97101854565992,1.13973892845065,0.355
10,0.547,0.970920191454084,1.14998438300842,0.355
10,0.548,0.970821555780525,1.16026124262352,0.355
10,0.549,0.970722640276063,1.17056935521627,0.355
10,0.55,0.970623446569057,1.18090856951178,0.355
10,0.551,0.970523976279451,1.19127873503471,0.355
10,0.552,0.970424231018832,1.20167970210372,0.355
10,0.553,0.970324212390471,1.2121113218267,0.355
10,0.554,0.970223921989375,1.22257344609531,0.355
10,0.555,0.970123361402335,1.23306592758003,0.355
10,0.556,0.970022532207973,1.24358861972518,0.355
10,0.557,0.96992143597679,1.25414137674362,0.355
10,0.558,0.969820074271214,1.26472405361211,0.355
10,0.559,0.969718448645647,1.27533650606595,0.355
10,0.56,0.969616560646508,1.28597859059449,0.355
10,0.561,0.969514411812285,1.29665016443612,0.355
10,0.562,0.969412003673577,1.30735108557327,0.355
10,0.563,0.969309337753141,1.31808121272781,0.355
10,0.564,0.969206415565936,1.32884040535628,0.355
10,0.565,0.96910323861917,1.33962852364509,0.355
10,0.566,0.968999808412346,1.35044542850584,0.355
10,0.567,0.968896126437302,1.36129098157078,0.355
10,0.568,0.968792194178256,1.37216504518811,0.355
10,0.569,0.968688013111856,1.38306748241741,0.355
10,0.57,0.968583584707214,1.39399815702526,0.355
10,0.571,0.968478910425957,1.40495693348033,0.355
10,0.572,0.968373991722267,1.41594367694942,0.355
10,0.573,0.968268830042923,1.42695825329273,0.355
10,0.574,0.968163426827343,1.43800052905951,0.355
10,0.575,0.968057783507631,1.44907037148359,0.355
10,0.576,0.967951901508612,1.46016764847927,0.355
10,0.577,0.967845782247877,1.47129222863702,0.355
10,0.578,0.967739427135824,1.48244398121888,0.355
10,0.579,0.9676328375757,1.49362277615455,0.355
10,0.58,0.96752601496364,1.50482848403699,0.355
10,0.581,0.967418960688709,1.51606097611849,0.355
10,0.582,0.967311676132937,1.52732012430643,0.355
10,0.583,0.96720416267137,1.53860580115877,0.355
10,0.584,0.967096421672099,1.54991787988075,0.355
10,0.585,0.966988454496301,1.56125623432022,0.355
10,0.586,0.966880262498286,1.57262073896378,0.355
10,0.587,0.966771847025526,1.58401126893295,0.355
10,0.588,0.966663209418699,1.59542769998005,0.355
10,0.589,0.966554351011727,1.60686990848444,0.355
10,0.59,0.966445273131813,1.61833777144824,0.355
10,0.591,0.966335977099478,1.62983116649316,0.355
10,0.592,0.966226464228601,1.64134997185583,0.355
10,0.593,0.966116735826457,1.65289406638467,0.355
10,0.594,0.966006793193746,1.6644633295358,0.355
10,0.595,0.965896637624645,1.67605764136922,0.355
10,0.596,0.965786270406828,1.68767688254534,0.355
10,0.597,0.965675692821516,1.69932093432097,0.355
10,0.598,0.965564906143503,1.71098967854608,0.355
10,0.599,0.965453911641199,1.72268299765959,0.355
10,0.6,0.965342710576662,1.7344007746863,0.355
10,0.601,0.965231304205635,1.74614289323294,0.355
10,0.602,0.96511969377758,1.75790923748482,0.355
10,0.603,0.965007880535714,1.76969969220222,0.355
10,0.604,0.964895865717044,1.78151414271668,0.355
10,0.605,0.964783650552399,1.793352474928,0.355
10,0.606,0.96467123626647,1.80521457530025,0.355
10,0.607,0.964558624077837,1.81710033085871,0.355
10,0.608,0.964445815199008,1.82900962918626,0.355
10,0.609,0.964332810836449,1.84094235842014,0.355
10,0.61,0.964219612190624,1.85289840724847,0.355
10,0.611,0.964106220456019,1.86487766490686,0.355
10,0.612,0.963992636821182,1.87688002117548,0.355
10,0.613,0.963878862468752,1.88890536637529,0.355
10,0.614,0.963764898575495,1.90095359136504,0.355
10,0.615,0.963650746312333,1.91302458753799,0.355
10,0.616,0.963536406844378,1.92511824681874,0.355
10,0.617,0.963421881330965,1.93723446165996,0.355
10,0.618,0.96330717092568,1.94937312503922,0.355
10,0.619,0.963192276776397,1.96153413045594,0.355
10,0.62,0.963077200025303,1.97371737192811,0.355
10,0.621,0.962961941808935,1.98592274398948,0.355
10,0.622,0.962846503258207,1.99815014168616,0.355
10,0.623,0.962730885498444,2.01039946057371,0.355
10,0.624,0.96261508964941,2.02267059671406,0.355
10,0.625,0.962499116825338,2.03496344667271,0.355
10,0.626,0.962382968134963,2.04727790751538,0.355
10,0.627,0.962266644681551,2.05961387680533,0.355
10,0.628,0.962150147562926,2.07197125260026,0.355
10,0.629,0.962033477871504,2.08434993344953,0.355
10,0.63,0.961916636694319,2.09674981839112,0.355
10,0.631,0.961799625113055,2.10917080694866,0.355
10,0.632,0.961682444204072,2.12161279912888,0.355
10,0.633,0.961565095038438,2.13407569541857,0.355
10,0.634,0.961447578681954,2.14655939678168,0.355
10,0.635,0.961329896195187,2.15906380465669,0.355
10,0.636,0.961212048633496,2.1715888209537,0.355
10,0.637,0.96109403704706,2.18413434805169,0.355
10,0.638,0.960975862480905,2.19670028879584,0.355
10,0.639,0.960857525974934,2.20928654649484,0.355
10,0.64,0.960739028563954,2.22189302491795,0.355
10,0.641,0.960620371277703,2.23451962829262,0.355
10,0.642,0.960501555140878,2.24716626130157,0.355
10,0.643,0.960382581173161,2.25983282908038,0.355
10,0.644,0.960263450389246,2.27251923721452,0.355
10,0.645,0.960144163798867,2.28522539173714,0.355
10,0.646,0.960024722406824,2.29795119912632,0.355
10,0.647,0.959905127213011,2.31069656630221,0.355
10,0.648,0.95978537921244,2.32346140062483,0.355
10,0.649,0.959665479395264,2.33624560989163,0.355
10,0.65,0.959545428746813,2.34904910233449,0.355
10,0.651,0.959425228247609,2.36187178661766,0.355
10,0.652,0.9593048788734,2.37471357183496,0.355
10,0.653,0.959184381595179,2.38757436750758,0.355
10,0.654,0.959063737379214,2.40045408358134,0.355
10,0.655,0.95894294718707,2.41335263042466,0.355
10,0.656,0.958822011975637,2.42626991882573,0.355
10,0.657,0.958700932697152,2.4392058599902,0.355
10,0.658,0.958579710299225,2.45216036553906,0.355
10,0.659,0.958458345724864,2.46513334750591,0.355
10,0.66,0.9583368399125,2.47812471833488,0.355
10,0.661,0.958215193796008,2.49113439087822,0.355
10,0.662,0.958093408304737,2.50416227839374,0.355
10,0.663,0.957971484363525,2.51720829454307,0.355
10,0.664,0.957849422892734,2.53027235338863,0.355
10,0.665,0.957727224808263,2.54335436939201,0.355
10,0.666,0.957604891021581,2.55645425741133,0.355
10,0.667,0.957482422439741,2.56957193269922,0.355
10,0.668,0.957359819965412,2.58270731090033,0.355
10,0.669,0.957237084496897,2.59586030804939,0.355
10,0.67,0.957114216928157,2.6090308405688,0.355
10,0.671,0.956991218148833,2.62221882526676,0.355
10,0.672,0.956868089044272,2.63542417933458,0.355
10,0.673,0.956744830495544,2.64864682034516,0.355
10,0.674,0.956621443379472,2.66188666625031,0.355
10,0.675,0.956497928568646,2.67514363537886,0.355
10,0.676,0.956374286931452,2.6884176464347,0.355
10,0.677,0.956250519332089,2.70170861849435,0.355
10,0.678,0.956126626630596,2.71501647100505,0.355
10,0.679,0.956002609682867,2.7283411237828,0.355
10,0.68,0.955878469340679,2.74168249701021,0.355
10,0.681,0.95575420645171,2.75504051123441,0.355
10,0.682,0.955629821859561,2.76841508736505,0.355
10,0.683,0.95550531640378,2.78180614667232,0.355
10,0.684,0.955380690919877,2.79521361078496,0.355
10,0.685,0.955255946239352,2.80863740168826,0.355
10,0.686,0.955131083189709,2.82207744172205,0.355
10,0.687,0.955006102594484,2.83553365357867,0.355
10,0.688,0.954881005273259,2.84900596030149,0.355
10,0.689,0.954755792041688,2.86249428528216,0.355
10,0.69,0.954630463711511,2.87599855225942,0.355
10,0.691,0.954505021090581,2.88951868531688,0.355
10,0.692,0.95437946498288,2.90305460888116,0.355
10,0.693,0.954253796188541,2.91660624772003,0.355
10,0.694,0.954128015503866,2.93017352694036,0.355
10,0.695,0.954002123721346,2.94375637198665,0.355
10,0.696,0.953876121629684,2.95735470863887,0.355
10,0.697,0.953750010013809,2.97096846301073,0.355
10,0.698,0.953623789654902,2.98459756154776,0.355
10,0.699,0.953497461330407,2.99824193102574,0.355
10,0.7,0.953371025814059,3.01190149854866,0.355
10,0.701,0.953244483875897,3.02557619154704,0.355
10,0.702,0.953117836282284,3.03926593777621,0.355
10,0.703,0.95299108379593,3.05297066531431,0.355
10,0.704,0.952864227175905,3.06669030256095,0.355
10,0.705,0.95273726717766,3.08042477823514,0.355
10,0.706,0.952610204553048,3.09417402137346,0.355
10,0.707,0.952483040050337,3.10793796132889,0.355
10,0.708,0.952355774414235,3.12171652776845,0.355
10,0.709,0.9522284083859,3.13550965067206,0.355
10,0.71,0.952100942702969,3.14931726033036,0.355
10,0.711,0.951973378099563,3.16313928734353,0.355
10,0.712,0.951845715306315,3.1769756626193,0.355
10,0.713,0.951717955050387,3.1908263173712,0.355
10,0.714,0.951590098055479,3.20469118311737,0.355
10,0.715,0.951462145041859,3.21857019167855,0.355
10,0.716,0.951334096726368,3.23246327517666,0.355
10,0.717,0.951205953822448,3.24637036603292,0.355
10,0.718,0.951077717040155,3.26029139696662,0.355
10,0.719,0.950949387086172,3.27422630099323,0.355
10,0.72,0.950820964663832,3.28817501142318,0.355
10,0.721,0.950692450473136,3.30213746185968,0.355
10,0.722,0.950563845210762,3.31611358619792,0.355
10,0.723,0.950435149570089,3.33010331862289,0.355
10,0.724,0.950306364241212,3.34410659360822,0.355
10,0.725,0.950177489910958,3.35812334591443,0.355
10,0.726,0.950048527262898,3.37215351058773,0.355
10,0.727,0.949919476977376,3.38619702295795,0.355
10,0.728,0.949790339731508,3.40025381863773,0.355
10,0.729,0.949661116199216,3.41432383352041,0.355
10,0.73,0.949531807051228,3.42840700377902,0.355
10,0.731,0.949402412955105,3.44250326586455,0.355
10,0.732,0.949272934575255,3.45661255650447,0.355
10,0.733,0.949143372572943,3.47073481270155,0.355
10,0.734,0.949013727606314,3.48486997173205,0.355
10,0.735,0.948884000330405,3.49901797114454,0.355
10,0.736,0.948754191397161,3.51317874875843,0.355
10,0.737,0.948624301455451,3.52735224266245,0.355
10,0.738,0.948494331151083,3.54153839121341,0.355
10,0.739,0.948364281126817,3.5557371330347,0.355
10,0.74,0.948234152022388,3.56994840701479,0.355
10,0.741,0.948103944474509,3.58417215230618,0.355
10,0.742,0.947973659116898,3.59840830832372,0.355
10,0.743,0.947843296580287,3.61265681474321,0.355
10,0.744,0.947712857492434,3.62691761150045,0.355
10,0.745,0.947582342478145,3.64119063878945,0.355
10,0.746,0.947451752159285,3.65547583706123,0.355
10,0.747,0.94732108715479,3.66977314702281,0.355
10,0.748,0.947190348080687,3.6840825096353,0.355
10,0.749,0.947059535550104,3.69840386611298,0.355
10,0.75,0.946928650173288,3.71273715792206,0.355
10,0.751,0.946797692557614,3.7270823267791,0.355
10,0.752,0.946666663307606,3.74143931464992,0.355
10,0.753,0.946535563024946,3.75580806374816,0.355
10,0.754,0.946404392308491,3.77018851653421,0.355
10,0.755,0.946273151754285,3.78458061571381,0.355
10,0.756,0.946141841955571,3.79898430423686,0.355
10,0.757,0.946010463502814,3.81339952529605,0.355
10,0.758,0.945879016983702,3.82782622232574,0.355
10,0.759,0.945747502983169,3.8422643390007,0.355
10,0.76,0.945615922083404,3.85671381923502,0.355
10,0.761,0.945484274863867,3.87117460718041,0.355
10,0.762,0.945352561901302,3.88564664722557,0.355
10,0.763,0.945220783769749,3.90012988399466,0.355
10,0.764,0.945088941040556,3.91462426234632,0.355
10,0.765,0.944957034282397,3.92912972737218,0.355
10,0.766,0.944825064061283,3.94364622439587,0.355
10,0.767,0.944693030940573,3.95817369897173,0.355
10,0.768,0.944560935480987,3.97271209688408,0.355
10,0.769,0.944428778240623,3.98726136414536,0.355
10,0.77,0.944296559774967,4.00182144699535,0.355
10,0.771,0.944164280636906,4.01639229190021,0.355
10,0.772,0.944031941376738,4.03097384555096,0.355
10,0.773,0.943899542542191,4.04556605486257,0.355
10,0.774,0.943767084678431,4.06016886697276,0.355
10,0.775,0.943634568328074,4.07478222924096,0.355
10,0.776,0.943501994031202,4.08940608924708,0.355
10,0.777,0.94336936232537,4.10404039479051,0.355
10,0.778,0.943236673745626,4.11868509388895,0.355
10,0.779,0.943103928824516,4.13334013477735,0.355
10,0.78,0.942971128092098,4.14800546590677,0.355
10,0.781,0.942838272075958,4.16268103594351,0.355
10,0.782,0.942705361301216,4.1773667937677,0.355
10,0.783,0.942572396290544,4.1920626884725,0.355
10,0.784,0.942439377564172,4.206768669363,0.355
10,0.785,0.942306305639904,4.22148468595498,0.355
10,0.786,0.942173181033131,4.23621068797402,0.355
10,0.787,0.942040004256834,4.25094662535472,0.355
10,0.788,0.941906775821608,4.26569244823896,0.355
10,0.789,0.941773496235664,4.28044810697559,0.355
10,0.79,0.941640166004845,4.29521355211899,0.355
10,0.791,0.941506785632636,4.30998873442832,0.355
10,0.792,0.941373355620177,4.32477360486618,0.355
10,0.793,0.94123987646627,4.33956811459788,0.355
10,0.794,0.941106348667397,4.35437221499047,0.355
10,0.795,0.940972772717724,4.36918585761141,0.355
10,0.796,0.940839149109119,4.38400899422804,0.355
10,0.797,0.940705478331157,4.39884157680621,0.355
10,0.798,0.940571760871135,4.41368355750944,0.355
10,0.799,0.940437997214081,4.42853488869825,0.355
10,0.8,0.940304187842767,4.44339552292843,0.355
10.25,0.2,0.967421276691223,1.46458373293827,0.354
10.25,0.201,0.967637941339042,1.44186471029411,0.354
10.25,0.202,0.967852412403807,1.41938572025664,0.354
10.25,0.203,0.968064704432072,1.39714492684546,0.354
10.25,0.204,0.968274831850939,1.37514051276479,0.354
10.25,0.205,0.968482808969371,1.35337067915575,0.354
10.25,0.206,0.968688649979488,1.33183364535254,0.354
10.25,0.207,0.968892368957839,1.31052764864323,0.354
10.25,0.208,0.969093979866661,1.28945094403379,0.354
10.25,0.209,0.96929349655511,1.26860180401687,0.354
10.25,0.21,0.969490932760487,1.24797851834355,0.354
10.25,0.211,0.969686302109435,1.22757939379952,0.354
10.25,0.212,0.969879618119122,1.20740275398445,0.354
10.25,0.213,0.970070894198415,1.18744693909512,0.354
10.25,0.214,0.970260143649018,1.1677103057123,0.354
10.25,0.215,0.970447379666617,1.14819122659051,0.354
10.25,0.216,0.970632615341989,1.12888809045188,0.354
10.25,0.217,0.97081586366211,1.10979930178257,0.354
10.25,0.218,0.970997137511236,1.09092328063298,0.354
10.25,0.219,0.971176449671977,1.07225846242114,0.354
10.25,0.22,0.971353812826352,1.05380329773865,0.354
10.25,0.221,0.971529239556827,1.03555625216061,0.354
10.25,0.222,0.971702742347348,1.01751580605747,0.354
10.25,0.223,0.971874333584349,0.999680454410701,0.354
10.25,0.224,0.972044025557751,0.982048706631189,0.354
10.25,0.225,0.972211830461948,0.964619086379814,0.354
10.25,0.226,0.972377760396779,0.947390131391757,0.354
10.25,0.227,0.972541827368487,0.930360393302809,0.354
10.25,0.228,0.972704043290661,0.913528437478717,0.354
10.25,0.229,0.972864419985172,0.896892842847197,0.354
10.25,0.23,0.973022969183097,0.880452201731852,0.354
10.25,0.231,0.973179702525617,0.86420511968992,0.354
10.25,0.232,0.973334631564923,0.848150215351007,0.354
10.25,0.233,0.973487767765094,0.832286120259429,0.354
10.25,0.234,0.973639122502976,0.816611478718232,0.354
10.25,0.235,0.973788707069034,0.801124947636045,0.354
10.25,0.236,0.973936532668211,0.785825196375756,0.354
10.25,0.237,0.974082610420765,0.770710906605609,0.354
10.25,0.238,0.974226951363091,0.755780772153103,0.354
10.25,0.239,0.974369566448546,0.741033498859944,0.354
10.25,0.24,0.974510466548253,0.726467804440278,0.354
10.25,0.241,0.974649662451896,0.712082418340021,0.354
10.25,0.242,0.974787164868512,0.697876081598947,0.354
10.25,0.243,0.97492298442726,0.683847546714977,0.354
10.25,0.244,0.975057131678194,0.669995577509219,0.354
10.25,0.245,0.975189617093018,0.656318948994494,0.354
10.25,0.246,0.975320451065833,0.642816447244843,0.354
10.25,0.247,0.975449643913875,0.629486869267182,0.354
10.25,0.248,0.975577205878247,0.616329022874873,0.354
10.25,0.249,0.975703147124636,0.603341726562867,0.354
10.25,0.25,0.975827477744027,0.590523809384957,0.354
10.25,0.251,0.975950207753404,0.577874110832477,0.354
10.25,0.252,0.97607134709644,0.565391480715283,0.354
10.25,0.253,0.976190905644192,0.553074779043516,0.354
10.25,0.254,0.976308893195769,0.540922875911787,0.354
10.25,0.255,0.976425319479006,0.528934651384905,0.354
10.25,0.256,0.976540194151122,0.517108995384841,0.354
10.25,0.257,0.976653526799376,0.505444807579547,0.354
10.25,0.258,0.976765326941709,0.493940997273423,0.354
10.25,0.259,0.976875604027383,0.482596483299158,0.354
10.25,0.26,0.97698436743761,0.471410193910882,0.354
10.25,0.261,0.977091626486174,0.460381066679405,0.354
10.25,0.262,0.97719739042005,0.449508048388059,0.354
10.25,0.263,0.977301668420005,0.438790094930908,0.354
10.25,0.264,0.977404469601204,0.42822617121141,0.354
10.25,0.265,0.9775058030138,0.41781525104343,0.354
10.25,0.266,0.977605677643524,0.407556317052737,0.354
10.25,0.267,0.977704102412262,0.39744836058031,0.354
10.25,0.268,0.977801086178631,0.387490381586986,0.354
10.25,0.269,0.977896637738541,0.377681388559248,0.354
10.25,0.27,0.97799076582576,0.36802039841628,0.354
10.25,0.271,0.978083479112466,0.358506436418149,0.354
10.25,0.272,0.97817478620979,0.349138536075921,0.354
10.25,0.273,0.978264695668365,0.33991573906178,0.354
10.25,0.274,0.978353215978854,0.330837095121539,0.354
10.25,0.275,0.978440355572484,0.321901661987312,0.354
10.25,0.276,0.978526122821562,0.313108505292581,0.354
10.25,0.277,0.978610526040002,0.304456698486666,0.354
10.25,0.278,0.978693573483825,0.295945322752145,0.354
10.25,0.279,0.978775273351675,0.287573466921875,0.354
10.25,0.28,0.978855633785309,0.279340227398284,0.354
10.25,0.281,0.978934662870103,0.271244708072627,0.354
10.25,0.282,0.979012368635526,0.263286020246389,0.354
10.25,0.283,0.979088759055637,0.255463282552837,0.354
10.25,0.284,0.979163842049556,0.24777562087992,0.354
10.25,0.285,0.979237625481941,0.240222168294246,0.354
10.25,0.286,0.979310117163448,0.232802064966053,0.354
10.25,0.287,0.979381324851205,0.225514458094933,0.354
10.25,0.288,0.97945125624926,0.218358501836713,0.354
10.25,0.289,0.979519919009037,0.211333357231136,0.354
10.25,0.29,0.979587320729785,0.204438192130629,0.354
10.25,0.291,0.979653468959022,0.197672181129671,0.354
10.25,0.292,0.979718371192967,0.191034505495735,0.354
10.25,0.293,0.97978203487698,0.184524353099924,0.354
10.25,0.294,0.979844467405987,0.178140918350023,0.354
10.25,0.295,0.979905676124908,0.171883402122841,0.354
10.25,0.296,0.979965668329072,0.165751011698601,0.354
10.25,0.297,0.980024451264635,0.159742960695608,0.354
10.25,0.298,0.980082032128992,0.15385846900573,0.354
10.25,0.299,0.980138418071182,0.148096762730776,0.354
10.25,0.3,0.98019361619229,0.142457074119817,0.354
10.25,0.301,0.980247633545846,0.136938641506856,0.354
10.25,0.302,0.980300477138217,0.131540709250055,0.354
10.25,0.303,0.980352153929003,0.126262527670562,0.354
10.25,0.304,0.980402670831414,0.121103352993224,0.354
10.25,0.305,0.980452034712661,0.116062447287324,0.354
10.25,0.306,0.980500252394322,0.111139078408473,0.354
10.25,0.307,0.980547330652731,0.106332519940788,0.354
10.25,0.308,0.980593276219335,0.101642051140094,0.354
10.25,0.309,0.980638095781068,0.0970669568777227,0.354
10.25,0.31,0.98068179598071,0.0926065275850263,0.354
10.25,0.311,0.980724383417247,0.0882600591985971,0.354
10.25,0.312,0.98076586464623,0.0840268531056676,0.354
10.25,0.313,0.980806246180117,0.0799062160912856,0.354
10.25,0.314,0.980845534488631,0.0758974602849127,0.354
10.25,0.315,0.980883735999102,0.0719999031082663,0.354
10.25,0.316,0.980920857096803,0.0682128672239379,0.354
10.25,0.317,0.980956904125294,0.0645356804840569,0.354
10.25,0.318,0.980991883386753,0.0609676758800859,0.354
10.25,0.319,0.98102580114231,0.0575081914930164,0.354
10.25,0.32,0.981058663612369,0.0541565704441638,0.354
10.25,0.321,0.981090476976938,0.0509121608465168,0.354
10.25,0.322,0.981121247375947,0.0477743157568433,0.354
10.25,0.323,0.981150980909571,0.0447423931277946,0.354
10.25,0.324,0.981179683638535,0.041815755761454,0.354
10.25,0.325,0.981207361584437,0.0389937712627741,0.354
10.25,0.326,0.981234020730048,0.0362758119937245,0.354
10.25,0.327,0.981259667019624,0.0336612550280391,0.354
10.25,0.328,0.981284306359203,0.0311494821064962,0.354
10.25,0.329,0.981307944616913,0.0287398795923988,0.354
10.25,0.33,0.981330587623257,0.0264318384284534,0.354
10.25,0.331,0.981352241171418,0.0242247540928497,0.354
10.25,0.332,0.981372911017545,0.0221180265569609,0.354
10.25,0.333,0.981392602881041,0.0201110602429999,0.354
10.25,0.334,0.98141132244485,0.0182032639822305,0.354
10.25,0.335,0.981429075355741,0.0163940509737559,0.354
10.25,0.336,0.981445867224584,0.0146828387438402,0.354
10.25,0.337,0.981461703626631,0.0130690491051633,0.354
10.25,0.338,0.981476590101789,0.0115521081175407,0.354
10.25,0.339,0.981490532154895,0.0101314460480006,0.354
10.25,0.34,0.98150353525598,0.00880649733203676,0.354
10.25,0.341,0.981515604840542,0.00757670053515014,0.354
10.25,0.342,0.981526746309806,0.00644149831456886,0.354
10.25,0.343,0.981536965030989,0.005400337381678,0.354
10.25,0.344,0.981546266337557,0.00445266846484937,0.354
10.25,0.345,0.981554655529486,0.00359794627240451,0.354
10.25,0.346,0.981562137873511,0.00283562945648796,0.354
10.25,0.347,0.981568718603382,0.0021651805769185,0.354
10.25,0.348,0.981574402920115,0.00158606606539546,0.354
10.25,0.349,0.981579195992236,0.00109775619072661,0.354
10.25,0.35,0.981583102956027,0.000699725023656228,0.354
10.25,0.351,0.981586128915774,0.000391450402448257,0.354
10.25,0.352,0.981588278944001,0.000172413899157675,0.354
10.25,0.353,0.981589558081712,4.21007855244682e-05,0.354
10.25,0.354,0.981589971338626,0,0.354
10.25,0.355,0.981589523693415,4.56041145957542e-05,0.354
10.25,0.356,0.981588220093929,0.000178409302553639,0.354
10.25,0.357,0.981586065457432,0.00039791530579425,0.354
10.25,0.358,0.981583064670829,0.000703625403319919,0.354
10.25,0.359,0.981579222590886,0.00109504637963997,0.354
10.25,0.36,0.981574544044464,0.00157168849332923,0.354
10.25,0.361,0.981569033828731,0.00213306544663006,0.354
10.25,0.362,0.981562696711385,0.00277869435472144,0.354
10.25,0.363,0.981555537430874,0.00350809571536548,0.354
10.25,0.364,0.981547560696608,0.00432079337939761,0.354
10.25,0.365,0.981538771189177,0.00521631452088389,0.354
10.25,0.366,0.981529173560557,0.0061941896081219,0.354
10.25,0.367,0.981518772434325,0.00725395237470838,0.354
10.25,0.368,0.981507572405866,0.00839513979078443,0.354
10.25,0.369,0.981495578042576,0.00961729203492467,0.354
10.25,0.37,0.98148279388407,0.0109199524662706,0.354
10.25,0.371,0.981469224442383,0.0123026675963089,0.354
10.25,0.372,0.981454874202173,0.0137649870620482,0.354
10.25,0.373,0.981439747620913,0.0153064635987299,0.354
10.25,0.374,0.9814238491291,0.016926653012761,0.354
10.25,0.375,0.981407183130436,0.0186251141556903,0.354
10.25,0.376,0.981389754002036,0.0204014088973414,0.354
10.25,0.377,0.981371566094607,0.0222551021004547,0.354
10.25,0.378,0.981352623732651,0.0241857615943308,0.354
10.25,0.379,0.98133293121464,0.0261929581500731,0.354
10.25,0.38,0.981312492813218,0.0282762654546964,0.354
10.25,0.381,0.981291312775373,0.0304352600868807,0.354
10.25,0.382,0.981269395322628,0.0326695214919015,0.354
10.25,0.383,0.981246744651222,0.0349786319572498,0.354
10.25,0.384,0.98122336493229,0.0373621765887622,0.354
10.25,0.385,0.981199260312042,0.0398197432863734,0.354
10.25,0.386,0.981174434911941,0.0423509227207797,0.354
10.25,0.387,0.981148892828876,0.0449553083099019,0.354
10.25,0.388,0.981122638135344,0.0476324961954822,0.354
10.25,0.389,0.981095674879612,0.0503820852207015,0.354
10.25,0.39,0.981068007085899,0.0532036769069322,0.354
10.25,0.391,0.981039638754539,0.0560968754316216,0.354
10.25,0.392,0.981010573862154,0.0590612876058882,0.354
10.25,0.393,0.980980816361814,0.0620965228526726,0.354
10.25,0.394,0.980950370183213,0.0652021931847768,0.354
10.25,0.395,0.980919239232824,0.0683779131834372,0.354
10.25,0.396,0.980887427394069,0.0716232999768751,0.354
10.25,0.397,0.980854938527473,0.074937973219269,0.354
10.25,0.398,0.980821776470832,0.0783215550697491,0.354
10.25,0.399,0.980787945039364,0.0817736701718808,0.354
10.25,0.4,0.980753448025875,0.0852939456328361,0.354
10.25,0.401,0.980718289200906,0.0888820110034549,0.354
10.25,0.402,0.980682472312895,0.0925374982578386,0.354
10.25,0.403,0.980646001088327,0.0962600417736992,0.354
10.25,0.404,0.980608879231884,0.100049278312753,0.354
10.25,0.405,0.980571110426605,0.103904847000691,0.354
10.25,0.406,0.980532698334023,0.107826389308574,0.354
10.25,0.407,0.980493646594323,0.111813549033357,0.354
10.25,0.408,0.980453958826485,0.115865972278906,0.354
10.25,0.409,0.980413638628433,0.11998330743741,0.354
10.25,0.41,0.980372689577174,0.124165205170823,0.354
10.25,0.411,0.980331115228948,0.128411318392563,0.354
10.25,0.412,0.980288919119368,0.132721302249106,0.354
10.25,0.413,0.980246104763558,0.137094814102112,0.354
10.25,0.414,0.980202675656296,0.141531513510817,0.354
10.25,0.415,0.980158635272157,0.146031062213869,0.354
10.25,0.416,0.980113987065642,0.150593124112319,0.354
10.25,0.417,0.980068734471321,0.155217365252036,0.354
10.25,0.418,0.980022880903964,0.159903453806765,0.354
10.25,0.419,0.979976429758682,0.164651060060828,0.354
10.25,0.42,0.979929384411052,0.169459856392828,0.354
10.25,0.421,0.979881748217256,0.174329517258376,0.354
10.25,0.422,0.979833524514209,0.17925971917403,0.354
10.25,0.423,0.979784716619689,0.184250140700914,0.354
10.25,0.424,0.979735327832466,0.189300462428355,0.354
10.25,0.425,0.979685361432431,0.19441036695802,0.354
10.25,0.426,0.979634820680725,0.199579538888073,0.354
10.25,0.427,0.979583708819858,0.204807664797313,0.354
10.25,0.428,0.97953202907384,0.210094433229724,0.354
10.25,0.429,0.979479784648305,0.215439534679018,0.354
10.25,0.43,0.97942697873063,0.220842661573384,0.354
10.25,0.431,0.979373614490059,0.226303508260384,0.354
10.25,0.432,0.979319695077825,0.231821770991858,0.354
10.25,0.433,0.979265223627268,0.237397147909291,0.354
10.25,0.434,0.979210203253955,0.243029339028866,0.354
10.25,0.435,0.979154637055799,0.248718046227125,0.354
10.25,0.436,0.979098528113174,0.254462973226421,0.354
10.25,0.437,0.979041879489031,0.260263825580687,0.354
10.25,0.438,0.978984694229019,0.2661203106612,0.354
10.25,0.439,0.97892697536159,0.272032137642619,0.354
10.25,0.44,0.978868725898121,0.277999017489172,0.354
10.25,0.441,0.978809948833022,0.284020662940643,0.354
10.25,0.442,0.978750647143847,0.290096788499206,0.354
10.25,0.443,0.978690823791409,0.29622711041537,0.354
10.25,0.444,0.978630481719886,0.302411346674925,0.354
10.25,0.445,0.978569623856933,0.308649216985613,0.354
10.25,0.446,0.978508253113786,0.314940442764122,0.354
10.25,0.447,0.978446372385376,0.321284747122785,0.354
10.25,0.448,0.978383984550429,0.327681854856876,0.354
10.25,0.449,0.978321092471575,0.334131492431933,0.354
10.25,0.45,0.978257698995452,0.340633387970923,0.354
10.25,0.451,0.978193806952811,0.347187271241745,0.354
10.25,0.452,0.978129419158619,0.353792873644876,0.354
10.25,0.453,0.97806453841216,0.36044992820099,0.354
10.25,0.454,0.97799916749714,0.367158169538717,0.354
10.25,0.455,0.977933309181783,0.373917333882701,0.354
10.25,0.456,0.977866966218935,0.380727159041583,0.354
10.25,0.457,0.977800141346162,0.387587384395993,0.354
10.25,0.458,0.97773283728585,0.394497750886957,0.354
10.25,0.459,0.9776650567453,0.40145800100424,0.354
10.25,0.46,0.977596802416827,0.408467878774532,0.354
10.25,0.461,0.977528076977856,0.415527129750393,0.354
10.25,0.462,0.977458883091019,0.422635500998658,0.354
10.25,0.463,0.977389223404246,0.429792741089252,0.354
10.25,0.464,0.977319100550864,0.436998600084149,0.354
10.25,0.465,0.977248517149686,0.444252829526248,0.354
10.25,0.466,0.977177475805106,0.451555182428298,0.354
10.25,0.467,0.977105979107194,0.458905413262256,0.354
10.25,0.468,0.977034029631779,0.466303277948699,0.354
10.25,0.469,0.976961629940549,0.473748533845608,0.354
10.25,0.47,0.976888782581134,0.481240939738425,0.354
10.25,0.471,0.976815490087198,0.48878025582928,0.354
10.25,0.472,0.97674175497853,0.496366243726643,0.354
10.25,0.473,0.976667579761126,0.503998666435113,0.354
10.25,0.474,0.976592966927283,0.51167728834518,0.354
10.25,0.475,0.97651791895568,0.519401875223213,0.354
10.25,0.476,0.976442438311466,0.527172194201375,0.354
10.25,0.477,0.976366527446349,0.534988013767612,0.354
10.25,0.478,0.976290188798674,0.542849103756105,0.354
10.25,0.479,0.97621342479351,0.550755235337386,0.354
10.25,0.48,0.976136237842736,0.558706181008461,0.354
10.25,0.481,0.976058630345119,0.566701714583595,0.354
10.25,0.482,0.975980604686403,0.574741611184604,0.354
10.25,0.483,0.97590216323938,0.582825647231511,0.354
10.25,0.484,0.975823308363984,0.590953600433131,0.354
10.25,0.485,0.975744042407359,0.59912524977801,0.354
10.25,0.486,0.975664367703948,0.607340375525123,0.354
10.25,0.487,0.975584286575568,0.615598759194769,0.354
10.25,0.488,0.975503801331487,0.623900183559689,0.354
10.25,0.489,0.975422914268507,0.632244432636075,0.354
10.25,0.49,0.975341627671038,0.640631291674532,0.354
10.25,0.491,0.975259943811175,0.649060547151659,0.354
10.25,0.492,0.975177864948773,0.657531986761195,0.354
10.25,0.493,0.97509539333153,0.666045399405135,0.354
10.25,0.494,0.975012531195052,0.674600575185691,0.354
10.25,0.495,0.974929280762935,0.683197305396299,0.354
10.25,0.496,0.974845644246835,0.691835382513561,0.354
10.25,0.497,0.974761623846544,0.700514600188806,0.354
10.25,0.498,0.974677221750064,0.709234753239718,0.354
10.25,0.499,0.974592440133674,0.717995637642344,0.354
10.25,0.5,0.97450728116201,0.726797050522854,0.354
10.25,0.501,0.974421746988129,0.735638790149484,0.354
10.25,0.502,0.974335839753586,0.744520655924452,0.354
10.25,0.503,0.974249561588498,0.753442448376407,0.354
10.25,0.504,0.97416291461162,0.762403969152103,0.354
10.25,0.505,0.974075900930412,0.771405021008831,0.354
10.25,0.506,0.973988522641107,0.780445407806929,0.354
10.25,0.507,0.973900781828782,0.789524934501573,0.354
10.25,0.508,0.973812680567422,0.798643407135802,0.354
10.25,0.509,0.97372422091999,0.807800632832611,0.354
10.25,0.51,0.973635404938497,0.816996419787364,0.354
10.25,0.511,0.973546234664058,0.826230577261033,0.354
10.25,0.512,0.973456712126974,0.835502915571973,0.354
10.25,0.513,0.973366839346783,0.844813246089426,0.354
10.25,0.514,0.973276618332331,0.854161381225849,0.354
10.25,0.515,0.973186051081838,0.863547134429865,0.354
10.25,0.516,0.97309513958296,0.872970320179256,0.354
10.25,0.517,0.973003885812854,0.882430753973762,0.354
10.25,0.518,0.972912291738239,0.891928252328222,0.354
10.25,0.519,0.972820359315462,0.901462632765582,0.354
10.25,0.52,0.972728090490556,0.911033713810139,0.354
10.25,0.521,0.972635487199307,0.920641314980508,0.354
10.25,0.522,0.972542551367313,0.930285256783203,0.354
10.25,0.523,0.972449284910043,0.939965360705619,0.354
10.25,0.524,0.972355689732901,0.949681449209394,0.354
10.25,0.525,0.972261767731285,0.959433345724148,0.354
10.25,0.526,0.972167520790647,0.969220874640686,0.354
10.25,0.527,0.97207295078655,0.979043861304429,0.354
10.25,0.528,0.971978059584731,0.988902132009239,0.354
10.25,0.529,0.971882849041156,0.998795513990958,0.354
10.25,0.53,0.971787321002081,1.00872383542085,0.354
10.25,0.531,0.971691477304106,1.0186869253997,0.354
10.25,0.532,0.971595319774238,1.02868461395131,0.354
10.25,0.533,0.97149885022994,1.03871673201652,0.354
10.25,0.534,0.971402070479195,1.04878311144692,0.354
10.25,0.535,0.971304982320558,1.05888358499882,0.354
10.25,0.536,0.971207587543214,1.06901798632733,0.354
10.25,0.537,0.97110988792703,1.07918614998019,0.354
10.25,0.538,0.971011885242614,1.08938791139204,0.354
10.25,0.539,0.970913581251366,1.09962310687841,0.354
10.25,0.54,0.970814977705534,1.10989157363002,0.354
10.25,0.541,0.97071607634827,1.12019314970684,0.354
10.25,0.542,0.970616878913679,1.13052767403228,0.354
10.25,0.543,0.970517387126874,1.14089498638779,0.354
10.25,0.544,0.97041760270403,1.151294927407,0.354
10.25,0.545,0.970317527352435,1.16172733857021,0.354
10.25,0.546,0.970217162770541,1.17219206219863,0.354
10.25,0.547,0.97011651064802,1.18268894144917,0.354
10.25,0.548,0.970015572665809,1.19321782030868,0.354
10.25,0.549,0.969914350496166,1.20377854358873,0.354
10.25,0.55,0.969812845802717,1.21437095692014,0.354
10.25,0.551,0.969711060240512,1.22499490674757,0.354
10.25,0.552,0.969608995456066,1.23565024032439,0.354
10.25,0.553,0.969506653087417,1.24633680570725,0.354
10.25,0.554,0.96940403476417,1.25705445175091,0.354
10.25,0.555,0.969301142107549,1.26780302810312,0.354
10.25,0.556,0.969197976730442,1.2785823851994,0.354
10.25,0.557,0.969094540237453,1.28939237425807,0.354
10.25,0.558,0.96899083422495,1.30023284727492,0.354
10.25,0.559,0.968886860281107,1.31110365701872,0.354
10.25,0.56,0.968782619985959,1.32200465702546,0.354
10.25,0.561,0.968678114911442,1.33293570159416,0.354
10.25,0.562,0.968573346621446,1.34389664578158,0.354
10.25,0.563,0.968468316671856,1.35488734539746,0.354
10.25,0.564,0.968363026610599,1.36590765699955,0.354
10.25,0.565,0.968257477977696,1.37695743788904,0.354
10.25,0.566,0.968151672305295,1.38803654610571,0.354
10.25,0.567,0.96804561111773,1.39914484042314,0.354
10.25,0.568,0.967939295931555,1.41028218034418,0.354
10.25,0.569,0.967832728255593,1.42144842609624,0.354
10.25,0.57,0.967725909590982,1.43264343862652,0.354
10.25,0.571,0.967618841431215,1.44386707959783,0.354
10.25,0.572,0.967511525262186,1.45511921138357,0.354
10.25,0.573,0.967403962562232,1.46639969706368,0.354
10.25,0.574,0.967296154802177,1.47770840041981,0.354
10.25,0.575,0.967188103445374,1.48904518593114,0.354
10.25,0.576,0.96707980994775,1.50040991876983,0.354
10.25,0.577,0.966971275757842,1.51180246479679,0.354
10.25,0.578,0.966862502316848,1.52322269055709,0.354
10.25,0.579,0.966753491058659,1.53467046327604,0.354
10.25,0.58,0.966644243409908,1.5461456508546,0.354
10.25,0.581,0.966534760790007,1.55764812186516,0.354
10.25,0.582,0.966425044611188,1.56917774554772,0.354
10.25,0.583,0.966315096278546,1.58073439180515,0.354
10.25,0.584,0.966204917190077,1.59231793119954,0.354
10.25,0.585,0.966094508736719,1.6039282349477,0.354
10.25,0.586,0.96598387230239,1.61556517491748,0.354
10.25,0.587,0.965873009264029,1.62722862362341,0.354
10.25,0.588,0.965761920991639,1.63891845422262,0.354
10.25,0.589,0.965650608848317,1.65063454051142,0.354
10.25,0.59,0.965539074190301,1.66237675692054,0.354
10.25,0.591,0.965427318367004,1.67414497851175,0.354
10.25,0.592,0.965315342721054,1.68593908097396,0.354
10.25,0.593,0.965203148588332,1.69775894061901,0.354
10.25,0.594,0.965090737298007,1.70960443437811,0.354
10.25,0.595,0.96497811017258,1.7214754397979,0.354
10.25,0.596,0.964865268527911,1.73337183503688,0.354
10.25,0.597,0.964752213673267,1.74529349886126,0.354
10.25,0.598,0.964638946911352,1.75724031064157,0.354
10.25,0.599,0.964525469538345,1.76921215034886,0.354
10.25,0.6,0.964411782843935,1.78120889855109,0.354
10.25,0.601,0.964297888111363,1.79323043640915,0.354
10.25,0.602,0.964183786617448,1.8052766456738,0.354
10.25,0.603,0.964069479632632,1.81734740868162,0.354
10.25,0.604,0.963954968421008,1.82944260835181,0.354
10.25,0.605,0.963840254240363,1.84156212818201,0.354
10.25,0.606,0.963725338342202,1.85370585224576,0.354
10.25,0.607,0.963610221971795,1.86587366518804,0.354
10.25,0.608,0.963494906368201,1.87806545222258,0.354
10.25,0.609,0.96337939276431,1.89028109912786,0.354
10.25,0.61,0.963263682386872,1.90252049224402,0.354
10.25,0.611,0.963147776456532,1.91478351846937,0.354
10.25,0.612,0.963031676187867,1.92707006525705,0.354
10.25,0.613,0.962915382789413,1.9393800206116,0.354
10.25,0.614,0.962798897463703,1.9517132730859,0.354
10.25,0.615,0.962682221407299,1.96406971177747,0.354
10.25,0.616,0.962565355810824,1.97644922632569,0.354
10.25,0.617,0.962448301858996,1.98885170690808,0.354
10.25,0.618,0.962331060730657,2.00127704423743,0.354
10.25,0.619,0.962213633598809,2.01372512955855,0.354
10.25,0.62,0.962096021630643,2.0261958546449,0.354
10.25,0.621,0.961978225987573,2.03868911179559,0.354
10.25,0.622,0.961860247825267,2.05120479383232,0.354
10.25,0.623,0.961742088293676,2.06374279409611,0.354
10.25,0.624,0.961623748537069,2.07630300644432,0.354
10.25,0.625,0.961505229694059,2.08888532524758,0.354
10.25,0.626,0.96138653289764,2.10148964538674,0.354
10.25,0.627,0.961267659275212,2.11411586224977,0.354
10.25,0.628,0.961148609948613,2.12676387172903,0.354
10.25,0.629,0.961029386034152,2.13943357021797,0.354
10.25,0.63,0.960909988642634,2.15212485460829,0.354
10.25,0.631,0.960790418879395,2.16483762228714,0.354
10.25,0.632,0.960670677844326,2.17757177113407,0.354
10.25,0.633,0.960550766631908,2.19032719951808,0.354
10.25,0.634,0.960430686331237,2.20310380629511,0.354
10.25,0.635,0.960310438026054,2.21590149080464,0.354
10.25,0.636,0.960190022794779,2.22872015286719,0.354
10.25,0.637,0.960069441710529,2.2415596927817,0.354
10.25,0.638,0.959948695841157,2.25442001132219,0.354
10.25,0.639,0.959827786249273,2.26730100973564,0.354
10.25,0.64,0.95970671399228,2.28020258973856,0.354
10.25,0.641,0.959585480122391,2.29312465351488,0.354
10.25,0.642,0.959464085686668,2.30606710371271,0.354
10.25,0.643,0.959342531727042,2.31902984344226,0.354
10.25,0.644,0.959220819280344,2.33201277627235,0.354
10.25,0.645,0.959098949378331,2.3450158062287,0.354
10.25,0.646,0.958976923047714,2.35803883779035,0.354
10.25,0.647,0.958854741310185,2.37108177588774,0.354
10.25,0.648,0.958732405182441,2.38414452589988,0.354
10.25,0.649,0.958609915676215,2.39722699365166,0.354
10.25,0.65,0.9584872737983,2.41032908541132,0.354
10.25,0.651,0.958364480550575,2.42345070788819,0.354
10.25,0.652,0.958241536930032,2.43659176822966,0.354
10.25,0.653,0.958118443928804,2.44975217401897,0.354
10.25,0.654,0.957995202534184,2.46293183327297,0.354
10.25,0.655,0.95787181372866,2.47613065443903,0.354
10.25,0.656,0.957748278489933,2.48934854639304,0.354
10.25,0.657,0.957624597790946,2.50258541843686,0.354
10.25,0.658,0.957500772599909,2.51584118029566,0.354
10.25,0.659,0.957376803880321,2.52911574211614,0.354
10.25,0.66,0.957252692591001,2.54240901446317,0.354
10.25,0.661,0.957128439686107,2.55572090831844,0.354
10.25,0.662,0.957004046115161,2.56905133507732,0.354
10.25,0.663,0.956879512823078,2.5824002065469,0.354
10.25,0.664,0.956754840750187,2.59576743494356,0.354
10.25,0.665,0.956630030832253,2.60915293289075,0.354
10.25,0.666,0.956505084000508,2.62255661341633,0.354
10.25,0.667,0.956380001181664,2.63597838995102,0.354
10.25,0.668,0.95625478329795,2.64941817632536,0.354
10.25,0.669,0.956129431267124,2.66287588676781,0.354
10.25,0.67,0.956003946002503,2.67635143590261,0.354
10.25,0.671,0.955878328412983,2.68984473874738,0.354
10.25,0.672,0.955752579403067,2.70335571071092,0.354
10.25,0.673,0.95562669987288,2.71688426759109,0.354
10.25,0.674,0.955500690718199,2.73043032557283,0.354
10.25,0.675,0.955374552830473,2.74399380122543,0.354
10.25,0.676,0.955248287096845,2.75757461150101,0.354
10.25,0.677,0.955121894400177,2.77117267373199,0.354
10.25,0.678,0.954995375619068,2.78478790562922,0.354
10.25,0.679,0.954868731627881,2.79842022527963,0.354
10.25,0.68,0.954741963296761,2.81206955114428,0.354
10.25,0.681,0.95461507149166,2.82573580205643,0.354
10.25,0.682,0.954488057074357,2.83941889721913,0.354
10.25,0.683,0.954360920902481,2.85311875620355,0.354
10.25,0.684,0.954233663829531,2.86683529894645,0.354
10.25,0.685,0.954106286704898,2.88056844574895,0.354
10.25,0.686,0.953978790373887,2.89431811727368,0.354
10.25,0.687,0.953851175677737,2.90808423454325,0.354
10.25,0.688,0.953723443453644,2.92186671893808,0.354
10.25,0.689,0.953595594534779,2.93566549219475,0.354
10.25,0.69,0.953467629750313,2.94948047640362,0.354
10.25,0.691,0.953339549925429,2.96331159400729,0.354
10.25,0.692,0.953211355881357,2.97715876779812,0.354
10.25,0.693,0.953083048435379,2.99102192091709,0.354
10.25,0.694,0.952954628400861,3.00490097685109,0.354
10.25,0.695,0.952826096587265,3.01879585943172,0.354
10.25,0.696,0.952697453800174,3.03270649283294,0.354
10.25,0.697,0.952568700841312,3.04663280156934,0.354
10.25,0.698,0.952439838508559,3.06057471049446,0.354
10.25,0.699,0.952310867595977,3.07453214479863,0.354
10.25,0.7,0.952181788893826,3.08850503000744,0.354
10.25,0.701,0.952052603188583,3.10249329197965,0.354
10.25,0.702,0.951923311262962,3.11649685690585,0.354
10.25,0.703,0.951793913895937,3.13051565130595,0.354
10.25,0.704,0.951664411862754,3.14454960202801,0.354
10.25,0.705,0.951534805934956,3.15859863624626,0.354
10.25,0.706,0.951405096880401,3.17266268145924,0.354
10.25,0.707,0.951275285463277,3.18674166548809,0.354
10.25,0.708,0.951145372444125,3.20083551647519,0.354
10.25,0.709,0.951015358579854,3.21494416288177,0.354
10.25,0.71,0.950885244623764,3.22906753348677,0.354
10.25,0.711,0.950755031325561,3.24320555738469,0.354
10.25,0.712,0.950624719431375,3.25735816398434,0.354
10.25,0.713,0.95049430968378,3.27152528300683,0.354
10.25,0.714,0.950363802821812,3.28570684448395,0.354
10.25,0.715,0.950233199580986,3.29990277875662,0.354
10.25,0.716,0.95010250069331,3.31411301647337,0.354
10.25,0.717,0.949971706887315,3.32833748858818,0.354
10.25,0.718,0.949840818888057,3.3425761263594,0.354
10.25,0.719,0.949709837417146,3.356828861348,0.354
10.25,0.72,0.949578763192759,3.37109562541569,0.354
10.25,0.721,0.949447596929656,3.38537635072362,0.354
10.25,0.722,0.949316339339202,3.39967096973068,0.354
10.25,0.723,0.949184991129377,3.41397941519204,0.354
10.25,0.724,0.949053553004802,3.42830162015737,0.354
10.25,0.725,0.948922025666748,3.44263751796936,0.354
10.25,0.726,0.948790409813157,3.45698704226243,0.354
10.25,0.727,0.948658706138659,3.47135012696067,0.354
10.25,0.728,0.948526915334584,3.48572670627689,0.354
10.25,0.729,0.948395038088987,3.50011671471067,0.354
10.25,0.73,0.948263075086656,3.51452008704705,0.354
10.25,0.731,0.948131027009131,3.52893675835511,0.354
10.25,0.732,0.947998894534725,3.5433666639862,0.354
10.25,0.733,0.947866678338534,3.55780973957271,0.354
10.25,0.734,0.947734379092454,3.57226592102653,0.354
10.25,0.735,0.947601997465201,3.58673514453762,0.354
10.25,0.736,0.947469534122324,3.60121734657242,0.354
10.25,0.737,0.94733698972622,3.61571246387256,0.354
10.25,0.738,0.947204364936152,3.6302204334534,0.354
10.25,0.739,0.947071660408262,3.64474119260247,0.354
10.25,0.74,0.946938876795591,3.6592746788783,0.354
10.25,0.741,0.946806014748088,3.67382083010883,0.354
10.25,0.742,0.946673074912632,3.68837958439003,0.354
10.25,0.743,0.946540057933042,3.70295088008459,0.354
10.25,0.744,0.946406964450096,3.71753465582045,0.354
10.25,0.745,0.946273795101544,3.73213085048951,0.354
10.25,0.746,0.946140550522124,3.74673940324612,0.354
10.25,0.747,0.946007231343575,3.76136025350611,0.354
10.25,0.748,0.945873838194658,3.77599334094474,0.354
10.25,0.749,0.945740371701159,3.79063860549615,0.354
10.25,0.75,0.945606832485917,3.80529598735158,0.354
10.25,0.751,0.945473221168831,3.81996542695797,0.354
10.25,0.752,0.945339538366874,3.83464686501711,0.354
10.25,0.753,0.945205784694111,3.84934024248378,0.354
10.25,0.754,0.945071960761714,3.86404550056481,0.354
10.25,0.755,0.94493806717797,3.87876258071771,0.354
10.25,0.756,0.944804104548303,3.89349142464934,0.354
10.25,0.757,0.944670073475283,3.90823197431471,0.354
10.25,0.758,0.944535974558641,3.92298417191566,0.354
10.25,0.759,0.944401808395286,3.93774795989963,0.354
10.25,0.76,0.944267575579314,3.95252328095828,0.354
10.25,0.761,0.944133276702025,3.96731007802653,0.354
10.25,0.762,0.943998912351936,3.98210829428112,0.354
10.25,0.763,0.943864483114797,3.99691787313936,0.354
10.25,0.764,0.943729989573599,4.01173875825795,0.354
10.25,0.765,0.943595432308592,4.02657089353196,0.354
10.25,0.766,0.943460811897298,4.04141422309328,0.354
10.25,0.767,0.943326128914523,4.05626869130971,0.354
10.25,0.768,0.943191383932372,4.07113424278354,0.354
10.25,0.769,0.943056577520259,4.08601082235061,0.354
10.25,0.77,0.942921710244925,4.10089837507897,0.354
10.25,0.771,0.942786782670447,4.11579684626768,0.354
10.25,0.772,0.942651795358252,4.13070618144586,0.354
10.25,0.773,0.942516748867132,4.14562632637125,0.354
10.25,0.774,0.942381643753252,4.16055722702937,0.354
10.25,0.775,0.94224648057017,4.175498829632,0.354
10.25,0.776,0.942111259868842,4.19045108061653,0.354
10.25,0.777,0.941975982197643,4.20541392664426,0.354
10.25,0.778,0.941840648102369,4.22038731459984,0.354
10.25,0.779,0.94170525812626,4.23537119158981,0.354
10.25,0.78,0.941569812810007,4.2503655049416,0.354
10.25,0.781,0.941434312691764,4.26537020220232,0.354
10.25,0.782,0.941298758307162,4.28038523113792,0.354
10.25,0.783,0.941163150189321,4.2954105397319,0.354
10.25,0.784,0.941027488868864,4.31044607618416,0.354
10.25,0.785,0.940891774873924,4.32549178891013,0.354
10.25,0.786,0.94075600873016,4.34054762653968,0.354
10.25,0.787,0.940620190960769,4.35561353791589,0.354
10.25,0.788,0.940484322086497,4.370689472094,0.354
10.25,0.789,0.940348402625649,4.38577537834084,0.354
10.25,0.79,0.940212433094106,4.40087120613291,0.354
10.25,0.791,0.94007641400533,4.4159769051562,0.354
10.25,0.792,0.939940345870381,4.43109242530471,0.354
10.25,0.793,0.939804229197927,4.4462177166793,0.354
10.25,0.794,0.939668064494252,4.46135272958723,0.354
10.25,0.795,0.939531852263275,4.47649741454061,0.354
10.25,0.796,0.939395593006554,4.49165172225561,0.354
10.25,0.797,0.939259287223301,4.50681560365147,0.354
10.25,0.798,0.939122935410393,4.52198900984939,0.354
10.25,0.799,0.938986538062384,4.53717189217171,0.354
10.25,0.8,0.938850095671511,4.55236420214091,0.354
10.5,0.2,0.966785718892991,1.48038940316384,0.353
10.5,0.201,0.967005151071612,1.45736153934182,0.353
10.5,0.202,0.967222361225399,1.43457715181494,0.353
10.5,0.203,0.967437363973781,1.41203438710404,0.353
10.5,0.204,0.967650173817593,1.38973141048857,0.353
10.5,0.205,0.967860805140363,1.36766640575972,0.353
10.5,0.206,0.968069272209587,1.34583757497628,0.353
10.5,0.207,0.968275589177973,1.32424313822641,0.353
10.5,0.208,0.968479770084681,1.30288133339111,0.353
10.5,0.209,0.968681828856535,1.28175041591367,0.353
10.5,0.21,0.968881779309221,1.26084865857132,0.353
10.5,0.211,0.969079635148469,1.24017435125165,0.353
10.5,0.212,0.969275409971214,1.21972580073195,0.353
10.5,0.213,0.969469117266744,1.19950133046267,0.353
10.5,0.214,0.969660770417828,1.17949928035421,0.353
10.5,0.215,0.969850382701833,1.15971800656687,0.353
10.5,0.216,0.970037967291819,1.14015588130452,0.353
10.5,0.217,0.970223537257627,1.12081129261132,0.353
10.5,0.218,0.970407105566939,1.10168264417214,0.353
10.5,0.219,0.97058868508634,1.08276835511516,0.353
10.5,0.22,0.970768288582349,1.06406685981879,0.353
10.5,0.221,0.970945928722444,1.04557660772084,0.353
10.5,0.222,0.971121618076077,1.02729606313072,0.353
10.5,0.223,0.971295369115663,1.00922370504513,0.353
10.5,0.224,0.971467194217567,0.991358026965949,0.353
10.5,0.225,0.971637105663073,0.97369753672123,0.353
10.5,0.226,0.971805115639336,0.956240756289284,0.353
10.5,0.227,0.971971236240331,0.93898622162476,0.353
10.5,0.228,0.972135479467778,0.921932482488219,0.353
10.5,0.229,0.972297857232063,0.90507810227749,0.353
10.5,0.23,0.972458381353147,0.888421657862137,0.353
10.5,0.231,0.972617063561452,0.871961739420568,0.353
10.5,0.232,0.97277391549875,0.855696950279117,0.353
10.5,0.233,0.972928948719033,0.839625906753616,0.353
10.5,0.234,0.973082174689369,0.823747237993877,0.353
10.5,0.235,0.973233604790754,0.808059585829923,0.353
10.5,0.236,0.973383250318944,0.792561604620956,0.353
10.5,0.237,0.973531122485289,0.777251961106029,0.353
10.5,0.238,0.973677232417544,0.762129334257411,0.353
10.5,0.239,0.973821591160671,0.7471924151363,0.353
10.5,0.24,0.973964209677643,0.732439906749893,0.353
10.5,0.241,0.974105098850224,0.717870523910991,0.353
10.5,0.242,0.974244269479741,0.703482993100191,0.353
10.5,0.243,0.974381732287856,0.689276052328847,0.353
10.5,0.244,0.974517497917319,0.675248451005506,0.353
10.5,0.245,0.974651576932714,0.661398949802838,0.353
10.5,0.246,0.974783979821195,0.647726320527608,0.353
10.5,0.247,0.974914716993219,0.634229345991888,0.353
10.5,0.248,0.975043798783257,0.620906819886557,0.353
10.5,0.249,0.975171235450514,0.607757546656051,0.353
10.5,0.25,0.975297037179622,0.5947803413755,0.353
10.5,0.251,0.975421214081337,0.581974029629162,0.353
10.5,0.252,0.975543776193224,0.569337447390939,0.353
10.5,0.253,0.975664733480334,0.556869440906027,0.353
10.5,0.254,0.975784095835867,0.544568866575434,0.353
10.5,0.255,0.975901873081839,0.532434590840158,0.353
10.5,0.256,0.97601807496973,0.520465490069077,0.353
10.5,0.257,0.976132711181128,0.508660450447107,0.353
10.5,0.258,0.976245791328371,0.497018367865198,0.353
10.5,0.259,0.976357324955168,0.485538147812137,0.353
10.5,0.26,0.976467321537231,0.474218705267382,0.353
10.5,0.261,0.976575790482878,0.463058964595997,0.353
10.5,0.262,0.976682741133653,0.452057859444266,0.353
10.5,0.263,0.976788182764916,0.441214332637485,0.353
10.5,0.264,0.976892124586438,0.430527336078779,0.353
10.5,0.265,0.976994575742997,0.419995830648889,0.353
10.5,0.266,0.977095545314943,0.40961878610859,0.353
10.5,0.267,0.977195042318782,0.399395181000961,0.353
10.5,0.268,0.977293075707737,0.389324002555891,0.353
10.5,0.269,0.977389654372311,0.379404246595416,0.353
10.5,0.27,0.977484787140838,0.369634917440886,0.353
10.5,0.271,0.977578482780033,0.360015027820837,0.353
10.5,0.272,0.97767074999553,0.35054359878004,0.353
10.5,0.273,0.977761597432419,0.341219659590375,0.353
10.5,0.274,0.977851033675776,0.332042247662412,0.353
10.5,0.275,0.977939067251184,0.323010408458146,0.353
10.5,0.276,0.97802570662525,0.314123195404981,0.353
10.5,0.277,0.978110960206118,0.305379669811301,0.353
10.5,0.278,0.978194836343975,0.296778900782058,0.353
10.5,0.279,0.978277343331548,0.288319965136896,0.353
10.5,0.28,0.978358489404604,0.280001947327846,0.353
10.5,0.281,0.978438282742432,0.271823939359472,0.353
10.5,0.282,0.978516731468337,0.263785040708897,0.353
10.5,0.283,0.978593843650106,0.255884358247882,0.353
10.5,0.284,0.978669627300495,0.248121006164981,0.353
10.5,0.285,0.978744090377685,0.240494105889399,0.353
10.5,0.286,0.978817240785751,0.233002786015701,0.353
10.5,0.287,0.978889086375123,0.225646182228934,0.353
10.5,0.288,0.978959634943031,0.218423437231619,0.353
10.5,0.289,0.979028894233963,0.211333700670724,0.353
10.5,0.29,0.979096871940102,0.20437612906643,0.353
10.5,0.291,0.979163575701764,0.197549885741366,0.353
10.5,0.292,0.979229013107839,0.190854140750352,0.353
10.5,0.293,0.979293191696213,0.184288070812055,0.353
10.5,0.294,0.979356118954199,0.177850859240558,0.353
10.5,0.295,0.979417802318952,0.171541695878252,0.353
10.5,0.296,0.979478249177892,0.165359777029317,0.353
10.5,0.297,0.979537466869109,0.159304305394459,0.353
10.5,0.298,0.979595462681773,0.153374490006031,0.353
10.5,0.299,0.979652243856541,0.147569546163839,0.353
10.5,0.3,0.979707817585947,0.141888695372683,0.353
10.5,0.301,0.979762191014808,0.136331165279269,0.353
10.5,0.302,0.979815371240606,0.130896189611129,0.353
10.5,0.303,0.979867365313878,0.125583008115737,0.353
10.5,0.304,0.979918180238603,0.120390866500042,0.353
10.5,0.305,0.97996782297257,0.115319016372006,0.353
10.5,0.306,0.980016300427766,0.110366715180743,0.353
10.5,0.307,0.980063619470736,0.105533226159982,0.353
10.5,0.308,0.980109786922959,0.100817818269805,0.353
10.5,0.309,0.980154809561206,0.0962197661407593,0.353
10.5,0.31,0.980198694117903,0.0917383500178559,0.353
10.5,0.311,0.980241447281487,0.0873728557053033,0.353
10.5,0.312,0.980283075696755,0.0831225745124176,0.353
10.5,0.313,0.98032358596522,0.0789868031993768,0.353
10.5,0.314,0.980362984645453,0.0749648439242856,0.353
10.5,0.315,0.980401278253421,0.0710560041907726,0.353
10.5,0.316,0.980438473262837,0.0672595967956768,0.353
10.5,0.317,0.980474576105485,0.0635749397781327,0.353
10.5,0.318,0.980509593171555,0.0600013563687884,0.353
10.5,0.319,0.980543530809976,0.0565381749395577,0.353
10.5,0.32,0.980576395328738,0.0531847289543697,0.353
10.5,0.321,0.980608192995213,0.0499403569202306,0.353
10.5,0.322,0.98063893003648,0.0468044023387071,0.353
10.5,0.323,0.980668612639633,0.043776213658453,0.353
10.5,0.324,0.980697246952104,0.0408551442277139,0.353
10.5,0.325,0.980724839081965,0.0380405522478977,0.353
10.5,0.326,0.980751395098236,0.0353318007274117,0.353
10.5,0.327,0.980776921031196,0.0327282574359433,0.353
10.5,0.328,0.980801422872674,0.0302292948598515,0.353
10.5,0.329,0.980824906576354,0.0278342901570694,0.353
10.5,0.33,0.98084737805807,0.0255426251135171,0.353
10.5,0.331,0.980868843196096,0.0233536860995365,0.353
10.5,0.332,0.980889307831436,0.0212668640265479,0.353
10.5,0.333,0.980908777768113,0.0192815543052616,0.353
10.5,0.334,0.980927258773452,0.0173971568029785,0.353
10.5,0.335,0.98094475657836,0.0156130758023121,0.353
10.5,0.336,0.980961276877608,0.0139287199603322,0.353
10.5,0.337,0.980976825330105,0.0123435022675311,0.353
10.5,0.338,0.980991407559172,0.0108568400081221,0.353
10.5,0.339,0.981005029152814,0.00946815471989382,0.353
10.5,0.34,0.981017695663985,0.00817687215561858,0.353
10.5,0.341,0.98102941261086,0.00698242224372869,0.353
10.5,0.342,0.981040185477093,0.00588423905005797,0.353
10.5,0.343,0.981050019712081,0.00488176074011637,0.353
10.5,0.344,0.98105892073122,0.00397442954134242,0.353
10.5,0.345,0.981066893916164,0.00316169170642144,0.353
10.5,0.346,0.981073944615079,0.00244299747600429,0.353
10.5,0.347,0.981080078142891,0.00181780104298035,0.353
10.5,0.348,0.981085299781536,0.00128556051652851,0.353
10.5,0.349,0.981089614780212,0.000845737886434605,0.353
10.5,0.35,0.981093028355614,0.000497798988297049,0.353
10.5,0.351,0.981095545692189,0.000241213468488155,0.353
10.5,0.352,0.981097171942362,7.54547503811764e-05,0.353
10.5,0.353,0.981097912226784,0,0.353
10.5,0.354,0.981097771634565,1.43300925126155e-05,0.353
10.5,0.355,0.981096755223507,0.000117929579368514,0.353
10.5,0.356,0.981094868020334,0.000310286655080816,0.353
10.5,0.357,0.981092115020926,0.000590893125052006,0.353
10.5,0.358,0.981088501190539,0.000959244373266444,0.353
10.5,0.359,0.981084031464039,0.00141483933076003,0.353
10.5,0.36,0.981078710746117,0.00195718044393445,0.353
10.5,0.361,0.981072543911518,0.00258577364371515,0.353
10.5,0.362,0.981065535805253,0.00330012831450954,0.353
10.5,0.363,0.981057691242819,0.00409975726434197,0.353
10.5,0.364,0.981049015010419,0.00498417669418938,0.353
10.5,0.365,0.981039511865168,0.00595290616836053,0.353
10.5,0.366,0.981029186535308,0.00700546858536377,0.353
10.5,0.367,0.981018043720417,0.00814139014853055,0.353
10.5,0.368,0.981006088091619,0.00936020033708296,0.353
10.5,0.369,0.980993324291788,0.0106614318778231,0.353
10.5,0.37,0.980979756935751,0.0120446207169334,0.353
10.5,0.371,0.980965390610491,0.01350930599191,0.353
10.5,0.372,0.980950229875351,0.0150550300040964,0.353
10.5,0.373,0.980934279262227,0.0166813381911712,0.353
10.5,0.374,0.980917543275768,0.0183877791004594,0.353
10.5,0.375,0.980900026393577,0.0201739043615312,0.353
10.5,0.376,0.98088173306639,0.0220392686606674,0.353
10.5,0.377,0.980862667718284,0.0239834297136365,0.353
10.5,0.378,0.980842834746857,0.0260059482406483,0.353
10.5,0.379,0.980822238523421,0.0281063879401078,0.353
10.5,0.38,0.980800883393187,0.0302843154636134,0.353
10.5,0.381,0.980778773675452,0.0325393003903995,0.353
10.5,0.382,0.980755913663782,0.0348709152029558,0.353
10.5,0.383,0.980732307626193,0.0372787352622028,0.353
10.5,0.384,0.980707959805334,0.039762338782956,0.353
10.5,0.385,0.980682874418666,0.0423213068102113,0.353
10.5,0.386,0.980657055658635,0.0449552231949646,0.353
10.5,0.387,0.980630507692856,0.0476636745707193,0.353
10.5,0.388,0.980603234664279,0.0504462503301939,0.353
10.5,0.389,0.98057524069137,0.0533025426019851,0.353
10.5,0.39,0.980546529868275,0.0562321462279636,0.353
10.5,0.391,0.980517106264996,0.0592346587403814,0.353
10.5,0.392,0.980486973927558,0.0623096803395784,0.353
10.5,0.393,0.980456136878176,0.0654568138715117,0.353
10.5,0.394,0.980424599115417,0.068675664806217,0.353
10.5,0.395,0.980392364614373,0.0719658412158708,0.353
10.5,0.396,0.980359437326816,0.0753269537528967,0.353
10.5,0.397,0.980325821181366,0.0787586156291598,0.353
10.5,0.398,0.980291520083645,0.0822604425946727,0.353
10.5,0.399,0.980256537916441,0.0858320529166123,0.353
10.5,0.4,0.980220878539863,0.0894730673587363,0.353
10.5,0.401,0.980184545791501,0.0931831091607993,0.353
10.5,0.402,0.980147543486576,0.0969618040185471,0.353
10.5,0.403,0.980109875418096,0.100808780063155,0.353
10.5,0.404,0.980071545357011,0.104723667841866,0.353
10.5,0.405,0.98003255705236,0.108706100298117,0.353
10.5,0.406,0.979992914231425,0.112755712751755,0.353
10.5,0.407,0.979952620599876,0.116872142880386,0.353
10.5,0.408,0.979911679841922,0.121055030699635,0.353
10.5,0.409,0.979870095620453,0.125304018544736,0.353
10.5,0.41,0.979827871577192,0.129618751051419,0.353
10.5,0.411,0.97978501133283,0.133998875137675,0.353
10.5,0.412,0.979741518487178,0.138444039985153,0.353
10.5,0.413,0.979697396619302,0.142953897021081,0.353
10.5,0.414,0.979652649287666,0.147528099900374,0.353
10.5,0.415,0.97960728003027,0.1521663044876,0.353
10.5,0.416,0.979561292364791,0.156868168839464,0.353
10.5,0.417,0.979514689788716,0.161633353187263,0.353
10.5,0.418,0.979467475779483,0.166461519919636,0.353
10.5,0.419,0.97941965379461,0.171352333565244,0.353
10.5,0.42,0.979371227271833,0.176305460776138,0.353
10.5,0.421,0.979322199629238,0.181320570310506,0.353
10.5,0.422,0.979272574265392,0.186397333016353,0.353
10.5,0.423,0.979222354559474,0.191535421814759,0.353
10.5,0.424,0.979171543871401,0.196734511683871,0.353
10.5,0.425,0.979120145541964,0.201994279642248,0.353
10.5,0.426,0.979068162892948,0.207314404733427,0.353
10.5,0.427,0.979015599227263,0.212694568009342,0.353
10.5,0.428,0.978962457829068,0.21813445251524,0.353
10.5,0.429,0.978908741963895,0.223633743273788,0.353
10.5,0.43,0.978854454878774,0.229192127269595,0.353
10.5,0.431,0.978799599802351,0.234809293434157,0.353
10.5,0.432,0.978744179945017,0.240484932630647,0.353
10.5,0.433,0.978688198499021,0.246218737638637,0.353
10.5,0.434,0.978631658638595,0.252010403139735,0.353
10.5,0.435,0.978574563520072,0.257859625702439,0.353
10.5,0.436,0.978516916281998,0.263766103767815,0.353
10.5,0.437,0.978458720045255,0.269729537635111,0.353
10.5,0.438,0.978399977913178,0.275749629447031,0.353
10.5,0.439,0.978340692971663,0.281826083176173,0.353
10.5,0.44,0.978280868289287,0.287958604610394,0.353
10.5,0.441,0.97822050691742,0.294146901339376,0.353
10.5,0.442,0.978159611890333,0.300390682740681,0.353
10.5,0.443,0.978098186225317,0.306689659965875,0.353
10.5,0.444,0.978036232922787,0.313043545927427,0.353
10.5,0.445,0.977973754966396,0.319452055284963,0.353
10.5,0.446,0.97791075532314,0.325914904432234,0.353
10.5,0.447,0.977847236943471,0.332431811483525,0.353
10.5,0.448,0.977783202761398,0.339002496261442,0.353
10.5,0.449,0.977718655694598,0.345626680283062,0.353
10.5,0.45,0.977653598644522,0.352304086747801,0.353
10.5,0.451,0.977588034496496,0.359034440524408,0.353
10.5,0.452,0.977521966119826,0.365817468138574,0.353
10.5,0.453,0.977455396367902,0.372652897760539,0.353
10.5,0.454,0.977388328078304,0.379540459192218,0.353
10.5,0.455,0.977320764072896,0.386479883855828,0.353
10.5,0.456,0.977252707157931,0.393470904781124,0.353
10.5,0.457,0.977184160124152,0.400513256593804,0.353
10.5,0.458,0.977115125746888,0.407606675503192,0.353
10.5,0.459,0.977045606786157,0.414750899290794,0.353
10.5,0.46,0.976975605986759,0.42194566729854,0.353
10.5,0.461,0.976905126078376,0.429190720417161,0.353
10.5,0.462,0.976834169775666,0.436485801074826,0.353
10.5,0.463,0.976762739778362,0.443830653225463,0.353
10.5,0.464,0.976690838771364,0.451225022338053,0.353
10.5,0.465,0.976618469424832,0.458668655384908,0.353
10.5,0.466,0.976545634394285,0.466161300830792,0.353
10.5,0.467,0.976472336320686,0.473702708622215,0.353
10.5,0.468,0.976398577830541,0.481292630176133,0.353
10.5,0.469,0.976324361535985,0.488930818369493,0.353
10.5,0.47,0.976249690034877,0.496617027528368,0.353
10.5,0.471,0.976174565910887,0.504351013417592,0.353
10.5,0.472,0.976098991733585,0.512132533230103,0.353
10.5,0.473,0.976022970058533,0.519961345576347,0.353
10.5,0.474,0.975946503427369,0.527837210474558,0.353
10.5,0.475,0.975869594367896,0.535759889339915,0.353
10.5,0.476,0.97579224539417,0.543729144974914,0.353
10.5,0.477,0.975714459006585,0.551744741558879,0.353
10.5,0.478,0.975636237691956,0.559806444638444,0.353
10.5,0.479,0.975557583923607,0.567914021117422,0.353
10.5,0.48,0.975478500161455,0.576067239247058,0.353
10.5,0.481,0.975398988852091,0.584265868616463,0.353
10.5,0.482,0.975319052428865,0.592509680142883,0.353
10.5,0.483,0.975238693311968,0.600798446062223,0.353
10.5,0.484,0.975157913908512,0.609131939919694,0.353
10.5,0.485,0.975076716612615,0.617509936560245,0.353
10.5,0.486,0.974995103805477,0.625932212119484,0.353
10.5,0.487,0.974913077855462,0.634398544014458,0.353
10.5,0.488,0.974830641118178,0.642908710934331,0.353
10.5,0.489,0.974747795936553,0.651462492831745,0.353
10.5,0.49,0.974664544640917,0.660059670913427,0.353
10.5,0.491,0.974580889549077,0.668700027631575,0.353
10.5,0.492,0.974496832966394,0.677383346674976,0.353
10.5,0.493,0.974412377185863,0.686109412960123,0.353
10.5,0.494,0.974327524488182,0.694878012622935,0.353
10.5,0.495,0.974242277141834,0.703688933009827,0.353
10.5,0.496,0.974156637403158,0.712541962669255,0.353
10.5,0.497,0.974070607516426,0.721436891343497,0.353
10.5,0.498,0.973984189713914,0.730373509960058,0.353
10.5,0.499,0.973897386215978,0.739351610623284,0.353
10.5,0.5,0.973810199231124,0.748370986606428,0.353
10.5,0.501,0.97372263095608,0.757431432343503,0.353
10.5,0.502,0.973634683575874,0.766532743420734,0.353
10.5,0.503,0.973546359263894,0.775674716569164,0.353
10.5,0.504,0.97345766018197,0.784857149656149,0.353
10.5,0.505,0.973368588480436,0.794079841677853,0.353
10.5,0.506,0.973279146298204,0.803342592751255,0.353
10.5,0.507,0.973189335762831,0.812645204106532,0.353
10.5,0.508,0.973099158990589,0.821987478079,0.353
10.5,0.509,0.973008618086531,0.831369218102118,0.353
10.5,0.51,0.972917715144563,0.840790228699362,0.353
10.5,0.511,0.972826452247507,0.850250315476853,0.353
10.5,0.512,0.972734831467168,0.859749285116274,0.353
10.5,0.513,0.972642854864402,0.869286945367009,0.353
10.5,0.514,0.972550524489184,0.878863105039107,0.353
10.5,0.515,0.972457842380666,0.888477573995994,0.353
10.5,0.516,0.972364810567249,0.898130163147304,0.353
10.5,0.517,0.972271431066645,0.907820684441552,0.353
10.5,0.518,0.972177705885939,0.917548950859359,0.353
10.5,0.519,0.972083637021655,0.927314776406241,0.353
10.5,0.52,0.971989226459819,0.937117976105606,0.353
10.5,0.521,0.97189447617602,0.946958365992057,0.353
10.5,0.522,0.971799388135474,0.956835763104369,0.353
10.5,0.523,0.971703964293082,0.966749985478921,0.353
10.5,0.524,0.971608206593498,0.97670085214252,0.353
10.5,0.525,0.971512116971184,0.986688183106232,0.353
10.5,0.526,0.971415697350472,0.99671179935843,0.353
10.5,0.527,0.971318949645624,1.00677152285842,0.353
10.5,0.528,0.971221875760894,1.01686717652976,0.353
10.5,0.529,0.971124477590586,1.02699858425384,0.353
10.5,0.53,0.971026757019108,1.03716557086364,0.353
10.5,0.531,0.970928715921039,1.047367962137,0.353
10.5,0.532,0.970830356161178,1.05760558479089,0.353
10.5,0.533,0.97073167959461,1.06787826647448,0.353
10.5,0.534,0.97063268806676,1.07818583576327,0.353
10.5,0.535,0.970533383413443,1.08852812215328,0.353
10.5,0.536,0.970433767460933,1.09890495605411,0.353
10.5,0.537,0.970333842026009,1.10931616878371,0.353
10.5,0.538,0.970233608916015,1.11976159256191,0.353
10.5,0.539,0.970133069928915,1.13024106050441,0.353
10.5,0.54,0.970032226853347,1.14075440661721,0.353
10.5,0.541,0.969931081468677,1.15130146579054,0.353
10.5,0.542,0.969829635545054,1.16188207379297,0.353
10.5,0.543,0.969727890843465,1.1724960672657,0.353
10.5,0.544,0.969625849115787,1.18314328371691,0.353
10.5,0.545,0.969523512104838,1.19382356151605,0.353
10.5,0.546,0.969420881544434,1.2045367398881,0.353
10.5,0.547,0.969317959159437,1.21528265890809,0.353
10.5,0.548,0.969214746665812,1.22606115949542,0.353
10.5,0.549,0.969111245770674,1.23687208340848,0.353
10.5,0.55,0.96900745817234,1.24771527323926,0.353
10.5,0.551,0.968903385560382,1.25859057240763,0.353
10.5,0.552,0.968799029615678,1.26949782515624,0.353
10.5,0.553,0.968694392010457,1.28043687654518,0.353
10.5,0.554,0.968589474408355,1.29140757244648,0.353
10.5,0.555,0.968484278464462,1.30240975953899,0.353
10.5,0.556,0.968378805825371,1.31344328530323,0.353
10.5,0.557,0.968273058129227,1.32450799801611,0.353
10.5,0.558,0.968167037005777,1.33560374674579,0.353
10.5,0.559,0.968060744076414,1.34673038134683,0.353
10.5,0.56,0.967954180954233,1.35788775245469,0.353
10.5,0.561,0.967847349244069,1.36907571148119,0.353
10.5,0.562,0.967740250542549,1.38029411060929,0.353
10.5,0.563,0.967632886438143,1.39154280278806,0.353
10.5,0.564,0.967525258511203,1.40282164172807,0.353
10.5,0.565,0.967417368334013,1.41413048189634,0.353
10.5,0.566,0.967309217470836,1.4254691785115,0.353
10.5,0.567,0.967200807477958,1.43683758753919,0.353
10.5,0.568,0.967092139903733,1.44823556568712,0.353
10.5,0.569,0.966983216288632,1.45966297040039,0.353
10.5,0.57,0.966874038165282,1.47111965985693,0.353
10.5,0.571,0.966764607058514,1.48260549296275,0.353
10.5,0.572,0.966654924485409,1.49412032934741,0.353
10.5,0.573,0.966544991955337,1.50566402935941,0.353
10.5,0.574,0.966434810970006,1.51723645406159,0.353
10.5,0.575,0.966324383023498,1.52883746522683,0.353
10.5,0.576,0.966213709602323,1.54046692533336,0.353
10.5,0.577,0.966102792185451,1.55212469756054,0.353
10.5,0.578,0.965991632244361,1.56381064578428,0.353
10.5,0.579,0.965880231243083,1.57552463457256,0.353
10.5,0.58,0.965768590638232,1.58726652918184,0.353
10.5,0.581,0.965656711879065,1.59903619555155,0.353
10.5,0.582,0.965544596407505,1.610833500301,0.353
10.5,0.583,0.965432245658198,1.62265831072439,0.353
10.5,0.584,0.965319661058541,1.63451049478684,0.353
10.5,0.585,0.96520684402873,1.64638992112041,0.353
10.5,0.586,0.965093795981799,1.65829645901963,0.353
10.5,0.587,0.964980518323661,1.67022997843747,0.353
10.5,0.588,0.964867012453142,1.68219034998154,0.353
10.5,0.589,0.964753279762028,1.69417744490976,0.353
10.5,0.59,0.964639321635102,1.70619113512642,0.353
10.5,0.591,0.96452513945018,1.71823129317821,0.353
10.5,0.592,0.964410734578153,1.73029779225027,0.353
10.5,0.593,0.964296108383026,1.74239050616223,0.353
10.5,0.594,0.964181262221954,1.75450930936418,0.353
10.5,0.595,0.964066197445282,1.76665407693322,0.353
10.5,0.596,0.963950915396579,1.77882468456916,0.353
10.5,0.597,0.963835417412682,1.79102100859099,0.353
10.5,0.598,0.963719704823728,1.80324292593295,0.353
10.5,0.599,0.963603778953193,1.81549031414083,0.353
10.5,0.6,0.963487641117931,1.82776305136825,0.353
10.5,0.601,0.963371292628203,1.840061016373,0.353
10.5,0.602,0.963254734787727,1.85238408851303,0.353
10.5,0.603,0.963137968893699,1.8647321477435,0.353
10.5,0.604,0.963020996236837,1.87710507461258,0.353
10.5,0.605,0.96290381810142,1.88950275025781,0.353
10.5,0.606,0.962786435765313,1.90192505640308,0.353
10.5,0.607,0.962668850500013,1.91437187535448,0.353
10.5,0.608,0.962551063570677,1.9268430899972,0.353
10.5,0.609,0.962433076236161,1.93933858379187,0.353
10.5,0.61,0.962314889749049,1.95185824077113,0.353
10.5,0.611,0.962196505355696,1.96440194553607,0.353
10.5,0.612,0.962077924296254,1.97696958325313,0.353
10.5,0.613,0.961959147804709,1.98956103965031,0.353
10.5,0.614,0.961840177108917,2.00217620101413,0.353
10.5,0.615,0.961721013430634,2.01481495418603,0.353
10.5,0.616,0.96160165798555,2.02747718655933,0.353
10.5,0.617,0.961482111983325,2.04016278607573,0.353
10.5,0.618,0.961362376627617,2.0528716412221,0.353
10.5,0.619,0.961242453116118,2.06560364102715,0.353
10.5,0.62,0.961122342640589,2.07835867505837,0.353
10.5,0.621,0.961002046386883,2.09113663341882,0.353
10.5,0.622,0.960881565534987,2.10393740674388,0.353
10.5,0.623,0.96076090125905,2.11676088619781,0.353
10.5,0.624,0.960640054727414,2.12960696347129,0.353
10.5,0.625,0.960519027102644,2.14247553077784,0.353
10.5,0.626,0.960397819541565,2.15536648085057,0.353
10.5,0.627,0.960276433195286,2.16827970693971,0.353
10.5,0.628,0.960154869209236,2.181215102809,0.353
10.5,0.629,0.960033128723192,2.19417256273304,0.353
10.5,0.63,0.959911212871311,2.20715198149402,0.353
10.5,0.631,0.959789122782161,2.22015325437888,0.353
10.5,0.632,0.959666859578747,2.23317627717647,0.353
10.5,0.633,0.959544424378544,2.24622094617439,0.353
10.5,0.634,0.959421818293531,2.25928715815606,0.353
10.5,0.635,0.959299042430208,2.27237481039821,0.353
10.5,0.636,0.959176097889642,2.28548380066742,0.353
10.5,0.637,0.959052985767482,2.29861402721774,0.353
10.5,0.638,0.958929707153995,2.31176538878768,0.353
10.5,0.639,0.958806263134094,2.32493778459728,0.353
10.5,0.64,0.958682654787366,2.3381311143456,0.353
10.5,0.641,0.958558883188101,2.35134527820762,0.353
10.5,0.642,0.958434949405317,2.36458017683185,0.353
10.5,0.643,0.958310854502797,2.37783571133707,0.353
10.5,0.644,0.958186599539104,2.39111178331026,0.353
10.5,0.645,0.958062185567621,2.40440829480337,0.353
10.5,0.646,0.957937613636571,2.41772514833092,0.353
10.5,0.647,0.957812884789048,2.43106224686713,0.353
10.5,0.648,0.957688000063042,2.44441949384362,0.353
10.5,0.649,0.957562960491467,2.45779679314633,0.353
10.5,0.65,0.957437767102191,2.47119404911329,0.353
10.5,0.651,0.957312420918056,2.48461116653194,0.353
10.5,0.652,0.957186922956913,2.49804805063631,0.353
10.5,0.653,0.95706127423164,2.51150460710485,0.353
10.5,0.654,0.956935475750173,2.52498074205771,0.353
10.5,0.655,0.956809528515536,2.53847636205404,0.353
10.5,0.656,0.956683433525857,2.55199137408988,0.353
10.5,0.657,0.956557191774402,2.56552568559538,0.353
10.5,0.658,0.956430804249597,2.57907920443239,0.353
10.5,0.659,0.956304271935056,2.59265183889212,0.353
10.5,0.66,0.956177595809602,2.60624349769261,0.353
10.5,0.661,0.9560507768473,2.6198540899762,0.353
10.5,0.662,0.955923816017473,2.6334835253075,0.353
10.5,0.663,0.955796714284732,2.64713171367055,0.353
10.5,0.664,0.955669472608999,2.66079856546677,0.353
10.5,0.665,0.955542091945536,2.6744839915126,0.353
10.5,0.666,0.955414573244962,2.6881879030368,0.353
10.5,0.667,0.955286917453282,2.70191021167876,0.353
10.5,0.668,0.955159125511912,2.71565082948555,0.353
10.5,0.669,0.9550311983577,2.72940966891015,0.353
10.5,0.67,0.954903136922952,2.74318664280868,0.353
10.5,0.671,0.954774942135454,2.7569816644387,0.353
10.5,0.672,0.954646614918498,2.77079464745644,0.353
10.5,0.673,0.954518156190903,2.78462550591496,0.353
10.5,0.674,0.954389566867038,2.7984741542618,0.353
10.5,0.675,0.954260847856851,2.81234050733667,0.353
10.5,0.676,0.954132000065883,2.82622448036947,0.353
10.5,0.677,0.954003024395297,2.84012598897794,0.353
10.5,0.678,0.9538739217419,2.85404494916568,0.353
10.5,0.679,0.953744692998166,2.86798127731975,0.353
10.5,0.68,0.953615339052252,2.88193489020903,0.353
10.5,0.681,0.953485860788032,2.89590570498146,0.353
10.5,0.682,0.95335625908511,2.90989363916234,0.353
10.5,0.683,0.953226534818844,2.92389861065252,0.353
10.5,0.684,0.953096688860373,2.9379205377255,0.353
10.5,0.685,0.95296672207663,2.9519593390263,0.353
10.5,0.686,0.952836635330371,2.96601493356869,0.353
10.5,0.687,0.952706429480196,2.98008724073362,0.353
10.5,0.688,0.952576105380564,2.99417618026694,0.353
10.5,0.689,0.952445663881823,3.00828167227769,0.353
10.5,0.69,0.952315105830225,3.02240363723576,0.353
10.5,0.691,0.95218443206795,3.03654199597014,0.353
10.5,0.692,0.952053643433127,3.05069666966691,0.353
10.5,0.693,0.951922740759851,3.06486757986728,0.353
10.5,0.694,0.95179172487821,3.07905464846567,0.353
10.5,0.695,0.9516605966143,3.09325779770773,0.353
10.5,0.696,0.95152935679025,3.10747695018851,0.353
10.5,0.697,0.951398006224237,3.12171202885057,0.353
10.5,0.698,0.951266545730513,3.13596295698193,0.353
10.5,0.699,0.951134976119419,3.15022965821443,0.353
10.5,0.7,0.951003298197407,3.16451205652173,0.353
10.5,0.701,0.950871512767063,3.17881007621741,0.353
10.5,0.702,0.950739620627121,3.19312364195339,0.353
10.5,0.703,0.950607622572488,3.20745267871765,0.353
10.5,0.704,0.95047551939426,3.22179711183292,0.353
10.5,0.705,0.950343311879744,3.2361568669546,0.353
10.5,0.706,0.950211000812473,3.25053187006896,0.353
10.5,0.707,0.950078586972232,3.26492204749145,0.353
10.5,0.708,0.949946071135071,3.27932732586496,0.353
10.5,0.709,0.949813454073328,3.29374763215773,0.353
10.5,0.71,0.949680736555642,3.30818289366246,0.353
10.5,0.711,0.949547919346982,3.32263303799341,0.353
10.5,0.712,0.949415003208654,3.33709799308561,0.353
10.5,0.713,0.949281988898329,3.35157768719265,0.353
10.5,0.714,0.949148877170054,3.36607204888528,0.353
10.5,0.715,0.949015668774277,3.38058100704943,0.353
10.5,0.716,0.948882364457861,3.39510449088483,0.353
10.5,0.717,0.948748964964102,3.40964242990305,0.353
10.5,0.718,0.948615471032749,3.42419475392612,0.353
10.5,0.719,0.948481883400021,3.43876139308468,0.353
10.5,0.72,0.948348202798626,3.45334227781646,0.353
10.5,0.721,0.948214429957776,3.46793733886455,0.353
10.5,0.722,0.948080565603207,3.48254650727593,0.353
10.5,0.723,0.947946610457196,3.49716971439977,0.353
10.5,0.724,0.947812565238576,3.51180689188582,0.353
10.5,0.725,0.947678430662758,3.52645797168285,0.353
10.5,0.726,0.947544207441746,3.54112288603701,0.353
10.5,0.727,0.94740989628415,3.55580156749065,0.353
10.5,0.728,0.947275497895212,3.57049394888003,0.353
10.5,0.729,0.947141012976813,3.58519996333451,0.353
10.5,0.73,0.947006442227497,3.59991954427459,0.353
10.5,0.731,0.946871786342483,3.61465262541054,0.353
10.5,0.732,0.946737046013689,3.62939914074074,0.353
10.5,0.733,0.946602221929736,3.64415902455042,0.353
10.5,0.734,0.946467314775978,3.65893221140998,0.353
10.5,0.735,0.946332325234509,3.67371863617352,0.353
10.5,0.736,0.946197253984184,3.68851823397738,0.353
10.5,0.737,0.946062101700631,3.70333094023871,0.353
10.5,0.738,0.945926869056273,3.7181566906541,0.353
10.5,0.739,0.945791556720338,3.73299542119776,0.353
10.5,0.74,0.945656165358881,3.74784706812046,0.353
10.5,0.741,0.94552069563479,3.7627115679481,0.353
10.5,0.742,0.945385148207815,3.7775888574799,0.353
10.5,0.743,0.945249523734574,3.79247887378742,0.353
10.5,0.744,0.945113822868569,3.80738155421292,0.353
10.5,0.745,0.944978046260206,3.82229683636817,0.353
10.5,0.746,0.944842194556809,3.83722465813261,0.353
10.5,0.747,0.944706268402631,3.85216495765248,0.353
10.5,0.748,0.944570268438876,3.8671176733392,0.353
10.5,0.749,0.944434195303708,3.88208274386814,0.353
10.5,0.75,0.944298049632271,3.89706010817694,0.353
10.5,0.751,0.944161832056699,3.91204970546473,0.353
10.5,0.752,0.944025543206135,3.92705147519017,0.353
10.5,0.753,0.943889183706744,3.9420653570706,0.353
10.5,0.754,0.943752754181727,3.95709129108037,0.353
10.5,0.755,0.943616255251339,3.97212921744989,0.353
10.5,0.756,0.943479687532897,3.98717907666397,0.353
10.5,0.757,0.943343051640803,4.00224080946072,0.353
10.5,0.758,0.943206348186551,4.01731435683024,0.353
10.5,0.759,0.943069577778744,4.03239966001334,0.353
10.5,0.76,0.94293274102311,4.04749666050022,0.353
10.5,0.761,0.942795838522513,4.0626053000292,0.353
10.5,0.762,0.94265887087697,4.0777255205855,0.353
10.5,0.763,0.942521838683662,4.09285726440012,0.353
10.5,0.764,0.94238474253695,4.10800047394824,0.353
10.5,0.765,0.942247583028388,4.12315509194836,0.353
10.5,0.766,0.942110360746738,4.13832106136094,0.353
10.5,0.767,0.941973076277982,4.15349832538694,0.353
10.5,0.768,0.941835730205335,4.16868682746718,0.353
10.5,0.769,0.941698323109261,4.18388651128043,0.353
10.5,0.77,0.941560855567486,4.19909732074286,0.353
10.5,0.771,0.941423328155009,4.21431920000632,0.353
10.5,0.772,0.941285741444116,4.22955209345757,0.353
10.5,0.773,0.941148096004399,4.24479594571667,0.353
10.5,0.774,0.941010392402758,4.26005070163646,0.353
10.5,0.775,0.940872631203424,4.27531630630062,0.353
10.5,0.776,0.940734812967967,4.29059270502319,0.353
10.5,0.777,0.940596938255311,4.30587984334683,0.353
10.5,0.778,0.940459007621744,4.32117766704245,0.353
10.5,0.779,0.940321021620937,4.33648612210698,0.353
10.5,0.78,0.94018298080395,4.35180515476334,0.353
10.5,0.781,0.940044885719247,4.36713471145862,0.353
10.5,0.782,0.939906736912708,4.38247473886346,0.353
10.5,0.783,0.939768534927647,4.39782518387022,0.353
10.5,0.784,0.939630280304815,4.41318599359279,0.353
10.5,0.785,0.939491973582418,4.42855711536483,0.353
10.5,0.786,0.939353615296132,4.44393849673874,0.353
10.5,0.787,0.939215205979107,4.45933008548507,0.353
10.5,0.788,0.939076746161987,4.47473182959086,0.353
10.5,0.789,0.93893823637292,4.4901436772588,0.353
10.5,0.79,0.938799677137565,4.50556557690642,0.353
10.5,0.791,0.938661068979112,4.52099747716455,0.353
10.5,0.792,0.938522412418289,4.53643932687662,0.353
10.5,0.793,0.938383707973374,4.55189107509752,0.353
10.5,0.794,0.93824495616021,4.56735267109247,0.353
10.5,0.795,0.938106157492211,4.58282406433623,0.353
10.5,0.796,0.937967312480379,4.59830520451179,0.353
10.5,0.797,0.937828421633314,4.61379604150955,0.353
10.5,0.798,0.937689485457226,4.62929652542614,0.353
10.5,0.799,0.937550504455943,4.64480660656363,0.353
10.5,0.8,0.937411479130928,4.66032623542834,0.353
10.75,0.2,0.966161061451024,1.49546647083689,0.353
10.75,0.201,0.96638316727298,1.4721395599709,0.353
10.75,0.202,0.966603023401383,1.44905948345109,0.353
10.75,0.203,0.96682064452416,1.42622437090514,0.353
10.75,0.204,0.967036045211519,1.403632370789,0.353
10.75,0.205,0.967249239917213,1.38128165013971,0.353
10.75,0.206,0.967460242979788,1.35917039433235,0.353
10.75,0.207,0.967669068623811,1.33729680684098,0.353
10.75,0.208,0.967875730961082,1.31565910900353,0.353
10.75,0.209,0.968080243991826,1.29425553979023,0.353
10.75,0.21,0.968282621605874,1.27308435557658,0.353
10.75,0.211,0.968482877583817,1.25214382991912,0.353
10.75,0.212,0.968681025598149,1.23143225333553,0.353
10.75,0.213,0.968877079214398,1.21094793308778,0.353
10.75,0.214,0.969071051892232,1.19068919296919,0.353
10.75,0.215,0.969262956986557,1.17065437309456,0.353
10.75,0.216,0.969452807748592,1.15084182969398,0.353
10.75,0.217,0.969640617326941,1.13124993490927,0.353
10.75,0.218,0.969826398768632,1.11187707659481,0.353
10.75,0.219,0.970010165020163,1.0927216581202,0.353
10.75,0.22,0.970191928928513,1.07378209817701,0.353
10.75,0.221,0.970371703242155,1.05505683058806,0.353
10.75,0.222,0.970549500612049,1.03654430411975,0.353
10.75,0.223,0.970725333592616,1.01824298229738,0.353
10.75,0.224,0.97089921464271,1.00015134322347,0.353
10.75,0.225,0.97107115612657,0.982267879398524,0.353
10.75,0.226,0.971241170314758,0.964591097544987,0.353
10.75,0.227,0.971409269385088,0.947119518433404,0.353
10.75,0.228,0.971575465423542,0.929851676711979,0.353
10.75,0.229,0.971739770425177,0.912786120737574,0.353
10.75,0.23,0.971902196295009,0.895921412410661,0.353
10.75,0.231,0.972062754848899,0.879256127011629,0.353
10.75,0.232,0.972221457814417,0.862788853040275,0.353
10.75,0.233,0.972378316831706,0.846518192057188,0.353
10.75,0.234,0.972533343454318,0.830442758528149,0.353
10.75,0.235,0.972686549150059,0.81456117966987,0.353
10.75,0.236,0.972837945301807,0.798872095299252,0.353
10.75,0.237,0.972987543208328,0.783374157683925,0.353
10.75,0.238,0.97313535408508,0.768066031395254,0.353
10.75,0.239,0.973281389065005,0.7529463931639,0.353
10.75,0.24,0.973425659199314,0.738013931736758,0.353
10.75,0.241,0.97356817545826,0.723267347736689,0.353
10.75,0.242,0.973708948731899,0.708705353524097,0.353
10.75,0.243,0.973847989830849,0.694326673060264,0.353
10.75,0.244,0.973985309487031,0.680130041772697,0.353
10.75,0.245,0.974120918354408,0.666114206423107,0.353
10.75,0.246,0.974254827009707,0.65227792497613,0.353
10.75,0.247,0.974387045953142,0.638619966470944,0.353
10.75,0.248,0.974517585609122,0.625139110894102,0.353
10.75,0.249,0.974646456326945,0.611834149054746,0.353
10.75,0.25,0.974773668381499,0.59870388246086,0.353
10.75,0.251,0.97489923197394,0.585747123197855,0.353
10.75,0.252,0.975023157232367,0.572962693808798,0.353
10.75,0.253,0.975145454212493,0.560349427175977,0.353
10.75,0.254,0.975266132898301,0.547906166404521,0.353
10.75,0.255,0.975385203202693,0.535631764707678,0.353
10.75,0.256,0.975502674968142,0.523525085293119,0.353
10.75,0.257,0.975618557967319,0.511585001251458,0.353
10.75,0.258,0.975732861903726,0.499810395446221,0.353
10.75,0.259,0.975845596412316,0.488200160404983,0.353
10.75,0.26,0.975956771060109,0.476753198212054,0.353
10.75,0.261,0.976066395346797,0.465468420403337,0.353
10.75,0.262,0.976174478705341,0.454344747861746,0.353
10.75,0.263,0.976281030502568,0.443381110714491,0.353
10.75,0.264,0.976386060039757,0.432576448231559,0.353
10.75,0.265,0.976489576553215,0.421929708725965,0.353
10.75,0.266,0.976591589214852,0.411439849454776,0.353
10.75,0.267,0.976692107132745,0.401105836522109,0.353
10.75,0.268,0.976791139351701,0.390926644782907,0.353
10.75,0.269,0.976888694853806,0.380901257748345,0.353
10.75,0.27,0.976984782558978,0.371028667491968,0.353
10.75,0.271,0.977079411325499,0.361307874558214,0.353
10.75,0.272,0.977172589950561,0.351737887870818,0.353
10.75,0.273,0.977264327170784,0.342317724643282,0.353
10.75,0.274,0.977354631662746,0.33304641029035,0.353
10.75,0.275,0.977443512043499,0.323922978340385,0.353
10.75,0.276,0.977530976871079,0.314946470349309,0.353
10.75,0.277,0.977617034645009,0.306115935815598,0.353
10.75,0.278,0.977701693806809,0.297430432095735,0.353
10.75,0.279,0.977784962740479,0.288889024321848,0.353
10.75,0.28,0.977866849772996,0.280490785319687,0.353
10.75,0.281,0.977947363174796,0.272234795527915,0.353
10.75,0.282,0.978026511160252,0.264120142918078,0.353
10.75,0.283,0.978104301888149,0.256145922916429,0.353
10.75,0.284,0.97818074346215,0.248311238325827,0.353
10.75,0.285,0.978255843931262,0.240615199249361,0.353
10.75,0.286,0.978329611290295,0.233056923014274,0.353
10.75,0.287,0.978402053480313,0.225635534097601,0.353
10.75,0.288,0.978473178389084,0.21835016405245,0.353
10.75,0.289,0.978542993851523,0.211199951434704,0.353
10.75,0.29,0.978611507650136,0.204184041731503,0.353
10.75,0.291,0.978678727515447,0.197301587290122,0.353
10.75,0.292,0.978744661126433,0.190551747247958,0.353
10.75,0.293,0.978809316110951,0.183933687463034,0.353
10.75,0.294,0.978872700046153,0.177446580446095,0.353
10.75,0.295,0.978934820458911,0.171089605292574,0.353
10.75,0.296,0.97899568482622,0.16486194761649,0.353
10.75,0.297,0.979055300575614,0.158762799484147,0.353
10.75,0.298,0.979113675085565,0.152791359349513,0.353
10.75,0.299,0.979170815685887,0.146946831989703,0.353
10.75,0.3,0.979226729658128,0.141228428441709,0.353
10.75,0.301,0.979281424235962,0.135635365939901,0.353
10.75,0.302,0.979334906605577,0.130166867853942,0.353
10.75,0.303,0.979387183906059,0.124822163627925,0.353
10.75,0.304,0.979438263229774,0.119600488719751,0.353
10.75,0.305,0.979488151622738,0.114501084541896,0.353
10.75,0.306,0.979536856084995,0.109523198401984,0.353
10.75,0.307,0.979584383570979,0.104666083445371,0.353
10.75,0.308,0.979630740989887,0.0999289985968987,0.353
10.75,0.309,0.979675935206031,0.0953112085046781,0.353
10.75,0.31,0.979719973039202,0.0908119834837517,0.353
10.75,0.311,0.97976286126502,0.086430599460785,0.353
10.75,0.312,0.979804606615285,0.0821663379192872,0.353
10.75,0.313,0.979845215778327,0.0780184858453881,0.353
10.75,0.314,0.979884695399342,0.0739863356747694,0.353
10.75,0.315,0.979923052080738,0.0700691852395074,0.353
10.75,0.316,0.979960292382473,0.0662663377159367,0.353
10.75,0.317,0.97999642282238,0.0625771015734689,0.353
10.75,0.318,0.980031449876505,0.0590007905229006,0.353
10.75,0.319,0.980065379979431,0.0555367234669868,0.353
10.75,0.32,0.9800982195246,0.0521842244498361,0.353
10.75,0.321,0.980129974864636,0.0489426226083278,0.353
10.75,0.322,0.980160652311661,0.0458112521233733,0.353
10.75,0.323,0.980190258137608,0.0427894521716654,0.353
10.75,0.324,0.980218798574536,0.0398765668784939,0.353
10.75,0.325,0.980246279814934,0.0370719452707169,0.353
10.75,0.326,0.980272708012029,0.0343749412303751,0.353
10.75,0.327,0.980298089280086,0.0317849134489512,0.353
10.75,0.328,0.980322429694711,0.0293012253819391,0.353
10.75,0.329,0.980345735293143,0.0269232452043022,0.353
10.75,0.33,0.980368012074552,0.0246503457658198,0.353
10.75,0.331,0.980389266000326,0.0224819045478775,0.353
10.75,0.332,0.980409502994364,0.0204173036195909,0.353
10.75,0.333,0.980428728943356,0.0184559295956621,0.353
10.75,0.334,0.980446949697071,0.0165971735936132,0.353
10.75,0.335,0.980464171068634,0.0148404311922201,0.353
10.75,0.336,0.980480398834802,0.0131851023903007,0.353
10.75,0.337,0.980495638736244,0.0116305915657033,0.353
10.75,0.338,0.980509896477809,0.0101763074349837,0.353
10.75,0.339,0.980523177728798,0.00882166301336973,0.353
10.75,0.34,0.980535488123229,0.00756607557552691,0.353
10.75,0.341,0.980546833260106,0.00640896661621149,0.353
10.75,0.342,0.980557218703675,0.0053497618119458,0.353
10.75,0.343,0.98056664998369,0.00438789098282655,0.353
10.75,0.344,0.98057513259567,0.00352278805444417,0.353
10.75,0.345,0.980582672001147,0.00275389102111223,0.353
10.75,0.346,0.980589273627929,0.0020806419083863,0.353
10.75,0.347,0.980594942870344,0.00150248673709275,0.353
10.75,0.348,0.98059968508949,0.00101887548686896,0.353
10.75,0.349,0.98060350561348,0.000629262060547475,0.353
10.75,0.35,0.980606409737688,0.000333104249050642,0.353
10.75,0.351,0.980608402724989,0.000129863696129995,0.353
10.75,0.352,0.980609489805997,1.90058642823843e-05,0.353
10.75,0.353,0.980609676179306,0,0.353
10.75,0.354,0.980608967011719,7.23191007079294e-05,0.353
10.75,0.355,0.980607367438489,0.000235439880769128,0.353
10.75,0.356,0.980604882563543,0.000488842738555206,0.353
10.75,0.357,0.980601517459714,0.00083201172400571,0.353
10.75,0.358,0.980597277168966,0.00126443450620961,0.353
10.75,0.359,0.98059216670262,0.00178560234116443,0.353
10.75,0.36,0.980586191041576,0.00239501004033471,0.353
10.75,0.361,0.980579355136534,0.00309215593947698,0.353
10.75,0.362,0.980571663908214,0.00387654186737585,0.353
10.75,0.363,0.980563122247571,0.0047476731154017,0.353
10.75,0.364,0.980553735016009,0.00570505840720159,0.353
10.75,0.365,0.980543507045596,0.00674820986867886,0.353
10.75,0.366,0.980532443139277,0.00787664299823909,0.353
10.75,0.367,0.980520548071079,0.00908987663768013,0.353
10.75,0.368,0.980507826586319,0.0103874329429265,0.353
10.75,0.369,0.980494283401813,0.0117688373554081,0.353
10.75,0.37,0.980479923206078,0.0132336185736159,0.353
10.75,0.371,0.980464750659532,0.0147813085250137,0.353
10.75,0.372,0.980448770394698,0.0164114423380157,0.353
10.75,0.373,0.980431987016401,0.0181235583148975,0.353
10.75,0.374,0.980414405101963,0.0199171979038626,0.353
10.75,0.375,0.980396029201401,0.0217919056728855,0.353
10.75,0.376,0.980376863837619,0.0237472292822893,0.353
10.75,0.377,0.980356913506599,0.025782719459011,0.353
10.75,0.378,0.980336182677595,0.0278979299696225,0.353
10.75,0.379,0.980314675793316,0.0300924175954842,0.353
10.75,0.38,0.980292397270117,0.0323657421063661,0.353
10.75,0.381,0.980269351498182,0.0347174662355565,0.353
10.75,0.382,0.980245542841711,0.0371471556544156,0.353
10.75,0.383,0.980220975639096,0.0396543789481507,0.353
10.75,0.384,0.98019565420311,0.0422387075906583,0.353
10.75,0.385,0.98016958282108,0.0448997159204767,0.353
10.75,0.386,0.980142765755064,0.0476369811168942,0.353
10.75,0.387,0.980115207242033,0.0504500831758126,0.353
10.75,0.388,0.980086911494038,0.0533386048866324,0.353
10.75,0.389,0.980057882698391,0.056302131808339,0.353
10.75,0.39,0.980028125017829,0.05934025224692,0.353
10.75,0.391,0.979997642590691,0.0624525572323398,0.353
10.75,0.392,0.979966439531082,0.065638640495802,0.353
10.75,0.393,0.979934519929043,0.0688980984475895,0.353
10.75,0.394,0.979901887850715,0.07223053015466,0.353
10.75,0.395,0.979868547338506,0.0756355373189965,0.353
10.75,0.396,0.979834502411252,0.0791127242555589,0.353
10.75,0.397,0.979799757064381,0.0826616978708783,0.353
10.75,0.398,0.979764315270072,0.0862820676419851,0.353
10.75,0.399,0.979728180977415,0.0899734455950263,0.353
10.75,0.4,0.979691358112567,0.0937354462846374,0.353
10.75,0.401,0.979653850578911,0.0975676867732034,0.353
10.75,0.402,0.979615662257213,0.101469786610164,0.353
10.75,0.403,0.97957679700577,0.10544136781232,0.353
10.75,0.404,0.97953725866057,0.109482054843157,0.353
10.75,0.405,0.979497051035435,0.1135914745934,0.353
10.75,0.406,0.979456177922182,0.117769256361244,0.353
10.75,0.407,0.979414643090761,0.122015031833,0.353
10.75,0.408,0.979372450289413,0.126328435063372,0.353
10.75,0.409,0.979329603244808,0.130709102457049,0.353
10.75,0.41,0.979286105662196,0.135156672749304,0.353
10.75,0.411,0.97924196122555,0.139670786987489,0.353
10.75,0.412,0.979197173597707,0.144251088512481,0.353
10.75,0.413,0.979151746420515,0.148897222940181,0.353
10.75,0.414,0.979105683314967,0.153608838143704,0.353
10.75,0.415,0.979058987881344,0.158385584235066,0.353
10.75,0.416,0.979011663699357,0.163227113547326,0.353
10.75,0.417,0.978963714328281,0.168133080617205,0.353
10.75,0.418,0.978915143307089,0.173103142167386,0.353
10.75,0.419,0.97886595415459,0.178136957089436,0.353
10.75,0.42,0.978816150369566,0.183234186426384,0.353
10.75,0.421,0.978765735430899,0.188394493355992,0.353
10.75,0.422,0.978714712797708,0.193617543173596,0.353
10.75,0.423,0.978663085909479,0.198903003275919,0.353
10.75,0.424,0.978610858186193,0.204250543144147,0.353
10.75,0.425,0.978558033028455,0.209659834328013,0.353
10.75,0.426,0.978504613817625,0.215130550429099,0.353
10.75,0.427,0.978450603915945,0.220662367085178,0.353
10.75,0.428,0.978396006666658,0.226254961954453,0.353
10.75,0.429,0.978340825394141,0.231908014699278,0.353
10.75,0.43,0.978285063404026,0.237621206971173,0.353
10.75,0.431,0.978228723983322,0.243394222394966,0.353
10.75,0.432,0.978171810400538,0.24922674655381,0.353
10.75,0.433,0.978114325905804,0.255118466973725,0.353
10.75,0.434,0.978056273730991,0.261069073109099,0.353
10.75,0.435,0.977997657089829,0.267078256327191,0.353
10.75,0.436,0.97793847917803,0.273145709893852,0.353
10.75,0.437,0.977878743173397,0.279271128958847,0.353
10.75,0.438,0.977818452235948,0.285454210541292,0.353
10.75,0.439,0.97775760950803,0.291694653515417,0.353
10.75,0.44,0.97769621811443,0.297992158596472,0.353
10.75,0.441,0.977634281162491,0.304346428326574,0.353
10.75,0.442,0.977571801742226,0.310757167060771,0.353
10.75,0.443,0.97750878292643,0.317224080953205,0.353
10.75,0.444,0.977445227770787,0.323746877943787,0.353
10.75,0.445,0.977381139313987,0.330325267744014,0.353
10.75,0.446,0.977316520577828,0.336958961824441,0.353
10.75,0.447,0.977251374567332,0.343647673400382,0.353
10.75,0.448,0.977185704270847,0.350391117419568,0.353
10.75,0.449,0.977119512660157,0.35718901054862,0.353
10.75,0.45,0.977052802690588,0.364041071160437,0.353
10.75,0.451,0.97698557730111,0.370947019321122,0.353
10.75,0.452,0.976917839414447,0.377906576777387,0.353
10.75,0.453,0.976849591937177,0.384919466943967,0.353
10.75,0.454,0.976780837759834,0.391985414891316,0.353
10.75,0.455,0.976711579757015,0.399104147332818,0.353
10.75,0.456,0.976641820787477,0.406275392613153,0.353
10.75,0.457,0.976571563694237,0.413498880695684,0.353
10.75,0.458,0.976500811304679,0.42077434315051,0.353
10.75,0.459,0.976429566430642,0.428101513142787,0.353
10.75,0.46,0.976357831868529,0.435480125420784,0.353
10.75,0.461,0.976285610399397,0.442909916304068,0.353
10.75,0.462,0.976212904789059,0.45039062367207,0.353
10.75,0.463,0.976139717788177,0.457921986952536,0.353
10.75,0.464,0.97606605213236,0.465503747110119,0.353
10.75,0.465,0.975991910542255,0.473135646635137,0.353
10.75,0.466,0.975917295723645,0.480817429532387,0.353
10.75,0.467,0.975842210367541,0.488548841309955,0.353
10.75,0.468,0.975766657150275,0.496329628968351,0.353
10.75,0.469,0.975690638733588,0.504159540989568,0.353
10.75,0.47,0.975614157764729,0.512038327326247,0.353
10.75,0.471,0.975537216876538,0.51996573939106,0.353
10.75,0.472,0.975459818687542,0.527941530046028,0.353
10.75,0.473,0.97538196580204,0.535965453592047,0.353
10.75,0.474,0.975303660810191,0.544037265758468,0.353
10.75,0.475,0.97522490628811,0.552156723692665,0.353
10.75,0.476,0.975145704797943,0.560323585950084,0.353
10.75,0.477,0.975066058887965,0.568537612483655,0.353
10.75,0.478,0.974985971092658,0.57679856463424,0.353
10.75,0.479,0.974905443932802,0.585106205120023,0.353
10.75,0.48,0.974824479915556,0.593460298027271,0.353
10.75,0.481,0.974743081534543,0.601860608800298,0.353
10.75,0.482,0.974661251269935,0.610306904231606,0.353
10.75,0.483,0.974578991588537,0.618798952452138,0.353
10.75,0.484,0.974496304943864,0.627336522922306,0.353
10.75,0.485,0.97441319377623,0.635919386421913,0.353
10.75,0.486,0.97432966051282,0.644547315041177,0.353
10.75,0.487,0.974245707567783,0.653220082171124,0.353
10.75,0.488,0.974161337342299,0.6619374624945,0.353
10.75,0.489,0.974076552224667,0.670699231976912,0.353
10.75,0.49,0.973991354590383,0.679505167857086,0.353
10.75,0.491,0.973905746802212,0.688355048638511,0.353
10.75,0.492,0.973819731210273,0.697248654080318,0.353
10.75,0.493,0.973733310152116,0.70618576518815,0.353
10.75,0.494,0.97364648595279,0.715166164206016,0.353
10.75,0.495,0.97355926092493,0.724189634607031,0.353
10.75,0.496,0.973471637368826,0.733255961085089,0.353
10.75,0.497,0.973383617572498,0.742364929546291,0.353
10.75,0.498,0.973295203811775,0.751516327100377,0.353
10.75,0.499,0.973206398350363,0.760709942052507,0.353
10.75,0.5,0.973117203439924,0.769945563894625,0.353
10.75,0.501,0.973027621320144,0.779222983297689,0.353
10.75,0.502,0.972937654218808,0.788541992102987,0.353
10.75,0.503,0.972847304351872,0.797902383314408,0.353
10.75,0.504,0.972756573923533,0.807303951090033,0.353
10.75,0.505,0.972665465126301,0.816746490734421,0.353
10.75,0.506,0.972573980141068,0.826229798690692,0.353
10.75,0.507,0.972482121137179,0.835753672532569,0.353
10.75,0.508,0.972389890272501,0.845317910956611,0.353
10.75,0.509,0.972297289693492,0.854922313774442,0.353
10.75,0.51,0.972204321535268,0.864566681905266,0.353
10.75,0.511,0.972110987921674,0.874250817368205,0.353
10.75,0.512,0.972017290965348,0.883974523274622,0.353
10.75,0.513,0.971923232767789,0.893737603820854,0.353
10.75,0.514,0.971828815419424,0.903539864280689,0.353
10.75,0.515,0.971734040999676,0.913381110998124,0.353
10.75,0.516,0.971638911577023,0.923261151379995,0.353
10.75,0.517,0.971543429209072,0.93317979388885,0.353
10.75,0.518,0.971447595942615,0.943136848035531,0.353
10.75,0.519,0.971351413813701,0.953132124372469,0.353
10.75,0.52,0.971254884847693,0.963165434486268,0.353
10.75,0.521,0.971158011059336,0.973236590990956,0.353
10.75,0.522,0.971060794452817,0.983345407520964,0.353
10.75,0.523,0.970963237021829,0.993491698724336,0.353
10.75,0.524,0.970865340749631,1.00367528025569,0.353
10.75,0.525,0.970767107609116,1.01389596876957,0.353
10.75,0.526,0.970668539562861,1.02415358191394,0.353
10.75,0.527,0.970569638563196,1.03444793832332,0.353
10.75,0.528,0.970470406552266,1.04477885761201,0.353
10.75,0.529,0.970370845462081,1.05514616036808,0.353
10.75,0.53,0.970270957214586,1.06554966814629,0.353
10.75,0.531,0.970170743721712,1.07598920346206,0.353
10.75,0.532,0.970070206885444,1.08646458978474,0.353
10.75,0.533,0.969969348597867,1.09697565153166,0.353
10.75,0.534,0.969868170741234,1.10752221406154,0.353
10.75,0.535,0.969766675188019,1.11810410366846,0.353
10.75,0.536,0.969664863800976,1.12872114757532,0.353
10.75,0.537,0.969562738433194,1.13937317392825,0.353
10.75,0.538,0.969460300928152,1.15006001178999,0.353
10.75,0.539,0.96935755311978,1.16078149113419,0.353
10.75,0.54,0.969254496832509,1.17153744283927,0.353
10.75,0.541,0.969151133881331,1.18232769868245,0.353
10.75,0.542,0.969047466071849,1.1931520913341,0.353
10.75,0.543,0.968943495200335,1.20401045435148,0.353
10.75,0.544,0.968839223053782,1.2149026221733,0.353
10.75,0.545,0.968734651409959,1.22582843011374,0.353
10.75,0.546,0.968629782037465,1.2367877143568,0.353
10.75,0.547,0.968524616695778,1.24778031195081,0.353
10.75,0.548,0.968419157135314,1.25880606080249,0.353
10.75,0.549,0.968313405097472,1.26986479967148,0.353
10.75,0.55,0.968207362314693,1.28095636816503,0.353
10.75,0.551,0.968101030510505,1.29208060673218,0.353
10.75,0.552,0.96799441139958,1.30323735665843,0.353
10.75,0.553,0.967887506687782,1.31442646006041,0.353
10.75,0.554,0.967780318072216,1.3256477598806,0.353
10.75,0.555,0.96767284724128,1.33690109988169,0.353
10.75,0.556,0.967565095874718,1.34818632464149,0.353
10.75,0.557,0.967457065643663,1.35950327954781,0.353
10.75,0.558,0.967348758210691,1.37085181079299,0.353
10.75,0.559,0.967240175229869,1.38223176536889,0.353
10.75,0.56,0.967131318346801,1.39364299106191,0.353
10.75,0.561,0.96702218919868,1.40508533644759,0.353
10.75,0.562,0.966912789414336,1.41655865088577,0.353
10.75,0.563,0.966803120614277,1.4280627845157,0.353
10.75,0.564,0.966693184410744,1.43959758825072,0.353
10.75,0.565,0.966582982407755,1.45116291377381,0.353
10.75,0.566,0.966472516201152,1.46275861353213,0.353
10.75,0.567,0.966361787378646,1.47438454073272,0.353
10.75,0.568,0.966250797519864,1.48604054933741,0.353
10.75,0.569,0.966139548196395,1.49772649405806,0.353
10.75,0.57,0.966028040971837,1.50944223035172,0.353
10.75,0.571,0.965916277401838,1.52118761441631,0.353
10.75,0.572,0.965804259034144,1.53296250318546,0.353
10.75,0.573,0.965691987408643,1.54476675432429,0.353
10.75,0.574,0.965579464057411,1.55660022622439,0.353
10.75,0.575,0.965466690504751,1.56846277799989,0.353
10.75,0.576,0.965353668267241,1.58035426948222,0.353
10.75,0.577,0.965240398853777,1.592274561216,0.353
10.75,0.578,0.965126883765615,1.60422351445459,0.353
10.75,0.579,0.965013124496413,1.6162009911556,0.353
10.75,0.58,0.964899122532276,1.62820685397647,0.353
10.75,0.581,0.964784879351798,1.64024096627009,0.353
10.75,0.582,0.964670396426099,1.65230319208072,0.353
10.75,0.583,0.964555675218876,1.66439339613924,0.353
10.75,0.584,0.964440717186437,1.67651144385923,0.353
10.75,0.585,0.964325523777743,1.68865720133278,0.353
10.75,0.586,0.964210096434452,1.70083053532597,0.353
10.75,0.587,0.96409443659096,1.71303131327505,0.353
10.75,0.588,0.963978545674435,1.72525940328208,0.353
10.75,0.589,0.963862425104867,1.73751467411098,0.353
10.75,0.59,0.963746076295098,1.74979699518323,0.353
10.75,0.591,0.963629500650868,1.76210623657413,0.353
10.75,0.592,0.963512699570855,1.77444226900856,0.353
10.75,0.593,0.963395674446708,1.78680496385699,0.353
10.75,0.594,0.963278426663092,1.79919419313173,0.353
10.75,0.595,0.963160957597724,1.81160982948285,0.353
10.75,0.596,0.963043268621412,1.82405174619413,0.353
10.75,0.597,0.962925361098091,1.83651981717956,0.353
10.75,0.598,0.962807236384866,1.84901391697929,0.353
10.75,0.599,0.962688895832042,1.86153392075581,0.353
10.75,0.6,0.962570340783172,1.87407970429012,0.353
10.75,0.601,0.962451572575082,1.88665114397815,0.353
10.75,0.602,0.962332592537918,1.89924811682682,0.353
10.75,0.603,0.962213401995178,1.91187050045054,0.353
10.75,0.604,0.962094002263748,1.9245181730674,0.353
10.75,0.605,0.961974394653941,1.93719101349561,0.353
10.75,0.606,0.961854580469529,1.94988890114984,0.353
10.75,0.607,0.961734561007784,1.96261171603755,0.353
10.75,0.608,0.961614337559512,1.97535933875552,0.353
10.75,0.609,0.961493911409082,1.98813165048635,0.353
10.75,0.61,0.961373283834473,2.00092853299472,0.353
10.75,0.611,0.961252456107297,2.01374986862426,0.353
10.75,0.612,0.961131429492842,2.0265955402937,0.353
10.75,0.613,0.961010205250103,2.03946543149374,0.353
10.75,0.614,0.960888784631814,2.05235942628343,0.353
10.75,0.615,0.960767168884489,2.06527740928688,0.353
10.75,0.616,0.960645359248449,2.07821926568985,0.353
10.75,0.617,0.960523356957859,2.09118488123639,0.353
10.75,0.618,0.96040116324076,2.10417414222552,0.353
10.75,0.619,0.960278779319104,2.1171869355082,0.353
10.75,0.62,0.960156206408785,2.13022314848348,0.353
10.75,0.621,0.960033445719671,2.143282669096,0.353
10.75,0.622,0.959910498455642,2.15636538583186,0.353
10.75,0.623,0.959787365814615,2.16947118771642,0.353
10.75,0.624,0.959664048988583,2.18259996431021,0.353
10.75,0.625,0.959540549163639,2.19575160570658,0.353
10.75,0.626,0.959416867520018,2.20892600252782,0.353
10.75,0.627,0.959293005232119,2.22212304592262,0.353
10.75,0.628,0.959168963468543,2.23534262756264,0.353
10.75,0.629,0.959044743392119,2.24858463963968,0.353
10.75,0.63,0.958920346159941,2.26184897486232,0.353
10.75,0.631,0.958795772923392,2.27513552645338,0.353
10.75,0.632,0.958671024828182,2.28844418814631,0.353
10.75,0.633,0.958546103014372,2.30177485418277,0.353
10.75,0.634,0.958421008616406,2.3151274193093,0.353
10.75,0.635,0.958295742763144,2.32850177877462,0.353
10.75,0.636,0.95817030657789,2.34189782832637,0.353
10.75,0.637,0.958044701178418,2.35531546420871,0.353
10.75,0.638,0.957918927677009,2.36875458315897,0.353
10.75,0.639,0.957792987180474,2.38221508240506,0.353
10.75,0.64,0.957666880790187,2.39569685966254,0.353
10.75,0.641,0.957540609602109,2.40919981313195,0.353
10.75,0.642,0.957414174706825,2.42272384149558,0.353
10.75,0.643,0.957287577189565,2.43626884391528,0.353
10.75,0.644,0.957160818130235,2.4498347200292,0.353
10.75,0.645,0.957033898603447,2.4634213699495,0.353
10.75,0.646,0.956906819678545,2.47702869425914,0.353
10.75,0.647,0.956779582419634,2.49065659400953,0.353
10.75,0.648,0.956652187885606,2.50430497071779,0.353
10.75,0.649,0.956524637130171,2.51797372636384,0.353
10.75,0.65,0.95639693120188,2.53166276338823,0.353
10.75,0.651,0.956269071144156,2.545371984689,0.353
10.75,0.652,0.956141057995322,2.55910129361931,0.353
10.75,0.653,0.956012892788621,2.57285059398493,0.353
10.75,0.654,0.955884576552252,2.5866197900414,0.353
10.75,0.655,0.955756110309387,2.6004087864919,0.353
10.75,0.656,0.955627495078208,2.61421748848409,0.353
10.75,0.657,0.955498731871925,2.62804580160829,0.353
10.75,0.658,0.955369821698805,2.64189363189427,0.353
10.75,0.659,0.955240765562198,2.65576088580946,0.353
10.75,0.66,0.955111564460563,2.66964747025589,0.353
10.75,0.661,0.954982219387493,2.68355329256809,0.353
10.75,0.662,0.954852731331742,2.69747826051041,0.353
10.75,0.663,0.954723101277248,2.71142228227492,0.353
10.75,0.664,0.95459333020316,2.7253852664787,0.353
10.75,0.665,0.954463419083864,2.7393671221615,0.353
10.75,0.666,0.954333368889003,2.75336775878356,0.353
10.75,0.667,0.954203180583508,2.76738708622304,0.353
10.75,0.668,0.95407285512762,2.78142501477376,0.353
10.75,0.669,0.953942393476913,2.79548145514283,0.353
10.75,0.67,0.95381179658232,2.8095563184485,0.353
10.75,0.671,0.953681065390156,2.82364951621774,0.353
10.75,0.672,0.953550200842146,2.83776096038382,0.353
10.75,0.673,0.953419203875441,2.85189056328434,0.353
10.75,0.674,0.953288075422649,2.86603823765892,0.353
10.75,0.675,0.953156816411859,2.88020389664652,0.353
10.75,0.676,0.953025427766656,2.89438745378403,0.353
10.75,0.677,0.952893910406153,2.90858882300333,0.353
10.75,0.678,0.95276226524501,2.92280791862958,0.353
10.75,0.679,0.952630493193458,2.93704465537878,0.353
10.75,0.68,0.952498595157325,2.95129894835562,0.353
10.75,0.681,0.952366572038053,2.96557071305148,0.353
10.75,0.682,0.952234424732722,2.97985986534233,0.353
10.75,0.683,0.952102154134077,2.99416632148632,0.353
10.75,0.684,0.951969761130547,3.008489998122,0.353
10.75,0.685,0.951837246606268,3.02283081226593,0.353
10.75,0.686,0.951704611441101,3.03718868131104,0.353
10.75,0.687,0.951571856510663,3.05156352302409,0.353
10.75,0.688,0.95143898268634,3.0659552555439,0.353
10.75,0.689,0.951305990835314,3.08036379737933,0.353
10.75,0.69,0.951172881820583,3.09478906740692,0.353
10.75,0.691,0.951039656500981,3.10923098486946,0.353
10.75,0.692,0.950906315731203,3.12368946937349,0.353
10.75,0.693,0.950772860361822,3.13816444088753,0.353
10.75,0.694,0.950639291239313,3.15265581974011,0.353
10.75,0.695,0.950505609206074,3.16716352661781,0.353
10.75,0.696,0.950371815100446,3.18168748256324,0.353
10.75,0.697,0.95023790975673,3.19622760897329,0.353
10.75,0.698,0.950103894005218,3.21078382759685,0.353
10.75,0.699,0.949969768672202,3.22535606053336,0.353
10.75,0.7,0.94983553458,3.23994423023071,0.353
10.75,0.701,0.949701192546976,3.25454825948324,0.353
10.75,0.702,0.949566743387562,3.26916807143003,0.353
10.75,0.703,0.949432187912271,3.283803589553,0.353
10.75,0.704,0.949297526927727,3.29845473767496,0.353
10.75,0.705,0.949162761236674,3.31312143995814,0.353
10.75,0.706,0.949027891638006,3.32780362090199,0.353
10.75,0.707,0.94889291892678,3.34250120534125,0.353
10.75,0.708,0.948757843894236,3.35721411844483,0.353
10.75,0.709,0.948622667327818,3.37194228571327,0.353
10.75,0.71,0.948487390011194,3.38668563297742,0.353
10.75,0.711,0.948352012724273,3.40144408639653,0.353
10.75,0.712,0.948216536243227,3.41621757245643,0.353
10.75,0.713,0.948080961340504,3.431006017968,0.353
10.75,0.714,0.947945288784852,3.44580935006544,0.353
10.75,0.715,0.94780951934134,3.46062749620404,0.353
10.75,0.716,0.947673653771367,3.47546038415925,0.353
10.75,0.717,0.947537692832692,3.49030794202432,0.353
10.75,0.718,0.947401637279444,3.50517009820903,0.353
10.75,0.719,0.947265487862142,3.52004678143789,0.353
10.75,0.72,0.947129245327717,3.53493792074848,0.353
10.75,0.721,0.946992910419526,3.54984344548965,0.353
10.75,0.722,0.946856483877372,3.56476328532016,0.353
10.75,0.723,0.946719966437519,3.57969737020682,0.353
10.75,0.724,0.946583358832714,3.594645630423,0.353
10.75,0.725,0.946446661792203,3.60960799654686,0.353
10.75,0.726,0.946309876041747,3.62458439946003,0.353
10.75,0.727,0.94617300230364,3.63957477034564,0.353
10.75,0.728,0.946036041296729,3.65457904068709,0.353
10.75,0.729,0.945898993736428,3.66959714226633,0.353
10.75,0.73,0.945761860334735,3.68462900716218,0.353
10.75,0.731,0.945624641800253,3.69967456774911,0.353
10.75,0.732,0.945487338838204,3.7147337566952,0.353
10.75,0.733,0.945349952150443,3.72980650696122,0.353
10.75,0.734,0.945212482435485,3.74489275179846,0.353
10.75,0.735,0.945074930388507,3.75999242474776,0.353
10.75,0.736,0.944937296701379,3.77510545963773,0.353
10.75,0.737,0.944799582062668,3.79023179058335,0.353
10.75,0.738,0.944661787157664,3.80537135198433,0.353
10.75,0.739,0.944523912668394,3.82052407852387,0.353
10.75,0.74,0.944385959273631,3.83568990516709,0.353
10.75,0.741,0.944247927648923,3.85086876715941,0.353
10.75,0.742,0.944109818466596,3.86606060002554,0.353
10.75,0.743,0.94397163239578,3.88126533956732,0.353
10.75,0.744,0.943833370102419,3.89648292186315,0.353
10.75,0.745,0.943695032249289,3.91171328326596,0.353
10.75,0.746,0.943556619496014,3.92695636040188,0.353
10.75,0.747,0.943418132499079,3.94221209016912,0.353
10.75,0.748,0.943279571911849,3.95748040973634,0.353
10.75,0.749,0.943140938384583,3.97276125654127,0.353
10.75,0.75,0.94300223256445,3.98805456828923,0.353
10.75,0.751,0.942863455095538,4.00336028295234,0.353
10.75,0.752,0.942724606618882,4.01867833876739,0.353
10.75,0.753,0.942585687772469,4.03400867423478,0.353
10.75,0.754,0.942446699191253,4.0493512281174,0.353
10.75,0.755,0.942307641507176,4.06470593943902,0.353
10.75,0.756,0.942168515349177,4.08007274748317,0.353
10.75,0.757,0.942029321343212,4.09545159179148,0.353
10.75,0.758,0.941890060112264,4.11084241216293,0.353
10.75,0.759,0.941750732276359,4.1262451486519,0.353
10.75,0.76,0.941611338452583,4.14165974156722,0.353
10.75,0.761,0.941471879255092,4.15708613147105,0.353
10.75,0.762,0.941332355295132,4.17252425917722,0.353
10.75,0.763,0.941192767181046,4.18797406575022,0.353
10.75,0.764,0.941053115518296,4.20343549250386,0.353
10.75,0.765,0.940913400909472,4.21890848099982,0.353
10.75,0.766,0.940773623954306,4.23439297304684,0.353
10.75,0.767,0.94063378524969,4.24988891069906,0.353
10.75,0.768,0.940493885389685,4.26539623625501,0.353
10.75,0.769,0.940353924965539,4.2809148922563,0.353
10.75,0.77,0.940213904565697,4.29644482148648,0.353
10.75,0.771,0.940073824775818,4.3119859669696,0.353
10.75,0.772,0.939933686178786,4.32753827196934,0.353
10.75,0.773,0.939793489354726,4.34310167998768,0.353
10.75,0.774,0.939653234881013,4.35867613476351,0.353
10.75,0.775,0.939512923332294,4.37426158027165,0.353
10.75,0.776,0.939372555280489,4.3898579607218,0.353
10.75,0.777,0.939232131294815,4.40546522055707,0.353
10.75,0.778,0.939091651941795,4.42108330445301,0.353
10.75,0.779,0.938951117785269,4.43671215731629,0.353
10.75,0.78,0.938810529386412,4.45235172428373,0.353
10.75,0.781,0.938669887303742,4.46800195072119,0.353
10.75,0.782,0.938529192093134,4.48366278222225,0.353
10.75,0.783,0.938388444307838,4.49933416460711,0.353
10.75,0.784,0.938247644498481,4.51501604392175,0.353
10.75,0.785,0.938106793213093,4.53070836643625,0.353
10.75,0.786,0.937965890997108,4.54641107864433,0.353
10.75,0.787,0.937824938393383,4.56212412726185,0.353
10.75,0.788,0.937683935942208,4.57784745922569,0.353
10.75,0.789,0.93754288418132,4.59358102169292,0.353
10.75,0.79,0.937401783645913,4.60932476203961,0.353
10.75,0.791,0.937260634868654,4.62507862785961,0.353
10.75,0.792,0.93711943837969,4.64084256696364,0.353
10.75,0.793,0.936978194706665,4.65661652737819,0.353
10.75,0.794,0.936836904374729,4.67240045734445,0.353
10.75,0.795,0.936695567906551,4.68819430531726,0.353
10.75,0.796,0.936554185822332,4.70399801996415,0.353
10.75,0.797,0.936412758639814,4.71981155016405,0.353
10.75,0.798,0.936271286874294,4.73563484500668,0.353
10.75,0.799,0.936129771038637,4.75146785379099,0.353
10.75,0.8,0.935988211643286,4.76731052602457,0.353
11,0.2,0.965547056076906,1.50984005052757,0.352
11,0.201,0.965771745214992,1.48622354012418,0.352
11,0.202,0.965994157730772,1.46285713970244,0.352
11,0.203,0.966214308376607,1.43973896257141,0.352
11,0.204,0.966432211788026,1.41686714093332,0.352
11,0.205,0.966647882484968,1.39423982563653,0.352
11,0.206,0.966861334873011,1.37185518593281,0.352
11,0.207,0.967072583244574,1.3497114092387,0.352
11,0.208,0.96728164178011,1.32780670090036,0.352
11,0.209,0.967488524549276,1.30613928396268,0.352
11,0.21,0.967693245512088,1.28470739894211,0.352
11,0.211,0.967895818520062,1.26350930360277,0.352
11,0.212,0.968096257317333,1.24254327273672,0.352
11,0.213,0.968294575541764,1.22180759794739,0.352
11,0.214,0.968490786726036,1.20130058743662,0.352
11,0.215,0.968684904298726,1.18102056579497,0.352
11,0.216,0.968876941585363,1.16096587379582,0.352
11,0.217,0.969066911809478,1.14113486819178,0.352
11,0.218,0.969254828093634,1.12152592151558,0.352
11,0.219,0.969440703460444,1.10213742188281,0.352
11,0.22,0.969624550833571,1.08296777279899,0.352
11,0.221,0.969806383038723,1.06401539296845,0.352
11,0.222,0.969986212804625,1.04527871610709,0.352
11,0.223,0.970164052763986,1.02675619075763,0.352
11,0.224,0.970339915454444,1.00844628010783,0.352
11,0.225,0.970513813319506,0.990347461811458,0.352
11,0.226,0.970685758709476,0.972458227811956,0.352
11,0.227,0.970855763882363,0.954777084168978,0.352
11,0.228,0.971023841004784,0.937302550887242,0.352
11,0.229,0.971190002152853,0.920033161748557,0.352
11,0.23,0.971354259313054,0.902967464145776,0.352
11,0.231,0.971516624383116,0.886104018919398,0.352
11,0.232,0.971677109172859,0.869441400197046,0.352
11,0.233,0.971835725405039,0.85297819523471,0.352
11,0.234,0.971992484716186,0.83671300426098,0.352
11,0.235,0.972147398657419,0.820644440322948,0.352
11,0.236,0.972300478695262,0.80477112913524,0.352
11,0.237,0.972451736212446,0.78909170893009,0.352
11,0.238,0.972601182508695,0.773604830311081,0.352
11,0.239,0.972748828801515,0.758309156107484,0.352
11,0.24,0.972894686226957,0.743203361232192,0.352
11,0.241,0.973038765840387,0.728286132540479,0.352
11,0.242,0.97318107861723,0.713556168691842,0.352
11,0.243,0.973321635453722,0.699012180013048,0.352
11,0.244,0.973460447167636,0.684652888363524,0.352
11,0.245,0.973597524499012,0.670477027002758,0.352
11,0.246,0.973732878110871,0.656483340459446,0.352
11,0.247,0.973866518589925,0.642670584402327,0.352
11,0.248,0.973998456447271,0.629037525513421,0.352
11,0.249,0.974128702119083,0.615582941362591,0.352
11,0.25,0.974257265967299,0.602305620283983,0.352
11,0.251,0.974384158280289,0.589204361254092,0.352
11,0.252,0.97450938927352,0.576277973772199,0.352
11,0.253,0.974632969090223,0.563525277741173,0.352
11,0.254,0.97475490780203,0.550945103351697,0.352
11,0.255,0.974875215409628,0.538536290966363,0.352
11,0.256,0.974993901843387,0.526297691006739,0.352
11,0.257,0.975110976963991,0.514228163841079,0.352
11,0.258,0.975226450563056,0.502326579673973,0.352
11,0.259,0.975340332363744,0.490591818437891,0.352
11,0.26,0.975452632021368,0.4790227696853,0.352
11,0.261,0.975563359123995,0.4676183324829,0.352
11,0.262,0.975672523193029,0.456377415307707,0.352
11,0.263,0.975780133683807,0.445298935943095,0.352
11,0.264,0.975886199986167,0.43438182137816,0.352
11,0.265,0.97599073142503,0.423625007706629,0.352
11,0.266,0.976093737260958,0.413027440028491,0.352
11,0.267,0.976195226690716,0.402588072352317,0.352
11,0.268,0.976295208847825,0.392305867498899,0.352
11,0.269,0.976393692803107,0.382179797006432,0.352
11,0.27,0.976490687565227,0.372208841036703,0.352
11,0.271,0.976586202081229,0.362391988282607,0.352
11,0.272,0.976680245237059,0.35272823587722,0.352
11,0.273,0.976772825858093,0.343216589303341,0.352
11,0.274,0.976863952709652,0.333856062305027,0.352
11,0.275,0.976953634497512,0.32464567679964,0.352
11,0.276,0.977041879868412,0.315584462791807,0.352
11,0.277,0.977128697410552,0.3066714582874,0.352
11,0.278,0.977214095654089,0.297905709209756,0.352
11,0.279,0.977298083071626,0.28928626931648,0.352
11,0.28,0.977380668078696,0.280812200116953,0.352
11,0.281,0.97746185903424,0.272482570791777,0.352
11,0.282,0.97754166424108,0.264296458112701,0.352
11,0.283,0.977620091946391,0.256252946363467,0.352
11,0.284,0.977697150342162,0.248351127262025,0.352
11,0.285,0.977772847565652,0.240590099883664,0.352
11,0.286,0.97784719169985,0.232968970584779,0.352
11,0.287,0.977920190773919,0.225486852928225,0.352
11,0.288,0.977991852763643,0.218142867609172,0.352
11,0.289,0.978062185591863,0.21093614238179,0.352
11,0.29,0.978131197128916,0.20386581198748,0.352
11,0.291,0.978198895193062,0.196931018083291,0.352
11,0.292,0.978265287550915,0.190130909171549,0.352
11,0.293,0.978330381917856,0.183464640530762,0.352
11,0.294,0.978394185958461,0.176931374146405,0.352
11,0.295,0.9784567072869,0.170530278643777,0.352
11,0.296,0.978517953467361,0.164260529220583,0.352
11,0.297,0.978577932014444,0.158121307581127,0.352
11,0.298,0.978636650393562,0.152111801871002,0.352
11,0.299,0.978694116021341,0.146231206612613,0.352
11,0.3,0.97875033626601,0.140478722641424,0.352
11,0.301,0.97880531844779,0.13485355704328,0.352
11,0.302,0.978859069839275,0.129354923092073,0.352
11,0.303,0.978911597665817,0.123982040188531,0.352
11,0.304,0.978962909105901,0.118734133799436,0.352
11,0.305,0.979013011291513,0.113610435398059,0.352
11,0.306,0.979061911308518,0.108610182404734,0.352
11,0.307,0.979109616197015,0.103732618128616,0.352
11,0.308,0.979156132951708,0.0989769917097982,0.352
11,0.309,0.979201468522257,0.0943425580624213,0.352
11,0.31,0.979245629813637,0.0898285778182073,0.352
11,0.311,0.979288623686486,0.0854343172710603,0.352
11,0.312,0.979330456957455,0.0811590483215552,0.352
11,0.313,0.979371136399552,0.0770020484232692,0.352
11,0.314,0.979410668742478,0.07296260052847,0.352
11,0.315,0.979449060672972,0.0690399930353136,0.352
11,0.316,0.979486318835139,0.0652335197357301,0.352
11,0.317,0.979522449830784,0.0615424797630659,0.352
11,0.318,0.979557460219739,0.0579661775409246,0.352
11,0.319,0.979591356520187,0.0545039227331179,0.352
11,0.32,0.979624145208984,0.0511550301931729,0.352
11,0.321,0.979655832721977,0.0479188199149272,0.352
11,0.322,0.979686425454318,0.0447946169840563,0.352
11,0.323,0.97971592976078,0.0417817515292684,0.352
11,0.324,0.979744351956061,0.038879558675009,0.352
11,0.325,0.979771698315095,0.0360873784942095,0.352
11,0.326,0.979797975073351,0.0334045559616136,0.352
11,0.327,0.979823188427139,0.0308304409075255,0.352
11,0.328,0.979847344533901,0.0283643879727125,0.352
11,0.329,0.979870449512511,0.0260057565631522,0.352
11,0.33,0.979892509443566,0.0237539108051577,0.352
11,0.331,0.979913530369672,0.0216082195021228,0.352
11,0.332,0.979933518295736,0.0195680560904243,0.352
11,0.333,0.979952479189247,0.0176327985966784,0.352
11,0.334,0.979970418980555,0.0158018295951523,0.352
11,0.335,0.979987343563155,0.0140745361657979,0.352
11,0.336,0.980003258793958,0.0124503098528406,0.352
11,0.337,0.980018170493568,0.0109285466231457,0.352
11,0.338,0.98003208444655,0.00950864682633945,0.352
11,0.339,0.980045006401703,0.00819001515417472,0.352
11,0.34,0.980056942072321,0.00697206060091826,0.352
11,0.341,0.980067897136459,0.0058541964239156,0.352
11,0.342,0.980077877237195,0.00483584010528837,0.352
11,0.343,0.980086887982887,0.00391641331287662,0.352
11,0.344,0.980094934947429,0.00309534186273552,0.352
11,0.345,0.980102023670509,0.00237205568140997,0.352
11,0.346,0.980108159657857,0.00174598876863108,0.352
11,0.347,0.980113348381494,0.00121657916105633,0.352
11,0.348,0.980117595279983,0.000783268895454547,0.352
11,0.349,0.980120905758669,0.000445503973067751,0.352
11,0.35,0.980123285189929,0.000202734323995202,0.352
11,0.351,0.980124738913404,5.44137720215332e-05,0.352
11,0.352,0.980125272236245,0,0.352
11,0.353,0.980124890433345,3.89545153245408e-05,0.352
11,0.354,0.980123598747572,0.000170742616067976,0.352
11,0.355,0.980121402390008,0.000394833357120206,0.352
11,0.356,0.980118306540173,0.000710699517192381,0.352
11,0.357,0.980114316346252,0.00111781756577667,0.352
11,0.358,0.980109436925328,0.00161566763061671,0.352
11,0.359,0.9801036733636,0.00220373346540015,0.352
11,0.36,0.980097030716606,0.00288150241809504,0.352
11,0.361,0.980089514009445,0.00364846539928632,0.352
11,0.362,0.980081128236995,0.00450411685102292,0.352
11,0.363,0.980071878364127,0.00544795471606463,0.352
11,0.364,0.980061769325924,0.00647948040715107,0.352
11,0.365,0.980050806027886,0.00759819877722556,0.352
11,0.366,0.980038993346147,0.00880361808905938,0.352
11,0.367,0.980026336127686,0.0100952499858531,0.352
11,0.368,0.980012839190523,0.0114726094624373,0.352
11,0.369,0.979998507323937,0.0129352148356299,0.352
11,0.37,0.979983345288661,0.0144825877160581,0.352
11,0.371,0.979967357817088,0.0161142529797598,0.352
11,0.372,0.979950549613468,0.0178297387399828,0.352
11,0.373,0.97993292535411,0.0196285763197634,0.352
11,0.374,0.979914489687574,0.0215103002240813,0.352
11,0.375,0.97989524723487,0.0234744481131477,0.352
11,0.376,0.979875202589649,0.0255205607750053,0.352
11,0.377,0.979854360318396,0.0276481820993713,0.352
11,0.378,0.979832724960617,0.0298568590511028,0.352
11,0.379,0.979810301029032,0.0321461416441959,0.352
11,0.38,0.979787093009758,0.0345155829159616,0.352
11,0.381,0.979763105362494,0.0369647389015793,0.352
11,0.382,0.979738342520709,0.0394931686087174,0.352
11,0.383,0.979712808891821,0.0421004339926201,0.352
11,0.384,0.979686508857375,0.0447860999313487,0.352
11,0.385,0.979659446773226,0.047549734201402,0.352
11,0.386,0.979631626969715,0.0503909074533571,0.352
11,0.387,0.979603053751848,0.0533091931877117,0.352
11,0.388,0.979573731399463,0.0563041677316134,0.352
11,0.389,0.979543664167414,0.0593754102147237,0.352
11,0.39,0.97951285628573,0.062522502546547,0.352
11,0.391,0.979481311959799,0.0657450293929829,0.352
11,0.392,0.979449035370524,0.0690425781537218,0.352
11,0.393,0.979416030674498,0.0724147389397301,0.352
11,0.394,0.979382302004172,0.075861104550623,0.352
11,0.395,0.979347853468011,0.0793812704527275,0.352
11,0.396,0.979312689150665,0.0829748347572989,0.352
11,0.397,0.97927681311313,0.0866413981985614,0.352
11,0.398,0.979240229392903,0.0903805641125244,0.352
11,0.399,0.97920294200415,0.0941919384154666,0.352
11,0.4,0.979164954937857,0.098075129583175,0.352
11,0.401,0.97912627216199,0.102029748629828,0.352
11,0.402,0.97908689762165,0.106055409087569,0.352
11,0.403,0.979046835239229,0.110151726985896,0.352
11,0.404,0.979006088914557,0.114318320831841,0.352
11,0.405,0.978964662525062,0.118554811589378,0.352
11,0.406,0.978922559925916,0.122860822660043,0.352
11,0.407,0.978879784950182,0.127235979863083,0.352
11,0.408,0.978836341408969,0.131679911416116,0.352
11,0.409,0.978792233091572,0.136192247915901,0.352
11,0.41,0.978747463765621,0.140772622319041,0.352
11,0.411,0.978702037177227,0.145420669923557,0.352
11,0.412,0.978655957051121,0.150136028349701,0.352
11,0.413,0.978609227090802,0.154918337521703,0.352
11,0.414,0.978561850978673,0.159767239649589,0.352
11,0.415,0.978513832376183,0.164682379210701,0.352
11,0.416,0.978465174923966,0.169663402931852,0.352
11,0.417,0.978415882241982,0.17470995977158,0.352
11,0.418,0.978365957929646,0.179821700902405,0.352
11,0.419,0.978315405565971,0.18499827969356,0.352
11,0.42,0.9782642287097,0.190239351693378,0.352
11,0.421,0.978212430899437,0.195544574612483,0.352
11,0.422,0.978160015653782,0.200913608306674,0.352
11,0.423,0.978106986471467,0.206346114759781,0.352
11,0.424,0.978053346831476,0.211841758067899,0.352
11,0.425,0.97799910019318,0.21740020442198,0.352
11,0.426,0.977944249996469,0.223021122092004,0.352
11,0.427,0.977888799661872,0.228704181410633,0.352
11,0.428,0.977832752590691,0.234449054757091,0.352
11,0.429,0.977776112165118,0.240255416541668,0.352
11,0.43,0.977718881748366,0.246122943189642,0.352
11,0.431,0.977661064684789,0.252051313125623,0.352
11,0.432,0.977602664300009,0.258040206758525,0.352
11,0.433,0.977543683901029,0.264089306465976,0.352
11,0.434,0.977484126776362,0.270198296579305,0.352
11,0.435,0.977423996196148,0.27636686336836,0.352
11,0.436,0.97736329541227,0.282594695026916,0.352
11,0.437,0.977302027658476,0.288881481657577,0.352
11,0.438,0.977240196150493,0.295226915257651,0.352
11,0.439,0.977177804086142,0.301630689704413,0.352
11,0.44,0.977114854645459,0.308092500740753,0.352
11,0.441,0.977051350990803,0.314612045961038,0.352
11,0.442,0.976987296266973,0.321189024797186,0.352
11,0.443,0.976922693601317,0.327823138504657,0.352
11,0.444,0.976857546103849,0.33451409014853,0.352
11,0.445,0.976791856867354,0.341261584589958,0.352
11,0.446,0.976725628967504,0.348065328472558,0.352
11,0.447,0.97665886546296,0.354925030209219,0.352
11,0.448,0.976591569395487,0.361840399968449,0.352
11,0.449,0.976523743790057,0.368811149661319,0.352
11,0.45,0.97645539165496,0.375836992928602,0.352
11,0.451,0.976386515981906,0.382917645127434,0.352
11,0.452,0.976317119746129,0.390052823319009,0.352
11,0.453,0.976247205906497,0.397242246255369,0.352
11,0.454,0.976176777405611,0.404485634367191,0.352
11,0.455,0.97610583716991,0.41178270975093,0.352
11,0.456,0.97603438810977,0.419133196156962,0.352
11,0.457,0.975962433119609,0.426536818976753,0.352
11,0.458,0.975889975077984,0.433993305231239,0.352
11,0.459,0.975817016847695,0.441502383558334,0.352
11,0.46,0.975743561275878,0.44906378420142,0.352
11,0.461,0.97566961119411,0.456677238997116,0.352
11,0.462,0.975595169418501,0.464342481363911,0.352
11,0.463,0.975520238749792,0.472059246290435,0.352
11,0.464,0.975444821973456,0.479827270323718,0.352
11,0.465,0.975368921859784,0.487646291558264,0.352
11,0.466,0.97529254116399,0.495516049624189,0.352
11,0.467,0.975215682626297,0.50343628567644,0.352
11,0.468,0.975138348972034,0.511406742383658,0.352
11,0.469,0.975060542911727,0.519427163916797,0.352
11,0.47,0.974982267141194,0.527497295938639,0.352
11,0.471,0.974903524341633,0.535616885592716,0.352
11,0.472,0.974824317179712,0.543785681492803,0.352
11,0.473,0.974744648307663,0.552003433712045,0.352
11,0.474,0.974664520363366,0.560269893772625,0.352
11,0.475,0.974583935970444,0.568584814635176,0.352
11,0.476,0.974502897738343,0.576947950688544,0.352
11,0.477,0.974421408262428,0.58535905773951,0.352
11,0.478,0.974339470124062,0.593817893002546,0.352
11,0.479,0.974257085890698,0.602324215089767,0.352
11,0.48,0.974174258115959,0.610877784000952,0.352
11,0.481,0.974090989339728,0.619478361113646,0.352
11,0.482,0.974007282088229,0.628125709173344,0.352
11,0.483,0.973923138874111,0.636819592283699,0.352
11,0.484,0.973838562196532,0.645559775896842,0.352
11,0.485,0.973753554541243,0.654346026803898,0.352
11,0.486,0.973668118380664,0.663178113125507,0.352
11,0.487,0.973582256173971,0.672055804302341,0.352
11,0.488,0.973495970367174,0.68097887108578,0.352
11,0.489,0.973409263393198,0.689947085528697,0.352
11,0.49,0.973322137671962,0.698960220976352,0.352
11,0.491,0.973234595610458,0.708018052057136,0.352
11,0.492,0.973146639602831,0.717120354673639,0.352
11,0.493,0.973058272030452,0.726266905993933,0.352
11,0.494,0.972969495262002,0.735457484442148,0.352
11,0.495,0.972880311653543,0.74469186969035,0.352
11,0.496,0.972790723548598,0.753969842649416,0.352
11,0.497,0.972700733278223,0.763291185460502,0.352
11,0.498,0.972610343161086,0.7726556814865,0.352
11,0.499,0.972519555503539,0.782063115303422,0.352
11,0.5,0.972428372599694,0.791513272692224,0.352
11,0.501,0.972336796731492,0.801005940630239,0.352
11,0.502,0.972244830168783,0.810540907283008,0.352
11,0.503,0.972152475169394,0.820117961995881,0.352
11,0.504,0.972059733979199,0.829736895286226,0.352
11,0.505,0.971966608832196,0.839397498835037,0.352
11,0.506,0.971873101950574,0.849099565479161,0.352
11,0.507,0.971779215544788,0.85884288920286,0.352
11,0.508,0.971684951813619,0.868627265130861,0.352
11,0.509,0.971590312944256,0.878452489519543,0.352
11,0.51,0.971495301112357,0.888318359749896,0.352
11,0.511,0.97139991848212,0.898224674319459,0.352
11,0.512,0.971304167206351,0.908171232834887,0.352
11,0.513,0.97120804942653,0.918157836004374,0.352
11,0.514,0.971111567272883,0.928184285629996,0.352
11,0.515,0.971014722864441,0.938250384600603,0.352
11,0.516,0.970917518309113,0.948355936884071,0.352
11,0.517,0.970819955703749,0.958500747520263,0.352
11,0.518,0.970722037134203,0.968684622613791,0.352
11,0.519,0.970623764675404,0.978907369326487,0.352
11,0.52,0.970525140391413,0.989168795870699,0.352
11,0.521,0.970426166335494,0.999468711502005,0.352
11,0.522,0.970326844550171,1.00980692651216,0.352
11,0.523,0.970227177067296,1.02018325222231,0.352
11,0.524,0.970127165908109,1.03059750097576,0.352
11,0.525,0.970026813083302,1.04104948613171,0.352
11,0.526,0.969926120593078,1.05153902205777,0.352
11,0.527,0.969825090427217,1.06206592412366,0.352
11,0.528,0.969723724565131,1.07263000869442,0.352
11,0.529,0.969622024975929,1.08323109312389,0.352
11,0.53,0.969519993618478,1.0938689957477,0.352
11,0.531,0.969417632441455,1.10454353587766,0.352
11,0.532,0.969314943383418,1.11525453379411,0.352
11,0.533,0.969211928372855,1.12600181074036,0.352
11,0.534,0.969108589328248,1.13678518891613,0.352
11,0.535,0.969004928158127,1.14760449147107,0.352
11,0.536,0.968900946761132,1.15845954249851,0.352
11,0.537,0.968796647026069,1.16935016702953,0.352
11,0.538,0.968692030831965,1.18027619102647,0.352
11,0.539,0.968587100048126,1.19123744137686,0.352
11,0.54,0.968481856534192,1.20223374588764,0.352
11,0.541,0.968376302140197,1.21326493327873,0.352
11,0.542,0.96827043870662,1.22433083317726,0.352
11,0.543,0.968164268064439,1.23543127611172,0.352
11,0.544,0.968057792035192,1.246566093506,0.352
11,0.545,0.967951012431024,1.25773511767355,0.352
11,0.546,0.967843931054747,1.26893818181146,0.352
11,0.547,0.967736549699889,1.28017511999503,0.352
11,0.548,0.967628870150751,1.29144576717184,0.352
11,0.549,0.967520894182455,1.30274995915622,0.352
11,0.55,0.967412623561005,1.31408753262339,0.352
11,0.551,0.967304060043329,1.32545832510431,0.352
11,0.552,0.967195205377338,1.33686217497979,0.352
11,0.553,0.967086061301974,1.34829892147523,0.352
11,0.554,0.966976629547263,1.35976840465506,0.352
11,0.555,0.966866911834366,1.37127046541752,0.352
11,0.556,0.966756909875628,1.38280494548908,0.352
11,0.557,0.966646625374628,1.39437168741925,0.352
11,0.558,0.966536060026231,1.40597053457536,0.352
11,0.559,0.966425215516636,1.41760133113724,0.352
11,0.56,0.966314093523423,1.42926392209219,0.352
11,0.561,0.966202695715608,1.44095815322951,0.352
11,0.562,0.966091023753686,1.45268387113571,0.352
11,0.563,0.96597907928968,1.46444092318934,0.352
11,0.564,0.96586686396719,1.47622915755594,0.352
11,0.565,0.965754379421443,1.48804842318306,0.352
11,0.566,0.965641627279335,1.49989856979529,0.352
11,0.567,0.96552860915948,1.51177944788936,0.352
11,0.568,0.965415326672261,1.52369090872924,0.352
11,0.569,0.965301781419869,1.5356328043415,0.352
11,0.57,0.965187974996355,1.54760498751005,0.352
11,0.571,0.96507390898767,1.55960731177194,0.352
11,0.572,0.96495958497172,1.57163963141214,0.352
11,0.573,0.964845004518399,1.58370180145915,0.352
11,0.574,0.964730169189644,1.59579367768012,0.352
11,0.575,0.964615080539473,1.60791511657663,0.352
11,0.576,0.964499740114035,1.62006597537945,0.352
11,0.577,0.964384149451646,1.63224611204464,0.352
11,0.578,0.964268310082842,1.64445538524864,0.352
11,0.579,0.964152223530416,1.65669365438392,0.352
11,0.58,0.964035891309463,1.66896077955438,0.352
11,0.581,0.963919314927423,1.6812566215713,0.352
11,0.582,0.963802495884126,1.69358104194846,0.352
11,0.583,0.963685435671829,1.70593390289808,0.352
11,0.584,0.963568135775262,1.71831506732654,0.352
11,0.585,0.963450597671669,1.73072439882997,0.352
11,0.586,0.963332822830849,1.74316176168996,0.352
11,0.587,0.9632148127152,1.75562702086951,0.352
11,0.588,0.963096568779753,1.76812004200864,0.352
11,0.589,0.962978092472222,1.78064069142025,0.352
11,0.59,0.962859385233037,1.7931888360863,0.352
11,0.591,0.962740448495388,1.80576434365323,0.352
11,0.592,0.962621283685264,1.81836708242828,0.352
11,0.593,0.962501892221492,1.83099692137521,0.352
11,0.594,0.962382275515778,1.84365373011031,0.352
11,0.595,0.962262434972746,1.85633737889863,0.352
11,0.596,0.962142371989975,1.86904773864982,0.352
11,0.597,0.96202208795804,1.88178468091424,0.352
11,0.598,0.961901584260548,1.89454807787914,0.352
11,0.599,0.961780862274181,1.90733780236467,0.352
11,0.6,0.961659923368728,1.92015372782022,0.352
11,0.601,0.961538768907125,1.93299572832055,0.352
11,0.602,0.961417400245495,1.94586367856184,0.352
11,0.603,0.961295818733183,1.95875745385807,0.352
11,0.604,0.961174025712792,1.97167693013753,0.352
11,0.605,0.961052022520223,1.98462198393852,0.352
11,0.606,0.960929810484708,1.99759249240639,0.352
11,0.607,0.960807390928848,2.01058833328931,0.352
11,0.608,0.960684765168652,2.02360938493498,0.352
11,0.609,0.960561934513565,2.03665552628702,0.352
11,0.61,0.960438900266514,2.04972663688117,0.352
11,0.611,0.960315663723935,2.06282259684196,0.352
11,0.612,0.960192226175812,2.07594328687923,0.352
11,0.613,0.960068588905712,2.08908858828449,0.352
11,0.614,0.959944753190819,2.10225838292748,0.352
11,0.615,0.959820720301968,2.11545255325278,0.352
11,0.616,0.959696491503681,2.12867098227651,0.352
11,0.617,0.9595720680542,2.14191355358253,0.352
11,0.618,0.959447451205522,2.15518015131966,0.352
11,0.619,0.959322642203429,2.16847066019785,0.352
11,0.62,0.959197642287528,2.18178496548511,0.352
11,0.621,0.95907245269128,2.19512295300401,0.352
11,0.622,0.958947074642033,2.20848450912876,0.352
11,0.623,0.958821509361054,2.22186952078156,0.352
11,0.624,0.958695758063567,2.2352778754297,0.352
11,0.625,0.958569821958781,2.248709461082,0.352
11,0.626,0.958443702249922,2.26216416628606,0.352
11,0.627,0.958317400134265,2.27564188012495,0.352
11,0.628,0.958190916803172,2.28914249221366,0.352
11,0.629,0.958064253442115,2.30266589269663,0.352
11,0.63,0.957937411230712,2.3162119722443,0.352
11,0.631,0.957810391342759,2.32978062205016,0.352
11,0.632,0.957683194946259,2.34337173382746,0.352
11,0.633,0.957555823203453,2.35698519980667,0.352
11,0.634,0.957428277270854,2.37062091273186,0.352
11,0.635,0.957300558299274,2.38427876585821,0.352
11,0.636,0.957172667433853,2.39795865294901,0.352
11,0.637,0.957044605814096,2.41166046827213,0.352
11,0.638,0.956916374573895,2.42538410659809,0.352
11,0.639,0.956787974841567,2.43912946319615,0.352
11,0.64,0.956659407739873,2.45289643383231,0.352
11,0.641,0.956530674386059,2.46668491476563,0.352
11,0.642,0.956401775891876,2.48049480274606,0.352
11,0.643,0.956272713363617,2.49432599501127,0.352
11,0.644,0.956143487902138,2.50817838928394,0.352
11,0.645,0.956014100602894,2.52205188376888,0.352
11,0.646,0.955884552555961,2.53594637715051,0.352
11,0.647,0.955754844846071,2.54986176858973,0.352
11,0.648,0.955624978552635,2.56379795772161,0.352
11,0.649,0.955494954749773,2.5777548446525,0.352
11,0.65,0.955364774506342,2.5917323299572,0.352
11,0.651,0.955234438885965,2.60573031467639,0.352
11,0.652,0.955103948947055,2.61974870031425,0.352
11,0.653,0.954973305742846,2.63378738883535,0.352
11,0.654,0.954842510321419,2.64784628266239,0.352
11,0.655,0.954711563725728,2.66192528467351,0.352
11,0.656,0.954580466993628,2.67602429819966,0.352
11,0.657,0.954449221157902,2.69014322702192,0.352
11,0.658,0.954317827246288,2.70428197536927,0.352
11,0.659,0.954186286281502,2.71844044791589,0.352
11,0.66,0.954054599281269,2.73261854977862,0.352
11,0.661,0.953922767258347,2.74681618651444,0.352
11,0.662,0.953790791220551,2.76103326411803,0.352
11,0.663,0.953658672170783,2.77526968901955,0.352
11,0.664,0.953526411107056,2.78952536808164,0.352
11,0.665,0.953394009022514,2.80380020859772,0.352
11,0.666,0.953261466905468,2.81809411828886,0.352
11,0.667,0.953128785739413,2.83240700530194,0.352
11,0.668,0.952995966503056,2.84673877820685,0.352
11,0.669,0.952863010170338,2.86108934599463,0.352
11,0.67,0.952729917710465,2.87545861807454,0.352
11,0.671,0.952596690087928,2.88984650427206,0.352
11,0.672,0.952463328262526,2.9042529148267,0.352
11,0.673,0.952329833189393,2.91867776038945,0.352
11,0.674,0.952196205819024,2.93312095202038,0.352
11,0.675,0.952062447097296,2.94758240118691,0.352
11,0.676,0.951928557965491,2.96206201976101,0.352
11,0.677,0.951794539360323,2.9765597200172,0.352
11,0.678,0.951660392213959,2.99107541463028,0.352
11,0.679,0.951526117454047,3.00560901667308,0.352
11,0.68,0.95139171600373,3.02016043961468,0.352
11,0.681,0.951257188781679,3.03472959731732,0.352
11,0.682,0.951122536702112,3.04931640403525,0.352
11,0.683,0.950987760674816,3.0639207744118,0.352
11,0.684,0.950852861605171,3.07854262347784,0.352
11,0.685,0.950717840394174,3.09318186664915,0.352
11,0.686,0.950582697938458,3.10783841972471,0.352
11,0.687,0.950447435130318,3.12251219888433,0.352
11,0.688,0.950312052857731,3.1372031206867,0.352
11,0.689,0.950176552004379,3.15191110206736,0.352
11,0.69,0.950040933449671,3.16663606033647,0.352
11,0.691,0.949905198068765,3.18137791317707,0.352
11,0.692,0.94976934673259,3.19613657864264,0.352
11,0.693,0.949633380307865,3.21091197515557,0.352
11,0.694,0.949497299657127,3.22570402150471,0.352
11,0.695,0.949361105638744,3.24051263684362,0.352
11,0.696,0.949224799106941,3.25533774068869,0.352
11,0.697,0.949088380911822,3.27017925291693,0.352
11,0.698,0.948951851899389,3.28503709376406,0.352
11,0.699,0.948815212911564,3.29991118382285,0.352
11,0.7,0.948678464786207,3.31480144404086,0.352
11,0.701,0.948541608357142,3.32970779571875,0.352
11,0.702,0.94840464445417,3.34463016050823,0.352
11,0.703,0.948267573903099,3.35956846041026,0.352
11,0.704,0.948130397525756,3.37452261777313,0.352
11,0.705,0.947993116140011,3.38949255529077,0.352
11,0.706,0.947855730559795,3.40447819600065,0.352
11,0.707,0.947718241595123,3.419479463282,0.352
11,0.708,0.947580650052112,3.43449628085417,0.352
11,0.709,0.947442956733001,3.4495285727745,0.352
11,0.71,0.947305162436169,3.4645762634369,0.352
11,0.711,0.947167267956158,3.47963927756976,0.352
11,0.712,0.94702927408369,3.49471754023425,0.352
11,0.713,0.946891181605684,3.50981097682264,0.352
11,0.714,0.946752991305281,3.52491951305633,0.352
11,0.715,0.946614703961859,3.54004307498443,0.352
11,0.716,0.946476320351053,3.55518158898169,0.352
11,0.717,0.946337841244774,3.57033498174695,0.352
11,0.718,0.946199267411226,3.58550318030155,0.352
11,0.719,0.946060599614926,3.60068611198736,0.352
11,0.72,0.945921838616726,3.61588370446519,0.352
11,0.721,0.945782985173823,3.63109588571322,0.352
11,0.722,0.945644040039787,3.64632258402509,0.352
11,0.723,0.945505003964571,3.6615637280087,0.352
11,0.724,0.945365877694536,3.67681924658387,0.352
11,0.725,0.945226661972462,3.69208906898142,0.352
11,0.726,0.945087357537573,3.70737312474096,0.352
11,0.727,0.944947965125549,3.72267134370967,0.352
11,0.728,0.944808485468547,3.73798365604057,0.352
11,0.729,0.944668919295218,3.7533099921907,0.352
11,0.73,0.944529267330724,3.76865028291995,0.352
11,0.731,0.944389530296756,3.78400445928917,0.352
11,0.732,0.94424970891155,3.79937245265869,0.352
11,0.733,0.944109803889905,3.81475419468686,0.352
11,0.734,0.943969815943203,3.83014961732817,0.352
11,0.735,0.94382974577942,3.84555865283225,0.352
11,0.736,0.943689594103148,3.86098123374186,0.352
11,0.737,0.943549361615609,3.87641729289161,0.352
11,0.738,0.943409049014675,3.89186676340638,0.352
11,0.739,0.94326865699488,3.90732957869986,0.352
11,0.74,0.943128186247439,3.92280567247296,0.352
11,0.741,0.942987637460267,3.93829497871256,0.352
11,0.742,0.942847011317991,3.95379743168971,0.352
11,0.743,0.942706308501969,3.96931296595837,0.352
11,0.744,0.942565529690303,3.98484151635408,0.352
11,0.745,0.942424675557861,4.0003830179921,0.352
11,0.746,0.942283746776287,4.01593740626651,0.352
11,0.747,0.94214274401402,4.03150461684822,0.352
11,0.748,0.942001667936308,4.04708458568408,0.352
11,0.749,0.941860519205228,4.06267724899509,0.352
11,0.75,0.941719298479695,4.07828254327507,0.352
11,0.751,0.941578006415485,4.09390040528952,0.352
11,0.752,0.941436643665243,4.10953077207385,0.352
11,0.753,0.941295210878503,4.1251735809325,0.352
11,0.754,0.941153708701703,4.14082876943684,0.352
11,0.755,0.941012137778201,4.15649627542456,0.352
11,0.756,0.940870498748286,4.172176036998,0.352
11,0.757,0.940728792249197,4.18786799252253,0.352
11,0.758,0.940587018915137,4.20357208062587,0.352
11,0.759,0.940445179377288,4.21928824019611,0.352
11,0.76,0.940303274263824,4.2350164103808,0.352
11,0.761,0.940161304199929,4.25075653058551,0.352
11,0.762,0.940019269807808,4.26650854047248,0.352
11,0.763,0.939877171706705,4.28227237995944,0.352
11,0.764,0.939735010512916,4.29804798921813,0.352
11,0.765,0.939592786839802,4.31383530867333,0.352
11,0.766,0.939450501297806,4.32963427900126,0.352
11,0.767,0.939308154494465,4.3454448411286,0.352
11,0.768,0.939165747034427,4.36126693623093,0.352
11,0.769,0.93902327951946,4.37710050573177,0.352
11,0.77,0.938880752548471,4.39294549130131,0.352
11,0.771,0.938738166717521,4.40880183485477,0.352
11,0.772,0.938595522619831,4.42466947855191,0.352
11,0.773,0.938452820845804,4.44054836479508,0.352
11,0.774,0.938310061983035,4.45643843622843,0.352
11,0.775,0.938167246616324,4.4723396357367,0.352
11,0.776,0.938024375327694,4.48825190644369,0.352
11,0.777,0.937881448696398,4.50417519171147,0.352
11,0.778,0.937738467298938,4.52010943513907,0.352
11,0.779,0.937595431709074,4.53605458056112,0.352
11,0.78,0.937452342497842,4.55201057204691,0.352
11,0.781,0.937309200233563,4.56797735389918,0.352
11,0.782,0.937166005481857,4.58395487065286,0.352
11,0.783,0.937022758805658,4.59994306707407,0.352
11,0.784,0.936879460765227,4.61594188815879,0.352
11,0.785,0.936736111918161,4.63195127913194,0.352
11,0.786,0.936592712819411,4.64797118544613,0.352
11,0.787,0.93644926402129,4.66400155278055,0.352
11,0.788,0.936305766073491,4.68004232703989,0.352
11,0.789,0.936162219523095,4.69609345435309,0.352
11,0.79,0.936018624914584,4.71215488107262,0.352
11,0.791,0.935874982789858,4.72822655377281,0.352
11,0.792,0.935731293688244,4.74430841924927,0.352
11,0.793,0.935587558146505,4.76040042451762,0.352
11,0.794,0.93544377669886,4.77650251681234,0.352
11,0.795,0.93529994987699,4.79261464358578,0.352
11,0.796,0.935156078210055,4.80873675250706,0.352
11,0.797,0.935012162224699,4.8248687914612,0.352
11,0.798,0.934868202445072,4.8410107085477,0.352
11,0.799,0.934724199392833,4.85716245207977,0.352
11,0.8,0.934580153587167,4.87332397058335,0.352
11.25,0.2,0.964943458050463,1.52352215271423,0.351
11.25,0.201,0.965170643588647,1.49962515981263,0.351
11.25,0.202,0.965395526284395,1.47598147315584,0.351
11.25,0.203,0.965618120950717,1.4525891902796,0.351
11.25,0.204,0.965838442284695,1.4294464276732,0.351
11.25,0.205,0.966056504868701,1.40655132053318,0.351
11.25,0.206,0.966272323171602,1.38390202252037,0.351
11.25,0.207,0.966485911549942,1.36149670552195,0.351
11.25,0.208,0.966697284249111,1.33933355941653,0.351
11.25,0.209,0.966906455404497,1.3174107918436,0.351
11.25,0.21,0.967113439042616,1.2957266279763,0.351
11.25,0.211,0.967318249082235,1.2742793102982,0.351
11.25,0.212,0.967520899335472,1.25306709838346,0.351
11.25,0.213,0.967721403508883,1.23208826868069,0.351
11.25,0.214,0.967919775204536,1.21134111429995,0.351
11.25,0.215,0.968116027921063,1.19082394480359,0.351
11.25,0.216,0.968310175054708,1.17053508599971,0.351
11.25,0.217,0.968502229900346,1.15047287974013,0.351
11.25,0.218,0.968692205652509,1.13063568371978,0.351
11.25,0.219,0.968880115406373,1.1110218712808,0.351
11.25,0.22,0.969065972158752,1.09162983121884,0.351
11.25,0.221,0.96924978880907,1.07245796759268,0.351
11.25,0.222,0.969431578160316,1.05350469953678,0.351
11.25,0.223,0.969611352919996,1.03476846107642,0.351
11.25,0.224,0.969789125701064,1.01624770094626,0.351
11.25,0.225,0.969964909022846,0.997940882411275,0.351
11.25,0.226,0.970138715311947,0.979846483090241,0.351
11.25,0.227,0.970310556903152,0.961962994782484,0.351
11.25,0.228,0.970480446040307,0.944288923296921,0.351
11.25,0.229,0.970648394877199,0.926822788283466,0.351
11.25,0.23,0.970814415478412,0.909563123067625,0.351
11.25,0.231,0.970978519820187,0.89250847448672,0.351
11.25,0.232,0.971140719791257,0.875657402729324,0.351
11.25,0.233,0.971301027193677,0.859008481176793,0.351
11.25,0.234,0.971459453743648,0.842560296246808,0.351
11.25,0.235,0.971616011072321,0.826311447240013,0.351
11.25,0.236,0.971770710726599,0.810260546188135,0.351
11.25,0.237,0.971923564169924,0.794406217704857,0.351
11.25,0.238,0.972074582783058,0.778747098838584,0.351
11.25,0.239,0.97222377786485,0.763281838927621,0.351
11.25,0.24,0.972371160632997,0.748009099457092,0.351
11.25,0.241,0.972516742224794,0.73292755391825,0.351
11.25,0.242,0.972660533697876,0.718035887669943,0.351
11.25,0.243,0.972802546030945,0.703332797801437,0.351
11.25,0.244,0.9729427901245,0.688816992998142,0.351
11.25,0.245,0.973081276801548,0.674487193408235,0.351
11.25,0.246,0.973218016808307,0.660342130512226,0.351
11.25,0.247,0.973353020814909,0.646380546993308,0.351
11.25,0.248,0.973486299416081,0.632601196610683,0.351
11.25,0.249,0.973617863131832,0.619002844073746,0.351
11.25,0.25,0.973747722408122,0.605584264918546,0.351
11.25,0.251,0.973875887617527,0.592344245385701,0.351
11.25,0.252,0.974002369059895,0.579281582300317,0.351
11.25,0.253,0.974127176962997,0.566395082953375,0.351
11.25,0.254,0.974250321483163,0.553683564984953,0.351
11.25,0.255,0.974371812705921,0.541145856268543,0.351
11.25,0.256,0.974491660646621,0.528780794797967,0.351
11.25,0.257,0.974609875251052,0.516587228574861,0.351
11.25,0.258,0.974726466396057,0.504564015498121,0.351
11.25,0.259,0.974841443890137,0.492710023255105,0.351
11.25,0.26,0.974954817474045,0.481024129213825,0.351
11.25,0.261,0.975066596821384,0.469505220317079,0.351
11.25,0.262,0.975176791539184,0.45815219297749,0.351
11.25,0.263,0.975285411168485,0.446963952974611,0.351
11.25,0.264,0.975392465184903,0.43593941535307,0.351
11.25,0.265,0.975497962999202,0.425077504321747,0.351
11.25,0.266,0.975601913957842,0.414377153155199,0.351
11.25,0.267,0.975704327343541,0.403837304095456,0.351
11.25,0.268,0.975805212375815,0.393456908255851,0.351
11.25,0.269,0.975904578211519,0.3832349255255,0.351
11.25,0.27,0.976002433945382,0.373170324475858,0.351
11.25,0.271,0.976098788610533,0.363262082267557,0.351
11.25,0.272,0.976193651179025,0.353509184559386,0.351
11.25,0.273,0.976287030562349,0.343910625417698,0.351
11.25,0.274,0.976378935611948,0.334465407227702,0.351
11.25,0.275,0.976469375119722,0.325172540604979,0.351
11.25,0.276,0.97655835781852,0.316031044309728,0.351
11.25,0.277,0.976645892382647,0.307039945160237,0.351
11.25,0.278,0.976731987428344,0.298198277948569,0.351
11.25,0.279,0.976816651514272,0.289505085357855,0.351
11.25,0.28,0.976899893141996,0.280959417878979,0.351
11.25,0.281,0.976981720756452,0.27256033373011,0.351
11.25,0.282,0.977062142746422,0.264306898775835,0.351
11.25,0.283,0.977141167444992,0.256198186448597,0.351
11.25,0.284,0.97721880313001,0.248233277670118,0.351
11.25,0.285,0.977295058024546,0.240411260774387,0.351
11.25,0.286,0.977369940297334,0.232731231431393,0.351
11.25,0.287,0.977443458063222,0.225192292571852,0.351
11.25,0.288,0.977515619383606,0.217793554313217,0.351
11.25,0.289,0.97758643226687,0.210534133885831,0.351
11.25,0.29,0.977655904668812,0.203413155561138,0.351
11.25,0.291,0.977724044493073,0.196429750579652,0.351
11.25,0.292,0.977790859591559,0.189583057080678,0.351
11.25,0.293,0.977856357764856,0.182872220032304,0.351
11.25,0.294,0.977920546762646,0.176296391162811,0.351
11.25,0.295,0.977983434284111,0.169854728892549,0.351
11.25,0.296,0.978045027978343,0.163546398266745,0.351
11.25,0.297,0.97810533544474,0.157370570889337,0.351
11.25,0.298,0.978164364233406,0.151326424857245,0.351
11.25,0.299,0.978222121845543,0.145413144695716,0.351
11.25,0.3,0.978278615733837,0.139629921294615,0.351
11.25,0.301,0.978333853302844,0.133975951844989,0.351
11.25,0.302,0.978387841909371,0.128450439776984,0.351
11.25,0.303,0.978440588862853,0.123052594698092,0.351
11.25,0.304,0.978492101425726,0.117781632332359,0.351
11.25,0.305,0.978542386813796,0.112636774460095,0.351
11.25,0.306,0.978591452196606,0.10761724885886,0.351
11.25,0.307,0.978639304697796,0.102722289244461,0.351
11.25,0.308,0.978685951395465,0.0979511352131146,0.351
11.25,0.309,0.978731399322521,0.0933030321842443,0.351
11.25,0.31,0.978775655467039,0.0887772313436619,0.351
11.25,0.311,0.978818726772604,0.0843729895878997,0.351
11.25,0.312,0.978860620138657,0.0800895694690329,0.351
11.25,0.313,0.978901342420841,0.0759262391395676,0.351
11.25,0.314,0.978940900431331,0.0718822722993284,0.351
11.25,0.315,0.978979300939173,0.0679569481414566,0.351
11.25,0.316,0.97901655067062,0.0641495513000079,0.351
11.25,0.317,0.979052656309452,0.0604593717979718,0.351
11.25,0.318,0.979087624497306,0.0568857049958016,0.351
11.25,0.319,0.979121461834001,0.0534278515402331,0.351
11.25,0.32,0.979154174877849,0.0500851173146577,0.351
11.25,0.321,0.979185770145979,0.0468568133890734,0.351
11.25,0.322,0.979216254114645,0.0437422559709022,0.351
11.25,0.323,0.979245633219538,0.0407407663568948,0.351
11.25,0.324,0.979273913856095,0.037851670884792,0.351
11.25,0.325,0.9793011023798,0.0350743008859844,0.351
11.25,0.326,0.979327205106485,0.0324079926390386,0.351
11.25,0.327,0.979352228312634,0.0298520873228902,0.351
11.25,0.328,0.979376178235671,0.0274059309713914,0.351
11.25,0.329,0.979399061074259,0.0250688744279026,0.351
11.25,0.33,0.979420882988591,0.0228402733005506,0.351
11.25,0.331,0.97944165010067,0.0207194879181749,0.351
11.25,0.332,0.979461368494602,0.0187058832864295,0.351
11.25,0.333,0.979480044216873,0.0167988290446841,0.351
11.25,0.334,0.979497683276635,0.0149976994230361,0.351
11.25,0.335,0.979514291645974,0.0133018732004109,0.351
11.25,0.336,0.979529875260192,0.0117107336625066,0.351
11.25,0.337,0.979544440018077,0.0102236685605828,0.351
11.25,0.338,0.97955799178217,0.00884007007080356,0.351
11.25,0.339,0.979570536379038,0.00755933475331538,0.351
11.25,0.34,0.979582079599532,0.00638086351290035,0.351
11.25,0.341,0.979592627199052,0.00530406155916374,0.351
11.25,0.342,0.979602184897809,0.00432833836758739,0.351
11.25,0.343,0.97961075838108,0.00345310764080509,0.351
11.25,0.344,0.979618353299465,0.00267778727043311,0.351
11.25,0.345,0.979624975269135,0.0020017992995891,0.351
11.25,0.346,0.97963062987209,0.00142456988507789,0.351
11.25,0.347,0.979635322656404,0.000945529260754085,0.351
11.25,0.348,0.979639059136471,0.000564111700729342,0.351
11.25,0.349,0.979641844793247,0.000279755483689748,0.351
11.25,0.35,0.979643685074496,9.19028567025748e-05,0.351
11.25,0.351,0.979644585395028,0,0.351
11.25,0.352,0.979644551136936,3.4969920736927e-06,0.351
11.25,0.353,0.979643587649831,0.000101847774991448,0.351
11.25,0.354,0.979641700251077,0.000294510120446567,0.351
11.25,0.355,0.979638894226021,0.000580945595474169,0.351
11.25,0.356,0.979635174828221,0.000960619529477569,0.351
11.25,0.357,0.979630547279681,0.00143300098043309,0.351
11.25,0.358,0.979625016771064,0.00199756270300444,0.351
11.25,0.359,0.979618588461925,0.00265378111536929,0.351
11.25,0.36,0.979611267480928,0.00340113626764449,0.351
11.25,0.361,0.979603058926069,0.00423911180975622,0.351
11.25,0.362,0.979593967864888,0.0051671949604648,0.351
11.25,0.363,0.979583999334689,0.00618487647616739,0.351
11.25,0.364,0.979573158342754,0.00729165062005599,0.351
11.25,0.365,0.979561449866553,0.00848701513174177,0.351
11.25,0.366,0.979548878853955,0.00977047119739005,0.351
11.25,0.367,0.979535450223437,0.0111415234197665,0.351
11.25,0.368,0.979521168864286,0.0125996797889938,0.351
11.25,0.369,0.979506039636814,0.0141444516529532,0.351
11.25,0.37,0.979490067372549,0.0157753536892402,0.351
11.25,0.371,0.979473256874446,0.0174919038758548,0.351
11.25,0.372,0.97945561291708,0.0192936234635122,0.351
11.25,0.373,0.979437140246848,0.0211800369473325,0.351
11.25,0.374,0.979417843582163,0.0231506720395958,0.351
11.25,0.375,0.979397727613651,0.0252050596420084,0.351
11.25,0.376,0.979376797004339,0.0273427338189025,0.351
11.25,0.377,0.979355056389855,0.029563231770191,0.351
11.25,0.378,0.979332510378606,0.0318660938051663,0.351
11.25,0.379,0.979309163551979,0.0342508633159877,0.351
11.25,0.38,0.979285020464516,0.0367170867518807,0.351
11.25,0.381,0.979260085644107,0.0392643135933124,0.351
11.25,0.382,0.979234363592169,0.0418920963266567,0.351
11.25,0.383,0.979207858783828,0.0445999904190142,0.351
11.25,0.384,0.979180575668107,0.0473875542930324,0.351
11.25,0.385,0.979152518668091,0.0502543493026586,0.351
11.25,0.386,0.979123692181118,0.0531999397083371,0.351
11.25,0.387,0.979094100578945,0.0562238926531844,0.351
11.25,0.388,0.979063748207931,0.0593257781386081,0.351
11.25,0.389,0.9790326393892,0.0625051690013034,0.351
11.25,0.39,0.979000778418825,0.0657616408888506,0.351
11.25,0.391,0.978968169567989,0.0690947722373769,0.351
11.25,0.392,0.978934817083153,0.072504144248331,0.351
11.25,0.393,0.978900725186231,0.0759893408655676,0.351
11.25,0.394,0.978865898074752,0.079549948752744,0.351
11.25,0.395,0.978830339922023,0.0831855572713813,0.351
11.25,0.396,0.978794054877295,0.0868957584585717,0.351
11.25,0.397,0.978757047065926,0.0906801470050844,0.351
11.25,0.398,0.978719320589538,0.0945383202339611,0.351
11.25,0.399,0.978680879526179,0.098469878078733,0.351
11.25,0.4,0.978641727930482,0.102474423062593,0.351
11.25,0.401,0.978601869833818,0.10655156027719,0.351
11.25,0.402,0.978561309244458,0.110700897361871,0.351
11.25,0.403,0.978520050147722,0.114922044483023,0.351
11.25,0.404,0.978478096506134,0.11921461431379,0.351
11.25,0.405,0.978435452259572,0.123578222013876,0.351
11.25,0.406,0.978392121325424,0.128012485209639,0.351
11.25,0.407,0.978348107598733,0.132517023973944,0.351
11.25,0.408,0.978303414952345,0.137091460807026,0.351
11.25,0.409,0.978258047237058,0.141735420616884,0.351
11.25,0.41,0.978212008281769,0.146448530699916,0.351
11.25,0.411,0.978165301893616,0.151230420722204,0.351
11.25,0.412,0.978117931858125,0.156080722700125,0.351
11.25,0.413,0.978069901939347,0.160999070982437,0.351
11.25,0.414,0.978021215880006,0.165985102231292,0.351
11.25,0.415,0.977971877401636,0.171038455403871,0.351
11.25,0.416,0.977921890204721,0.176158771734469,0.351
11.25,0.417,0.97787125796883,0.181345694716684,0.351
11.25,0.418,0.97781998435276,0.186598870085097,0.351
11.25,0.419,0.977768072994666,0.191917945798226,0.351
11.25,0.42,0.977715527512199,0.197302572020841,0.351
11.25,0.421,0.977662351502642,0.202752401106521,0.351
11.25,0.422,0.977608548543038,0.208267087580638,0.351
11.25,0.423,0.977554122190323,0.213846288123754,0.351
11.25,0.424,0.97749907598146,0.219489661554273,0.351
11.25,0.425,0.977443413433565,0.22519686881215,0.351
11.25,0.426,0.977387138044037,0.230967572942364,0.351
11.25,0.427,0.977330253290687,0.236801439078405,0.351
11.25,0.428,0.977272762631864,0.242698134426367,0.351
11.25,0.429,0.977214669506578,0.248657328248725,0.351
11.25,0.43,0.97715597733463,0.254678691848786,0.351
11.25,0.431,0.977096689516732,0.26076189855444,0.351
11.25,0.432,0.977036809434629,0.266906623703167,0.351
11.25,0.433,0.976976340451228,0.273112544625986,0.351
11.25,0.434,0.976915285910709,0.27937934063289,0.351
11.25,0.435,0.976853649138651,0.285706692997234,0.351
11.25,0.436,0.976791433442154,0.292094284940592,0.351
11.25,0.437,0.976728642109949,0.298541801618546,0.351
11.25,0.438,0.976665278412522,0.305048930105123,0.351
11.25,0.439,0.97660134560223,0.311615359378981,0.351
11.25,0.44,0.97653684691341,0.318240780308554,0.351
11.25,0.441,0.976471785562506,0.324924885637579,0.351
11.25,0.442,0.97640616474817,0.331667369971367,0.351
11.25,0.443,0.976339987651382,0.33846792976242,0.351
11.25,0.444,0.976273257435563,0.345326263296508,0.351
11.25,0.445,0.976205977246681,0.352242070679165,0.351
11.25,0.446,0.976138150213367,0.35921505382146,0.351
11.25,0.447,0.976069779447022,0.366244916427072,0.351
11.25,0.448,0.976000868041927,0.373331363978302,0.351
11.25,0.449,0.975931419075347,0.380474103723305,0.351
11.25,0.45,0.975861435607644,0.387672844662457,0.351
11.25,0.451,0.975790920682381,0.394927297535408,0.351
11.25,0.452,0.975719877326427,0.402237174808362,0.351
11.25,0.453,0.975648308550061,0.409602190660929,0.351
11.25,0.454,0.975576217347078,0.41702206097376,0.351
11.25,0.455,0.975503606694894,0.424496503315286,0.351
11.25,0.456,0.975430479554642,0.432025236930267,0.351
11.25,0.457,0.975356838871283,0.439607982726331,0.351
11.25,0.458,0.975282687573698,0.447244463262453,0.351
11.25,0.459,0.975208028574792,0.454934402736562,0.351
11.25,0.46,0.975132864771598,0.462677526973421,0.351
11.25,0.461,0.975057199045367,0.470473563412743,0.351
11.25,0.462,0.974981034261674,0.47832224109734,0.351
11.25,0.463,0.97490437327051,0.486223290661458,0.351
11.25,0.464,0.974827218906381,0.494176444319172,0.351
11.25,0.465,0.974749573988405,0.502181435852722,0.351
11.25,0.466,0.974671441320405,0.510238000601126,0.351
11.25,0.467,0.974592823691003,0.5183458754491,0.351
11.25,0.468,0.974513723873718,0.526504798815419,0.351
11.25,0.469,0.974434144627056,0.534714510642065,0.351
11.25,0.47,0.974354088694601,0.542974752383452,0.351
11.25,0.471,0.97427355880511,0.551285266994728,0.351
11.25,0.472,0.974192557672604,0.559645798921826,0.351
11.25,0.473,0.974111087996457,0.568056094090097,0.351
11.25,0.474,0.974029152461485,0.576515899894003,0.351
11.25,0.475,0.973946753738039,0.585024965186354,0.351
11.25,0.476,0.973863894482088,0.593583040268153,0.351
11.25,0.477,0.973780577335312,0.602189876877857,0.351
11.25,0.478,0.973696804925189,0.610845228181289,0.351
11.25,0.479,0.973612579865078,0.619548848761431,0.351
11.25,0.48,0.973527904754307,0.628300494608292,0.351
11.25,0.481,0.973442782178259,0.637099923109186,0.351
11.25,0.482,0.973357214708456,0.645946893038185,0.351
11.25,0.483,0.973271204902645,0.654841164546816,0.351
11.25,0.484,0.97318475530488,0.66378249915402,0.351
11.25,0.485,0.973097868445602,0.672770659736766,0.351
11.25,0.486,0.973010546841729,0.681805410520164,0.351
11.25,0.487,0.972922792996733,0.690886517067901,0.351
11.25,0.488,0.972834609400719,0.700013746273265,0.351
11.25,0.489,0.972745998530511,0.709186866349354,0.351
11.25,0.49,0.972656962849728,0.71840564682002,0.351
11.25,0.491,0.972567504808866,0.727669858510516,0.351
11.25,0.492,0.972477626845377,0.736979273538663,0.351
11.25,0.493,0.972387331383746,0.74633366530541,0.351
11.25,0.494,0.97229662083557,0.755732808486309,0.351
11.25,0.495,0.972205497599633,0.765176479022434,0.351
11.25,0.496,0.972113964061987,0.774664454111407,0.351
11.25,0.497,0.972022022596024,0.784196512198987,0.351
11.25,0.498,0.971929675562556,0.793772432970186,0.351
11.25,0.499,0.971836925309887,0.803391997340697,0.351
11.25,0.5,0.971743774173887,0.813054987448525,0.351
11.25,0.501,0.971650224478069,0.822761186645504,0.351
11.25,0.502,0.971556278533661,0.832510379488682,0.351
11.25,0.503,0.971461938639682,0.842302351732305,0.351
11.25,0.504,0.971367207083008,0.852136890319466,0.351
11.25,0.505,0.97127208613845,0.862013783374027,0.351
11.25,0.506,0.971176578068826,0.871932820192289,0.351
11.25,0.507,0.971080685125025,0.881893791235333,0.351
11.25,0.508,0.970984409546088,0.891896488120603,0.351
11.25,0.509,0.970887753559269,0.901940703614446,0.351
11.25,0.51,0.970790719380111,0.912026231623964,0.351
11.25,0.511,0.970693309212509,0.922152867189485,0.351
11.25,0.512,0.970595525248786,0.93232040647655,0.351
11.25,0.513,0.970497369669756,0.942528646768515,0.351
11.25,0.514,0.970398844644792,0.952777386459069,0.351
11.25,0.515,0.970299952331898,0.963066425044379,0.351
11.25,0.516,0.97020069487777,0.973395563115775,0.351
11.25,0.517,0.970101074417862,0.983764602352721,0.351
11.25,0.518,0.97000109307646,0.994173345514726,0.351
11.25,0.519,0.96990075296674,1.00462159643491,0.351
11.25,0.52,0.969800056190834,1.01510916001197,0.351
11.25,0.521,0.969699004839896,1.02563584220381,0.351
11.25,0.522,0.96959760099417,1.03620145001977,0.351
11.25,0.523,0.969495846723042,1.04680579151413,0.351
11.25,0.524,0.969393744085119,1.05744867577864,0.351
11.25,0.525,0.969291295128278,1.06812991293606,0.351
11.25,0.526,0.969188501889736,1.07884931413285,0.351
11.25,0.527,0.969085366396112,1.08960669153273,0.351
11.25,0.528,0.968981890663483,1.10040185830966,0.351
11.25,0.529,0.968878076697453,1.11123462864124,0.351
11.25,0.53,0.968773926493207,1.12210481770205,0.351
11.25,0.531,0.968669442035574,1.13301224165705,0.351
11.25,0.532,0.968564625299089,1.14395671765501,0.351
11.25,0.533,0.968459478248049,1.15493806382201,0.351
11.25,0.534,0.968354002836574,1.16595609925509,0.351
11.25,0.535,0.968248201008666,1.17701064401563,0.351
11.25,0.536,0.968142074698266,1.18810151912332,0.351
11.25,0.537,0.968035625829312,1.19922854654966,0.351
11.25,0.538,0.967928856315801,1.21039154921168,0.351
11.25,0.539,0.967821768061836,1.22159035096601,0.351
11.25,0.54,0.967714362961695,1.23282477660258,0.351
11.25,0.541,0.96760664289988,1.24409465183819,0.351
11.25,0.542,0.967498609751174,1.25539980331113,0.351
11.25,0.543,0.967390265380699,1.2667400585747,0.351
11.25,0.544,0.967281611643967,1.27811524609152,0.351
11.25,0.545,0.967172650386941,1.28952519522729,0.351
11.25,0.546,0.967063383446085,1.30096973624525,0.351
11.25,0.547,0.966953812648419,1.31244870030041,0.351
11.25,0.548,0.966843939811574,1.32396191943331,0.351
11.25,0.549,0.966733766743845,1.335509226565,0.351
11.25,0.55,0.966623295244243,1.34709045549071,0.351
11.25,0.551,0.966512527102551,1.35870544087466,0.351
11.25,0.552,0.966401464099372,1.37035401824415,0.351
11.25,0.553,0.966290108006186,1.38203602398432,0.351
11.25,0.554,0.966178460585396,1.39375129533246,0.351
11.25,0.555,0.966066523590386,1.40549967037251,0.351
11.25,0.556,0.965954298765567,1.41728098802985,0.351
11.25,0.557,0.965841787846429,1.42909508806568,0.351
11.25,0.558,0.965728992559594,1.44094181107186,0.351
11.25,0.559,0.965615914622862,1.45282099846551,0.351
11.25,0.56,0.965502555745264,1.46473249248393,0.351
11.25,0.561,0.965388917627111,1.47667613617912,0.351
11.25,0.562,0.965275001960041,1.48865177341269,0.351
11.25,0.563,0.965160810427068,1.5006592488511,0.351
11.25,0.564,0.965046344702636,1.51269840795996,0.351
11.25,0.565,0.964931606452659,1.52476909699928,0.351
11.25,0.566,0.964816597334575,1.53687116301868,0.351
11.25,0.567,0.964701318997391,1.54900445385184,0.351
11.25,0.568,0.964585773081729,1.56116881811224,0.351
11.25,0.569,0.964469961219877,1.57336410518769,0.351
11.25,0.57,0.964353885035832,1.58559016523572,0.351
11.25,0.571,0.964237546145346,1.59784684917876,0.351
11.25,0.572,0.964120946155978,1.61013400869925,0.351
11.25,0.573,0.96400408666713,1.62245149623512,0.351
11.25,0.574,0.9638869692701,1.63479916497473,0.351
11.25,0.575,0.963769595548129,1.64717686885223,0.351
11.25,0.576,0.963651967076434,1.65958446254337,0.351
11.25,0.577,0.963534085422268,1.67202180146018,0.351
11.25,0.578,0.96341595214495,1.6844887417472,0.351
11.25,0.579,0.963297568795922,1.69698514027594,0.351
11.25,0.58,0.963178936918782,1.70951085464142,0.351
11.25,0.581,0.963060058049334,1.7220657431569,0.351
11.25,0.582,0.962940933715628,1.73464966484984,0.351
11.25,0.583,0.962821565438006,1.74726247945736,0.351
11.25,0.584,0.96270195472914,1.75990404742188,0.351
11.25,0.585,0.96258210309408,1.77257422988684,0.351
11.25,0.586,0.962462012030291,1.7852728886921,0.351
11.25,0.587,0.962341683027697,1.79799988637026,0.351
11.25,0.588,0.962221117568723,1.81075508614175,0.351
11.25,0.589,0.962100317128335,1.82353835191107,0.351
11.25,0.59,0.961979283174085,1.83634954826215,0.351
11.25,0.591,0.961858017166146,1.84918854045482,0.351
11.25,0.592,0.961736520557354,1.86205519442018,0.351
11.25,0.593,0.961614794793253,1.87494937675663,0.351
11.25,0.594,0.961492841312128,1.88787095472591,0.351
11.25,0.595,0.96137066154505,1.90081979624903,0.351
11.25,0.596,0.961248256915913,1.91379576990216,0.351
11.25,0.597,0.961125628841475,1.92679874491282,0.351
11.25,0.598,0.961002778731397,1.93982859115562,0.351
11.25,0.599,0.960879707988277,1.95288517914878,0.351
11.25,0.6,0.960756418007695,1.96596838005014,0.351
11.25,0.601,0.960632910178249,1.97907806565274,0.351
11.25,0.602,0.96050918588159,1.99221410838197,0.351
11.25,0.603,0.960385246492468,2.00537638129072,0.351
11.25,0.604,0.960261093378756,2.01856475805662,0.351
11.25,0.605,0.960136727901502,2.03177911297725,0.351
11.25,0.606,0.960012151414958,2.04501932096737,0.351
11.25,0.607,0.959887365266616,2.0582852575546,0.351
11.25,0.608,0.95976237079725,2.071576798876,0.351
11.25,0.609,0.959637169340948,2.08489382167432,0.351
11.25,0.61,0.95951176222515,2.09823620329457,0.351
11.25,0.611,0.959386150770684,2.11160382168021,0.351
11.25,0.612,0.9592603362918,2.12499655536968,0.351
11.25,0.613,0.959134320096207,2.138414283493,0.351
11.25,0.614,0.959008103485112,2.15185688576787,0.351
11.25,0.615,0.958881687753247,2.16532424249654,0.351
11.25,0.616,0.958755074188909,2.17881623456244,0.351
11.25,0.617,0.958628264073997,2.19233274342612,0.351
11.25,0.618,0.958501258684038,2.20587365112268,0.351
11.25,0.619,0.958374059288231,2.21943884025766,0.351
11.25,0.62,0.958246667149476,2.23302819400406,0.351
11.25,0.621,0.958119083524407,2.24664159609895,0.351
11.25,0.622,0.957991309663427,2.26027893084007,0.351
11.25,0.623,0.957863346810743,2.27394008308255,0.351
11.25,0.624,0.957735196204396,2.28762493823571,0.351
11.25,0.625,0.957606859076297,2.30133338225964,0.351
11.25,0.626,0.957478336652258,2.31506530166234,0.351
11.25,0.627,0.957349630152025,2.32882058349604,0.351
11.25,0.628,0.957220740789309,2.34259911535439,0.351
11.25,0.629,0.957091669771823,2.35640078536905,0.351
11.25,0.63,0.956962418301308,2.37022548220678,0.351
11.25,0.631,0.956832987573568,2.3840730950663,0.351
11.25,0.632,0.956703378778501,2.3979435136749,0.351
11.25,0.633,0.956573593100131,2.41183662828561,0.351
11.25,0.634,0.956443631716639,2.42575232967441,0.351
11.25,0.635,0.956313495800394,2.43969050913659,0.351
11.25,0.636,0.956183186517981,2.4536510584843,0.351
11.25,0.637,0.956052705030238,2.46763387004323,0.351
11.25,0.638,0.95592205249228,2.48163883664974,0.351
11.25,0.639,0.955791230053536,2.49566585164802,0.351
11.25,0.64,0.955660238857769,2.50971480888706,0.351
11.25,0.641,0.955529080043118,2.5237856027178,0.351
11.25,0.642,0.95539775474212,2.53787812799,0.351
11.25,0.643,0.95526626408174,2.55199228004996,0.351
11.25,0.644,0.955134609183405,2.56612795473696,0.351
11.25,0.645,0.955002791163027,2.58028504838106,0.351
11.25,0.646,0.954870811131036,2.59446345779986,0.351
11.25,0.647,0.954738670192412,2.60866308029581,0.351
11.25,0.648,0.954606369446703,2.62288381365379,0.351
11.25,0.649,0.954473909988065,2.6371255561378,0.351
11.25,0.65,0.954341292905286,2.65138820648867,0.351
11.25,0.651,0.954208519281811,2.66567166392115,0.351
11.25,0.652,0.954075590195775,2.67997582812134,0.351
11.25,0.653,0.953942506720029,2.69430059924383,0.351
11.25,0.654,0.953809269922166,2.7086458779092,0.351
11.25,0.655,0.95367588086455,2.72301156520141,0.351
11.25,0.656,0.953542340604346,2.73739756266502,0.351
11.25,0.657,0.953408650193541,2.75180377230286,0.351
11.25,0.658,0.953274810678977,2.76623009657304,0.351
11.25,0.659,0.953140823102374,2.78067643838684,0.351
11.25,0.66,0.953006688500361,2.79514270110577,0.351
11.25,0.661,0.952872407904496,2.80962878853925,0.351
11.25,0.662,0.952737982341298,2.82413460494231,0.351
11.25,0.663,0.952603412832274,2.83866005501241,0.351
11.25,0.664,0.952468700393937,2.85320504388769,0.351
11.25,0.665,0.952333846037842,2.86776947714416,0.351
11.25,0.666,0.952198850770605,2.88235326079334,0.351
11.25,0.667,0.952063715593933,2.89695630127962,0.351
11.25,0.668,0.951928441504644,2.91157850547834,0.351
11.25,0.669,0.9517930294947,2.92621978069272,0.351
11.25,0.67,0.951657480551224,2.94088003465207,0.351
11.25,0.671,0.951521795656533,2.95555917550907,0.351
11.25,0.672,0.951385975788154,2.97025711183772,0.351
11.25,0.673,0.951250021918857,2.9849737526306,0.351
11.25,0.674,0.951113935016676,2.999709007297,0.351
11.25,0.675,0.950977716044933,3.01446278566015,0.351
11.25,0.676,0.950841365962262,3.0292349979554,0.351
11.25,0.677,0.950704885722636,3.04402555482763,0.351
11.25,0.678,0.950568276275389,3.05883436732908,0.351
11.25,0.679,0.950431538565238,3.07366134691718,0.351
11.25,0.68,0.950294673532312,3.08850640545213,0.351
11.25,0.681,0.950157682112169,3.10336945519509,0.351
11.25,0.682,0.950020565235827,3.11825040880538,0.351
11.25,0.683,0.949883323829779,3.13314917933885,0.351
11.25,0.684,0.949745958816023,3.14806568024546,0.351
11.25,0.685,0.949608471112083,3.16299982536703,0.351
11.25,0.686,0.949470861631029,3.17795152893539,0.351
11.25,0.687,0.949333131281505,3.19292070556998,0.351
11.25,0.688,0.949195280967747,3.20790727027598,0.351
11.25,0.689,0.949057311589611,3.22291113844173,0.351
11.25,0.69,0.948919224042586,3.23793222583748,0.351
11.25,0.691,0.948781019217828,3.25297044861248,0.351
11.25,0.692,0.948642698002173,3.26802572329337,0.351
11.25,0.693,0.948504261278163,3.28309796678208,0.351
11.25,0.694,0.948365709924068,3.29818709635383,0.351
11.25,0.695,0.948227044813908,3.31329302965471,0.351
11.25,0.696,0.948088266817471,3.32841568470039,0.351
11.25,0.697,0.947949376800339,3.34355497987364,0.351
11.25,0.698,0.94781037562391,3.35871083392216,0.351
11.25,0.699,0.94767126414541,3.37388316595746,0.351
11.25,0.7,0.947532043217929,3.38907189545179,0.351
11.25,0.701,0.94739271369043,3.40427694223715,0.351
11.25,0.702,0.947253276407774,3.41949822650283,0.351
11.25,0.703,0.947113732210743,3.43473566879366,0.351
11.25,0.704,0.946974081936056,3.4499891900081,0.351
11.25,0.705,0.946834326416394,3.46525871139627,0.351
11.25,0.706,0.946694466480417,3.4805441545583,0.351
11.25,0.707,0.946554502952789,3.49584544144206,0.351
11.25,0.708,0.94641443665419,3.51116249434182,0.351
11.25,0.709,0.946274268401346,3.52649523589592,0.351
11.25,0.71,0.946133999007041,3.54184358908529,0.351
11.25,0.711,0.945993629280143,3.55720747723134,0.351
11.25,0.712,0.945853160025617,3.57258682399453,0.351
11.25,0.713,0.945712592044552,3.58798155337214,0.351
11.25,0.714,0.945571926134176,3.60339158969678,0.351
11.25,0.715,0.945431163087874,3.61881685763457,0.351
11.25,0.716,0.945290303695213,3.63425728218325,0.351
11.25,0.717,0.945149348741956,3.64971278867059,0.351
11.25,0.718,0.945008299010084,3.66518330275265,0.351
11.25,0.719,0.944867155277814,3.68066875041173,0.351
11.25,0.72,0.944725918319616,3.69616905795516,0.351
11.25,0.721,0.944584588906237,3.71168415201317,0.351
11.25,0.722,0.944443167804713,3.7272139595375,0.351
11.25,0.723,0.944301655778393,3.74275840779943,0.351
11.25,0.724,0.944160053586956,3.7583174243883,0.351
11.25,0.725,0.944018361986425,3.77389093720992,0.351
11.25,0.726,0.943876581729194,3.78947887448455,0.351
11.25,0.727,0.943734713564036,3.80508116474576,0.351
11.25,0.728,0.943592758236131,3.82069773683822,0.351
11.25,0.729,0.943450716487076,3.83632851991673,0.351
11.25,0.73,0.943308589054907,3.85197344344397,0.351
11.25,0.731,0.943166376674115,3.86763243718951,0.351
11.25,0.732,0.943024080075666,3.88330543122752,0.351
11.25,0.733,0.942881699987016,3.89899235593592,0.351
11.25,0.734,0.942739237132128,3.91469314199424,0.351
11.25,0.735,0.942596692231493,3.93040772038231,0.351
11.25,0.736,0.942454066002143,3.9461360223789,0.351
11.25,0.737,0.942311359157673,3.96187797955943,0.351
11.25,0.738,0.942168572408252,3.97763352379552,0.351
11.25,0.739,0.942025706460644,3.99340258725258,0.351
11.25,0.74,0.941882762018227,4.00918510238861,0.351
11.25,0.741,0.941739739781002,4.02498100195288,0.351
11.25,0.742,0.941596640445619,4.04079021898405,0.351
11.25,0.743,0.941453464705386,4.05661268680901,0.351
11.25,0.744,0.941310213250292,4.07244833904119,0.351
11.25,0.745,0.941166886767015,4.08829710957928,0.351
11.25,0.746,0.941023485938949,4.10415893260554,0.351
11.25,0.747,0.94088001144621,4.12003374258463,0.351
11.25,0.748,0.94073646396566,4.13592147426189,0.351
11.25,0.749,0.94059284417092,4.15182206266196,0.351
11.25,0.75,0.940449152732383,4.16773544308764,0.351
11.25,0.751,0.940305390317235,4.18366155111813,0.351
11.25,0.752,0.940161557589467,4.19960032260778,0.351
11.25,0.753,0.940017655209894,4.21555169368457,0.351
11.25,0.754,0.939873683836167,4.23151560074893,0.351
11.25,0.755,0.939729644122792,4.24749198047225,0.351
11.25,0.756,0.939585536721143,4.26348076979544,0.351
11.25,0.757,0.939441362279478,4.27948190592766,0.351
11.25,0.758,0.939297121442954,4.29549532634486,0.351
11.25,0.759,0.939152814853645,4.3115209687886,0.351
11.25,0.76,0.939008443150552,4.32755877126454,0.351
11.25,0.761,0.938864006969623,4.34360867204115,0.351
11.25,0.762,0.938719506943764,4.3596706096485,0.351
11.25,0.763,0.938574943702856,4.3757445228769,0.351
11.25,0.764,0.93843031787377,4.39183035077537,0.351
11.25,0.765,0.938285630080382,4.40792803265064,0.351
11.25,0.766,0.938140880943585,4.42403750806575,0.351
11.25,0.767,0.937996071081307,4.44015871683872,0.351
11.25,0.768,0.937851201108521,4.45629159904133,0.351
11.25,0.769,0.937706271637265,4.47243609499777,0.351
11.25,0.77,0.937561283276653,4.48859214528354,0.351
11.25,0.771,0.937416236632889,4.50475969072388,0.351
11.25,0.772,0.937271132309281,4.52093867239307,0.351
11.25,0.773,0.937125970906259,4.53712903161261,0.351
11.25,0.774,0.936980753021382,4.55333070995028,0.351
11.25,0.775,0.936835479249359,4.569543649219,0.351
11.25,0.776,0.936690150182059,4.58576779147519,0.351
11.25,0.777,0.936544766408524,4.60200307901821,0.351
11.25,0.778,0.936399328514986,4.61824945438862,0.351
11.25,0.779,0.936253837084878,4.63450686036724,0.351
11.25,0.78,0.93610829269885,4.65077523997366,0.351
11.25,0.781,0.935962695934778,4.66705453646563,0.351
11.25,0.782,0.935817047367783,4.68334469333733,0.351
11.25,0.783,0.93567134757024,4.69964565431855,0.351
11.25,0.784,0.935525597111793,4.71595736337322,0.351
11.25,0.785,0.93537979655937,4.73227976469868,0.351
11.25,0.786,0.935233946477191,4.74861280272401,0.351
11.25,0.787,0.935088047426788,4.76495642210939,0.351
11.25,0.788,0.934942099967012,4.78131056774462,0.351
11.25,0.789,0.934796104654048,4.79767518474823,0.351
11.25,0.79,0.934650062041429,4.81405021846608,0.351
11.25,0.791,0.934503972680048,4.83043561447067,0.351
11.25,0.792,0.93435783711817,4.84683131855941,0.351
11.25,0.793,0.934211655901445,4.86323727675435,0.351
11.25,0.794,0.934065429572921,4.87965343530026,0.351
11.25,0.795,0.933919158673057,4.89607974066404,0.351
11.25,0.796,0.933772843739733,4.91251613953352,0.351
11.25,0.797,0.933626485308265,4.92896257881639,0.351
11.25,0.798,0.933480083911418,4.94541900563896,0.351
11.25,0.799,0.933333640079415,4.96188536734548,0.351
11.25,0.8,0.93318715433995,4.97836161149672,0.351
11.5,0.2,0.964350026658776,1.53657274355954,0.351
11.5,0.201,0.964579624948539,1.5124040561362,0.351
11.5,0.202,0.964806894854649,1.48849179487245,0.351
11.5,0.203,0.965031851247252,1.46483404204758,0.351
11.5,0.204,0.965254508881478,1.44142889895102,0.351
11.5,0.205,0.965474882398639,1.41827448563612,0.351
11.5,0.206,0.965692986327405,1.39536894067809,0.351
11.5,0.207,0.965908835084973,1.37271042093583,0.351
11.5,0.208,0.966122442978208,1.3502971013178,0.351
11.5,0.209,0.966333824204779,1.32812717455133,0.351
11.5,0.21,0.966542992854265,1.30619885095609,0.351
11.5,0.211,0.966749962909258,1.28451035822086,0.351
11.5,0.212,0.966954748246445,1.26305994118412,0.351
11.5,0.213,0.967157362637675,1.24184586161793,0.351
11.5,0.214,0.96735781975101,1.22086639801533,0.351
11.5,0.215,0.967556133151766,1.20011984538129,0.351
11.5,0.216,0.967752316303533,1.17960451502659,0.351
11.5,0.217,0.967946382569189,1.15931873436519,0.351
11.5,0.218,0.968138345211891,1.13926084671487,0.351
11.5,0.219,0.968328217396062,1.11942921110062,0.351
11.5,0.22,0.968516012188355,1.09982220206162,0.351
11.5,0.221,0.968701742558612,1.08043820946042,0.351
11.5,0.222,0.968885421380808,1.06127563829599,0.351
11.5,0.223,0.969067061433979,1.04233290851901,0.351
11.5,0.224,0.969246675403144,1.02360845485006,0.351
11.5,0.225,0.969424275880206,1.00510072660094,0.351
11.5,0.226,0.96959987536485,0.986808187498323,0.351
11.5,0.227,0.969773486265425,0.968729315510286,0.351
11.5,0.228,0.969945120899813,0.950862602675406,0.351
11.5,0.229,0.970114791496293,0.933206554934363,0.351
11.5,0.23,0.970282510194385,0.915759691964202,0.351
11.5,0.231,0.970448289045693,0.898520547014958,0.351
11.5,0.232,0.970612140014725,0.881487666749003,0.351
11.5,0.233,0.970774074979718,0.864659611082175,0.351
11.5,0.234,0.970934105733436,0.848034953027854,0.351
11.5,0.235,0.971092243983974,0.831612278543004,0.351
11.5,0.236,0.971248501355539,0.815390186376796,0.351
11.5,0.237,0.971402889389227,0.799367287921027,0.351
11.5,0.238,0.97155541954379,0.78354220706307,0.351
11.5,0.239,0.971706103196396,0.767913580040558,0.351
11.5,0.24,0.971854951643372,0.752480055298954,0.351
11.5,0.241,0.972001976100948,0.737240293350205,0.351
11.5,0.242,0.97214718770598,0.722192966634139,0.351
11.5,0.243,0.972290597516676,0.707336759381771,0.351
11.5,0.244,0.972432216513308,0.692670367479931,0.351
11.5,0.245,0.972572055598913,0.678192498338781,0.351
11.5,0.246,0.972710125599988,0.663901870760597,0.351
11.5,0.247,0.972846437267178,0.649797214810555,0.351
11.5,0.248,0.972981001275955,0.635877271689278,0.351
11.5,0.249,0.973113828227288,0.622140793607362,0.351
11.5,0.25,0.973244928648301,0.608586543661671,0.351
11.5,0.251,0.973374312992936,0.595213295712926,0.351
11.5,0.252,0.973501991642592,0.58201983426569,0.351
11.5,0.253,0.973627974906773,0.569004954349328,0.351
11.5,0.254,0.97375227302371,0.556167461401347,0.351
11.5,0.255,0.973874896160992,0.54350617115162,0.351
11.5,0.256,0.973995854416184,0.531019909508723,0.351
11.5,0.257,0.974115157817434,0.518707512447603,0.351
11.5,0.258,0.974232816324077,0.506567825898974,0.351
11.5,0.259,0.974348839827234,0.494599705639809,0.351
11.5,0.26,0.974463238150397,0.482802017186068,0.351
11.5,0.261,0.974576021050019,0.471173635685962,0.351
11.5,0.262,0.974687198216083,0.459713445815391,0.351
11.5,0.263,0.974796779272678,0.448420341674449,0.351
11.5,0.264,0.974904773778556,0.437293226685553,0.351
11.5,0.265,0.975011191227696,0.426331013492653,0.351
11.5,0.266,0.97511604104985,0.415532623862003,0.351
11.5,0.267,0.975219332611091,0.404896988584125,0.351
11.5,0.268,0.975321075214352,0.394423047377157,0.351
11.5,0.269,0.975421278099954,0.384109748791617,0.351
11.5,0.27,0.97551995044614,0.373956050116164,0.351
11.5,0.271,0.975617101369592,0.363960917284767,0.351
11.5,0.272,0.975712739925948,0.35412332478495,0.351
11.5,0.273,0.975806875110312,0.344442255567445,0.351
11.5,0.274,0.975899515857758,0.334916700957,0.351
11.5,0.275,0.975990671043829,0.325545660564197,0.351
11.5,0.276,0.976080349485034,0.316328142198419,0.351
11.5,0.277,0.976168559939331,0.307263161782179,0.351
11.5,0.278,0.976255311106612,0.298349743266457,0.351
11.5,0.279,0.976340611629186,0.289586918546769,0.351
11.5,0.28,0.976424470092246,0.280973727380962,0.351
11.5,0.281,0.976506895024336,0.272509217307793,0.351
11.5,0.282,0.976587894897823,0.264192443566036,0.351
11.5,0.283,0.976667478129346,0.256022469015504,0.351
11.5,0.284,0.976745653080271,0.247998364058599,0.351
11.5,0.285,0.976822428057146,0.24011920656275,0.351
11.5,0.286,0.976897811312138,0.232384081784032,0.351
11.5,0.287,0.976971811043473,0.224792082292002,0.351
11.5,0.288,0.977044435395878,0.217342307894697,0.351
11.5,0.289,0.977115692461001,0.210033865565529,0.351
11.5,0.29,0.977185590277844,0.202865869370394,0.351
11.5,0.291,0.977254136833185,0.195837440396041,0.351
11.5,0.292,0.97732134006199,0.188947706679254,0.351
11.5,0.293,0.977387207847829,0.182195803136764,0.351
11.5,0.294,0.977451748023289,0.175580871496273,0.351
11.5,0.295,0.977514968370369,0.169102060228354,0.351
11.5,0.296,0.97757687662089,0.162758524478734,0.351
11.5,0.297,0.977637480456888,0.156549426001984,0.351
11.5,0.298,0.977696787511006,0.150473933095707,0.351
11.5,0.299,0.97775480536688,0.144531220535726,0.351
11.5,0.3,0.977811541559534,0.1387204695116,0.351
11.5,0.301,0.977867003575747,0.133040867563783,0.351
11.5,0.302,0.977921198854441,0.127491608520547,0.351
11.5,0.303,0.977974134787051,0.122071892436337,0.351
11.5,0.304,0.978025818717894,0.116780925530935,0.351
11.5,0.305,0.978076257944534,0.111617920128682,0.351
11.5,0.306,0.978125459718148,0.106582094599239,0.351
11.5,0.307,0.978173431243884,0.101672673298325,0.351
11.5,0.308,0.978220179681215,0.0968888865099382,0.351
11.5,0.309,0.978265712144292,0.0922299703885576,0.351
11.5,0.31,0.978310035702292,0.0876951669023462,0.351
11.5,0.311,0.978353157379765,0.083283723777261,0.351
11.5,0.312,0.978395084156975,0.0789948944412977,0.351
11.5,0.313,0.978435822970238,0.0748279379697347,0.351
11.5,0.314,0.978475380712257,0.0707821190311764,0.351
11.5,0.315,0.978513764232458,0.0668567078337734,0.351
11.5,0.316,0.978550980337312,0.0630509800724655,0.351
11.5,0.317,0.97858703579067,0.0593642168766673,0.351
11.5,0.318,0.978621937314077,0.0557957047585766,0.351
11.5,0.319,0.978655691587099,0.0523447355621043,0.351
11.5,0.32,0.978688305247634,0.049010606412514,0.351
11.5,0.321,0.978719784892228,0.045792619666396,0.351
11.5,0.322,0.978750137076389,0.0426900828625065,0.351
11.5,0.323,0.978779368314888,0.0397023086729398,0.351
11.5,0.324,0.978807485082072,0.0368286148549002,0.351
11.5,0.325,0.978834493812159,0.0340683242032513,0.351
11.5,0.326,0.978860400899541,0.0314207645033093,0.351
11.5,0.327,0.978885212699082,0.0288852684843466,0.351
11.5,0.328,0.978908935526408,0.0264611737736953,0.351
11.5,0.329,0.9789315756582,0.0241478228511172,0.351
11.5,0.33,0.978953139332485,0.0219445630038617,0.351
11.5,0.331,0.978973632748915,0.0198507462823905,0.351
11.5,0.332,0.978993062069058,0.0178657294563234,0.351
11.5,0.333,0.979011433416675,0.0159888739707625,0.351
11.5,0.334,0.979028752877996,0.0142195459039041,0.351
11.5,0.335,0.979045026501998,0.0125571159239612,0.351
11.5,0.336,0.979060260300679,0.0110009592475535,0.351
11.5,0.337,0.979074460249326,0.00955045559805079,0.351
11.5,0.338,0.979087632286784,0.00820498916442869,0.351
11.5,0.339,0.979099782315723,0.00696394856096738,0.351
11.5,0.34,0.979110916202899,0.00582672678661744,0.351
11.5,0.341,0.979121039779415,0.00479272118583118,0.351
11.5,0.342,0.979130158840984,0.00386133340883887,0.351
11.5,0.343,0.979138279148179,0.00303196937316841,0.351
11.5,0.344,0.97914540642669,0.00230403922500955,0.351
11.5,0.345,0.979151546367576,0.0016769573013331,0.351
11.5,0.346,0.979156704627515,0.00115014209225439,0.351
11.5,0.347,0.979160886829048,0.000723016204107196,0.351
11.5,0.348,0.979164098560829,0.000395006322295721,0.351
11.5,0.349,0.979166345377863,0.000165543175456584,0.351
11.5,0.35,0.97916763280175,3.40614990435029e-05,0.351
11.5,0.351,0.979167966320924,0,0.351
11.5,0.352,0.979167351390887,6.28013215875356e-05,0.351
11.5,0.353,0.979165793434443,0.000221912008724345,0.351
11.5,0.354,0.979163297841937,0.000476782473102233,0.351
11.5,0.355,0.979159869971477,0.00082686695963563,0.351
11.5,0.356,0.979155515149167,0.00127162351268861,0.351
11.5,0.357,0.979150238669335,0.00181051394245735,0.351
11.5,0.358,0.979144045794752,0.00244300379235174,0.351
11.5,0.359,0.97913694175686,0.00316856230631046,0.351
11.5,0.36,0.979128931755989,0.00398666239640466,0.351
11.5,0.361,0.979120020961578,0.00489678061106336,0.351
11.5,0.362,0.979110214512392,0.00589839710340989,0.351
11.5,0.363,0.979099517516734,0.00699099560010907,0.351
11.5,0.364,0.979087935052662,0.00817406337028093,0.351
11.5,0.365,0.979075472168198,0.00944709119521381,0.351
11.5,0.366,0.97906213388154,0.0108095733377667,0.351
11.5,0.367,0.979047925181263,0.0122610075128149,0.351
11.5,0.368,0.979032851026538,0.0138008948570079,0.351
11.5,0.369,0.979016916347322,0.0154287399001918,0.351
11.5,0.37,0.979000126044569,0.0171440505358555,0.351
11.5,0.371,0.97898248499043,0.0189463379925092,0.351
11.5,0.372,0.978963998028449,0.0208351168057286,0.351
11.5,0.373,0.978944669973764,0.0228099047892005,0.351
11.5,0.374,0.978924505613301,0.024870223007678,0.351
11.5,0.375,0.978903509705968,0.0270155957490692,0.351
11.5,0.376,0.97888168698285,0.0292455504971256,0.351
11.5,0.377,0.978859042147396,0.0315596179047528,0.351
11.5,0.378,0.978835579875612,0.0339573317670538,0.351
11.5,0.379,0.978811304816246,0.0364382289950393,0.351
11.5,0.38,0.978786221590977,0.039001849589404,0.351
11.5,0.381,0.978760334794599,0.0416477366147472,0.351
11.5,0.382,0.978733648995202,0.0443754361738824,0.351
11.5,0.383,0.978706168734356,0.0471844973823909,0.351
11.5,0.384,0.978677898527291,0.0500744723437974,0.351
11.5,0.385,0.978648842863075,0.0530449161243451,0.351
11.5,0.386,0.978619006204792,0.0560953867287495,0.351
11.5,0.387,0.978588392989717,0.0592254450756835,0.351
11.5,0.388,0.97855700762949,0.0624346549736643,0.351
11.5,0.389,0.978524854510291,0.0657225830972719,0.351
11.5,0.39,0.97849193799301,0.069088798963457,0.351
11.5,0.391,0.978458262413418,0.072532874908271,0.351
11.5,0.392,0.978423832082334,0.0760543860635732,0.351
11.5,0.393,0.978388651285795,0.0796529103341825,0.351
11.5,0.394,0.978352724285221,0.0833280283753179,0.351
11.5,0.395,0.978316055317578,0.0870793235699052,0.351
11.5,0.396,0.978278648595544,0.0909063820064615,0.351
11.5,0.397,0.97824050830767,0.094808792457246,0.351
11.5,0.398,0.978201638618541,0.0987861463560336,0.351
11.5,0.399,0.978162043668936,0.102838037776953,0.351
11.5,0.4,0.978121727575984,0.106964063412929,0.351
11.5,0.401,0.978080694433324,0.111163822554539,0.351
11.5,0.402,0.978038948311259,0.115436917069012,0.351
11.5,0.403,0.977996493256911,0.119782951379688,0.351
11.5,0.404,0.977953333294375,0.124201532445078,0.351
11.5,0.405,0.977909472424867,0.128692269739084,0.351
11.5,0.406,0.977864914626882,0.133254775230252,0.351
11.5,0.407,0.977819663856339,0.137888663362284,0.351
11.5,0.408,0.977773724046727,0.142593551034143,0.351
11.5,0.409,0.977727099109259,0.147369057580327,0.351
11.5,0.41,0.977679792933014,0.152214804751694,0.351
11.5,0.411,0.977631809385083,0.157130416696183,0.351
11.5,0.412,0.97758315231071,0.162115519939987,0.351
11.5,0.413,0.97753382553344,0.167169743368434,0.351
11.5,0.414,0.977483832855258,0.172292718207534,0.351
11.5,0.415,0.977433178056729,0.177484078005574,0.351
11.5,0.416,0.977381864897138,0.182743458614665,0.351
11.5,0.417,0.977329897114628,0.188070498172888,0.351
11.5,0.418,0.977277278426338,0.193464837085999,0.351
11.5,0.419,0.977224012528539,0.198926118010001,0.351
11.5,0.42,0.977170103096769,0.204453985833486,0.351
11.5,0.421,0.977115553785968,0.210048087660009,0.351
11.5,0.422,0.977060368230609,0.215708072790943,0.351
11.5,0.423,0.977004550044832,0.221433592708675,0.351
11.5,0.424,0.976948102822575,0.227224301059081,0.351
11.5,0.425,0.976891030137704,0.233079853635187,0.351
11.5,0.426,0.976833335544138,0.238999908360538,0.351
11.5,0.427,0.976775022575986,0.244984125272452,0.351
11.5,0.428,0.976716094747666,0.251032166506038,0.351
11.5,0.429,0.976656555554033,0.257143696277784,0.351
11.5,0.43,0.976596408470507,0.263318380869748,0.351
11.5,0.431,0.976535656953195,0.269555888613571,0.351
11.5,0.432,0.976474304439015,0.275855889874843,0.351
11.5,0.433,0.976412354345816,0.282218057037453,0.351
11.5,0.434,0.976349810072502,0.288642064488354,0.351
11.5,0.435,0.976286674999155,0.295127588602084,0.351
11.5,0.436,0.976222952487149,0.301674307725719,0.351
11.5,0.437,0.976158645879269,0.308281902163965,0.351
11.5,0.438,0.976093758499836,0.314950054164109,0.351
11.5,0.439,0.976028293654815,0.321678447901563,0.351
11.5,0.44,0.975962254631938,0.328466769464897,0.351
11.5,0.441,0.975895644700812,0.33531470684196,0.351
11.5,0.442,0.975828467113043,0.342221949904875,0.351
11.5,0.443,0.97576072510234,0.349188190396399,0.351
11.5,0.444,0.975692421884632,0.356213121915849,0.351
11.5,0.445,0.975623560658181,0.36329643990467,0.351
11.5,0.446,0.975554144603692,0.370437841633087,0.351
11.5,0.447,0.975484176884418,0.377637026186473,0.351
11.5,0.448,0.975413660646278,0.384893694451449,0.351
11.5,0.449,0.975342599017961,0.392207549102652,0.351
11.5,0.45,0.975270995111033,0.399578294589542,0.351
11.5,0.451,0.975198852020043,0.407005637123037,0.351
11.5,0.452,0.975126172822636,0.414489284662323,0.351
11.5,0.453,0.975052960579648,0.422028946902464,0.351
11.5,0.454,0.97497921833522,0.42962433526077,0.351
11.5,0.455,0.974904949116897,0.437275162864714,0.351
11.5,0.456,0.974830155935728,0.444981144539169,0.351
11.5,0.457,0.974754841786378,0.452741996793593,0.351
11.5,0.458,0.97467900964722,0.460557437810105,0.351
11.5,0.459,0.97460266248044,0.46842718743092,0.351
11.5,0.46,0.974525803232137,0.476350967146355,0.351
11.5,0.461,0.974448434832421,0.48432850008262,0.351
11.5,0.462,0.974370560195515,0.492359510990004,0.351
11.5,0.463,0.974292182219847,0.500443726230859,0.351
11.5,0.464,0.974213303788153,0.508580873768105,0.351
11.5,0.465,0.974133927767569,0.5167706831535,0.351
11.5,0.466,0.974054057009732,0.525012885515919,0.351
11.5,0.467,0.973973694350869,0.533307213550183,0.351
11.5,0.468,0.973892842611896,0.541653401505693,0.351
11.5,0.469,0.97381150459851,0.550051185174971,0.351
11.5,0.47,0.973729683101281,0.558500301882803,0.351
11.5,0.471,0.973647380895747,0.567000490475111,0.351
11.5,0.472,0.973564600742504,0.575551491307968,0.351
11.5,0.473,0.973481345387298,0.584153046236668,0.351
11.5,0.474,0.973397617561113,0.592804898605381,0.351
11.5,0.475,0.973313419980266,0.601506793235917,0.351
11.5,0.476,0.973228755346488,0.610258476417647,0.351
11.5,0.477,0.973143626347022,0.619059695896729,0.351
11.5,0.478,0.973058035654703,0.627910200865878,0.351
11.5,0.479,0.972971985928051,0.63680974195397,0.351
11.5,0.48,0.972885479811353,0.645758071216007,0.351
11.5,0.481,0.972798519934753,0.654754942122904,0.351
11.5,0.482,0.972711108914332,0.663800109551382,0.351
11.5,0.483,0.972623249352202,0.672893329774027,0.351
11.5,0.484,0.972534943836579,0.682034360449646,0.351
11.5,0.485,0.972446194941876,0.691222960613258,0.351
11.5,0.486,0.97235700522878,0.700458890666544,0.351
11.5,0.487,0.972267377244338,0.709741912368189,0.351
11.5,0.488,0.972177313522037,0.719071788824333,0.351
11.5,0.489,0.972086816581885,0.728448284479133,0.351
11.5,0.49,0.971995888930496,0.737871165105397,0.351
11.5,0.491,0.971904533061162,0.747340197795454,0.351
11.5,0.492,0.97181275145394,0.75685515095163,0.351
11.5,0.493,0.971720546575729,0.766415794277409,0.351
11.5,0.494,0.971627920880345,0.776021898768287,0.351
11.5,0.495,0.971534876808607,0.7856732367026,0.351
11.5,0.496,0.971441416788403,0.79536958163311,0.351
11.5,0.497,0.971347543234777,0.805110708377677,0.351
11.5,0.498,0.971253258550002,0.814896393010578,0.351
11.5,0.499,0.971158565123653,0.824726412854271,0.351
11.5,0.5,0.971063465332685,0.834600546470199,0.351
11.5,0.501,0.970967961541508,0.844518573650732,0.351
11.5,0.502,0.970872056102062,0.854480275410263,0.351
11.5,0.503,0.970775751353886,0.86448543397728,0.351
11.5,0.504,0.970679049624198,0.874533832785684,0.351
11.5,0.505,0.970581953227961,0.884625256466731,0.351
11.5,0.506,0.970484464467962,0.894759490840746,0.351
11.5,0.507,0.970386585634878,0.904936322908934,0.351
11.5,0.508,0.97028831900735,0.915155540845647,0.351
11.5,0.509,0.970189666852053,0.925416933990109,0.351
11.5,0.51,0.970090631423768,0.935720292838371,0.351
11.5,0.511,0.969991214965447,0.946065409036034,0.351
11.5,0.512,0.969891419708292,0.956452075369651,0.351
11.5,0.513,0.969791247871809,0.966880085759847,0.351
11.5,0.514,0.969690701663893,0.977349235252944,0.351
11.5,0.515,0.969589783280882,0.98785932001384,0.351
11.5,0.516,0.969488494907633,0.998410137318162,0.351
11.5,0.517,0.969386838717585,1.00900148554504,0.351
11.5,0.518,0.969284816872829,1.01963316416944,0.351
11.5,0.519,0.96918243152417,1.03030497375507,0.351
11.5,0.52,0.969079684811194,1.0410167159469,0.351
11.5,0.521,0.968976578862335,1.05176819346389,0.351
11.5,0.522,0.968873115794939,1.06255921009202,0.351
11.5,0.523,0.968769297715326,1.07338957067704,0.351
11.5,0.524,0.968665126718858,1.08425908111733,0.351
11.5,0.525,0.968560604889998,1.09516754835703,0.351
11.5,0.526,0.968455734302376,1.10611478037914,0.351
11.5,0.527,0.968350517018851,1.11710058619836,0.351
11.5,0.528,0.968244955091575,1.12812477585449,0.351
11.5,0.529,0.968139050562049,1.13918716040557,0.351
11.5,0.53,0.96803280546119,1.15028755192121,0.351
11.5,0.531,0.967926221809392,1.16142576347575,0.351
11.5,0.532,0.967819301616582,1.1726016091419,0.351
11.5,0.533,0.967712046882284,1.18381490398385,0.351
11.5,0.534,0.967604459595679,1.19506546405097,0.351
11.5,0.535,0.96749654173566,1.20635310637143,0.351
11.5,0.536,0.967388295270897,1.21767764894536,0.351
11.5,0.537,0.967279722159889,1.22903891073913,0.351
11.5,0.538,0.967170824351031,1.24043671167842,0.351
11.5,0.539,0.967061603782661,1.25187087264229,0.351
11.5,0.54,0.966952062383127,1.2633412154569,0.351
11.5,0.541,0.966842202070837,1.27484756288945,0.351
11.5,0.542,0.966732024754322,1.28638973864164,0.351
11.5,0.543,0.966621532332284,1.29796756734433,0.351
11.5,0.544,0.966510726693662,1.30958087455073,0.351
11.5,0.545,0.966399609717681,1.32122948673099,0.351
11.5,0.546,0.966288183273905,1.3329132312661,0.351
11.5,0.547,0.966176449222301,1.34463193644188,0.351
11.5,0.548,0.966064409413284,1.35638543144323,0.351
11.5,0.549,0.965952065687776,1.36817354634859,0.351
11.5,0.55,0.96583941987726,1.37999611212367,0.351
11.5,0.551,0.96572647380383,1.39185296061626,0.351
11.5,0.552,0.965613229280249,1.40374392455027,0.351
11.5,0.553,0.965499688109996,1.41566883752018,0.351
11.5,0.554,0.965385852087324,1.4276275339856,0.351
11.5,0.555,0.965271722997306,1.43961984926562,0.351
11.5,0.556,0.965157302615895,1.45164561953319,0.351
11.5,0.557,0.965042592709966,1.46370468181014,0.351
11.5,0.558,0.964927595037374,1.47579687396115,0.351
11.5,0.559,0.964812311347,1.48792203468899,0.351
11.5,0.56,0.964696743378806,1.50008000352873,0.351
11.5,0.561,0.96458089286388,1.51227062084283,0.351
11.5,0.562,0.964464761524491,1.52449372781565,0.351
11.5,0.563,0.964348351074133,1.53674916644844,0.351
11.5,0.564,0.964231663217579,1.54903677955398,0.351
11.5,0.565,0.964114699650926,1.56135641075155,0.351
11.5,0.566,0.963997462061646,1.5737079044621,0.351
11.5,0.567,0.963879952128633,1.58609110590266,0.351
11.5,0.568,0.963762171522249,1.59850586108201,0.351
11.5,0.569,0.963644121904378,1.61095201679513,0.351
11.5,0.57,0.963525804928463,1.62342942061862,0.351
11.5,0.571,0.963407222239563,1.63593792090566,0.351
11.5,0.572,0.963288375474394,1.64847736678126,0.351
11.5,0.573,0.963169266261375,1.66104760813737,0.351
11.5,0.574,0.963049896220678,1.67364849562817,0.351
11.5,0.575,0.962930266964271,1.6862798806651,0.351
11.5,0.576,0.962810380095962,1.69894161541257,0.351
11.5,0.577,0.962690237211447,1.71163355278294,0.351
11.5,0.578,0.962569839898354,1.72435554643207,0.351
11.5,0.579,0.962449189736289,1.73710745075444,0.351
11.5,0.58,0.962328288296875,1.74988912087903,0.351
11.5,0.581,0.962207137143803,1.76270041266451,0.351
11.5,0.582,0.96208573783287,1.77554118269456,0.351
11.5,0.583,0.961964091912028,1.78841128827385,0.351
11.5,0.584,0.961842200921421,1.80131058742328,0.351
11.5,0.585,0.961720066393434,1.81423893887562,0.351
11.5,0.586,0.96159768985273,1.82719620207128,0.351
11.5,0.587,0.961475072816295,1.84018223715394,0.351
11.5,0.588,0.961352216793485,1.85319690496597,0.351
11.5,0.589,0.961229123286058,1.86624006704461,0.351
11.5,0.59,0.961105793788222,1.8793115856174,0.351
11.5,0.591,0.960982229786676,1.89241132359805,0.351
11.5,0.592,0.960858432760648,1.90553914458245,0.351
11.5,0.593,0.960734404181942,1.91869491284413,0.351
11.5,0.594,0.960610145514969,1.9318784933305,0.351
11.5,0.595,0.960485658216798,1.94508975165861,0.351
11.5,0.596,0.960360943737188,1.95832855411111,0.351
11.5,0.597,0.960236003518629,1.97159476763231,0.351
11.5,0.598,0.960110838996388,1.98488825982392,0.351
11.5,0.599,0.959985451598539,1.99820889894138,0.351
11.5,0.6,0.959859842746009,2.01155655388989,0.351
11.5,0.601,0.959734013852614,2.02493109422026,0.351
11.5,0.602,0.959607966325098,2.03833239012521,0.351
11.5,0.603,0.95948170156317,2.0517603124355,0.351
11.5,0.604,0.959355220959545,2.06521473261614,0.351
11.5,0.605,0.95922852589998,2.07869552276247,0.351
11.5,0.606,0.959101617763313,2.09220255559648,0.351
11.5,0.607,0.958974497921496,2.10573570446302,0.351
11.5,0.608,0.958847167739639,2.11929484332614,0.351
11.5,0.609,0.958719628576042,2.13287984676531,0.351
11.5,0.61,0.958591881782234,2.14649058997189,0.351
11.5,0.611,0.958463928703008,2.16012694874526,0.351
11.5,0.612,0.958335770676457,2.17378879948957,0.351
11.5,0.613,0.958207409034013,2.18747601920977,0.351
11.5,0.614,0.958078845100481,2.20118848550828,0.351
11.5,0.615,0.957950080194073,2.21492607658138,0.351
11.5,0.616,0.957821115626445,2.22868867121573,0.351
11.5,0.617,0.957691952702733,2.24247614878483,0.351
11.5,0.618,0.957562592721586,2.25628838924574,0.351
11.5,0.619,0.957433036975203,2.27012527313528,0.351
11.5,0.62,0.957303286749364,2.28398668156711,0.351
11.5,0.621,0.95717334332347,2.29787249622777,0.351
11.5,0.622,0.957043207970571,2.31178259937388,0.351
11.5,0.623,0.956912881957402,2.32571687382848,0.351
11.5,0.624,0.956782366544422,2.3396752029776,0.351
11.5,0.625,0.956651662985837,2.35365747076741,0.351
11.5,0.626,0.956520772529643,2.36766356170057,0.351
11.5,0.627,0.956389696417653,2.38169336083311,0.351
11.5,0.628,0.956258435885534,2.3957467537711,0.351
11.5,0.629,0.956126992162837,2.40982362666766,0.351
11.5,0.63,0.95599536647303,2.42392386621968,0.351
11.5,0.631,0.955863560033531,2.43804735966455,0.351
11.5,0.632,0.955731574055738,2.4521939947773,0.351
11.5,0.633,0.955599409745067,2.46636365986708,0.351
11.5,0.634,0.955467068300975,2.48055624377452,0.351
11.5,0.635,0.955334550916997,2.49477163586826,0.351
11.5,0.636,0.955201858780777,2.50900972604233,0.351
11.5,0.637,0.955068993074098,2.52327040471261,0.351
11.5,0.638,0.954935954972914,2.53755356281427,0.351
11.5,0.639,0.954802745647379,2.55185909179858,0.351
11.5,0.64,0.954669366261879,2.56618688362993,0.351
11.5,0.641,0.954535817975061,2.58053683078303,0.351
11.5,0.642,0.954402101939869,2.59490882623974,0.351
11.5,0.643,0.954268219303563,2.60930276348648,0.351
11.5,0.644,0.954134171207759,2.62371853651111,0.351
11.5,0.645,0.953999958788455,2.6381560398002,0.351
11.5,0.646,0.95386558317606,2.65261516833593,0.351
11.5,0.647,0.953731045495423,2.6670958175937,0.351
11.5,0.648,0.953596346865863,2.6815978835391,0.351
11.5,0.649,0.953461488401199,2.69612126262493,0.351
11.5,0.65,0.953326471209778,2.7106658517887,0.351
11.5,0.651,0.953191296394503,2.72523154844984,0.351
11.5,0.652,0.953055965052861,2.73981825050689,0.351
11.5,0.653,0.952920478276953,2.7544258563349,0.351
11.5,0.654,0.952784837153523,2.76905426478253,0.351
11.5,0.655,0.95264904276398,2.78370337516978,0.351
11.5,0.656,0.952513096184436,2.7983730872847,0.351
11.5,0.657,0.952376998485723,2.81306330138156,0.351
11.5,0.658,0.952240750733428,2.82777391817737,0.351
11.5,0.659,0.952104353987916,2.84250483884996,0.351
11.5,0.66,0.95196780930436,2.85725596503517,0.351
11.5,0.661,0.951831117732767,2.87202719882416,0.351
11.5,0.662,0.951694280318003,2.88681844276089,0.351
11.5,0.663,0.951557298099824,2.90162959983977,0.351
11.5,0.664,0.951420172112897,2.91646057350299,0.351
11.5,0.665,0.951282903386831,2.93131126763813,0.351
11.5,0.666,0.951145492946201,2.94618158657542,0.351
11.5,0.667,0.951007941810574,2.96107143508575,0.351
11.5,0.668,0.950870250994538,2.97598071837757,0.351
11.5,0.669,0.950732421507721,2.99090934209527,0.351
11.5,0.67,0.950594454354824,3.0058572123159,0.351
11.5,0.671,0.950456350535643,3.02082423554746,0.351
11.5,0.672,0.950318111045093,3.03581031872617,0.351
11.5,0.673,0.950179736873236,3.05081536921417,0.351
11.5,0.674,0.950041229005306,3.06583929479705,0.351
11.5,0.675,0.94990258842173,3.08088200368193,0.351
11.5,0.676,0.949763816098156,3.09594340449464,0.351
11.5,0.677,0.94962491300548,3.11102340627762,0.351
11.5,0.678,0.949485880109863,3.12612191848776,0.351
11.5,0.679,0.949346718372763,3.14123885099391,0.351
11.5,0.68,0.949207428750955,3.15637411407468,0.351
11.5,0.681,0.949068012196555,3.17152761841633,0.351
11.5,0.682,0.948928469657047,3.18669927511035,0.351
11.5,0.683,0.948788802075302,3.20188899565141,0.351
11.5,0.684,0.948649010389606,3.217096691935,0.351
11.5,0.685,0.948509095533681,3.2323222762553,0.351
11.5,0.686,0.948369058436709,3.24756566130315,0.351
11.5,0.687,0.948228900023356,3.26282676016372,0.351
11.5,0.688,0.948088621213793,3.27810548631433,0.351
11.5,0.689,0.947948222923721,3.29340175362252,0.351
11.5,0.69,0.947807706064393,3.30871547634375,0.351
11.5,0.691,0.947667071542636,3.32404656911942,0.351
11.5,0.692,0.947526320260877,3.33939494697473,0.351
11.5,0.693,0.947385453117158,3.3547605253166,0.351
11.5,0.694,0.947244471005166,3.37014321993161,0.351
11.5,0.695,0.947103374814253,3.3855429469839,0.351
11.5,0.696,0.946962165429455,3.40095962301334,0.351
11.5,0.697,0.946820843731518,3.41639316493316,0.351
11.5,0.698,0.946679410596915,3.43184349002836,0.351
11.5,0.699,0.946537866897873,3.44731051595333,0.351
11.5,0.7,0.946396213502392,3.46279416073008,0.351
11.5,0.701,0.946254451274266,3.47829434274631,0.351
11.5,0.702,0.946112581073104,3.49381098075325,0.351
11.5,0.703,0.945970603754352,3.50934399386391,0.351
11.5,0.704,0.945828520169317,3.52489330155101,0.351
11.5,0.705,0.945686331165179,3.54045882364524,0.351
11.5,0.706,0.945544037585025,3.55604048033304,0.351
11.5,0.707,0.945401640267856,3.57163819215516,0.351
11.5,0.708,0.945259140048618,3.58725188000419,0.351
11.5,0.709,0.945116537758218,3.60288146512333,0.351
11.5,0.71,0.944973834223542,3.61852686910407,0.351
11.5,0.711,0.944831030267482,3.63418801388444,0.351
11.5,0.712,0.94468812670895,3.64986482174738,0.351
11.5,0.713,0.944545124362899,3.66555721531865,0.351
11.5,0.714,0.944402024040348,3.68126511756504,0.351
11.5,0.715,0.944258826548394,3.69698845179292,0.351
11.5,0.716,0.944115532690238,3.71272714164597,0.351
11.5,0.717,0.943972143265201,3.72848111110362,0.351
11.5,0.718,0.943828659068744,3.74425028447942,0.351
11.5,0.719,0.943685080892489,3.76003458641914,0.351
11.5,0.72,0.943541409524236,3.77583394189891,0.351
11.5,0.721,0.943397645747986,3.79164827622367,0.351
11.5,0.722,0.943253790343953,3.80747751502541,0.351
11.5,0.723,0.943109844088591,3.8233215842614,0.351
11.5,0.724,0.942965807754606,3.83918041021263,0.351
11.5,0.725,0.94282168211098,3.85505391948187,0.351
11.5,0.726,0.942677467922985,3.87094203899223,0.351
11.5,0.727,0.942533165952207,3.88684469598541,0.351
11.5,0.728,0.942388776956559,3.9027618180199,0.351
11.5,0.729,0.9422443016903,3.91869333296966,0.351
11.5,0.73,0.942099740904057,3.93463916902212,0.351
11.5,0.731,0.941955095344841,3.95059925467678,0.351
11.5,0.732,0.941810365756062,3.96657351874357,0.351
11.5,0.733,0.941665552877553,3.9825618903411,0.351
11.5,0.734,0.941520657445581,3.99856429889522,0.351
11.5,0.735,0.941375680192871,4.01458067413745,0.351
11.5,0.736,0.941230621848619,4.03061094610315,0.351
11.5,0.737,0.94108548313851,4.04665504513031,0.351
11.5,0.738,0.94094026478474,4.06271290185769,0.351
11.5,0.739,0.940794967506027,4.07878444722345,0.351
11.5,0.74,0.940649592017632,4.0948696124635,0.351
11.5,0.741,0.940504139031374,4.11096832911018,0.351
11.5,0.742,0.940358609255649,4.12708052899036,0.351
11.5,0.743,0.940213003395448,4.1432061442243,0.351
11.5,0.744,0.940067322152368,4.159345107224,0.351
11.5,0.745,0.939921566224634,4.17549735069171,0.351
11.5,0.746,0.939775736307118,4.19166280761822,0.351
11.5,0.747,0.939629833091345,4.2078414112821,0.351
11.5,0.748,0.939483857265523,4.22403309524728,0.351
11.5,0.749,0.939337809514547,4.24023779336224,0.351
11.5,0.75,0.939191690520024,4.2564554397585,0.351
11.5,0.751,0.939045500960287,4.27268596884882,0.351
11.5,0.752,0.938899241510408,4.28892931532627,0.351
11.5,0.753,0.938752912842217,4.30518541416234,0.351
11.5,0.754,0.938606515624316,4.3214542006059,0.351
11.5,0.755,0.938460050522099,4.33773561018158,0.351
11.5,0.756,0.938313518197761,4.35402957868847,0.351
11.5,0.757,0.93816691931032,4.37033604219861,0.351
11.5,0.758,0.938020254515631,4.38665493705577,0.351
11.5,0.759,0.937873524466395,4.40298619987416,0.351
11.5,0.76,0.937726729812187,4.41932976753654,0.351
11.5,0.761,0.937579871199459,4.43568557719358,0.351
11.5,0.762,0.937432949271563,4.45205356626217,0.351
11.5,0.763,0.937285964668762,4.46843367242391,0.351
11.5,0.764,0.937138918028248,4.48482583362402,0.351
11.5,0.765,0.936991809984156,4.50122998807012,0.351
11.5,0.766,0.936844641167578,4.51764607423049,0.351
11.5,0.767,0.936697412206578,4.53407403083332,0.351
11.5,0.768,0.936550123726206,4.55051379686506,0.351
11.5,0.769,0.936402776348517,4.56696531156906,0.351
11.5,0.77,0.936255370692582,4.58342851444444,0.351
11.5,0.771,0.936107907374501,4.59990334524505,0.351
11.5,0.772,0.93596038700742,4.61638974397767,0.351
11.5,0.773,0.935812810201545,4.63288765090124,0.351
11.5,0.774,0.935665177564156,4.64939700652529,0.351
11.5,0.775,0.935517489699624,4.66591775160878,0.351
11.5,0.776,0.935369747209418,4.68244982715913,0.351
11.5,0.777,0.935221950692125,4.6989931744305,0.351
11.5,0.778,0.935074100743465,4.71554773492289,0.351
11.5,0.779,0.934926197956299,4.73211345038096,0.351
11.5,0.78,0.934778242920647,4.74869026279265,0.351
11.5,0.781,0.934630236223703,4.76527811438803,0.351
11.5,0.782,0.934482178449843,4.78187694763821,0.351
11.5,0.783,0.934334070180648,4.79848670525393,0.351
11.5,0.784,0.934185911994904,4.81510733018478,0.351
11.5,0.785,0.934037704468629,4.83173876561753,0.351
11.5,0.786,0.933889448175079,4.84838095497528,0.351
11.5,0.787,0.933741143684764,4.86503384191626,0.351
11.5,0.788,0.933592791565458,4.88169737033259,0.351
11.5,0.789,0.933444392382216,4.89837148434928,0.351
11.5,0.79,0.933295946697384,4.91505612832299,0.351
11.5,0.791,0.933147455070616,4.93175124684078,0.351
11.5,0.792,0.932998918058881,4.94845678471934,0.351
11.5,0.793,0.932850336216484,4.96517268700336,0.351
11.5,0.794,0.932701710095069,4.98189889896505,0.351
11.5,0.795,0.932553040243642,4.99863536610237,0.351
11.5,0.796,0.932404327208575,5.01538203413849,0.351
11.5,0.797,0.932255571533624,5.0321388490203,0.351
11.5,0.798,0.932106773759939,5.04890575691763,0.351
11.5,0.799,0.931957934426079,5.06568270422185,0.351
11.5,0.8,0.93180905406802,5.08246963754519,0.351
11.75,0.2,0.963766525542331,1.54898718621057,0.35
11.75,0.201,0.963998456064481,1.52455529062636,0.35
11.75,0.202,0.964228033312525,1.50038286749905,0.35
11.75,0.203,0.964455272210472,1.47646798434309,0.35
11.75,0.204,0.96468018756824,1.4528087277357,0.35
11.75,0.205,0.964902794082824,1.42940320307139,0.35
11.75,0.206,0.965123106339456,1.40624953431991,0.35
11.75,0.207,0.965341138812749,1.38334586378903,0.35
11.75,0.208,0.965556905867818,1.36069035189001,0.35
11.75,0.209,0.965770421761391,1.33828117690797,0.35
11.75,0.21,0.965981700642905,1.31611653477515,0.35
11.75,0.211,0.966190756555581,1.29419463884812,0.35
11.75,0.212,0.966397603437484,1.27251371968875,0.35
11.75,0.213,0.966602255122578,1.25107202484829,0.35
11.75,0.214,0.966804725341756,1.22986781865486,0.35
11.75,0.215,0.96700502772386,1.20889938200481,0.35
11.75,0.216,0.967203175796684,1.18816501215673,0.35
11.75,0.217,0.967399182987971,1.16766302252902,0.35
11.75,0.218,0.967593062626384,1.14739174250076,0.35
11.75,0.219,0.967784827942478,1.12734951721516,0.35
11.75,0.22,0.967974492069648,1.10753470738663,0.35
11.75,0.221,0.968162068045071,1.08794568911035,0.35
11.75,0.222,0.968347568810628,1.06858085367534,0.35
11.75,0.223,0.968531007213826,1.04943860737947,0.35
11.75,0.224,0.968712396008692,1.03051737134858,0.35
11.75,0.225,0.968891747856673,1.01181558135699,0.35
11.75,0.226,0.969069075327506,0.993331687651833,0.35
11.75,0.227,0.969244390900092,0.975064154779437,0.35
11.75,0.228,0.96941770696335,0.957011461414337,0.35
11.75,0.229,0.969589035817063,0.939172100191166,0.35
11.75,0.23,0.969758389672711,0.921544577538924,0.35
11.75,0.231,0.969925780654299,0.904127413517553,0.35
11.75,0.232,0.970091220799167,0.886919141656972,0.35
11.75,0.233,0.970254722058792,0.869918308799034,0.35
11.75,0.234,0.970416296299588,0.853123474940576,0.35
11.75,0.235,0.97057595530368,0.836533213080504,0.35
11.75,0.236,0.970733710769685,0.820146109067443,0.35
11.75,0.237,0.970889574313474,0.803960761450617,0.35
11.75,0.238,0.971043557468922,0.787975781332784,0.35
11.75,0.239,0.97119567168866,0.772189792224842,0.35
11.75,0.24,0.971345928344807,0.756601429903059,0.35
11.75,0.241,0.971494338729699,0.74120934226809,0.35
11.75,0.242,0.971640914056604,0.726012189206116,0.35
11.75,0.243,0.971785665460438,0.711008642451727,0.35
11.75,0.244,0.971928603998458,0.696197385453345,0.35
11.75,0.245,0.972069740650963,0.681577113239795,0.35
11.75,0.246,0.972209086321969,0.667146532289387,0.35
11.75,0.247,0.972346651839898,0.65290436040053,0.35
11.75,0.248,0.972482447958231,0.638849326564395,0.35
11.75,0.249,0.972616485356183,0.624980170838874,0.35
11.75,0.25,0.972748774639345,0.611295644225129,0.35
11.75,0.251,0.972879326340337,0.597794508545002,0.35
11.75,0.252,0.973008150919436,0.584475536320928,0.35
11.75,0.253,0.973135258765219,0.571337510656522,0.35
11.75,0.254,0.973260660195174,0.558379225119965,0.35
11.75,0.255,0.973384365456322,0.545599483628179,0.35
11.75,0.256,0.973506384725825,0.532997100332855,0.35
11.75,0.257,0.973626728111586,0.520570899508166,0.35
11.75,0.258,0.973745405652847,0.50831971543972,0.35
11.75,0.259,0.973862427320773,0.496242392315249,0.35
11.75,0.26,0.973977803019037,0.484337784116851,0.35
11.75,0.261,0.974091542584391,0.472604754514538,0.35
11.75,0.262,0.974203655787243,0.461042176760951,0.35
11.75,0.263,0.974314152332208,0.449648933588209,0.35
11.75,0.264,0.974423041858673,0.438423917105579,0.35
11.75,0.265,0.97453033394134,0.427366028698617,0.35
11.75,0.266,0.974636038090777,0.416474178929693,0.35
11.75,0.267,0.97474016375395,0.40574728743985,0.35
11.75,0.268,0.974842720314757,0.395184282852146,0.35
11.75,0.269,0.974943717094552,0.384784102675817,0.35
11.75,0.27,0.975043163352671,0.374545693212247,0.35
11.75,0.271,0.97514106828694,0.364468009461683,0.35
11.75,0.272,0.975237441034189,0.354550015031507,0.35
11.75,0.273,0.975332290670753,0.344790682045693,0.35
11.75,0.274,0.975425626212972,0.33518899105518,0.35
11.75,0.275,0.975517456617682,0.325743930949707,0.35
11.75,0.276,0.975607790782705,0.316454498870633,0.35
11.75,0.277,0.975696637547329,0.307319700124919,0.35
11.75,0.278,0.97578400569279,0.298338548100285,0.35
11.75,0.279,0.975869903942739,0.289510064181275,0.35
11.75,0.28,0.975954340963711,0.280833277666614,0.35
11.75,0.281,0.976037325365591,0.27230722568754,0.35
11.75,0.282,0.976118865702068,0.263930953127134,0.35
11.75,0.283,0.976198970471088,0.255703512540717,0.35
11.75,0.284,0.976277648115305,0.24762396407727,0.35
11.75,0.285,0.976354907022523,0.239691375401874,0.35
11.75,0.286,0.976430755526134,0.231904821618856,0.35
11.75,0.287,0.976505201905555,0.22426338519661,0.35
11.75,0.288,0.976578254386655,0.216766155892278,0.35
11.75,0.289,0.976649921142184,0.209412230678607,0.35
11.75,0.29,0.976720210292194,0.202200713670497,0.35
11.75,0.291,0.976789129904452,0.195130716053615,0.35
11.75,0.292,0.97685668799486,0.188201356012918,0.35
11.75,0.293,0.976922892527855,0.181411758662775,0.35
11.75,0.294,0.976987751416822,0.17476105597749,0.35
11.75,0.295,0.977051272524491,0.168248386722891,0.35
11.75,0.296,0.977113463663331,0.161872896388915,0.35
11.75,0.297,0.977174332595947,0.155633737122551,0.35
11.75,0.298,0.977233887035468,0.149530067662096,0.35
11.75,0.299,0.977292134645928,0.14356105327189,0.35
11.75,0.3,0.977349083042652,0.137725865678084,0.35
11.75,0.301,0.977404739792631,0.132023683004823,0.35
11.75,0.302,0.977459112414895,0.126453689711892,0.35
11.75,0.303,0.977512208380886,0.121015076532127,0.35
11.75,0.304,0.977564035114819,0.115707040410618,0.35
11.75,0.305,0.977614599994052,0.110528784443575,0.35
11.75,0.306,0.977663910349438,0.105479517819362,0.35
11.75,0.307,0.977711973465687,0.100558455758382,0.35
11.75,0.308,0.977758796581713,0.0957648194554128,0.35
11.75,0.309,0.977804386890987,0.0910978360215697,0.35
11.75,0.31,0.977848751541881,0.0865567384273902,0.35
11.75,0.311,0.977891897638012,0.0821407654462591,0.35
11.75,0.312,0.977933832238577,0.0778491615991417,0.35
11.75,0.313,0.977974562358692,0.0736811770992052,0.35
11.75,0.314,0.978014094969727,0.069636067797485,0.35
11.75,0.315,0.978052436999628,0.0657130951293716,0.35
11.75,0.316,0.978089595333253,0.0619115260610981,0.35
11.75,0.317,0.978125576812687,0.0582306330376925,0.35
11.75,0.318,0.978160388237566,0.0546696939308866,0.35
11.75,0.319,0.978194036365396,0.0512279919876901,0.35
11.75,0.32,0.978226527911862,0.0479048157799644,0.35
11.75,0.321,0.978257869551146,0.044699459154196,0.35
11.75,0.322,0.97828806791623,0.0416112211820918,0.35
11.75,0.323,0.978317129599205,0.0386394061114625,0.35
11.75,0.324,0.978345061151572,0.0357833233179283,0.35
11.75,0.325,0.978371869084542,0.0330422872572012,0.35
11.75,0.326,0.978397559869335,0.0304156174176562,0.35
11.75,0.327,0.978422139937474,0.0279026382735248,0.35
11.75,0.328,0.978445615681075,0.0255026792388646,0.35
11.75,0.329,0.978467993453137,0.0232150746219073,0.35
11.75,0.33,0.978489279567831,0.0210391635797169,0.35
11.75,0.331,0.97850948030078,0.0189742900734924,0.35
11.75,0.332,0.978528601889343,0.0170198028247803,0.35
11.75,0.333,0.978546650532894,0.015175055271377,0.35
11.75,0.334,0.978563632393097,0.0134394055244735,0.35
11.75,0.335,0.978579553594178,0.0118122163258683,0.35
11.75,0.336,0.978594420223201,0.0102928550058001,0.35
11.75,0.337,0.978608238330334,0.00888069344104903,0.35
11.75,0.338,0.978621013929116,0.00757510801396855,0.35
11.75,0.339,0.978632752996722,0.00637547957149653,0.35
11.75,0.34,0.978643461474221,0.00528119338476518,0.35
11.75,0.341,0.978653145266842,0.00429163910931063,0.35
11.75,0.342,0.978661810244225,0.00340621074559344,0.35
11.75,0.343,0.978669462240681,0.00262430659982993,0.35
11.75,0.344,0.978676107055439,0.00194532924557844,0.35
11.75,0.345,0.978681750452901,0.00136868548552549,0.35
11.75,0.346,0.978686398162891,0.000893786313427292,0.35
11.75,0.347,0.978690055880895,0.000520046877316993,0.35
11.75,0.348,0.978692729268311,0.00024688644206794,0.35
11.75,0.349,0.978694423952689,7.37283530227728e-05,0.35
11.75,0.35,0.978695145527969,0,0.35
11.75,0.351,0.97869489955472,2.51327813227675e-05,0.35
11.75,0.352,0.978693691560376,0.000148562068535973,0.35
11.75,0.353,0.978691527039469,0.000369727171389833,0.35
11.75,0.354,0.97868841145386,0.000688071303422966,0.35
11.75,0.355,0.978684350232967,0.00110304154747887,0.35
11.75,0.356,0.978679348773998,0.00161408882188852,0.35
11.75,0.357,0.978673412442171,0.00222066784703046,0.35
11.75,0.358,0.97866654657094,0.00292223711220174,0.35
11.75,0.359,0.978658756462217,0.00371825884271093,0.35
11.75,0.36,0.978650047386588,0.00460819896768161,0.35
11.75,0.361,0.978640424583539,0.00559152708756727,0.35
11.75,0.362,0.978629893261663,0.00666771644262099,0.35
11.75,0.363,0.978618458598884,0.00783624388149828,0.35
11.75,0.364,0.978606125742658,0.0090965898300821,0.35
11.75,0.365,0.978592899810194,0.0104482382607074,0.35
11.75,0.366,0.978578785888658,0.0118906766618299,0.35
11.75,0.367,0.97856378903538,0.0134233960075836,0.35
11.75,0.368,0.978547914278061,0.015045890728449,0.35
11.75,0.369,0.978531166614976,0.0167576586814988,0.35
11.75,0.37,0.978513551015177,0.0185582011207996,0.35
11.75,0.371,0.978495072418692,0.020447022669412,0.35
11.75,0.372,0.978475735736725,0.0224236312900583,0.35
11.75,0.373,0.978455545851849,0.0244875382571452,0.35
11.75,0.374,0.978434507618209,0.026638258128675,0.35
11.75,0.375,0.97841262586171,0.0288753087185789,0.35
11.75,0.376,0.978389905380209,0.0311982110692055,0.35
11.75,0.377,0.978366350943708,0.0336064894243204,0.35
11.75,0.378,0.978341967294543,0.0360996712021056,0.35
11.75,0.379,0.978316759147572,0.0386772869685581,0.35
11.75,0.38,0.978290731190356,0.0413388704113338,0.35
11.75,0.381,0.97826388808335,0.0440839583134789,0.35
11.75,0.382,0.978236234460084,0.0469120905277398,0.35
11.75,0.383,0.978207774927339,0.0498228099512499,0.35
11.75,0.384,0.978178514065336,0.052815662499639,0.35
11.75,0.385,0.978148456427908,0.0558901970828751,0.35
11.75,0.386,0.97811760654268,0.0590459655797737,0.35
11.75,0.387,0.978085968911241,0.0622825228139723,0.35
11.75,0.388,0.978053548009326,0.065599426529217,0.35
11.75,0.389,0.978020348286979,0.0689962373658259,0.35
11.75,0.39,0.977986374168731,0.0724725188365083,0.35
11.75,0.391,0.977951630053767,0.0760278373032275,0.35
11.75,0.392,0.9779161203161,0.0796617619532869,0.35
11.75,0.393,0.977879849304728,0.0833738647770144,0.35
11.75,0.394,0.97784282134381,0.0871637205443587,0.35
11.75,0.395,0.977805040732827,0.0910309067822634,0.35
11.75,0.396,0.977766511746744,0.0949750037527508,0.35
11.75,0.397,0.977727238636175,0.098995594430229,0.35
11.75,0.398,0.977687225627539,0.103092264479865,0.35
11.75,0.399,0.977646476923226,0.107264602235713,0.35
11.75,0.4,0.977604996701749,0.111512198679176,0.35
11.75,0.401,0.977562789117908,0.115834647417645,0.35
11.75,0.402,0.977519858302937,0.12023154466374,0.35
11.75,0.403,0.977476208364666,0.12470248921379,0.35
11.75,0.404,0.977431843387671,0.129247082427719,0.35
11.75,0.405,0.977386767433426,0.133864928208327,0.35
11.75,0.406,0.977340984540458,0.138555632980841,0.35
11.75,0.407,0.977294498724487,0.143318805673198,0.35
11.75,0.408,0.977247313978588,0.148154057695637,0.35
11.75,0.409,0.977199434273326,0.153061002921562,0.35
11.75,0.41,0.977150863556912,0.158039257667486,0.35
11.75,0.411,0.977101605755342,0.163088440674031,0.35
11.75,0.412,0.977051664772541,0.168208173086737,0.35
11.75,0.413,0.977001044490512,0.173398078437059,0.35
11.75,0.414,0.976949748769473,0.178657782623382,0.35
11.75,0.415,0.976897781447995,0.183986913892897,0.35
11.75,0.416,0.976845146343148,0.189385102822781,0.35
11.75,0.417,0.976791847250637,0.194851982302002,0.35
11.75,0.418,0.976737887944938,0.200387187513407,0.35
11.75,0.419,0.976683272179437,0.205990355915775,0.35
11.75,0.42,0.976628003686563,0.211661127225837,0.35
11.75,0.421,0.976572086177924,0.217399143401087,0.35
11.75,0.422,0.97651552334444,0.22320404862215,0.35
11.75,0.423,0.976458318856475,0.229075489275665,0.35
11.75,0.424,0.976400476363971,0.235013113936899,0.35
11.75,0.425,0.976341999496571,0.241016573353514,0.35
11.75,0.426,0.976282891863757,0.247085520428048,0.35
11.75,0.427,0.976223157054975,0.253219610201771,0.35
11.75,0.428,0.976162798639759,0.259418499838171,0.35
11.75,0.429,0.976101820167865,0.265681848606492,0.35
11.75,0.43,0.97604022516939,0.272009317865818,0.35
11.75,0.431,0.975978017154896,0.278400571049131,0.35
11.75,0.432,0.97591519961554,0.2848552736471,0.35
11.75,0.433,0.975851776023193,0.291373093192826,0.35
11.75,0.434,0.975787749830559,0.297953699246012,0.35
11.75,0.435,0.975723124471302,0.304596763377618,0.35
11.75,0.436,0.97565790336016,0.311301959154808,0.35
11.75,0.437,0.975592089893068,0.318068962125473,0.35
11.75,0.438,0.975525687447274,0.32489744980353,0.35
11.75,0.439,0.975458699381459,0.331787101654024,0.35
11.75,0.44,0.975391129035851,0.338737599078254,0.35
11.75,0.441,0.975322979732339,0.345748625399511,0.35
11.75,0.442,0.975254254774594,0.352819865848275,0.35
11.75,0.443,0.975184957448176,0.35995100754822,0.35
11.75,0.444,0.975115091020651,0.367141739501853,0.35
11.75,0.445,0.975044658741702,0.374391752576519,0.35
11.75,0.446,0.974973663843241,0.381700739490554,0.35
11.75,0.447,0.974902109539519,0.389068394799308,0.35
11.75,0.448,0.974829999027234,0.396494414881721,0.35
11.75,0.449,0.974757335485646,0.403978497926438,0.35
11.75,0.45,0.974684122076678,0.411520343918736,0.35
11.75,0.451,0.974610361945025,0.419119654627065,0.35
11.75,0.452,0.974536058218267,0.42677613358979,0.35
11.75,0.453,0.974461214006965,0.434489486102208,0.35
11.75,0.454,0.974385832404773,0.442259419203639,0.35
11.75,0.455,0.97430991648854,0.450085641664599,0.35
11.75,0.456,0.974233469318413,0.457967863973852,0.35
11.75,0.457,0.974156493937942,0.465905798326105,0.35
11.75,0.458,0.974078993374178,0.473899158609314,0.35
11.75,0.459,0.97400097063778,0.481947660392468,0.35
11.75,0.46,0.97392242872311,0.490051020913085,0.35
11.75,0.461,0.973843370608335,0.498208959065249,0.35
11.75,0.462,0.973763799255528,0.506421195387485,0.35
11.75,0.463,0.973683717610765,0.514687452050788,0.35
11.75,0.464,0.973603128604219,0.523007452846791,0.35
11.75,0.465,0.973522035150264,0.531380923176128,0.35
11.75,0.466,0.973440440147568,0.539807590036445,0.35
11.75,0.467,0.973358346479185,0.548287182011409,0.35
11.75,0.468,0.973275757012658,0.556819429258693,0.35
11.75,0.469,0.973192674600104,0.565404063499186,0.35
11.75,0.47,0.973109102078315,0.574040818005273,0.35
11.75,0.471,0.973025042268848,0.582729427590012,0.35
11.75,0.472,0.972940497978118,0.591469628595975,0.35
11.75,0.473,0.972855471997486,0.600261158884408,0.35
11.75,0.474,0.972769967103358,0.609103757824125,0.35
11.75,0.475,0.972683986057266,0.617997166281015,0.35
11.75,0.476,0.972597531605964,0.626941126607239,0.35
11.75,0.477,0.972510606481516,0.635935382630759,0.35
11.75,0.478,0.972423213401382,0.644979679644697,0.35
11.75,0.479,0.972335355068508,0.654073764397123,0.35
11.75,0.48,0.972247034171414,0.663217385080594,0.35
11.75,0.481,0.972158253384276,0.672410291322079,0.35
11.75,0.482,0.972069015367018,0.681652234172825,0.35
11.75,0.483,0.971979322765394,0.690942966098018,0.35
11.75,0.484,0.971889178211074,0.70028224096732,0.35
11.75,0.485,0.971798584321725,0.709669814044611,0.35
11.75,0.486,0.971707543701099,0.71910544197844,0.35
11.75,0.487,0.971616058939116,0.728588882792036,0.35
11.75,0.488,0.971524132611941,0.738119895874179,0.35
11.75,0.489,0.971431767282072,0.747698241968986,0.35
11.75,0.49,0.971338965498418,0.757323683167166,0.35
11.75,0.491,0.971245729796381,0.76699598289609,0.35
11.75,0.492,0.971152062697935,0.776714905910736,0.35
11.75,0.493,0.971057966711706,0.786480218284491,0.35
11.75,0.494,0.970963444333052,0.796291687399964,0.35
11.75,0.495,0.970868498044145,0.806149081939656,0.35
11.75,0.496,0.970773130314037,0.816052171877568,0.35
11.75,0.497,0.970677343598753,0.826000728469722,0.35
11.75,0.498,0.970581140341354,0.835994524245631,0.35
11.75,0.499,0.970484522972026,0.846033332999285,0.35
11.75,0.5,0.970387493908146,0.856116929780737,0.35
11.75,0.501,0.970290055554361,0.866245090887374,0.35
11.75,0.502,0.970192210302664,0.87641759385515,0.35
11.75,0.503,0.970093960532467,0.886634217450477,0.35
11.75,0.504,0.969995308610676,0.896894741661569,0.35
11.75,0.505,0.96989625689176,0.907198947690224,0.35
11.75,0.506,0.969796807717832,0.917546617943321,0.35
11.75,0.507,0.969696963418712,0.927937536025003,0.35
11.75,0.508,0.969596726312007,0.938371486728196,0.35
11.75,0.509,0.969496098703176,0.948848256026769,0.35
11.75,0.51,0.969395082885607,0.959367631067209,0.35
11.75,0.511,0.96929368114068,0.969929400161296,0.35
11.75,0.512,0.969191895737843,0.980533352777457,0.35
11.75,0.513,0.96908972893468,0.991179279533627,0.35
11.75,0.514,0.968987182976978,1.001866972189,0.35
11.75,0.515,0.968884260098797,1.01259622363685,0.35
11.75,0.516,0.968780962522539,1.02336682789632,0.35
11.75,0.517,0.968677292459012,1.03417858010548,0.35
11.75,0.518,0.968573252107504,1.04503127651321,0.35
11.75,0.519,0.968468843655842,1.05592471447238,0.35
11.75,0.52,0.968364069280461,1.06685869243206,0.35
11.75,0.521,0.968258931146474,1.07783300993032,0.35
11.75,0.522,0.968153431407729,1.08884746758702,0.35
11.75,0.523,0.968047572206883,1.0999018670965,0.35
11.75,0.524,0.96794135567546,1.11099601122062,0.35
11.75,0.525,0.967834783933917,1.12212970378145,0.35
11.75,0.526,0.96772785909171,1.13330274965449,0.35
11.75,0.527,0.967620583247352,1.14451495476153,0.35
11.75,0.528,0.967512958488482,1.15576612606376,0.35
11.75,0.529,0.967404986891922,1.16705607155492,0.35
11.75,0.53,0.967296670523742,1.17838460025459,0.35
11.75,0.531,0.967188011439321,1.18975152220129,0.35
11.75,0.532,0.967079011683409,1.20115664844584,0.35
11.75,0.533,0.966969673290185,1.21259979104482,0.35
11.75,0.534,0.96685999828332,1.22408076305387,0.35
11.75,0.535,0.966749988676035,1.23559937852113,0.35
11.75,0.536,0.966639646471163,1.24715545248077,0.35
11.75,0.537,0.966528973661206,1.25874880094665,0.35
11.75,0.538,0.966417972228395,1.27037924090594,0.35
11.75,0.539,0.966306644144748,1.2820465903125,0.35
11.75,0.54,0.966194991372127,1.29375066808095,0.35
11.75,0.541,0.966083015862298,1.30549129408031,0.35
11.75,0.542,0.965970719556985,1.31726828912777,0.35
11.75,0.543,0.965858104387931,1.32908147498259,0.35
11.75,0.544,0.96574517227695,1.34093067433994,0.35
11.75,0.545,0.965631925135987,1.35281571082502,0.35
11.75,0.546,0.965518364867172,1.36473640898687,0.35
11.75,0.547,0.965404493362875,1.37669259429254,0.35
11.75,0.548,0.965290312505761,1.38868409312121,0.35
11.75,0.549,0.965175824168848,1.40071073275827,0.35
11.75,0.55,0.965061030215555,1.41277234138948,0.35
11.75,0.551,0.964945932499764,1.42486874809524,0.35
11.75,0.552,0.964830532865865,1.43699978284497,0.35
11.75,0.553,0.964714833148815,1.44916527649128,0.35
11.75,0.554,0.964598835174193,1.46136506076437,0.35
11.75,0.555,0.964482540758245,1.47359896826653,0.35
11.75,0.556,0.964365951707941,1.48586683246645,0.35
11.75,0.557,0.964249069821029,1.49816848769388,0.35
11.75,0.558,0.964131896886081,1.51050376913402,0.35
11.75,0.559,0.96401443468255,1.52287251282217,0.35
11.75,0.56,0.963896684980817,1.53527455563836,0.35
11.75,0.561,0.963778649542241,1.54770973530201,0.35
11.75,0.562,0.963660330119215,1.56017789036658,0.35
11.75,0.563,0.96354172845521,1.57267886021433,0.35
11.75,0.564,0.963422846284826,1.58521248505119,0.35
11.75,0.565,0.963303685333844,1.59777860590145,0.35
11.75,0.566,0.963184247319273,1.61037706460274,0.35
11.75,0.567,0.963064533949397,1.62300770380079,0.35
11.75,0.568,0.962944546923827,1.63567036694463,0.35
11.75,0.569,0.962824287933547,1.64836489828117,0.35
11.75,0.57,0.962703758660962,1.6610911428506,0.35
11.75,0.571,0.962582960779946,1.67384894648126,0.35
11.75,0.572,0.962461895955888,1.68663815578467,0.35
11.75,0.573,0.962340565845742,1.69945861815082,0.35
11.75,0.574,0.962218972098069,1.71231018174323,0.35
11.75,0.575,0.962097116353085,1.72519269549416,0.35
11.75,0.576,0.961975000242712,1.73810600909987,0.35
11.75,0.577,0.961852625390614,1.75104997301585,0.35
11.75,0.578,0.961729993412251,1.76402443845227,0.35
11.75,0.579,0.961607105914921,1.77702925736907,0.35
11.75,0.58,0.961483964497803,1.79006428247148,0.35
11.75,0.581,0.961360570752004,1.80312936720561,0.35
11.75,0.582,0.961236926260604,1.81622436575344,0.35
11.75,0.583,0.961113032598698,1.82934913302881,0.35
11.75,0.584,0.960988891333439,1.8425035246725,0.35
11.75,0.585,0.960864504024085,1.85568739704816,0.35
11.75,0.586,0.960739872222038,1.8689006072375,0.35
11.75,0.587,0.960614997470892,1.88214301303622,0.35
11.75,0.588,0.960489881306471,1.8954144729495,0.35
11.75,0.589,0.960364525256871,1.90871484618769,0.35
11.75,0.59,0.960238930842509,1.92204399266198,0.35
11.75,0.591,0.960113099576155,1.93540177298039,0.35
11.75,0.592,0.959987032962982,1.94878804844312,0.35
11.75,0.593,0.959860732500605,1.96220268103862,0.35
11.75,0.594,0.959734199679117,1.97564553343952,0.35
11.75,0.595,0.959607435981138,1.98911646899809,0.35
11.75,0.596,0.959480442881849,2.0026153517426,0.35
11.75,0.597,0.959353221849037,2.0161420463729,0.35
11.75,0.598,0.959225774343132,2.02969641825665,0.35
11.75,0.599,0.959098101817247,2.04327833342492,0.35
11.75,0.6,0.95897020571722,2.05688765856873,0.35
11.75,0.601,0.958842087481652,2.07052426103442,0.35
11.75,0.602,0.958713748541945,2.0841880088204,0.35
11.75,0.603,0.958585190322341,2.09787877057286,0.35
11.75,0.604,0.958456414239963,2.11159641558185,0.35
11.75,0.605,0.958327421704852,2.12534081377771,0.35
11.75,0.606,0.958198214120003,2.13911183572697,0.35
11.75,0.607,0.958068792881408,2.15290935262866,0.35
11.75,0.608,0.957939159378089,2.16673323631067,0.35
11.75,0.609,0.957809314992135,2.18058335922593,0.35
11.75,0.61,0.957679261098744,2.19445959444853,0.35
11.75,0.611,0.957548999066257,2.20836181567026,0.35
11.75,0.612,0.957418530256195,2.22228989719686,0.35
11.75,0.613,0.957287856023295,2.23624371394435,0.35
11.75,0.614,0.957156977715548,2.25022314143557,0.35
11.75,0.615,0.957025896674233,2.26422805579645,0.35
11.75,0.616,0.956894614233956,2.27825833375241,0.35
11.75,0.617,0.95676313172268,2.29231385262514,0.35
11.75,0.618,0.956631450461768,2.30639449032866,0.35
11.75,0.619,0.956499571766012,2.32050012536615,0.35
11.75,0.62,0.956367496943672,2.33463063682644,0.35
11.75,0.621,0.956235227296507,2.34878590438052,0.35
11.75,0.622,0.956102764119817,2.36296580827802,0.35
11.75,0.623,0.955970108702464,2.37717022934425,0.35
11.75,0.624,0.955837262326923,2.39139904897621,0.35
11.75,0.625,0.955704226269301,2.40565214913986,0.35
11.75,0.626,0.955571001799381,2.4199294123664,0.35
11.75,0.627,0.955437590180652,2.43423072174918,0.35
11.75,0.628,0.955303992670338,2.44855596094038,0.35
11.75,0.629,0.955170210519439,2.46290501414781,0.35
11.75,0.63,0.955036244972761,2.47727776613151,0.35
11.75,0.631,0.954902097268947,2.49167410220075,0.35
11.75,0.632,0.954767768640507,2.50609390821095,0.35
11.75,0.633,0.954633260313862,2.52053707056001,0.35
11.75,0.634,0.954498573509361,2.535003476186,0.35
11.75,0.635,0.954363709441324,2.54949301256318,0.35
11.75,0.636,0.954228669318069,2.56400556769945,0.35
11.75,0.637,0.954093454341945,2.57854103013333,0.35
11.75,0.638,0.953958065709365,2.59309928893043,0.35
11.75,0.639,0.953822504610831,2.60768023368099,0.35
11.75,0.64,0.953686772230974,2.62228375449651,0.35
11.75,0.641,0.953550869748578,2.63690974200685,0.35
11.75,0.642,0.953414798336613,2.65155808735729,0.35
11.75,0.643,0.953278559162268,2.66622868220563,0.35
11.75,0.644,0.953142153386975,2.68092141871927,0.35
11.75,0.645,0.953005582166447,2.69563618957216,0.35
11.75,0.646,0.952868846650702,2.71037288794211,0.35
11.75,0.647,0.952731947984093,2.72513140750783,0.35
11.75,0.648,0.952594887305344,2.73991164244602,0.35
11.75,0.649,0.952457665747572,2.75471348742871,0.35
11.75,0.65,0.952320284438319,2.76953683762031,0.35
11.75,0.651,0.952182744499582,2.784381588675,0.35
11.75,0.652,0.952045047047842,2.79924763673371,0.35
11.75,0.653,0.95190719319409,2.81413487842159,0.35
11.75,0.654,0.951769184043859,2.82904321084523,0.35
11.75,0.655,0.951631020697251,2.84397253158983,0.35
11.75,0.656,0.951492704248965,2.85892273871668,0.35
11.75,0.657,0.951354235788324,2.87389373076046,0.35
11.75,0.658,0.951215616399307,2.88888540672634,0.35
11.75,0.659,0.951076847160572,2.90389766608778,0.35
11.75,0.66,0.950937929145485,2.91893040878353,0.35
11.75,0.661,0.95079886342215,2.93398353521512,0.35
11.75,0.662,0.950659651053434,2.94905694624445,0.35
11.75,0.663,0.950520293096993,2.96415054319106,0.35
11.75,0.664,0.950380790605302,2.97926422782955,0.35
11.75,0.665,0.950241144625678,2.99439790238711,0.35
11.75,0.666,0.950101356200312,3.00955146954118,0.35
11.75,0.667,0.94996142636629,3.02472483241651,0.35
11.75,0.668,0.949821356155622,3.03991789458313,0.35
11.75,0.669,0.949681146595269,3.05513056005364,0.35
11.75,0.67,0.949540798707167,3.07036273328085,0.35
11.75,0.671,0.949400313508253,3.08561431915524,0.35
11.75,0.672,0.949259692010495,3.10088522300269,0.35
11.75,0.673,0.949118935220908,3.11617535058211,0.35
11.75,0.674,0.948978044141591,3.13148460808266,0.35
11.75,0.675,0.948837019769746,3.14681290212191,0.35
11.75,0.676,0.948695863097701,3.1621601397432,0.35
11.75,0.677,0.948554575112941,3.17752622841332,0.35
11.75,0.678,0.948413156798128,3.19291107602031,0.35
11.75,0.679,0.948271609131129,3.20831459087092,0.35
11.75,0.68,0.948129933085037,3.22373668168856,0.35
11.75,0.681,0.947988129628202,3.23917725761087,0.35
11.75,0.682,0.947846199724244,3.25463622818762,0.35
11.75,0.683,0.94770414433209,3.2701135033782,0.35
11.75,0.684,0.94756196440599,3.28560899354968,0.35
11.75,0.685,0.947419660895541,3.30112260947433,0.35
11.75,0.686,0.947277234745715,3.3166542623277,0.35
11.75,0.687,0.94713468689688,3.33220386368609,0.35
11.75,0.688,0.946992018284822,3.34777132552473,0.35
11.75,0.689,0.946849229840771,3.36335656021536,0.35
11.75,0.69,0.946706322491424,3.37895948052411,0.35
11.75,0.691,0.946563297158966,3.39457999960957,0.35
11.75,0.692,0.946420154761095,3.41021803102044,0.35
11.75,0.693,0.946276896211043,3.42587348869352,0.35
11.75,0.694,0.946133522417601,3.44154628695168,0.35
11.75,0.695,0.945990034285139,3.45723634050166,0.35
11.75,0.696,0.94584643271363,3.47294356443208,0.35
11.75,0.697,0.945702718598674,3.48866787421134,0.35
11.75,0.698,0.945558892831514,3.50440918568566,0.35
11.75,0.699,0.945414956299064,3.52016741507706,0.35
11.75,0.7,0.945270909883931,3.53594247898117,0.35
11.75,0.701,0.945126754464433,3.55173429436539,0.35
11.75,0.702,0.944982490914621,3.56754277856703,0.35
11.75,0.703,0.944838120104306,3.58336784929099,0.35
11.75,0.704,0.944693642899072,3.59920942460807,0.35
11.75,0.705,0.944549060160305,3.61506742295301,0.35
11.75,0.706,0.94440437274521,3.63094176312229,0.35
11.75,0.707,0.944259581506832,3.64683236427266,0.35
11.75,0.708,0.94411468729408,3.66273914591881,0.35
11.75,0.709,0.943969690951742,3.67866202793181,0.35
11.75,0.71,0.943824593320515,3.69460093053673,0.35
11.75,0.711,0.943679395237015,3.71055577431136,0.35
11.75,0.712,0.943534097533806,3.72652648018406,0.35
11.75,0.713,0.943388701039415,3.7425129694318,0.35
11.75,0.714,0.943243206578354,3.75851516367856,0.35
11.75,0.715,0.943097614971141,3.7745329848933,0.35
11.75,0.716,0.942951927034321,3.79056635538824,0.35
11.75,0.717,0.94280614358048,3.80661519781722,0.35
11.75,0.718,0.942660265418273,3.82267943517347,0.35
11.75,0.719,0.942514293352438,3.83875899078823,0.35
11.75,0.72,0.942368228183817,3.85485378832888,0.35
11.75,0.721,0.942222070709377,3.87096375179707,0.35
11.75,0.722,0.942075821722227,3.88708880552713,0.35
11.75,0.723,0.941929482011638,3.90322887418408,0.35
11.75,0.724,0.941783052363064,3.91938388276234,0.35
11.75,0.725,0.941636533558158,3.9355537565835,0.35
11.75,0.726,0.941489926374794,3.95173842129497,0.35
11.75,0.727,0.941343231587084,3.96793780286822,0.35
11.75,0.728,0.941196449965396,3.98415182759688,0.35
11.75,0.729,0.941049582276373,4.00038042209556,0.35
11.75,0.73,0.940902629282955,4.01662351329759,0.35
11.75,0.731,0.940755591744392,4.03288102845372,0.35
11.75,0.732,0.940608470416266,4.04915289513046,0.35
11.75,0.733,0.94046126605051,4.06543904120831,0.35
11.75,0.734,0.940313979395419,4.08173939488032,0.35
11.75,0.735,0.940166611195679,4.09805388465032,0.35
11.75,0.736,0.940019162192375,4.11438243933142,0.35
11.75,0.737,0.939871633123016,4.13072498804434,0.35
11.75,0.738,0.939724024721547,4.14708146021594,0.35
11.75,0.739,0.93957633771837,4.16345178557742,0.35
11.75,0.74,0.939428572840364,4.17983589416298,0.35
11.75,0.741,0.939280730810894,4.19623371630837,0.35
11.75,0.742,0.939132812349838,4.21264518264894,0.35
11.75,0.743,0.938984818173596,4.22907022411845,0.35
11.75,0.744,0.938836748995115,4.24550877194743,0.35
11.75,0.745,0.938688605523898,4.2619607576617,0.35
11.75,0.746,0.938540388466028,4.27842611308082,0.35
11.75,0.747,0.938392098524181,4.29490477031649,0.35
11.75,0.748,0.938243736397642,4.31139666177138,0.35
11.75,0.749,0.938095302782325,4.32790172013735,0.35
11.75,0.75,0.937946798370788,4.34441987839407,0.35
11.75,0.751,0.937798223852247,4.36095106980765,0.35
11.75,0.752,0.937649579912598,4.37749522792907,0.35
11.75,0.753,0.937500867234427,4.3940522865928,0.35
11.75,0.754,0.937352086497032,4.41062217991526,0.35
11.75,0.755,0.937203238376434,4.42720484229366,0.35
11.75,0.756,0.937054323545398,4.44380020840422,0.35
11.75,0.757,0.936905342673443,4.46040821320106,0.35
11.75,0.758,0.936756296426864,4.47702879191469,0.35
11.75,0.759,0.936607185468746,4.49366188005051,0.35
11.75,0.76,0.936458010458975,4.51030741338772,0.35
11.75,0.761,0.93630877205426,4.52696532797754,0.35
11.75,0.762,0.936159470908147,4.54363556014223,0.35
11.75,0.763,0.93601010767103,4.56031804647361,0.35
11.75,0.764,0.935860682990173,4.57701272383146,0.35
11.75,0.765,0.93571119750972,4.59371952934253,0.35
11.75,0.766,0.935561651870714,4.61043840039905,0.35
11.75,0.767,0.935412046711108,4.62716927465743,0.35
11.75,0.768,0.935262382665786,4.64391209003683,0.35
11.75,0.769,0.93511266036657,4.66066678471808,0.35
11.75,0.77,0.934962880442244,4.67743329714219,0.35
11.75,0.771,0.934813043518559,4.69421156600909,0.35
11.75,0.772,0.934663150218257,4.71100153027646,0.35
11.75,0.773,0.934513201161079,4.72780312915824,0.35
11.75,0.774,0.934363196963783,4.74461630212348,0.35
11.75,0.775,0.934213138240157,4.76144098889528,0.35
11.75,0.776,0.934063025601035,4.77827712944903,0.35
11.75,0.777,0.933912859654308,4.79512466401169,0.35
11.75,0.778,0.933762641004943,4.81198353306023,0.35
11.75,0.779,0.933612370254992,4.82885367732047,0.35
11.75,0.78,0.933462048003611,4.84573503776593,0.35
11.75,0.781,0.93331167484707,4.86262755561644,0.35
11.75,0.782,0.93316125137877,4.87953117233717,0.35
11.75,0.783,0.933010778189255,4.89644582963722,0.35
11.75,0.784,0.932860255866227,4.91337146946849,0.35
11.75,0.785,0.932709684994557,4.93030803402457,0.35
11.75,0.786,0.932559066156304,4.94725546573929,0.35
11.75,0.787,0.932408399930722,4.96421370728595,0.35
11.75,0.788,0.932257686894281,4.98118270157575,0.35
11.75,0.789,0.932106927620669,4.99816239175717,0.35
11.75,0.79,0.931956122680823,5.01515272121384,0.35
11.75,0.791,0.931805272642922,5.03215363356455,0.35
11.75,0.792,0.931654378072417,5.04916507266129,0.35
11.75,0.793,0.931503439532033,5.06618698258854,0.35
11.75,0.794,0.931352457581789,5.0832193076618,0.35
11.75,0.795,0.931201432779007,5.10026199242679,0.35
11.75,0.796,0.931050365678328,5.11731498165822,0.35
11.75,0.797,0.930899256831722,5.13437822035845,0.35
11.75,0.798,0.930748106788502,5.15145165375688,0.35
11.75,0.799,0.930596916095337,5.16853522730831,0.35
11.75,0.8,0.930445685296263,5.18562888669234,0.35
12,0.2,0.963192722962652,1.56079997947776,0.35
12,0.201,0.963426908194646,1.53611306311452,0.35
12,0.202,0.963658715886148,1.51168859459136,0.35
12,0.203,0.963888161011992,1.48752462712465,0.35
12,0.204,0.964115258433845,1.46361923304301,0.35
12,0.205,0.964340022901354,1.43997050354212,0.35
12,0.206,0.964562469053291,1.41657654844318,0.35
12,0.207,0.964782611418667,1.39343549595587,0.35
12,0.208,0.965000464417837,1.3705454924446,0.35
12,0.209,0.96521604236359,1.34790470219863,0.35
12,0.21,0.965429359462225,1.3255113072062,0.35
12,0.211,0.965640429814601,1.3033635069319,0.35
12,0.212,0.96584926741719,1.28145951809773,0.35
12,0.213,0.966055886163101,1.25979757446759,0.35
12,0.214,0.966260299843095,1.23837592663518,0.35
12,0.215,0.966462522146588,1.21719284181543,0.35
12,0.216,0.966662566662637,1.1962466036386,0.35
12,0.217,0.966860446880915,1.17553551194858,0.35
12,0.218,0.96705617619267,1.15505788260326,0.35
12,0.219,0.967249767891675,1.13481204727868,0.35
12,0.22,0.967441235175163,1.11479635327609,0.35
12,0.221,0.967630591144749,1.09500916333172,0.35
12,0.222,0.96781784880734,1.07544885542987,0.35
12,0.223,0.968003021076038,1.05611382261828,0.35
12,0.224,0.96818612077102,1.0370024728271,0.35
12,0.225,0.96836716062042,1.01811322868979,0.35
12,0.226,0.968546153261189,0.99944452736731,0.35
12,0.227,0.968723111239949,0.98099482037457,0.35
12,0.228,0.968898047013837,0.962762573409837,0.35
12,0.229,0.969070972951331,0.944746266186414,0.35
12,0.23,0.969241901333077,0.92694439226686,0.35
12,0.231,0.969410844352695,0.909355458899963,0.35
12,0.232,0.969577814117581,0.891977986859627,0.35
12,0.233,0.969742822649696,0.874810510286528,0.35
12,0.234,0.969905881886346,0.857851576531998,0.35
12,0.235,0.970067003680954,0.841099746004215,0.35
12,0.236,0.970226199803818,0.824553592016386,0.35
12,0.237,0.970383481942868,0.808211700637562,0.35
12,0.238,0.970538861704402,0.792072670545396,0.35
12,0.239,0.970692350613823,0.776135112880749,0.35
12,0.24,0.970843960116364,0.760397651105116,0.35
12,0.241,0.970993701577801,0.74485892085927,0.35
12,0.242,0.971141586285161,0.729517569824645,0.35
12,0.243,0.971287625447423,0.714372257585971,0.35
12,0.244,0.971431830196204,0.69942165549679,0.35
12,0.245,0.971574211586445,0.684664446545802,0.35
12,0.246,0.971714780597082,0.670099325226081,0.35
12,0.247,0.971853548131715,0.655724997405316,0.35
12,0.248,0.971990525019262,0.641540180198663,0.35
12,0.249,0.972125722014615,0.627543601842695,0.35
12,0.25,0.972259149799278,0.613734001571342,0.35
12,0.251,0.972390818982005,0.600110129493947,0.35
12,0.252,0.972520740099427,0.586670746474227,0.35
12,0.253,0.972648923616674,0.573414624011725,0.35
12,0.254,0.97277537992799,0.560340544124194,0.35
12,0.255,0.972900119357337,0.547447299232129,0.35
12,0.256,0.973023152158996,0.534733692044642,0.35
12,0.257,0.973144488518161,0.522198535446905,0.35
12,0.258,0.973264138551524,0.509840652389171,0.35
12,0.259,0.973382112307857,0.497658875777174,0.35
12,0.26,0.973498419768585,0.485652048364238,0.35
12,0.261,0.97361307084835,0.473819022644673,0.35
12,0.262,0.973726075395577,0.462158660748568,0.35
12,0.263,0.973837443193021,0.450669834338413,0.35
12,0.264,0.973947183958325,0.439351424506262,0.35
12,0.265,0.974055307344555,0.428202321673155,0.35
12,0.266,0.974161822940738,0.417221425489411,0.35
12,0.267,0.974266740272397,0.406407644736051,0.35
12,0.268,0.974370068802069,0.395759897228487,0.35
12,0.269,0.974471817929829,0.385277109720006,0.35
12,0.27,0.974571996993802,0.374958217807841,0.35
12,0.271,0.974670615270674,0.364802165839739,0.35
12,0.272,0.974767681976188,0.354807906821963,0.35
12,0.273,0.974863206265648,0.344974402328657,0.35
12,0.274,0.974957197234408,0.335300622411872,0.35
12,0.275,0.97504966391836,0.325785545513613,0.35
12,0.276,0.975140615294413,0.316428158377979,0.35
12,0.277,0.975230060280974,0.307227455965342,0.35
12,0.278,0.975318007738416,0.298182441367256,0.35
12,0.279,0.975404466469547,0.28929212572204,0.35
12,0.28,0.97548944522007,0.28055552813262,0.35
12,0.281,0.975572952679041,0.27197167558386,0.35
12,0.282,0.975654997479321,0.263539602862362,0.35
12,0.283,0.975735588198026,0.255258352476262,0.35
12,0.284,0.975814733356967,0.247126974576606,0.35
12,0.285,0.975892441423088,0.239144526879742,0.35
12,0.286,0.975968720808905,0.231310074590141,0.35
12,0.287,0.976043579872931,0.223622690324743,0.35
12,0.288,0.976117026920101,0.216081454038197,0.35
12,0.289,0.976189070202198,0.208685452948609,0.35
12,0.29,0.976259717918265,0.201433781464688,0.35
12,0.291,0.97632897821502,0.194325541113582,0.35
12,0.292,0.976396859187262,0.187359840469536,0.35
12,0.293,0.976463368878279,0.180535795083725,0.35
12,0.294,0.976528515280246,0.17385252741462,0.35
12,0.295,0.976592306334621,0.167309166759289,0.35
12,0.296,0.97665474993254,0.160904849185783,0.35
12,0.297,0.976715853915203,0.154638717466038,0.35
12,0.298,0.97677562607426,0.148509921009699,0.35
12,0.299,0.976834074152192,0.142517615798843,0.35
12,0.3,0.976891205842689,0.136660964323498,0.35
12,0.301,0.97694702879102,0.130939135517694,0.35
12,0.302,0.97700155059441,0.125351304696464,0.35
12,0.303,0.977054778802399,0.119896653493878,0.35
12,0.304,0.97710672091721,0.11457436980109,0.35
12,0.305,0.977157384394105,0.109383647706118,0.35
12,0.306,0.977206776641744,0.10432368743325,0.35
12,0.307,0.977254905022536,0.0993936952842667,0.35
12,0.308,0.977301776852987,0.094592883579403,0.35
12,0.309,0.977347399404048,0.0899204705995249,0.35
12,0.31,0.977391779901457,0.0853756805292205,0.35
12,0.311,0.977434925526077,0.080957743399801,0.35
12,0.312,0.977476843414234,0.0766658950336785,0.35
12,0.313,0.977517540658049,0.0724993769890547,0.35
12,0.314,0.977557024305767,0.0684574365053869,0.35
12,0.315,0.977595301362085,0.0645393264493643,0.35
12,0.316,0.977632378788477,0.0607443052616397,0.35
12,0.317,0.97766826350351,0.0570716369042046,0.35
12,0.318,0.977702962383169,0.0535205908081204,0.35
12,0.319,0.977736482261162,0.0500904418223147,0.35
12,0.32,0.977768829929243,0.0467804701623775,0.35
12,0.321,0.97780001213751,0.0435899613605573,0.35
12,0.322,0.977830035594721,0.0405182062159115,0.35
12,0.323,0.977858906968591,0.0375645007450354,0.35
12,0.324,0.977886632886094,0.0347281461337667,0.35
12,0.325,0.97791321993376,0.032008448688936,0.35
12,0.326,0.977938674657974,0.0294047197910041,0.35
12,0.327,0.977963003565264,0.0269162758468999,0.35
12,0.328,0.977986213122594,0.0245424382440795,0.35
12,0.329,0.978008309757646,0.0222825333040966,0.35
12,0.33,0.978029299859113,0.0201358922375716,0.35
12,0.331,0.978049189776973,0.0181018510993836,0.35
12,0.332,0.978067985822772,0.0161797507439942,0.35
12,0.333,0.978085694269902,0.0143689367819499,0.35
12,0.334,0.978102321353873,0.0126687595363828,0.35
12,0.335,0.978117873272586,0.0110785740000674,0.35
12,0.336,0.978132356186606,0.00959773979307688,0.35
12,0.337,0.978145776219422,0.00822562112097192,0.35
12,0.338,0.978158139457718,0.00696158673323399,0.35
12,0.339,0.978169451951634,0.00580500988218713,0.35
12,0.34,0.978179719715027,0.00475526828256356,0.35
12,0.341,0.978188948725723,0.00381174407153573,0.35
12,0.342,0.978197144925784,0.00297382376874822,0.35
12,0.343,0.978204314221751,0.00224089823721574,0.35
12,0.344,0.978210462484901,0.00161236264468734,0.35
12,0.345,0.978215595551495,0.00108761642507726,0.35
12,0.346,0.978219719223022,0.000666063240695181,0.35
12,0.347,0.978222839266447,0.000347110944587392,0.35
12,0.348,0.978224961414456,0.000130171543277768,0.35
12,0.349,0.978226091365689,1.46611603746294e-05,0.35
12,0.35,0.978226234784985,0,0.35
12,0.351,0.978225397303617,8.56123108183837e-05,0.35
12,0.352,0.978223584519525,0.000270926350798284,0.35
12,0.353,0.978220801997549,0.000555374351551841,0.35
12,0.354,0.978217055269661,0.000938392483984529,0.35
12,0.355,0.97821234983519,0.00141942082378943,0.35
12,0.356,0.978206691161054,0.00199790331705252,0.35
12,0.357,0.978200084681979,0.0026732877470792,0.35
12,0.358,0.978192535800725,0.00344502570062133,0.35
12,0.359,0.978184049888305,0.00431257253521444,0.35
12,0.36,0.978174632284207,0.00527538734644839,0.35
12,0.361,0.978164288296608,0.00633293293552661,0.35
12,0.362,0.97815302320259,0.00748467577755818,0.35
12,0.363,0.978140842248355,0.00873008598982761,0.35
12,0.364,0.978127750649435,0.0100686373006198,0.35
12,0.365,0.978113753590904,0.0114998070180894,0.35
12,0.366,0.978098856227584,0.0130230759998629,0.35
12,0.367,0.978083063684254,0.0146379286225073,0.35
12,0.368,0.97806638105585,0.0163438527518434,0.35
12,0.369,0.978048813407675,0.0181403397128799,0.35
12,0.37,0.978030365775595,0.0200268842608819,0.35
12,0.371,0.978011043166242,0.0220029845518388,0.35
12,0.372,0.977990850557209,0.0240681421141975,0.35
12,0.373,0.97796979289725,0.0262218618199972,0.35
12,0.374,0.977947875106473,0.0284636518568915,0.35
12,0.375,0.977925102076531,0.030793023700304,0.35
12,0.376,0.97790147867082,0.0332094920856063,0.35
12,0.377,0.977877009724664,0.0357125749810505,0.35
12,0.378,0.977851700045504,0.03830179356068,0.35
12,0.379,0.977825554413086,0.0409766721774396,0.35
12,0.38,0.977798577579648,0.0437367383368192,0.35
12,0.381,0.977770774270103,0.0465815226704969,0.35
12,0.382,0.97774214918222,0.0495105589106259,0.35
12,0.383,0.977712706986807,0.052523383863945,0.35
12,0.384,0.977682452327892,0.0556195373864421,0.35
12,0.385,0.977651389822895,0.0587985623580423,0.35
12,0.386,0.977619524062814,0.06206000465796,0.35
12,0.387,0.977586859612393,0.0654034131397196,0.35
12,0.388,0.977553401010299,0.068828339606819,0.35
12,0.389,0.977519152769295,0.0723343387887709,0.35
12,0.39,0.97748411937641,0.075920968316967,0.35
12,0.391,0.977448305293107,0.0795877887008967,0.35
12,0.392,0.977411714955459,0.0833343633049211,0.35
12,0.393,0.977374352774306,0.0871602583248254,0.35
12,0.394,0.977336223135429,0.0910650427649706,0.35
12,0.395,0.97729733039971,0.0950482884154669,0.35
12,0.396,0.977257678903297,0.0991095698296141,0.35
12,0.397,0.977217272957767,0.103248464301453,0.35
12,0.398,0.977176116850284,0.107464551844116,0.35
12,0.399,0.977134214843761,0.111757415167224,0.35
12,0.4,0.977091571177016,0.1161266396559,0.35
12,0.401,0.977048190064932,0.120571813348813,0.35
12,0.402,0.97700407569861,0.12509252691717,0.35
12,0.403,0.976959232245523,0.129688373643777,0.35
12,0.404,0.976913663849674,0.134358949401725,0.35
12,0.405,0.976867374631743,0.139103852634426,0.35
12,0.406,0.976820368689241,0.143922684334474,0.35
12,0.407,0.976772650096658,0.148815048023998,0.35
12,0.408,0.976724222905614,0.153780549734162,0.35
12,0.409,0.976675091145003,0.158818797985671,0.35
12,0.41,0.976625258821143,0.163929403768837,0.35
12,0.411,0.976574729917921,0.169111980524295,0.35
12,0.412,0.976523508396932,0.174366144123606,0.35
12,0.413,0.976471598197632,0.179691512850133,0.35
12,0.414,0.976419003237467,0.185087707380283,0.35
12,0.415,0.976365727412026,0.190554350764649,0.35
12,0.416,0.976311774595175,0.196091068409299,0.35
12,0.417,0.976257148639196,0.201697488057717,0.35
12,0.418,0.976201853374922,0.207373239772468,0.35
12,0.419,0.976145892611883,0.213117955916942,0.35
12,0.42,0.976089270138431,0.218931271137834,0.35
12,0.421,0.97603198972188,0.224812822347187,0.35
12,0.422,0.975974055108638,0.230762248705019,0.35
12,0.423,0.975915470024344,0.23677919160181,0.35
12,0.424,0.975856238173992,0.242863294641404,0.35
12,0.425,0.975796363242065,0.249014203624043,0.35
12,0.426,0.975735848892669,0.255231566529179,0.35
12,0.427,0.975674698769655,0.261515033499138,0.35
12,0.428,0.975612916496748,0.267864256822303,0.35
12,0.429,0.97555050567768,0.27427889091669,0.35
12,0.43,0.975487469896307,0.280758592313757,0.35
12,0.431,0.975423812716738,0.287303019642438,0.35
12,0.432,0.975359537683461,0.293911833612936,0.35
12,0.433,0.975294648321462,0.300584697000827,0.35
12,0.434,0.975229148136351,0.307321274631867,0.35
12,0.435,0.975163040614478,0.314121233365894,0.35
12,0.436,0.97509632922306,0.320984242081868,0.35
12,0.437,0.975029017410294,0.327909971662477,0.35
12,0.438,0.97496110860548,0.334898094978908,0.35
12,0.439,0.974892606219137,0.341948286876081,0.35
12,0.44,0.974823513643119,0.34906022415786,0.35
12,0.441,0.974753834250734,0.356233585571908,0.35
12,0.442,0.974683571396854,0.363468051795901,0.35
12,0.443,0.974612728418035,0.370763305422339,0.35
12,0.444,0.974541308632627,0.378119030944668,0.35
12,0.445,0.974469315340887,0.385534914743135,0.35
12,0.446,0.974396751825091,0.393010645070535,0.35
12,0.447,0.974323621349645,0.400545912038264,0.35
12,0.448,0.974249927161197,0.408140407603041,0.35
12,0.449,0.974175672488742,0.41579382555248,0.35
12,0.45,0.974100860543736,0.423505861492246,0.35
12,0.451,0.974025494520198,0.431276212832143,0.35
12,0.452,0.973949577594824,0.439104578773142,0.35
12,0.453,0.973873112927086,0.446990660293967,0.35
12,0.454,0.973796103659343,0.454934160138243,0.35
12,0.455,0.973718552916942,0.462934782801372,0.35
12,0.456,0.973640463808325,0.47099223451772,0.35
12,0.457,0.97356183942513,0.479106223248116,0.35
12,0.458,0.973482682842295,0.487276458666974,0.35
12,0.459,0.973402997118157,0.495502652149971,0.35
12,0.46,0.973322785294559,0.503784516761496,0.35
12,0.461,0.973242050396943,0.512121767242668,0.35
12,0.462,0.973160795434455,0.520514119998894,0.35
12,0.463,0.97307902340004,0.528961293087971,0.35
12,0.464,0.972996737270546,0.537463006207894,0.35
12,0.465,0.972913940006813,0.54601898068547,0.35
12,0.466,0.972830634553777,0.554628939464163,0.35
12,0.467,0.972746823840564,0.563292607092469,0.35
12,0.468,0.972662510780585,0.572009709712673,0.35
12,0.469,0.972577698271629,0.580779975049195,0.35
12,0.47,0.972492389195961,0.589603132397221,0.35
12,0.471,0.972406586420413,0.598478912611555,0.35
12,0.472,0.972320292796476,0.607407048095521,0.35
12,0.473,0.972233511160395,0.61638727278972,0.35
12,0.474,0.972146244333259,0.625419322161358,0.35
12,0.475,0.972058495121089,0.634502933193026,0.35
12,0.476,0.971970266314934,0.643637844372424,0.35
12,0.477,0.971881560690957,0.652823795681101,0.35
12,0.478,0.971792381010523,0.662060528584463,0.35
12,0.479,0.97170273002029,0.671347786020804,0.35
12,0.48,0.971612610452295,0.680685312391272,0.35
12,0.481,0.971522025024043,0.690072853549184,0.35
12,0.482,0.97143097643859,0.699510156790284,0.35
12,0.483,0.971339467384634,0.708996970842146,0.35
12,0.484,0.971247500536595,0.718533045854364,0.35
12,0.485,0.971155078554704,0.728118133388556,0.35
12,0.486,0.971062204085084,0.737751986408552,0.35
12,0.487,0.970968879759838,0.747434359270316,0.35
12,0.488,0.970875108197123,0.757165007712679,0.35
12,0.489,0.970780892001245,0.766943688847399,0.35
12,0.49,0.970686233762729,0.776770161149609,0.35
12,0.491,0.97059113605841,0.78664418444836,0.35
12,0.492,0.970495601451506,0.796565519917469,0.35
12,0.493,0.970399632491704,0.806533930065911,0.35
12,0.494,0.970303231715235,0.816549178728798,0.35
12,0.495,0.970206401644956,0.826611031058033,0.35
12,0.496,0.970109144790429,0.836719253513385,0.35
12,0.497,0.970011463647997,0.846873613853405,0.35
12,0.498,0.969913360700861,0.857073881126569,0.35
12,0.499,0.96981483841916,0.867319825662327,0.35
12,0.5,0.969715899260047,0.87761121906238,0.35
12,0.501,0.969616545667761,0.887947834191993,0.35
12,0.502,0.969516780073705,0.898329445171386,0.35
12,0.503,0.969416604896525,0.908755827366892,0.35
12,0.504,0.969316022542176,0.919226757383007,0.35
12,0.505,0.969215035404003,0.929742013053425,0.35
12,0.506,0.96911364586281,0.940301373433039,0.35
12,0.507,0.969011856286936,0.950904618789328,0.35
12,0.508,0.968909669032326,0.961551530594518,0.35
12,0.509,0.968807086442602,0.972241891517256,0.35
12,0.51,0.968704110849137,0.982975485414328,0.35
12,0.511,0.968600744571122,0.993752097323064,0.35
12,0.512,0.968496989915642,1.00457151345301,0.35
12,0.513,0.968392849177741,1.01543352117821,0.35
12,0.514,0.968288324640494,1.02633790902935,0.35
12,0.515,0.968183418575075,1.03728446668607,0.35
12,0.516,0.968078133240828,1.04827298496912,0.35
12,0.517,0.96797247088533,1.0593032558329,0.35
12,0.518,0.967866433744467,1.07037507235765,0.35
12,0.519,0.967760024042493,1.08148822874217,0.35
12,0.52,0.9676532439921,1.09264252029633,0.35
12,0.521,0.967546095794487,1.10383774343359,0.35
12,0.522,0.967438581639422,1.11507369566364,0.35
12,0.523,0.967330703705309,1.12635017558536,0.35
12,0.524,0.967222464159254,1.1376669828792,0.35
12,0.525,0.967113865157129,1.14902391830045,0.35
12,0.526,0.967004908843635,1.16042078367202,0.35
12,0.527,0.966895597352366,1.17185738187708,0.35
12,0.528,0.966785932805877,1.18333351685254,0.35
12,0.529,0.96667591731574,1.19484899358178,0.35
12,0.53,0.96656555298261,1.20640361808801,0.35
12,0.531,0.966454841896288,1.21799719742721,0.35
12,0.532,0.966343786135781,1.22962953968162,0.35
12,0.533,0.966232387769365,1.24130045395279,0.35
12,0.534,0.966120648854642,1.25300975035512,0.35
12,0.535,0.966008571438608,1.26475724000896,0.35
12,0.536,0.965896157557704,1.27654273503452,0.35
12,0.537,0.965783409237884,1.28836604854494,0.35
12,0.538,0.965670328494669,1.30022699463996,0.35
12,0.539,0.965556917333206,1.31212538839967,0.35
12,0.54,0.965443177748333,1.32406104587792,0.35
12,0.541,0.965329111724627,1.33603378409628,0.35
12,0.542,0.965214721236471,1.34804342103745,0.35
12,0.543,0.965100008248108,1.36008977563931,0.35
12,0.544,0.964984974713694,1.37217266778886,0.35
12,0.545,0.964869622577363,1.38429191831568,0.35
12,0.546,0.964753953773277,1.39644734898632,0.35
12,0.547,0.964637970225684,1.40863878249804,0.35
12,0.548,0.964521673848972,1.420866042473,0.35
12,0.549,0.964405066547731,1.43312895345207,0.35
12,0.55,0.964288150216796,1.44542734088928,0.35
12,0.551,0.964170926741313,1.45776103114579,0.35
12,0.552,0.964053397996787,1.47012985148411,0.35
12,0.553,0.963935565849139,1.48253363006243,0.35
12,0.554,0.963817432154754,1.49497219592898,0.35
12,0.555,0.963698998760544,1.50744537901619,0.35
12,0.556,0.963580267503989,1.51995301013517,0.35
12,0.557,0.963461240213201,1.53249492097023,0.35
12,0.558,0.963341918706966,1.54507094407323,0.35
12,0.559,0.963222304794803,1.55768091285828,0.35
12,0.56,0.963102400277012,1.57032466159597,0.35
12,0.561,0.962982206944729,1.58300202540824,0.35
12,0.562,0.962861726579969,1.59571284026307,0.35
12,0.563,0.962740960955687,1.60845694296896,0.35
12,0.564,0.962619911835819,1.62123417116968,0.35
12,0.565,0.962498580975338,1.63404436333916,0.35
12,0.566,0.962376970120299,1.64688735877627,0.35
12,0.567,0.962255081007894,1.65976299759956,0.35
12,0.568,0.962132915366495,1.67267112074216,0.35
12,0.569,0.962010474915704,1.68561156994691,0.35
12,0.57,0.961887761366408,1.69858418776088,0.35
12,0.571,0.961764776420815,1.71158881753088,0.35
12,0.572,0.961641521772513,1.72462530339816,0.35
12,0.573,0.961517999106511,1.73769349029347,0.35
12,0.574,0.961394210099287,1.75079322393248,0.35
12,0.575,0.961270156418839,1.7639243508105,0.35
12,0.576,0.961145839724725,1.7770867181979,0.35
12,0.577,0.961021261668114,1.79028017413545,0.35
12,0.578,0.960896423891831,1.80350456742928,0.35
12,0.579,0.960771328030402,1.81675974764628,0.35
12,0.58,0.960645975710098,1.83004556510959,0.35
12,0.581,0.960520368548985,1.84336187089369,0.35
12,0.582,0.960394508156964,1.85670851681989,0.35
12,0.583,0.960268396135816,1.87008535545192,0.35
12,0.584,0.960142034079249,1.8834922400911,0.35
12,0.585,0.960015423572941,1.8969290247721,0.35
12,0.586,0.959888566194582,1.9103955642582,0.35
12,0.587,0.959761463513918,1.9238917140372,0.35
12,0.588,0.959634117092798,1.93741733031656,0.35
12,0.589,0.959506528485211,1.95097227001952,0.35
12,0.59,0.959378699237333,1.96455639078026,0.35
12,0.591,0.959250630887566,1.97816955094006,0.35
12,0.592,0.959122324966585,1.99181160954267,0.35
12,0.593,0.958993782997374,2.00548242633007,0.35
12,0.594,0.958865006495274,2.01918186173859,0.35
12,0.595,0.958735996968016,2.03290977689439,0.35
12,0.596,0.958606755915772,2.04666603360939,0.35
12,0.597,0.958477284831188,2.06045049437718,0.35
12,0.598,0.958347585199428,2.07426302236886,0.35
12,0.599,0.958217658498215,2.08810348142912,0.35
12,0.6,0.958087506197869,2.10197173607198,0.35
12,0.601,0.957957129761348,2.11586765147689,0.35
12,0.602,0.957826530644287,2.12979109348492,0.35
12,0.603,0.95769571029504,2.14374192859441,0.35
12,0.604,0.957564670154714,2.15772002395744,0.35
12,0.605,0.957433411657213,2.17172524737581,0.35
12,0.606,0.957301936229275,2.18575746729692,0.35
12,0.607,0.957170245290508,2.19981655281041,0.35
12,0.608,0.957038340253432,2.21390237364392,0.35
12,0.609,0.956906222523514,2.22801480015948,0.35
12,0.61,0.956773893499208,2.24215370334984,0.35
12,0.611,0.95664135457199,2.25631895483462,0.35
12,0.612,0.956508607126399,2.27051042685658,0.35
12,0.613,0.956375652540071,2.28472799227795,0.35
12,0.614,0.956242492183775,2.29897152457696,0.35
12,0.615,0.956109127421453,2.31324089784395,0.35
12,0.616,0.955975559610253,2.32753598677804,0.35
12,0.617,0.95584179010057,2.34185666668321,0.35
12,0.618,0.955707820236076,2.35620281346511,0.35
12,0.619,0.95557365135376,2.37057430362726,0.35
12,0.62,0.955439284783959,2.38497101426787,0.35
12,0.621,0.955304721850401,2.39939282307593,0.35
12,0.622,0.955169963870231,2.41383960832815,0.35
12,0.623,0.955035012154055,2.42831124888525,0.35
12,0.624,0.954899868005966,2.4428076241888,0.35
12,0.625,0.954764532723584,2.45732861425774,0.35
12,0.626,0.954629007598089,2.47187409968486,0.35
12,0.627,0.954493293914255,2.48644396163376,0.35
12,0.628,0.954357392950482,2.50103808183537,0.35
12,0.629,0.954221305978833,2.51565634258473,0.35
12,0.63,0.954085034265067,2.53029862673759,0.35
12,0.631,0.953948579068667,2.54496481770743,0.35
12,0.632,0.953811941642881,2.55965479946205,0.35
12,0.633,0.953675123234748,2.57436845652028,0.35
12,0.634,0.953538125085137,2.58910567394919,0.35
12,0.635,0.953400948428772,2.60386633736049,0.35
12,0.636,0.953263594494273,2.61865033290769,0.35
12,0.637,0.953126064504178,2.63345754728295,0.35
12,0.638,0.952988359674987,2.64828786771385,0.35
12,0.639,0.952850481217181,2.66314118196056,0.35
12,0.64,0.952712430335262,2.67801737831261,0.35
12,0.641,0.952574208227783,2.69291634558593,0.35
12,0.642,0.952435816087377,2.70783797311982,0.35
12,0.643,0.952297255100789,2.72278215077411,0.35
12,0.644,0.952158526448906,2.73774876892598,0.35
12,0.645,0.952019631306792,2.75273771846705,0.35
12,0.646,0.951880570843709,2.76774889080085,0.35
12,0.647,0.951741346223159,2.78278217783923,0.35
12,0.648,0.951601958602906,2.79783747200013,0.35
12,0.649,0.951462409135006,2.81291466620426,0.35
12,0.65,0.95132269896584,2.82801365387271,0.35
12,0.651,0.951182829236146,2.84313432892356,0.35
12,0.652,0.951042801081038,2.85827658576956,0.35
12,0.653,0.950902615630048,2.87344031931518,0.35
12,0.654,0.950762274007146,2.88862542495369,0.35
12,0.655,0.950621777330772,2.90383179856482,0.35
12,0.656,0.950481126713865,2.9190593365114,0.35
12,0.657,0.95034032326389,2.93430793563738,0.35
12,0.658,0.95019936808287,2.94957749326457,0.35
12,0.659,0.950058262267408,2.96486790719035,0.35
12,0.66,0.949917006908721,2.98017907568462,0.35
12,0.661,0.949775603092665,2.99551089748762,0.35
12,0.662,0.949634051899763,3.01086327180686,0.35
12,0.663,0.949492354405233,3.02623609831494,0.35
12,0.664,0.949350511679014,3.04162927714666,0.35
12,0.665,0.949208524785796,3.05704270889653,0.35
12,0.666,0.949066394785044,3.07247629461636,0.35
12,0.667,0.948924122731027,3.08792993581251,0.35
12,0.668,0.948781709672844,3.10340353444347,0.35
12,0.669,0.948639156654452,3.11889699291743,0.35
12,0.67,0.948496464714687,3.13441021408976,0.35
12,0.671,0.948353634887299,3.14994310126049,0.35
12,0.672,0.948210668200971,3.16549555817189,0.35
12,0.673,0.948067565679349,3.18106748900595,0.35
12,0.674,0.947924328341064,3.19665879838222,0.35
12,0.675,0.947780957199764,3.2122693913551,0.35
12,0.676,0.947637453264133,3.22789917341164,0.35
12,0.677,0.947493817537917,3.2435480504692,0.35
12,0.678,0.947350051019957,3.25921592887288,0.35
12,0.679,0.947206154704203,3.27490271539339,0.35
12,0.68,0.947062129579748,3.29060831722472,0.35
12,0.681,0.946917976630847,3.30633264198159,0.35
12,0.682,0.946773696836945,3.32207559769766,0.35
12,0.683,0.946629291172699,3.33783709282254,0.35
12,0.684,0.946484760608007,3.35361703622017,0.35
12,0.685,0.946340106108026,3.36941533716621,0.35
12,0.686,0.9461953286332,3.38523190534596,0.35
12,0.687,0.946050429139284,3.4010666508522,0.35
12,0.688,0.945905408577368,3.41691948418255,0.35
12,0.689,0.945760267893897,3.43279031623798,0.35
12,0.69,0.945615008030698,3.44867905832007,0.35
12,0.691,0.945469629925006,3.46458562212903,0.35
12,0.692,0.94532413450948,3.48050991976177,0.35
12,0.693,0.945178522712234,3.49645186370922,0.35
12,0.694,0.945032795456853,3.51241136685472,0.35
12,0.695,0.944886953662421,3.52838834247196,0.35
12,0.696,0.944740998243543,3.5443827042223,0.35
12,0.697,0.944594930110366,3.56039436615323,0.35
12,0.698,0.944448750168601,3.57642324269623,0.35
12,0.699,0.944302459319549,3.59246924866437,0.35
12,0.7,0.944156058460118,3.60853229925076,0.35
12,0.701,0.944009548482852,3.62461231002624,0.35
12,0.702,0.943862930275946,3.64070919693731,0.35
12,0.703,0.943716204723273,3.65682287630433,0.35
12,0.704,0.943569372704404,3.67295326481927,0.35
12,0.705,0.943422435094626,3.68910027954426,0.35
12,0.706,0.943275392764973,3.70526383790875,0.35
12,0.707,0.943128246582236,3.72144385770854,0.35
12,0.708,0.942980997408994,3.7376402571031,0.35
12,0.709,0.942833646103627,3.75385295461415,0.35
12,0.71,0.942686193520346,3.7700818691232,0.35
12,0.711,0.942538640509205,3.78632691987026,0.35
12,0.712,0.942390987916128,3.80258802645153,0.35
12,0.713,0.942243236582925,3.81886510881768,0.35
12,0.714,0.942095387347318,3.83515808727193,0.35
12,0.715,0.941947441042958,3.85146688246822,0.35
12,0.716,0.941799398499445,3.86779141540943,0.35
12,0.717,0.94165126054235,3.8841316074455,0.35
12,0.718,0.941503027993235,3.90048738027149,0.35
12,0.719,0.94135470166967,3.91685865592604,0.35
12,0.72,0.941206282385258,3.93324535678927,0.35
12,0.721,0.941057770949651,3.94964740558124,0.35
12,0.722,0.940909168168572,3.9660647253601,0.35
12,0.723,0.940760474843832,3.9824972395202,0.35
12,0.724,0.940611691773351,3.99894487179062,0.35
12,0.725,0.94046281975118,4.01540754623302,0.35
12,0.726,0.940313859567513,4.03188518724042,0.35
12,0.727,0.940164812008715,4.04837771953512,0.35
12,0.728,0.940015677857334,4.06488506816691,0.35
12,0.729,0.939866457892124,4.08140715851186,0.35
12,0.73,0.939717152888063,4.09794391626996,0.35
12,0.731,0.939567763616371,4.11449526746412,0.35
12,0.732,0.939418290844527,4.13106113843806,0.35
12,0.733,0.939268735336294,4.14764145585476,0.35
12,0.734,0.939119097851729,4.16423614669483,0.35
12,0.735,0.938969379147206,4.18084513825501,0.35
12,0.736,0.938819579975435,4.19746835814623,0.35
12,0.737,0.938669701085477,4.21410573429231,0.35
12,0.738,0.938519743222766,4.23075719492818,0.35
12,0.739,0.938369707129122,4.24742266859841,0.35
12,0.74,0.938219593542773,4.26410208415546,0.35
12,0.741,0.93806940319837,4.28079537075821,0.35
12,0.742,0.937919136827008,4.29750245787033,0.35
12,0.743,0.937768795156239,4.3142232752589,0.35
12,0.744,0.937618378910094,4.33095775299264,0.35
12,0.745,0.937467888809097,4.34770582144046,0.35
12,0.746,0.937317325570283,4.36446741126997,0.35
12,0.747,0.937166689907216,4.38124245344591,0.35
12,0.748,0.937015982530007,4.3980308792287,0.35
12,0.749,0.936865204145327,4.41483262017288,0.35
12,0.75,0.936714355456431,4.43164760812556,0.35
12,0.751,0.936563437163165,4.44847577522514,0.35
12,0.752,0.936412449961992,4.46531705389965,0.35
12,0.753,0.936261394546004,4.48217137686533,0.35
12,0.754,0.936110271604936,4.49903867712527,0.35
12,0.755,0.935959081825191,4.51591888796776,0.35
12,0.756,0.935807825889848,4.53281194296511,0.35
12,0.757,0.93565650447868,4.54971777597202,0.35
12,0.758,0.935505118268174,4.56663632112428,0.35
12,0.759,0.935353667931543,4.58356751283726,0.35
12,0.76,0.935202154138744,4.60051128580463,0.35
12,0.761,0.935050577556494,4.61746757499668,0.35
12,0.762,0.934898938848285,4.63443631565947,0.35
12,0.763,0.934747238674397,4.65141744331297,0.35
12,0.764,0.934595477691924,4.66841089374963,0.35
12,0.765,0.934443656554773,4.68541660303365,0.35
12,0.766,0.934291775913694,4.70243450749896,0.35
12,0.767,0.934139836416292,4.71946454374805,0.35
12,0.768,0.933987838707035,4.73650664865097,0.35
12,0.769,0.933835783427278,4.75356075934348,0.35
12,0.77,0.933683671215274,4.7706268132262,0.35
12,0.771,0.933531502706191,4.78770474796295,0.35
12,0.772,0.933379278532124,4.80479450147957,0.35
12,0.773,0.933226999322112,4.82189601196277,0.35
12,0.774,0.933074665702155,4.83900921785849,0.35
12,0.775,0.932922278295225,4.85613405787098,0.35
12,0.776,0.932769837721279,4.87327047096144,0.35
12,0.777,0.932617344597282,4.89041839634641,0.35
12,0.778,0.932464799537213,4.90757777349702,0.35
12,0.779,0.932312203152083,4.92474854213749,0.35
12,0.78,0.932159556049949,4.94193064224377,0.35
12,0.781,0.932006858835928,4.95912401404257,0.35
12,0.782,0.931854112112214,4.9763285980098,0.35
12,0.783,0.931701316478086,4.9935443348698,0.35
12,0.784,0.931548472529928,5.0107711655935,0.35
12,0.785,0.93139558086124,5.02800903139795,0.35
12,0.786,0.931242642062652,5.04525787374457,0.35
12,0.787,0.93108965672194,5.06251763433796,0.35
12,0.788,0.930936625424036,5.07978825512512,0.35
12,0.789,0.930783548751046,5.09706967829398,0.35
12,0.79,0.930630427282261,5.11436184627221,0.35
12,0.791,0.93047726159417,5.13166470172597,0.35
12,0.792,0.930324052260476,5.14897818755919,0.35
12,0.793,0.930170799852107,5.16630224691195,0.35
12,0.794,0.93001750493723,5.18363682315943,0.35
12,0.795,0.929864168081265,5.20098185991105,0.35
12,0.796,0.929710789846899,5.21833730100894,0.35
12,0.797,0.929557370794096,5.23570309052703,0.35
12,0.798,0.929403911480114,5.25307917276996,0.35
12,0.799,0.929250412459512,5.27046549227193,0.35
12,0.8,0.929096874284171,5.28786199379536,0.35
