case,rank_descending,shell_von_mises_stress_mpa,stress_limit_mpa
2,1,228.35560000000001,220
2,2,198.61070000000001,220
2,3,196.47319999999999,220
2,4,196.1232,220
2,5,195.86750000000001,220
2,6,195.3466,220
2,7,194.98330000000001,220
2,8,193.9974,220
2,9,190.40039999999999,220
2,10,190.25649999999999,220
2,11,183.51730000000001,220
2,12,180.6729,220
2,13,177.98099999999999,220
2,14,177.74469999999999,220
2,15,177.7124,220
2,16,176.15280000000001,220
2,17,173.62739999999999,220
2,18,171.01070000000001,220
2,19,167.38210000000001,220
2,20,165.0103,220
2,21,163.68170000000001,220
2,22,163.61709999999999,220
2,23,162.8186,220
2,24,162.28579999999999,220
2,25,161.97569999999999,220
2,26,161.8837,220
2,27,161.23779999999999,220
2,28,160.81880000000001,220
2,29,160.36670000000001,220
2,30,160.18790000000001,220
2,31,158.9785,220
2,32,158.1574,220
2,33,157.97450000000001,220
2,34,157.19829999999999,220
2,35,156.8416,220
2,36,156.76859999999999,220
2,37,156.46420000000001,220
2,38,156.2816,220
2,39,156.18039999999999,220
2,40,156.07740000000001,220
2,41,155.90029999999999,220
2,42,155.85579999999999,220
2,43,155.8031,220
2,44,154.8828,220
2,45,154.8338,220
2,46,154.7561,220
2,47,154.4675,220
2,48,154.07830000000001,220
2,49,154.0703,220
2,50,153.98859999999999,220
2,51,153.85509999999999,220
2,52,153.85509999999999,220
2,53,153.8271,220
2,54,153.71889999999999,220
2,55,153.51140000000001,220
2,56,153.2501,220
2,57,153.24850000000001,220
2,58,153.14349999999999,220
2,59,153.0806,220
2,60,152.31700000000001,220
2,61,151.7963,220
2,62,151.29830000000001,220
2,63,150.2567,220
2,64,150.21430000000001,220
2,65,150.10650000000001,220
2,66,150.0333,220
2,67,149.97659999999999,220
2,68,149.79660000000001,220
2,69,149.3357,220
2,70,149.1319,220
2,71,149.11590000000001,220
2,72,148.69210000000001,220
2,73,147.9333,220
2,74,147.6876,220
2,75,147.6789,220
2,76,147.43950000000001,220
2,77,147.42660000000001,220
2,78,147.31049999999999,220
2,79,147.11539999999999,220
2,80,147.0943,220
2,81,146.7921,220
2,82,146.6977,220
2,83,146.405,220
2,84,146.149,220
2,85,146.1258,220
2,86,146.04830000000001,220
2,87,145.7132,220
2,88,145.48269999999999,220
2,89,145.40539999999999,220
2,90,145.08430000000001,220
2,91,144.36959999999999,220
2,92,144.07689999999999,220
2,93,143.9682,220
2,94,143.88480000000001,220
2,95,143.63159999999999,220
2,96,143.5917,220
2,97,143.58080000000001,220
2,98,143.57470000000001,220
2,99,143.40440000000001,220
2,100,143.20400000000001,220
2,101,142.97970000000001,220
2,102,142.93879999999999,220
2,103,142.88990000000001,220
2,104,142.8741,220
2,105,142.78319999999999,220
2,106,142.7122,220
2,107,142.55699999999999,220
2,108,142.4496,220
2,109,142.08949999999999,220
2,110,142.04490000000001,220
2,111,142.03559999999999,220
2,112,141.93960000000001,220
2,113,141.9006,220
2,114,141.84989999999999,220
2,115,141.7285,220
2,116,141.67439999999999,220
2,117,141.0421,220
2,118,140.94730000000001,220
2,119,140.94200000000001,220
2,120,140.90289999999999,220
2,121,140.88210000000001,220
2,122,140.47049999999999,220
2,123,140.36920000000001,220
2,124,139.81399999999999,220
2,125,139.74250000000001,220
2,126,139.68879999999999,220
2,127,139.59219999999999,220
2,128,139.55889999999999,220
2,129,139.26910000000001,220
2,130,139.2423,220
2,131,139.0985,220
2,132,138.81620000000001,220
2,133,138.8004,220
2,134,138.67160000000001,220
2,135,138.6525,220
2,136,138.51609999999999,220
2,137,138.51419999999999,220
2,138,138.46870000000001,220
2,139,138.35130000000001,220
2,140,138.33410000000001,220
2,141,138.00110000000001,220
2,142,137.95160000000001,220
2,143,137.9204,220
2,144,137.8904,220
2,145,137.76650000000001,220
2,146,137.73949999999999,220
2,147,137.45830000000001,220
2,148,137.42019999999999,220
2,149,137.417,220
2,150,137.3922,220
2,151,137.24199999999999,220
2,152,137.1396,220
2,153,136.7269,220
2,154,136.68549999999999,220
2,155,136.64359999999999,220
2,156,136.57749999999999,220
2,157,136.45140000000001,220
2,158,136.4496,220
2,159,136.44489999999999,220
2,160,136.40969999999999,220
2,161,136.37260000000001,220
2,162,136.1473,220
2,163,136.08920000000001,220
2,164,136.06620000000001,220
2,165,136.0146,220
2,166,135.98699999999999,220
2,167,135.94210000000001,220
2,168,135.9331,220
2,169,135.76259999999999,220
2,170,135.73330000000001,220
2,171,135.57429999999999,220
2,172,135.47030000000001,220
2,173,135.33369999999999,220
2,174,135.19139999999999,220
2,175,135.0694,220
2,176,134.87129999999999,220
2,177,134.8372,220
2,178,134.77869999999999,220
2,179,134.74959999999999,220
2,180,134.7466,220
2,181,134.7132,220
2,182,134.71250000000001,220
2,183,134.66,220
2,184,134.6233,220
2,185,134.4803,220
2,186,134.44810000000001,220
2,187,134.42910000000001,220
2,188,134.36099999999999,220
2,189,134.34999999999999,220
2,190,134.28129999999999,220
2,191,134.279,220
2,192,134.25819999999999,220
2,193,134.16460000000001,220
2,194,134.14019999999999,220
2,195,134.06200000000001,220
2,196,134.04249999999999,220
2,197,133.8775,220
2,198,133.87559999999999,220
2,199,133.7311,220
2,200,133.67740000000001,220
2,201,133.6524,220
2,202,133.63229999999999,220
2,203,133.6249,220
2,204,133.5857,220
2,205,133.54169999999999,220
2,206,133.52080000000001,220
2,207,133.48259999999999,220
2,208,133.44980000000001,220
2,209,133.24690000000001,220
2,210,133.12459999999999,220
2,211,133.03290000000001,220
2,212,132.95670000000001,220
2,213,132.9068,220
2,214,132.82650000000001,220
2,215,132.80080000000001,220
2,216,132.78020000000001,220
2,217,132.66309999999999,220
2,218,132.62989999999999,220
2,219,132.4015,220
2,220,132.37360000000001,220
2,221,132.36359999999999,220
2,222,132.3604,220
2,223,132.31610000000001,220
2,224,132.25149999999999,220
2,225,132.22370000000001,220
2,226,132.18790000000001,220
2,227,132.15309999999999,220
2,228,132.1174,220
2,229,131.99610000000001,220
2,230,131.92240000000001,220
2,231,131.91929999999999,220
2,232,131.85810000000001,220
2,233,131.756,220
2,234,131.74809999999999,220
2,235,131.72649999999999,220
2,236,131.64089999999999,220
2,237,131.58959999999999,220
2,238,131.5488,220
2,239,131.50700000000001,220
2,240,131.49289999999999,220
2,241,131.41300000000001,220
2,242,131.39869999999999,220
2,243,131.3938,220
2,244,131.392,220
2,245,131.35640000000001,220
2,246,131.19399999999999,220
2,247,131.17339999999999,220
2,248,131.11799999999999,220
2,249,131.0496,220
2,250,131.04929999999999,220
2,251,131.03210000000001,220
2,252,131.02860000000001,220
2,253,131.0284,220
2,254,130.99080000000001,220
2,255,130.9674,220
2,256,130.82329999999999,220
2,257,130.78710000000001,220
2,258,130.77520000000001,220
2,259,130.71690000000001,220
2,260,130.6808,220
2,261,130.66370000000001,220
2,262,130.62860000000001,220
2,263,130.57849999999999,220
2,264,130.5429,220
2,265,130.52430000000001,220
2,266,130.49600000000001,220
2,267,130.45920000000001,220
2,268,130.4513,220
2,269,130.42140000000001,220
2,270,130.41460000000001,220
2,271,130.38390000000001,220
2,272,130.37459999999999,220
2,273,130.34880000000001,220
2,274,130.18119999999999,220
2,275,130.15190000000001,220
2,276,129.98750000000001,220
2,277,129.9408,220
2,278,129.93379999999999,220
2,279,129.92660000000001,220
2,280,129.89869999999999,220
2,281,129.77379999999999,220
2,282,129.74799999999999,220
2,283,129.67789999999999,220
2,284,129.60749999999999,220
2,285,129.5873,220
2,286,129.58330000000001,220
2,287,129.55760000000001,220
2,288,129.53450000000001,220
2,289,129.53389999999999,220
2,290,129.5275,220
2,291,129.49189999999999,220
2,292,129.48589999999999,220
2,293,129.47200000000001,220
2,294,129.40260000000001,220
2,295,129.3493,220
2,296,129.33869999999999,220
2,297,129.31960000000001,220
2,298,129.30889999999999,220
2,299,129.3031,220
2,300,129.2722,220
2,301,129.20439999999999,220
2,302,129.11619999999999,220
2,303,129.09200000000001,220
2,304,129.0735,220
2,305,129.06950000000001,220
2,306,128.99850000000001,220
2,307,128.8861,220
2,308,128.84030000000001,220
2,309,128.82820000000001,220
2,310,128.74780000000001,220
2,311,128.65620000000001,220
2,312,128.65539999999999,220
2,313,128.39279999999999,220
2,314,128.29050000000001,220
2,315,128.27770000000001,220
2,316,128.26849999999999,220
2,317,128.24629999999999,220
2,318,128.2287,220
2,319,128.19569999999999,220
2,320,128.19370000000001,220
2,321,128.1832,220
2,322,128.16149999999999,220
2,323,128.0917,220
2,324,127.85129999999999,220
2,325,127.80710000000001,220
2,326,127.78230000000001,220
2,327,127.7619,220
2,328,127.7192,220
2,329,127.69329999999999,220
2,330,127.6666,220
2,331,127.6129,220
2,332,127.59439999999999,220
2,333,127.593,220
2,334,127.5746,220
2,335,127.5305,220
2,336,127.5296,220
2,337,127.4713,220
2,338,127.4504,220
2,339,127.44670000000001,220
2,340,127.42749999999999,220
2,341,127.4196,220
2,342,127.4041,220
2,343,127.387,220
2,344,127.3745,220
2,345,127.34829999999999,220
2,346,127.3086,220
2,347,127.2984,220
2,348,127.2534,220
2,349,127.25109999999999,220
2,350,127.22280000000001,220
2,351,127.19750000000001,220
2,352,127.1461,220
2,353,127.1173,220
2,354,127.10290000000001,220
2,355,127.0005,220
2,356,126.9354,220
2,357,126.8921,220
2,358,126.86539999999999,220
2,359,126.85809999999999,220
2,360,126.7701,220
2,361,126.76909999999999,220
2,362,126.6938,220
2,363,126.6499,220
2,364,126.63800000000001,220
2,365,126.5977,220
2,366,126.595,220
2,367,126.565,220
2,368,126.51439999999999,220
2,369,126.40900000000001,220
2,370,126.4088,220
2,371,126.3827,220
2,372,126.2989,220
2,373,126.2978,220
2,374,126.2009,220
2,375,126.1407,220
2,376,126.08069999999999,220
2,377,126.0573,220
2,378,125.9641,220
2,379,125.952,220
2,380,125.9358,220
2,381,125.931,220
2,382,125.92149999999999,220
2,383,125.9058,220
2,384,125.8857,220
2,385,125.8441,220
2,386,125.82810000000001,220
2,387,125.7704,220
2,388,125.7685,220
2,389,125.7534,220
2,390,125.73820000000001,220
2,391,125.6955,220
2,392,125.685,220
2,393,125.6738,220
2,394,125.6692,220
2,395,125.65470000000001,220
2,396,125.61320000000001,220
2,397,125.5993,220
2,398,125.517,220
2,399,125.497,220
2,400,125.47880000000001,220
2,401,125.4615,220
2,402,125.4297,220
2,403,125.42740000000001,220
2,404,125.3904,220
2,405,125.34529999999999,220
2,406,125.3207,220
2,407,125.2323,220
2,408,125.2239,220
2,409,125.15349999999999,220
2,410,125.10639999999999,220
2,411,125.0652,220
2,412,125.05410000000001,220
2,413,125.0391,220
2,414,125.0381,220
2,415,125.0244,220
2,416,125.0181,220
2,417,124.98099999999999,220
2,418,124.98050000000001,220
2,419,124.9684,220
2,420,124.9679,220
2,421,124.9593,220
2,422,124.9509,220
2,423,124.9468,220
2,424,124.91589999999999,220
2,425,124.88890000000001,220
2,426,124.871,220
2,427,124.8616,220
2,428,124.8609,220
2,429,124.8541,220
2,430,124.7885,220
2,431,124.7808,220
2,432,124.7569,220
2,433,124.7509,220
2,434,124.75020000000001,220
2,435,124.7394,220
2,436,124.6781,220
2,437,124.67529999999999,220
2,438,124.6421,220
2,439,124.5989,220
2,440,124.5894,220
2,441,124.58159999999999,220
2,442,124.57769999999999,220
2,443,124.55459999999999,220
2,444,124.5397,220
2,445,124.5234,220
2,446,124.5183,220
2,447,124.5164,220
2,448,124.4911,220
2,449,124.45659999999999,220
2,450,124.4414,220
2,451,124.3776,220
2,452,124.3164,220
2,453,124.31440000000001,220
2,454,124.30370000000001,220
2,455,124.2792,220
2,456,124.2706,220
2,457,124.2298,220
2,458,124.22280000000001,220
2,459,124.1944,220
2,460,124.1134,220
2,461,124.087,220
2,462,124.0579,220
2,463,124.01139999999999,220
2,464,124.00190000000001,220
2,465,123.9744,220
2,466,123.9554,220
2,467,123.9525,220
2,468,123.9444,220
2,469,123.93259999999999,220
2,470,123.9216,220
2,471,123.92059999999999,220
2,472,123.9144,220
2,473,123.913,220
2,474,123.8963,220
2,475,123.8747,220
2,476,123.86,220
2,477,123.8488,220
2,478,123.68040000000001,220
2,479,123.6705,220
2,480,123.64749999999999,220
2,481,123.6474,220
2,482,123.6454,220
2,483,123.6373,220
2,484,123.59610000000001,220
2,485,123.5896,220
2,486,123.586,220
2,487,123.5188,220
2,488,123.5128,220
2,489,123.4941,220
2,490,123.4851,220
2,491,123.4808,220
2,492,123.4552,220
2,493,123.4293,220
2,494,123.42489999999999,220
2,495,123.41289999999999,220
2,496,123.38720000000001,220
2,497,123.35429999999999,220
2,498,123.3493,220
2,499,123.34569999999999,220
2,500,123.3065,220
2,501,123.303,220
2,502,123.26000000000001,220
2,503,123.256,220
2,504,123.2475,220
2,505,123.2456,220
2,506,123.2214,220
2,507,123.1936,220
2,508,123.1683,220
2,509,123.13639999999999,220
2,510,123.1009,220
2,511,123.062,220
2,512,123.0278,220
2,513,123.02209999999999,220
2,514,122.905,220
2,515,122.8678,220
2,516,122.8604,220
2,517,122.81100000000001,220
2,518,122.7603,220
2,519,122.75230000000001,220
2,520,122.7342,220
2,521,122.7246,220
2,522,122.7026,220
2,523,122.68000000000001,220
2,524,122.65949999999999,220
2,525,122.65600000000001,220
2,526,122.6463,220
2,527,122.6434,220
2,528,122.63639999999999,220
2,529,122.63460000000001,220
2,530,122.6332,220
2,531,122.63039999999999,220
2,532,122.6019,220
2,533,122.5724,220
2,534,122.5475,220
2,535,122.5347,220
2,536,122.5012,220
2,537,122.4897,220
2,538,122.4705,220
2,539,122.45399999999999,220
2,540,122.41240000000001,220
2,541,122.4089,220
2,542,122.4063,220
2,543,122.40170000000001,220
2,544,122.396,220
2,545,122.3903,220
2,546,122.3884,220
2,547,122.38679999999999,220
2,548,122.372,220
2,549,122.3588,220
2,550,122.3241,220
2,551,122.3223,220
2,552,122.3141,220
2,553,122.2987,220
2,554,122.25830000000001,220
2,555,122.2512,220
2,556,122.24120000000001,220
2,557,122.224,220
2,558,122.2187,220
2,559,122.218,220
2,560,122.2154,220
2,561,122.2123,220
2,562,122.1747,220
2,563,122.0641,220
2,564,122.03870000000001,220
2,565,122.029,220
2,566,122.011,220
2,567,121.9936,220
2,568,121.9928,220
2,569,121.9803,220
2,570,121.9627,220
2,571,121.9522,220
2,572,121.93680000000001,220
2,573,121.925,220
2,574,121.9247,220
2,575,121.9036,220
2,576,121.8844,220
2,577,121.872,220
2,578,121.8395,220
2,579,121.82129999999999,220
2,580,121.8117,220
2,581,121.7993,220
2,582,121.76779999999999,220
2,583,121.7585,220
2,584,121.7551,220
2,585,121.7466,220
2,586,121.74120000000001,220
2,587,121.73690000000001,220
2,588,121.72629999999999,220
2,589,121.7197,220
2,590,121.7021,220
2,591,121.6961,220
2,592,121.6716,220
2,593,121.64449999999999,220
2,594,121.64360000000001,220
2,595,121.6421,220
2,596,121.64019999999999,220
2,597,121.6319,220
2,598,121.6126,220
2,599,121.61060000000001,220
2,600,121.5976,220
2,601,121.5839,220
2,602,121.5792,220
2,603,121.56180000000001,220
2,604,121.542,220
2,605,121.53700000000001,220
2,606,121.52370000000001,220
2,607,121.5153,220
2,608,121.515,220
2,609,121.4983,220
2,610,121.4877,220
2,611,121.47969999999999,220
2,612,121.4674,220
2,613,121.4607,220
2,614,121.44670000000001,220
2,615,121.4392,220
2,616,121.43859999999999,220
2,617,121.43470000000001,220
2,618,121.42449999999999,220
2,619,121.4211,220
2,620,121.4132,220
2,621,121.3703,220
2,622,121.3673,220
2,623,121.35599999999999,220
2,624,121.3545,220
2,625,121.3325,220
2,626,121.2243,220
2,627,121.2106,220
2,628,121.20610000000001,220
2,629,121.19629999999999,220
2,630,121.1801,220
2,631,121.1645,220
2,632,121.1413,220
2,633,121.1335,220
2,634,121.13290000000001,220
2,635,121.125,220
2,636,121.1164,220
2,637,121.107,220
2,638,121.1019,220
2,639,121.0928,220
2,640,121.0647,220
2,641,121.0598,220
2,642,121.044,220
2,643,121.0048,220
2,644,121.00069999999999,220
2,645,120.9855,220
2,646,120.9353,220
2,647,120.8832,220
2,648,120.87739999999999,220
2,649,120.87179999999999,220
2,650,120.871,220
2,651,120.8646,220
2,652,120.86020000000001,220
2,653,120.8293,220
2,654,120.8181,220
2,655,120.80800000000001,220
2,656,120.8022,220
2,657,120.79179999999999,220
2,658,120.7629,220
2,659,120.6936,220
2,660,120.6885,220
2,661,120.65779999999999,220
2,662,120.6442,220
2,663,120.6228,220
2,664,120.61360000000001,220
2,665,120.5879,220
2,666,120.5523,220
2,667,120.5384,220
2,668,120.5354,220
2,669,120.52509999999999,220
2,670,120.508,220
2,671,120.5031,220
2,672,120.5016,220
2,673,120.48950000000001,220
2,674,120.4893,220
2,675,120.4847,220
2,676,120.4532,220
2,677,120.4212,220
2,678,120.4029,220
2,679,120.3843,220
2,680,120.37690000000001,220
2,681,120.3561,220
2,682,120.32170000000001,220
2,683,120.3173,220
2,684,120.28060000000001,220
2,685,120.2623,220
2,686,120.2504,220
2,687,120.2393,220
2,688,120.2381,220
2,689,120.2193,220
2,690,120.21599999999999,220
2,691,120.14100000000001,220
2,692,120.1251,220
2,693,120.1155,220
2,694,120.0924,220
2,695,120.0654,220
2,696,120.05070000000001,220
2,697,120.0321,220
2,698,120.0303,220
2,699,120.0277,220
2,700,120.02460000000001,220
2,701,120.0187,220
2,702,120.0094,220
2,703,119.9971,220
2,704,119.9969,220
2,705,119.97499999999999,220
2,706,119.93040000000001,220
2,707,119.86320000000001,220
2,708,119.8595,220
2,709,119.8593,220
2,710,119.8553,220
2,711,119.8368,220
2,712,119.8279,220
2,713,119.7886,220
2,714,119.7779,220
2,715,119.7736,220
2,716,119.76309999999999,220
2,717,119.7576,220
2,718,119.7573,220
2,719,119.7426,220
2,720,119.738,220
2,721,119.735,220
2,722,119.7349,220
2,723,119.70050000000001,220
2,724,119.697,220
2,725,119.6913,220
2,726,119.6906,220
2,727,119.67910000000001,220
2,728,119.6729,220
2,729,119.6673,220
2,730,119.66240000000001,220
2,731,119.65219999999999,220
2,732,119.645,220
2,733,119.6421,220
2,734,119.6169,220
2,735,119.616,220
2,736,119.6121,220
2,737,119.60599999999999,220
2,738,119.6049,220
2,739,119.6005,220
2,740,119.596,220
2,741,119.5689,220
2,742,119.56789999999999,220
2,743,119.5558,220
2,744,119.55289999999999,220
2,745,119.5513,220
2,746,119.54340000000001,220
2,747,119.53959999999999,220
2,748,119.5376,220
2,749,119.5318,220
2,750,119.5301,220
2,751,119.52209999999999,220
2,752,119.4962,220
2,753,119.4941,220
2,754,119.4866,220
2,755,119.4449,220
2,756,119.4397,220
2,757,119.43859999999999,220
2,758,119.435,220
2,759,119.4336,220
2,760,119.39530000000001,220
2,761,119.3938,220
2,762,119.3827,220
2,763,119.381,220
2,764,119.3729,220
2,765,119.37,220
2,766,119.3665,220
2,767,119.3548,220
2,768,119.352,220
2,769,119.346,220
2,770,119.322,220
2,771,119.31870000000001,220
2,772,119.30710000000001,220
2,773,119.3057,220
2,774,119.3039,220
2,775,119.2773,220
2,776,119.2704,220
2,777,119.2653,220
2,778,119.24850000000001,220
2,779,119.23439999999999,220
2,780,119.2328,220
2,781,119.206,220
2,782,119.19880000000001,220
2,783,119.1939,220
2,784,119.18899999999999,220
2,785,119.1806,220
2,786,119.1795,220
2,787,119.17100000000001,220
2,788,119.1679,220
2,789,119.1632,220
2,790,119.1512,220
2,791,119.1024,220
2,792,119.0869,220
2,793,119.0715,220
2,794,119.0669,220
2,795,119.0592,220
2,796,119.0562,220
2,797,119.05,220
2,798,119.0487,220
2,799,119.03830000000001,220
2,800,119.0341,220
2,801,119.03230000000001,220
2,802,119.0264,220
2,803,119.00060000000001,220
2,804,118.98309999999999,220
2,805,118.9806,220
2,806,118.9783,220
2,807,118.97580000000001,220
2,808,118.9639,220
2,809,118.9532,220
2,810,118.95099999999999,220
2,811,118.9367,220
2,812,118.9333,220
2,813,118.9302,220
2,814,118.91370000000001,220
2,815,118.8984,220
2,816,118.8874,220
2,817,118.8854,220
2,818,118.8801,220
2,819,118.8779,220
2,820,118.83669999999999,220
2,821,118.80419999999999,220
2,822,118.7753,220
2,823,118.767,220
2,824,118.7556,220
2,825,118.7381,220
2,826,118.6995,220
2,827,118.67700000000001,220
2,828,118.67400000000001,220
2,829,118.67189999999999,220
2,830,118.6688,220
2,831,118.651,220
2,832,118.63849999999999,220
2,833,118.6143,220
2,834,118.6133,220
2,835,118.6091,220
2,836,118.6035,220
2,837,118.6003,220
2,838,118.5813,220
2,839,118.581,220
2,840,118.577,220
2,841,118.5741,220
2,842,118.566,220
2,843,118.5625,220
2,844,118.5483,220
2,845,118.53740000000001,220
2,846,118.5351,220
2,847,118.52119999999999,220
2,848,118.50700000000001,220
2,849,118.50409999999999,220
2,850,118.4873,220
2,851,118.48350000000001,220
2,852,118.4739,220
2,853,118.4614,220
2,854,118.45950000000001,220
2,855,118.4431,220
2,856,118.44119999999999,220
2,857,118.41119999999999,220
2,858,118.40309999999999,220
2,859,118.3991,220
2,860,118.3822,220
2,861,118.3719,220
2,862,118.3653,220
2,863,118.36360000000001,220
2,864,118.36239999999999,220
2,865,118.34439999999999,220
2,866,118.3404,220
2,867,118.3201,220
2,868,118.31319999999999,220
2,869,118.3109,220
2,870,118.30629999999999,220
2,871,118.304,220
2,872,118.3022,220
2,873,118.28830000000001,220
2,874,118.28789999999999,220
2,875,118.28189999999999,220
2,876,118.2778,220
2,877,118.2636,220
2,878,118.24299999999999,220
2,879,118.229,220
2,880,118.223,220
2,881,118.20999999999999,220
2,882,118.2016,220
2,883,118.2007,220
2,884,118.1981,220
2,885,118.1948,220
2,886,118.18689999999999,220
2,887,118.1606,220
2,888,118.15989999999999,220
2,889,118.1354,220
2,890,118.1311,220
2,891,118.12520000000001,220
2,892,118.1198,220
2,893,118.11539999999999,220
2,894,118.0929,220
2,895,118.08969999999999,220
2,896,118.08240000000001,220
2,897,118.0818,220
2,898,118.06480000000001,220
2,899,118.0557,220
2,900,118.0386,220
2,901,118.0304,220
2,902,118.02589999999999,220
2,903,118.0194,220
2,904,117.99809999999999,220
2,905,117.9802,220
2,906,117.97410000000001,220
2,907,117.9418,220
2,908,117.9409,220
2,909,117.937,220
2,910,117.9346,220
2,911,117.9247,220
2,912,117.9235,220
2,913,117.9101,220
2,914,117.9089,220
2,915,117.8986,220
2,916,117.8725,220
2,917,117.86150000000001,220
2,918,117.8605,220
2,919,117.8578,220
2,920,117.85080000000001,220
2,921,117.8436,220
2,922,117.8429,220
2,923,117.8394,220
2,924,117.8355,220
2,925,117.8353,220
2,926,117.8218,220
2,927,117.79130000000001,220
2,928,117.7912,220
2,929,117.7891,220
2,930,117.7837,220
2,931,117.7812,220
2,932,117.77930000000001,220
2,933,117.77370000000001,220
2,934,117.77330000000001,220
2,935,117.7723,220
2,936,117.77,220
2,937,117.76090000000001,220
2,938,117.759,220
2,939,117.7565,220
2,940,117.7516,220
2,941,117.7467,220
2,942,117.73399999999999,220
2,943,117.73350000000001,220
2,944,117.7307,220
2,945,117.7144,220
2,946,117.6962,220
2,947,117.6952,220
2,948,117.6923,220
2,949,117.68300000000001,220
2,950,117.6687,220
2,951,117.66459999999999,220
2,952,117.66200000000001,220
2,953,117.6348,220
2,954,117.619,220
2,955,117.6161,220
2,956,117.6019,220
2,957,117.5925,220
2,958,117.568,220
2,959,117.55929999999999,220
2,960,117.55759999999999,220
2,961,117.55119999999999,220
2,962,117.5484,220
2,963,117.5475,220
2,964,117.5438,220
2,965,117.536,220
2,966,117.5322,220
2,967,117.52809999999999,220
2,968,117.5241,220
2,969,117.5222,220
2,970,117.52200000000001,220
2,971,117.4868,220
2,972,117.4658,220
2,973,117.46550000000001,220
2,974,117.4644,220
2,975,117.444,220
2,976,117.4408,220
2,977,117.4191,220
2,978,117.4145,220
2,979,117.41289999999999,220
2,980,117.40519999999999,220
2,981,117.4019,220
2,982,117.3935,220
2,983,117.389,220
2,984,117.3857,220
2,985,117.3811,220
2,986,117.37569999999999,220
2,987,117.3747,220
2,988,117.37350000000001,220
2,989,117.3729,220
2,990,117.3678,220
2,991,117.3344,220
2,992,117.3323,220
2,993,117.32769999999999,220
2,994,117.3248,220
2,995,117.3082,220
2,996,117.3064,220
2,997,117.2958,220
2,998,117.2886,220
2,999,117.2629,220
2,1000,117.2612,220
8,1,234.5181,220
8,2,232.56299999999999,220
8,3,225.16849999999999,220
8,4,210.53559999999999,220
8,5,209.15110000000001,220
8,6,202.84309999999999,220
8,7,201.63589999999999,220
8,8,200.31469999999999,220
8,9,198.41640000000001,220
8,10,197.76089999999999,220
8,11,194.88460000000001,220
8,12,194.7174,220
8,13,194.2809,220
8,14,193.2253,220
8,15,192.5093,220
8,16,192.15020000000001,220
8,17,192.13550000000001,220
8,18,191.2851,220
8,19,188.33449999999999,220
8,20,187.1123,220
8,21,186.1285,220
8,22,186.04400000000001,220
8,23,185.7551,220
8,24,185.4855,220
8,25,184.93709999999999,220
8,26,184.2877,220
8,27,183.68000000000001,220
8,28,182.52189999999999,220
8,29,179.6019,220
8,30,179.52209999999999,220
8,31,177.84809999999999,220
8,32,177.40639999999999,220
8,33,177.00200000000001,220
8,34,176.90639999999999,220
8,35,176.26070000000001,220
8,36,175.0044,220
8,37,174.56549999999999,220
8,38,174.03229999999999,220
8,39,173.87350000000001,220
8,40,173.49639999999999,220
8,41,173.1071,220
8,42,171.67679999999999,220
8,43,171.15360000000001,220
8,44,171.13829999999999,220
8,45,170.15809999999999,220
8,46,169.95650000000001,220
8,47,169.73949999999999,220
8,48,169.642,220
8,49,169.47300000000001,220
8,50,168.0592,220
8,51,168.0094,220
8,52,167.74539999999999,220
8,53,167.62200000000001,220
8,54,167.41739999999999,220
8,55,167.22190000000001,220
8,56,166.678,220
8,57,166.29089999999999,220
8,58,165.4194,220
8,59,165.31379999999999,220
8,60,165.30950000000001,220
8,61,165.02199999999999,220
8,62,164.9735,220
8,63,164.4256,220
8,64,164.32159999999999,220
8,65,164.28270000000001,220
8,66,164.2192,220
8,67,163.97800000000001,220
8,68,163.6773,220
8,69,162.58609999999999,220
8,70,162.52889999999999,220
8,71,162.38050000000001,220
8,72,162.29390000000001,220
8,73,162.0419,220
8,74,162.0283,220
8,75,161.49610000000001,220
8,76,161.3809,220
8,77,161.36439999999999,220
8,78,161.0326,220
8,79,160.98910000000001,220
8,80,160.91550000000001,220
8,81,160.72630000000001,220
8,82,160.32210000000001,220
8,83,160.07089999999999,220
8,84,159.4939,220
8,85,159.11789999999999,220
8,86,159.0866,220
8,87,158.88489999999999,220
8,88,158.83969999999999,220
8,89,158.76089999999999,220
8,90,158.69470000000001,220
8,91,158.1455,220
8,92,157.98509999999999,220
8,93,157.9521,220
8,94,157.8449,220
8,95,157.7749,220
8,96,157.35159999999999,220
8,97,157.01310000000001,220
8,98,156.85910000000001,220
8,99,156.64279999999999,220
8,100,156.52959999999999,220
8,101,156.51060000000001,220
8,102,156.49180000000001,220
8,103,156.47309999999999,220
8,104,156.28299999999999,220
8,105,156.22890000000001,220
8,106,156.20480000000001,220
8,107,156.17330000000001,220
8,108,156.11410000000001,220
8,109,156.01730000000001,220
8,110,155.90860000000001,220
8,111,155.55170000000001,220
8,112,155.51929999999999,220
8,113,155.48840000000001,220
8,114,155.15969999999999,220
8,115,155.03550000000001,220
8,116,154.9931,220
8,117,154.95089999999999,220
8,118,154.89619999999999,220
8,119,154.8904,220
8,120,154.73750000000001,220
8,121,154.6831,220
8,122,154.5421,220
8,123,154.3948,220
8,124,154.34270000000001,220
8,125,154.167,220
8,126,154.16220000000001,220
8,127,153.8305,220
8,128,153.56559999999999,220
8,129,153.5016,220
8,130,153.4727,220
8,131,153.4118,220
8,132,153.3058,220
8,133,153.29050000000001,220
8,134,153.2577,220
8,135,153.20490000000001,220
8,136,153.00790000000001,220
8,137,152.75210000000001,220
8,138,152.6412,220
8,139,152.57409999999999,220
8,140,152.5513,220
8,141,152.55009999999999,220
8,142,152.51169999999999,220
8,143,151.91409999999999,220
8,144,151.87880000000001,220
8,145,151.56989999999999,220
8,146,151.5523,220
8,147,151.35679999999999,220
8,148,151.3511,220
8,149,151.1294,220
8,150,151.0393,220
8,151,150.98320000000001,220
8,152,150.94820000000001,220
8,153,150.7508,220
8,154,150.63839999999999,220
8,155,150.61009999999999,220
8,156,150.5728,220
8,157,150.55359999999999,220
8,158,150.517,220
8,159,150.27549999999999,220
8,160,150.21610000000001,220
8,161,150.08590000000001,220
8,162,149.83949999999999,220
8,163,149.67740000000001,220
8,164,149.60939999999999,220
8,165,149.4127,220
8,166,149.30199999999999,220
8,167,149.19149999999999,220
8,168,149.07820000000001,220
8,169,149.06280000000001,220
8,170,149.04679999999999,220
8,171,148.78530000000001,220
8,172,148.7073,220
8,173,148.57259999999999,220
8,174,148.57089999999999,220
8,175,148.48390000000001,220
8,176,148.24700000000001,220
8,177,148.2011,220
8,178,148.12690000000001,220
8,179,147.99940000000001,220
8,180,147.89769999999999,220
8,181,147.83930000000001,220
8,182,147.80250000000001,220
8,183,147.77260000000001,220
8,184,147.67750000000001,220
8,185,147.6747,220
8,186,147.64689999999999,220
8,187,147.62049999999999,220
8,188,147.5197,220
8,189,147.5059,220
8,190,147.40219999999999,220
8,191,147.30719999999999,220
8,192,147.28200000000001,220
8,193,147.2619,220
8,194,147.23050000000001,220
8,195,147.21209999999999,220
8,196,147.17740000000001,220
8,197,147.10980000000001,220
8,198,147.0829,220
8,199,147.02969999999999,220
8,200,147.02070000000001,220
8,201,146.9854,220
8,202,146.80240000000001,220
8,203,146.69370000000001,220
8,204,146.68340000000001,220
8,205,146.6266,220
8,206,146.5729,220
8,207,146.41810000000001,220
8,208,146.249,220
8,209,146.20249999999999,220
8,210,146.09030000000001,220
8,211,145.9128,220
8,212,145.87909999999999,220
8,213,145.78989999999999,220
8,214,145.6413,220
8,215,145.4502,220
8,216,145.2362,220
8,217,145.00470000000001,220
8,218,144.97929999999999,220
8,219,144.83940000000001,220
8,220,144.7114,220
8,221,144.61000000000001,220
8,222,144.54900000000001,220
8,223,144.52449999999999,220
8,224,144.52029999999999,220
8,225,144.4966,220
8,226,144.3664,220
8,227,144.30889999999999,220
8,228,144.23249999999999,220
8,229,144.2047,220
8,230,144.01339999999999,220
8,231,144.001,220
8,232,143.8954,220
8,233,143.816,220
8,234,143.74850000000001,220
8,235,143.42250000000001,220
8,236,143.2355,220
8,237,143.2175,220
8,238,143.1679,220
8,239,142.9631,220
8,240,142.9451,220
8,241,142.88720000000001,220
8,242,142.83799999999999,220
8,243,142.82929999999999,220
8,244,142.81549999999999,220
8,245,142.8049,220
8,246,142.68870000000001,220
8,247,142.56999999999999,220
8,248,142.52099999999999,220
8,249,142.4691,220
8,250,142.4622,220
8,251,142.42570000000001,220
8,252,142.24930000000001,220
8,253,142.2458,220
8,254,142.1927,220
8,255,142.03559999999999,220
8,256,141.98750000000001,220
8,257,141.9486,220
8,258,141.81469999999999,220
8,259,141.80850000000001,220
8,260,141.8074,220
8,261,141.7748,220
8,262,141.601,220
8,263,141.52510000000001,220
8,264,141.52010000000001,220
8,265,141.46870000000001,220
8,266,141.4246,220
8,267,141.13159999999999,220
8,268,141.102,220
8,269,141.0915,220
8,270,141.09030000000001,220
8,271,141.0607,220
8,272,141.0189,220
8,273,140.97810000000001,220
8,274,140.89920000000001,220
8,275,140.85749999999999,220
8,276,140.83949999999999,220
8,277,140.59620000000001,220
8,278,140.57140000000001,220
8,279,140.5352,220
8,280,140.49629999999999,220
8,281,140.4332,220
8,282,140.4162,220
8,283,140.3218,220
8,284,140.31870000000001,220
8,285,140.2526,220
8,286,140.25,220
8,287,140.2225,220
8,288,140.12260000000001,220
8,289,140.0986,220
8,290,140.0496,220
8,291,140.0377,220
8,292,139.91669999999999,220
8,293,139.9119,220
8,294,139.88329999999999,220
8,295,139.87190000000001,220
8,296,139.86590000000001,220
8,297,139.85159999999999,220
8,298,139.7758,220
8,299,139.77209999999999,220
8,300,139.73500000000001,220
8,301,139.71770000000001,220
8,302,139.673,220
8,303,139.6215,220
8,304,139.54939999999999,220
8,305,139.42349999999999,220
8,306,139.3861,220
8,307,139.26589999999999,220
8,308,139.19900000000001,220
8,309,139.09379999999999,220
8,310,139.08240000000001,220
8,311,139.06440000000001,220
8,312,139.06370000000001,220
8,313,139.0478,220
8,314,139.04050000000001,220
8,315,138.99289999999999,220
8,316,138.93969999999999,220
8,317,138.9162,220
8,318,138.9118,220
8,319,138.86259999999999,220
8,320,138.70269999999999,220
8,321,138.5951,220
8,322,138.5667,220
8,323,138.55090000000001,220
8,324,138.54939999999999,220
8,325,138.50049999999999,220
8,326,138.49799999999999,220
8,327,138.44659999999999,220
8,328,138.43549999999999,220
8,329,138.4247,220
8,330,138.40700000000001,220
8,331,138.30549999999999,220
8,332,138.29750000000001,220
8,333,138.18549999999999,220
8,334,138.1337,220
8,335,138.11189999999999,220
8,336,138.0282,220
8,337,137.97499999999999,220
8,338,137.88810000000001,220
8,339,137.87690000000001,220
8,340,137.85640000000001,220
8,341,137.73169999999999,220
8,342,137.68039999999999,220
8,343,137.6028,220
8,344,137.5247,220
8,345,137.48330000000001,220
8,346,137.48070000000001,220
8,347,137.33519999999999,220
8,348,137.30680000000001,220
8,349,137.2783,220
8,350,137.2731,220
8,351,137.19220000000001,220
8,352,137.1464,220
8,353,137.0384,220
8,354,136.86099999999999,220
8,355,136.8459,220
8,356,136.7902,220
8,357,136.78200000000001,220
8,358,136.70240000000001,220
8,359,136.648,220
8,360,136.61850000000001,220
8,361,136.56899999999999,220
8,362,136.43430000000001,220
8,363,136.3914,220
8,364,136.31219999999999,220
8,365,136.30029999999999,220
8,366,136.1951,220
8,367,136.18450000000001,220
8,368,136.12729999999999,220
8,369,136.1232,220
8,370,136.01089999999999,220
8,371,135.97559999999999,220
8,372,135.9478,220
8,373,135.88929999999999,220
8,374,135.7655,220
8,375,135.7543,220
8,376,135.68270000000001,220
8,377,135.65549999999999,220
8,378,135.64689999999999,220
8,379,135.60400000000001,220
8,380,135.59520000000001,220
8,381,135.59110000000001,220
8,382,135.5248,220
8,383,135.5206,220
8,384,135.50550000000001,220
8,385,135.4872,220
8,386,135.46170000000001,220
8,387,135.46119999999999,220
8,388,135.45910000000001,220
8,389,135.39590000000001,220
8,390,135.35319999999999,220
8,391,135.31569999999999,220
8,392,135.30760000000001,220
8,393,135.17080000000001,220
8,394,135.1387,220
8,395,135.1371,220
8,396,135.0675,220
8,397,135.04599999999999,220
8,398,135.02629999999999,220
8,399,134.9606,220
8,400,134.8912,220
8,401,134.86150000000001,220
8,402,134.85560000000001,220
8,403,134.82820000000001,220
8,404,134.70849999999999,220
8,405,134.69900000000001,220
8,406,134.67699999999999,220
8,407,134.58199999999999,220
8,408,134.55090000000001,220
8,409,134.54349999999999,220
8,410,134.52770000000001,220
8,411,134.45820000000001,220
8,412,134.42320000000001,220
8,413,134.34049999999999,220
8,414,134.3169,220
8,415,134.31540000000001,220
8,416,134.31299999999999,220
8,417,134.2269,220
8,418,134.05289999999999,220
8,419,133.9256,220
8,420,133.89099999999999,220
8,421,133.88059999999999,220
8,422,133.8544,220
8,423,133.80359999999999,220
8,424,133.7765,220
8,425,133.762,220
8,426,133.7336,220
8,427,133.6644,220
8,428,133.5616,220
8,429,133.51509999999999,220
8,430,133.4657,220
8,431,133.4639,220
8,432,133.4545,220
8,433,133.4177,220
8,434,133.39619999999999,220
8,435,133.37960000000001,220
8,436,133.1739,220
8,437,133.08860000000001,220
8,438,132.97739999999999,220
8,439,132.96600000000001,220
8,440,132.9221,220
8,441,132.76759999999999,220
8,442,132.7175,220
8,443,132.6979,220
8,444,132.65629999999999,220
8,445,132.58080000000001,220
8,446,132.4451,220
8,447,132.43680000000001,220
8,448,132.32490000000001,220
8,449,132.24979999999999,220
8,450,132.20650000000001,220
8,451,132.16220000000001,220
8,452,132.11689999999999,220
8,453,132.08009999999999,220
8,454,131.96600000000001,220
8,455,131.96539999999999,220
8,456,131.923,220
8,457,131.89599999999999,220
8,458,131.84639999999999,220
8,459,131.84100000000001,220
8,460,131.8228,220
8,461,131.75800000000001,220
8,462,131.72649999999999,220
8,463,131.69059999999999,220
8,464,131.66829999999999,220
8,465,131.608,220
8,466,131.5831,220
8,467,131.55760000000001,220
8,468,131.5283,220
8,469,131.51910000000001,220
8,470,131.5187,220
8,471,131.50989999999999,220
8,472,131.47229999999999,220
8,473,131.47200000000001,220
8,474,131.4538,220
8,475,131.4212,220
8,476,131.31909999999999,220
8,477,131.3108,220
8,478,131.1404,220
8,479,131.13249999999999,220
8,480,131.0933,220
8,481,131.04859999999999,220
8,482,131.01329999999999,220
8,483,131.00579999999999,220
8,484,130.96789999999999,220
8,485,130.93770000000001,220
8,486,130.93450000000001,220
8,487,130.9151,220
8,488,130.85480000000001,220
8,489,130.8527,220
8,490,130.85059999999999,220
8,491,130.8466,220
8,492,130.8306,220
8,493,130.78989999999999,220
8,494,130.71010000000001,220
8,495,130.64599999999999,220
8,496,130.63910000000001,220
8,497,130.6371,220
8,498,130.58949999999999,220
8,499,130.5814,220
8,500,130.56899999999999,220
8,501,130.5324,220
8,502,130.4881,220
8,503,130.40389999999999,220
8,504,130.37200000000001,220
8,505,130.3706,220
8,506,130.3563,220
8,507,130.29920000000001,220
8,508,130.29509999999999,220
8,509,130.2424,220
8,510,130.2396,220
8,511,130.21969999999999,220
8,512,130.20740000000001,220
8,513,130.197,220
8,514,130.1814,220
8,515,130.1627,220
8,516,130.11259999999999,220
8,517,130.08019999999999,220
8,518,130.05179999999999,220
8,519,129.8586,220
8,520,129.83699999999999,220
8,521,129.81229999999999,220
8,522,129.80199999999999,220
8,523,129.7783,220
8,524,129.70339999999999,220
8,525,129.67310000000001,220
8,526,129.67169999999999,220
8,527,129.6353,220
8,528,129.57570000000001,220
8,529,129.52379999999999,220
8,530,129.51990000000001,220
8,531,129.51499999999999,220
8,532,129.44329999999999,220
8,533,129.40389999999999,220
8,534,129.38849999999999,220
8,535,129.35720000000001,220
8,536,129.33920000000001,220
8,537,129.32220000000001,220
8,538,129.28630000000001,220
8,539,129.2799,220
8,540,129.26150000000001,220
8,541,129.22829999999999,220
8,542,129.21180000000001,220
8,543,129.2045,220
8,544,129.16409999999999,220
8,545,129.16329999999999,220
8,546,129.1233,220
8,547,129.1131,220
8,548,129.04759999999999,220
8,549,129.02520000000001,220
8,550,129.01949999999999,220
8,551,128.98330000000001,220
8,552,128.8964,220
8,553,128.85210000000001,220
8,554,128.8272,220
8,555,128.8262,220
8,556,128.76920000000001,220
8,557,128.73099999999999,220
8,558,128.6078,220
8,559,128.60210000000001,220
8,560,128.58779999999999,220
8,561,128.57599999999999,220
8,562,128.5728,220
8,563,128.53059999999999,220
8,564,128.48609999999999,220
8,565,128.46549999999999,220
8,566,128.44149999999999,220
8,567,128.42259999999999,220
8,568,128.40559999999999,220
8,569,128.36160000000001,220
8,570,128.27510000000001,220
8,571,128.2723,220
8,572,128.26220000000001,220
8,573,128.25819999999999,220
8,574,128.19749999999999,220
8,575,128.10339999999999,220
8,576,128.10040000000001,220
8,577,128.09440000000001,220
8,578,128.06450000000001,220
8,579,128.02520000000001,220
8,580,128.023,220
8,581,128.02090000000001,220
8,582,128.0162,220
8,583,127.9926,220
8,584,127.90730000000001,220
8,585,127.9067,220
8,586,127.8944,220
8,587,127.8789,220
8,588,127.83150000000001,220
8,589,127.8021,220
8,590,127.7246,220
8,591,127.6938,220
8,592,127.6721,220
8,593,127.6524,220
8,594,127.6353,220
8,595,127.6199,220
8,596,127.6113,220
8,597,127.6005,220
8,598,127.5822,220
8,599,127.5365,220
8,600,127.5245,220
8,601,127.5048,220
8,602,127.431,220
8,603,127.42,220
8,604,127.4096,220
8,605,127.37309999999999,220
8,606,127.27160000000001,220
8,607,127.26949999999999,220
8,608,127.2591,220
8,609,127.1876,220
8,610,127.13890000000001,220
8,611,127.1306,220
8,612,127.10509999999999,220
8,613,127.0861,220
8,614,127.0638,220
8,615,127.05629999999999,220
8,616,127.0553,220
8,617,127.0526,220
8,618,127.02500000000001,220
8,619,126.9847,220
8,620,126.9838,220
8,621,126.9558,220
8,622,126.9462,220
8,623,126.9354,220
8,624,126.9298,220
8,625,126.9021,220
8,626,126.82640000000001,220
8,627,126.79259999999999,220
8,628,126.7824,220
8,629,126.7753,220
8,630,126.71299999999999,220
8,631,126.7,220
8,632,126.6926,220
8,633,126.6905,220
8,634,126.6896,220
8,635,126.6495,220
8,636,126.6331,220
8,637,126.59869999999999,220
8,638,126.5466,220
8,639,126.5462,220
8,640,126.5086,220
8,641,126.4834,220
8,642,126.4686,220
8,643,126.39919999999999,220
8,644,126.38330000000001,220
8,645,126.38200000000001,220
8,646,126.3755,220
8,647,126.3738,220
8,648,126.36409999999999,220
8,649,126.3497,220
8,650,126.33450000000001,220
8,651,126.31529999999999,220
8,652,126.3036,220
8,653,126.2595,220
8,654,126.2273,220
8,655,126.2182,220
8,656,126.19499999999999,220
8,657,126.15179999999999,220
8,658,126.1181,220
8,659,126.11799999999999,220
8,660,126.1041,220
8,661,126.0951,220
8,662,126.0894,220
8,663,126.0552,220
8,664,126.0549,220
8,665,126.0209,220
8,666,125.991,220
8,667,125.98990000000001,220
8,668,125.9832,220
8,669,125.9658,220
8,670,125.9268,220
8,671,125.8989,220
8,672,125.8826,220
8,673,125.8537,220
8,674,125.834,220
8,675,125.8009,220
8,676,125.79340000000001,220
8,677,125.7932,220
8,678,125.7893,220
8,679,125.7855,220
8,680,125.76309999999999,220
8,681,125.741,220
8,682,125.7239,220
8,683,125.685,220
8,684,125.6498,220
8,685,125.6467,220
8,686,125.6404,220
8,687,125.6367,220
8,688,125.62179999999999,220
8,689,125.6206,220
8,690,125.5951,220
8,691,125.5856,220
8,692,125.56,220
8,693,125.5566,220
8,694,125.5517,220
8,695,125.5427,220
8,696,125.5398,220
8,697,125.5376,220
8,698,125.4913,220
8,699,125.46469999999999,220
8,700,125.4543,220
8,701,125.42100000000001,220
8,702,125.4198,220
8,703,125.39579999999999,220
8,704,125.39530000000001,220
8,705,125.3777,220
8,706,125.3562,220
8,707,125.34220000000001,220
8,708,125.33920000000001,220
8,709,125.3227,220
8,710,125.3214,220
8,711,125.28400000000001,220
8,712,125.28270000000001,220
8,713,125.242,220
8,714,125.2389,220
8,715,125.2333,220
8,716,125.2068,220
8,717,125.19540000000001,220
8,718,125.1815,220
8,719,125.17319999999999,220
8,720,125.17149999999999,220
8,721,125.1568,220
8,722,125.15130000000001,220
8,723,125.1478,220
8,724,125.107,220
8,725,125.0843,220
8,726,125.07389999999999,220
8,727,125.0552,220
8,728,125.0491,220
8,729,125.02,220
8,730,124.99679999999999,220
8,731,124.98869999999999,220
8,732,124.9631,220
8,733,124.9534,220
8,734,124.9515,220
8,735,124.9371,220
8,736,124.93049999999999,220
8,737,124.9195,220
8,738,124.8997,220
8,739,124.8978,220
8,740,124.8617,220
8,741,124.861,220
8,742,124.861,220
8,743,124.8552,220
8,744,124.8544,220
8,745,124.7937,220
8,746,124.7932,220
8,747,124.7758,220
8,748,124.7692,220
8,749,124.7448,220
8,750,124.733,220
8,751,124.7315,220
8,752,124.7289,220
8,753,124.7105,220
8,754,124.7086,220
8,755,124.7077,220
8,756,124.7009,220
8,757,124.6874,220
8,758,124.6867,220
8,759,124.6842,220
8,760,124.6816,220
8,761,124.6627,220
8,762,124.63630000000001,220
8,763,124.5741,220
8,764,124.57380000000001,220
8,765,124.55459999999999,220
8,766,124.51390000000001,220
8,767,124.5123,220
8,768,124.4778,220
8,769,124.4665,220
8,770,124.4569,220
8,771,124.417,220
8,772,124.3947,220
8,773,124.3822,220
8,774,124.3506,220
8,775,124.33759999999999,220
8,776,124.30880000000001,220
8,777,124.3018,220
8,778,124.2989,220
8,779,124.298,220
8,780,124.2929,220
8,781,124.279,220
8,782,124.25700000000001,220
8,783,124.2325,220
8,784,124.2163,220
8,785,124.1893,220
8,786,124.188,220
8,787,124.1729,220
8,788,124.1591,220
8,789,124.14579999999999,220
8,790,124.13209999999999,220
8,791,124.1313,220
8,792,124.1122,220
8,793,124.1099,220
8,794,124.09820000000001,220
8,795,124.06829999999999,220
8,796,124.066,220
8,797,124.0376,220
8,798,124.027,220
8,799,124.0183,220
8,800,124.0138,220
8,801,123.97709999999999,220
8,802,123.946,220
8,803,123.9442,220
8,804,123.93300000000001,220
8,805,123.91330000000001,220
8,806,123.9123,220
8,807,123.87390000000001,220
8,808,123.8712,220
8,809,123.8673,220
8,810,123.8548,220
8,811,123.84,220
8,812,123.80800000000001,220
8,813,123.77,220
8,814,123.759,220
8,815,123.7261,220
8,816,123.7144,220
8,817,123.708,220
8,818,123.6918,220
8,819,123.6819,220
8,820,123.6777,220
8,821,123.6561,220
8,822,123.65560000000001,220
8,823,123.6371,220
8,824,123.6352,220
8,825,123.6341,220
8,826,123.62479999999999,220
8,827,123.61620000000001,220
8,828,123.6159,220
8,829,123.5771,220
8,830,123.5223,220
8,831,123.5205,220
8,832,123.4768,220
8,833,123.4572,220
8,834,123.4517,220
8,835,123.4264,220
8,836,123.425,220
8,837,123.40949999999999,220
8,838,123.3997,220
8,839,123.3912,220
8,840,123.3887,220
8,841,123.38039999999999,220
8,842,123.3618,220
8,843,123.3601,220
8,844,123.3535,220
8,845,123.3357,220
8,846,123.30070000000001,220
8,847,123.2971,220
8,848,123.2937,220
8,849,123.282,220
8,850,123.2812,220
8,851,123.28060000000001,220
8,852,123.27760000000001,220
8,853,123.2702,220
8,854,123.268,220
8,855,123.2634,220
8,856,123.2582,220
8,857,123.2405,220
8,858,123.23860000000001,220
8,859,123.2136,220
8,860,123.2077,220
8,861,123.2028,220
8,862,123.1844,220
8,863,123.18170000000001,220
8,864,123.1452,220
8,865,123.127,220
8,866,123.1216,220
8,867,123.10890000000001,220
8,868,123.0814,220
8,869,123.0757,220
8,870,123.06959999999999,220
8,871,123.0603,220
8,872,123.0441,220
8,873,123.0397,220
8,874,123.0324,220
8,875,123.0307,220
8,876,123.0205,220
8,877,123.00320000000001,220
8,878,122.9877,220
8,879,122.9697,220
8,880,122.9483,220
8,881,122.9457,220
8,882,122.9181,220
8,883,122.8964,220
8,884,122.8892,220
8,885,122.8663,220
8,886,122.8646,220
8,887,122.8441,220
8,888,122.8176,220
8,889,122.8147,220
8,890,122.8094,220
8,891,122.8002,220
8,892,122.7907,220
8,893,122.7345,220
8,894,122.7334,220
8,895,122.7278,220
8,896,122.726,220
8,897,122.7193,220
8,898,122.71169999999999,220
8,899,122.6942,220
8,900,122.6748,220
8,901,122.63720000000001,220
8,902,122.62269999999999,220
8,903,122.59350000000001,220
8,904,122.5886,220
8,905,122.5697,220
8,906,122.5616,220
8,907,122.5438,220
8,908,122.5239,220
8,909,122.50190000000001,220
8,910,122.46429999999999,220
8,911,122.45480000000001,220
8,912,122.45269999999999,220
8,913,122.43980000000001,220
8,914,122.4234,220
8,915,122.40089999999999,220
8,916,122.3869,220
8,917,122.3777,220
8,918,122.37479999999999,220
8,919,122.3694,220
8,920,122.3653,220
8,921,122.3642,220
8,922,122.36320000000001,220
8,923,122.3296,220
8,924,122.3092,220
8,925,122.2392,220
8,926,122.23520000000001,220
8,927,122.2342,220
8,928,122.23009999999999,220
8,929,122.22929999999999,220
8,930,122.2192,220
8,931,122.1675,220
8,932,122.1592,220
8,933,122.152,220
8,934,122.1335,220
8,935,122.12739999999999,220
8,936,122.1181,220
8,937,122.1073,220
8,938,122.0967,220
8,939,122.0964,220
8,940,122.05929999999999,220
8,941,122.0556,220
8,942,122.0545,220
8,943,122.04949999999999,220
8,944,121.9958,220
8,945,121.9948,220
8,946,121.9927,220
8,947,121.9867,220
8,948,121.95820000000001,220
8,949,121.9346,220
8,950,121.9205,220
8,951,121.92010000000001,220
8,952,121.9191,220
8,953,121.90049999999999,220
8,954,121.8984,220
8,955,121.8877,220
8,956,121.88630000000001,220
8,957,121.8839,220
8,958,121.87390000000001,220
8,959,121.8672,220
8,960,121.8449,220
8,961,121.8329,220
8,962,121.821,220
8,963,121.79689999999999,220
8,964,121.79649999999999,220
8,965,121.7792,220
8,966,121.771,220
8,967,121.76220000000001,220
8,968,121.75149999999999,220
8,969,121.7034,220
8,970,121.7012,220
8,971,121.6961,220
8,972,121.67359999999999,220
8,973,121.6711,220
8,974,121.6484,220
8,975,121.6194,220
8,976,121.598,220
8,977,121.59529999999999,220
8,978,121.5873,220
8,979,121.5652,220
8,980,121.5609,220
8,981,121.54640000000001,220
8,982,121.5346,220
8,983,121.53360000000001,220
8,984,121.50920000000001,220
8,985,121.5061,220
8,986,121.4897,220
8,987,121.4806,220
8,988,121.4786,220
8,989,121.4546,220
8,990,121.4521,220
8,991,121.4479,220
8,992,121.43810000000001,220
8,993,121.4165,220
8,994,121.3903,220
8,995,121.3879,220
8,996,121.38720000000001,220
8,997,121.37179999999999,220
8,998,121.35890000000001,220
8,999,121.3416,220
8,1000,121.2927,220
27,1,225.1841,220
27,2,218.3998,220
27,3,216.06319999999999,220
27,4,210.88919999999999,220
27,5,209.13650000000001,220
27,6,196.69929999999999,220
27,7,196.05539999999999,220
27,8,195.56909999999999,220
27,9,193.77010000000001,220
27,10,192.27869999999999,220
27,11,191.8338,220
27,12,191.25409999999999,220
27,13,187.3297,220
27,14,184.69390000000001,220
27,15,184.2261,220
27,16,181.7277,220
27,17,181.2321,220
27,18,181.0119,220
27,19,180.483,220
27,20,179.83969999999999,220
27,21,179.8082,220
27,22,179.09999999999999,220
27,23,179.0667,220
27,24,179.0617,220
27,25,178.22239999999999,220
27,26,175.46809999999999,220
27,27,175.02250000000001,220
27,28,173.52010000000001,220
27,29,170.6437,220
27,30,170.61420000000001,220
27,31,169.89959999999999,220
27,32,168.72219999999999,220
27,33,168.3408,220
27,34,168.05799999999999,220
27,35,167.9836,220
27,36,167.92779999999999,220
27,37,167.9204,220
27,38,167.6294,220
27,39,167.39590000000001,220
27,40,167.28440000000001,220
27,41,167.1455,220
27,42,166.98349999999999,220
27,43,166.65190000000001,220
27,44,166.00190000000001,220
27,45,164.99760000000001,220
27,46,164.70050000000001,220
27,47,164.3382,220
27,48,163.6737,220
27,49,163.47290000000001,220
27,50,162.73769999999999,220
27,51,162.70830000000001,220
27,52,162.5487,220
27,53,162.48179999999999,220
27,54,162.34710000000001,220
27,55,162.24969999999999,220
27,56,162.09719999999999,220
27,57,161.6191,220
27,58,161.50110000000001,220
27,59,161.23570000000001,220
27,60,161.20670000000001,220
27,61,160.828,220
27,62,160.81219999999999,220
27,63,160.70509999999999,220
27,64,160.38730000000001,220
27,65,160.35839999999999,220
27,66,160.11789999999999,220
27,67,160.0615,220
27,68,160.00909999999999,220
27,69,159.82980000000001,220
27,70,159.6267,220
27,71,159.53989999999999,220
27,72,159.369,220
27,73,159.3229,220
27,74,159.303,220
27,75,158.91489999999999,220
27,76,158.7527,220
27,77,158.6172,220
27,78,158.5711,220
27,79,158.39410000000001,220
27,80,158.3896,220
27,81,157.9674,220
27,82,157.72,220
27,83,157.62569999999999,220
27,84,157.4581,220
27,85,157.38550000000001,220
27,86,156.59790000000001,220
27,87,156.017,220
27,88,155.7636,220
27,89,155.49449999999999,220
27,90,155.41409999999999,220
27,91,155.31290000000001,220
27,92,154.81440000000001,220
27,93,154.6764,220
27,94,154.61770000000001,220
27,95,154.49809999999999,220
27,96,154.29220000000001,220
27,97,154.11359999999999,220
27,98,153.66399999999999,220
27,99,153.6558,220
27,100,153.45529999999999,220
27,101,153.3869,220
27,102,152.69569999999999,220
27,103,152.4965,220
27,104,152.48560000000001,220
27,105,152.44839999999999,220
27,106,152.2602,220
27,107,152.21600000000001,220
27,108,152.1473,220
27,109,151.94239999999999,220
27,110,151.68020000000001,220
27,111,151.64580000000001,220
27,112,151.40549999999999,220
27,113,151.31389999999999,220
27,114,151.1412,220
27,115,151.0427,220
27,116,150.98169999999999,220
27,117,150.93170000000001,220
27,118,150.684,220
27,119,150.67699999999999,220
27,120,150.3905,220
27,121,150.33349999999999,220
27,122,150.1814,220
27,123,150.10810000000001,220
27,124,150.05090000000001,220
27,125,150.02879999999999,220
27,126,149.93969999999999,220
27,127,149.86340000000001,220
27,128,149.64949999999999,220
27,129,148.92420000000001,220
27,130,148.48660000000001,220
27,131,148.4562,220
27,132,148.45179999999999,220
27,133,148.24799999999999,220
27,134,148.18369999999999,220
27,135,148.04150000000001,220
27,136,147.93620000000001,220
27,137,147.88,220
27,138,147.8057,220
27,139,147.65860000000001,220
27,140,147.4545,220
27,141,147.40100000000001,220
27,142,147.36959999999999,220
27,143,147.23820000000001,220
27,144,147.1414,220
27,145,146.85499999999999,220
27,146,146.7389,220
27,147,146.51429999999999,220
27,148,146.31309999999999,220
27,149,146.20349999999999,220
27,150,146.15039999999999,220
27,151,146.03550000000001,220
27,152,145.69820000000001,220
27,153,145.35159999999999,220
27,154,145.23949999999999,220
27,155,145.1557,220
27,156,144.90819999999999,220
27,157,144.82060000000001,220
27,158,144.8185,220
27,159,144.8098,220
27,160,144.6797,220
27,161,144.51089999999999,220
27,162,144.22239999999999,220
27,163,144.18379999999999,220
27,164,144.1823,220
27,165,144.1139,220
27,166,144.08029999999999,220
27,167,144.07740000000001,220
27,168,143.98660000000001,220
27,169,143.84139999999999,220
27,170,143.76660000000001,220
27,171,143.74690000000001,220
27,172,143.72929999999999,220
27,173,143.5703,220
27,174,143.50020000000001,220
27,175,143.4734,220
27,176,143.30160000000001,220
27,177,143.2363,220
27,178,143.20689999999999,220
27,179,143.15430000000001,220
27,180,143.15039999999999,220
27,181,143.07579999999999,220
27,182,143.06489999999999,220
27,183,143.01130000000001,220
27,184,142.9461,220
27,185,142.93090000000001,220
27,186,142.922,220
27,187,142.8981,220
27,188,142.87819999999999,220
27,189,142.77799999999999,220
27,190,142.5848,220
27,191,142.54060000000001,220
27,192,142.375,220
27,193,142.35669999999999,220
27,194,142.2175,220
27,195,142.1867,220
27,196,142.1849,220
27,197,142.12190000000001,220
27,198,142.00839999999999,220
27,199,142.00729999999999,220
27,200,141.9666,220
27,201,141.934,220
27,202,141.8458,220
27,203,141.7739,220
27,204,141.773,220
27,205,141.7346,220
27,206,141.6944,220
27,207,141.6388,220
27,208,141.5652,220
27,209,141.51079999999999,220
27,210,141.32499999999999,220
27,211,141.2972,220
27,212,141.27809999999999,220
27,213,141.24549999999999,220
27,214,141.21039999999999,220
27,215,141.13999999999999,220
27,216,141.12379999999999,220
27,217,141.09610000000001,220
27,218,141.0111,220
27,219,140.988,220
27,220,140.98679999999999,220
27,221,140.97370000000001,220
27,222,140.93389999999999,220
27,223,140.9264,220
27,224,140.92429999999999,220
27,225,140.83240000000001,220
27,226,140.75700000000001,220
27,227,140.6472,220
27,228,140.57599999999999,220
27,229,140.44909999999999,220
27,230,140.42920000000001,220
27,231,140.34309999999999,220
27,232,140.3356,220
27,233,140.28,220
27,234,140.27610000000001,220
27,235,140.23159999999999,220
27,236,140.20169999999999,220
27,237,140.13380000000001,220
27,238,140.08529999999999,220
27,239,140.07400000000001,220
27,240,140.01779999999999,220
27,241,140.01159999999999,220
27,242,139.77629999999999,220
27,243,139.7243,220
27,244,139.69220000000001,220
27,245,139.6859,220
27,246,139.6028,220
27,247,139.58959999999999,220
27,248,139.53559999999999,220
27,249,139.41550000000001,220
27,250,139.3639,220
27,251,139.36369999999999,220
27,252,139.36070000000001,220
27,253,139.3546,220
27,254,139.34520000000001,220
27,255,139.27019999999999,220
27,256,139.1875,220
27,257,139.18010000000001,220
27,258,139.14660000000001,220
27,259,139.0574,220
27,260,139.0497,220
27,261,139.04849999999999,220
27,262,139.02420000000001,220
27,263,138.9539,220
27,264,138.92519999999999,220
27,265,138.92099999999999,220
27,266,138.86349999999999,220
27,267,138.8603,220
27,268,138.7235,220
27,269,138.63829999999999,220
27,270,138.62569999999999,220
27,271,138.60169999999999,220
27,272,138.58170000000001,220
27,273,138.47749999999999,220
27,274,138.46549999999999,220
27,275,138.41309999999999,220
27,276,138.36089999999999,220
27,277,138.32210000000001,220
27,278,138.256,220
27,279,138.23400000000001,220
27,280,138.21940000000001,220
27,281,138.18960000000001,220
27,282,138.1848,220
27,283,138.13829999999999,220
27,284,138.00450000000001,220
27,285,137.93029999999999,220
27,286,137.90819999999999,220
27,287,137.86279999999999,220
27,288,137.8485,220
27,289,137.7285,220
27,290,137.70249999999999,220
27,291,137.66650000000001,220
27,292,137.66630000000001,220
27,293,137.56479999999999,220
27,294,137.53,220
27,295,137.4907,220
27,296,137.3673,220
27,297,137.3578,220
27,298,137.34180000000001,220
27,299,137.3364,220
27,300,137.31870000000001,220
27,301,137.25219999999999,220
27,302,137.2107,220
27,303,137.1857,220
27,304,137.1568,220
27,305,137.12,220
27,306,137.09229999999999,220
27,307,137.09030000000001,220
27,308,137.0779,220
27,309,136.91929999999999,220
27,310,136.7012,220
27,311,136.59,220
27,312,136.57810000000001,220
27,313,136.4205,220
27,314,136.40280000000001,220
27,315,136.39940000000001,220
27,316,136.35310000000001,220
27,317,136.2713,220
27,318,136.24770000000001,220
27,319,136.24629999999999,220
27,320,136.21809999999999,220
27,321,136.185,220
27,322,136.11089999999999,220
27,323,136.03469999999999,220
27,324,136.00890000000001,220
27,325,135.88220000000001,220
27,326,135.8466,220
27,327,135.8459,220
27,328,135.69329999999999,220
27,329,135.68049999999999,220
27,330,135.6532,220
27,331,135.65270000000001,220
27,332,135.6481,220
27,333,135.63749999999999,220
27,334,135.6002,220
27,335,135.5129,220
27,336,135.48939999999999,220
27,337,135.3852,220
27,338,135.37989999999999,220
27,339,135.1953,220
27,340,135.09739999999999,220
27,341,135.0239,220
27,342,135.0171,220
27,343,134.98589999999999,220
27,344,134.96100000000001,220
27,345,134.93790000000001,220
27,346,134.7961,220
27,347,134.7311,220
27,348,134.7072,220
27,349,134.67529999999999,220
27,350,134.6285,220
27,351,134.59450000000001,220
27,352,134.5735,220
27,353,134.5582,220
27,354,134.5419,220
27,355,134.5402,220
27,356,134.5326,220
27,357,134.48429999999999,220
27,358,134.36920000000001,220
27,359,134.31819999999999,220
27,360,134.316,220
27,361,134.28450000000001,220
27,362,134.20339999999999,220
27,363,134.19049999999999,220
27,364,134.11709999999999,220
27,365,134.06469999999999,220
27,366,134.06059999999999,220
27,367,133.99979999999999,220
27,368,133.95949999999999,220
27,369,133.94980000000001,220
27,370,133.91290000000001,220
27,371,133.8159,220
27,372,133.7568,220
27,373,133.74459999999999,220
27,374,133.7432,220
27,375,133.7064,220
27,376,133.69300000000001,220
27,377,133.6534,220
27,378,133.63409999999999,220
27,379,133.62379999999999,220
27,380,133.57550000000001,220
27,381,133.57419999999999,220
27,382,133.5548,220
27,383,133.53210000000001,220
27,384,133.50839999999999,220
27,385,133.50299999999999,220
27,386,133.39019999999999,220
27,387,133.35980000000001,220
27,388,133.3329,220
27,389,133.29400000000001,220
27,390,133.22290000000001,220
27,391,133.21559999999999,220
27,392,133.16800000000001,220
27,393,133.15629999999999,220
27,394,133.1353,220
27,395,133.12899999999999,220
27,396,133.1285,220
27,397,133.10659999999999,220
27,398,133.0599,220
27,399,133.04130000000001,220
27,400,133.00030000000001,220
27,401,132.86150000000001,220
27,402,132.8587,220
27,403,132.7998,220
27,404,132.79830000000001,220
27,405,132.79060000000001,220
27,406,132.7791,220
27,407,132.77699999999999,220
27,408,132.7662,220
27,409,132.73580000000001,220
27,410,132.68860000000001,220
27,411,132.50960000000001,220
27,412,132.48580000000001,220
27,413,132.46459999999999,220
27,414,132.35650000000001,220
27,415,132.3323,220
27,416,132.3184,220
27,417,132.29689999999999,220
27,418,132.29060000000001,220
27,419,132.28120000000001,220
27,420,132.2706,220
27,421,132.24080000000001,220
27,422,132.15950000000001,220
27,423,132.13650000000001,220
27,424,132.13210000000001,220
27,425,132.07509999999999,220
27,426,132.0198,220
27,427,132.00960000000001,220
27,428,131.98009999999999,220
27,429,131.93520000000001,220
27,430,131.9248,220
27,431,131.91640000000001,220
27,432,131.8766,220
27,433,131.86340000000001,220
27,434,131.84399999999999,220
27,435,131.7996,220
27,436,131.76320000000001,220
27,437,131.68430000000001,220
27,438,131.59360000000001,220
27,439,131.5744,220
27,440,131.54349999999999,220
27,441,131.52590000000001,220
27,442,131.52090000000001,220
27,443,131.49979999999999,220
27,444,131.40989999999999,220
27,445,131.3905,220
27,446,131.31559999999999,220
27,447,131.3066,220
27,448,131.30330000000001,220
27,449,131.2783,220
27,450,131.24690000000001,220
27,451,131.23310000000001,220
27,452,131.20310000000001,220
27,453,131.1925,220
27,454,131.14840000000001,220
27,455,131.1405,220
27,456,131.1112,220
27,457,131.08789999999999,220
27,458,130.96719999999999,220
27,459,130.94030000000001,220
27,460,130.917,220
27,461,130.90809999999999,220
27,462,130.90129999999999,220
27,463,130.8998,220
27,464,130.857,220
27,465,130.84049999999999,220
27,466,130.80269999999999,220
27,467,130.80070000000001,220
27,468,130.74850000000001,220
27,469,130.74010000000001,220
27,470,130.67349999999999,220
27,471,130.6593,220
27,472,130.64259999999999,220
27,473,130.6208,220
27,474,130.61330000000001,220
27,475,130.58609999999999,220
27,476,130.57859999999999,220
27,477,130.47319999999999,220
27,478,130.47210000000001,220
27,479,130.44409999999999,220
27,480,130.42949999999999,220
27,481,130.4187,220
27,482,130.41390000000001,220
27,483,130.38319999999999,220
27,484,130.33529999999999,220
27,485,130.31270000000001,220
27,486,130.30439999999999,220
27,487,130.29640000000001,220
27,488,130.27440000000001,220
27,489,130.24770000000001,220
27,490,130.21199999999999,220
27,491,130.1979,220
27,492,130.17840000000001,220
27,493,130.12209999999999,220
27,494,130.11660000000001,220
27,495,130.11199999999999,220
27,496,129.9975,220
27,497,129.9837,220
27,498,129.87549999999999,220
27,499,129.81460000000001,220
27,500,129.7816,220
27,501,129.78,220
27,502,129.77619999999999,220
27,503,129.7636,220
27,504,129.73249999999999,220
27,505,129.71530000000001,220
27,506,129.70339999999999,220
27,507,129.67080000000001,220
27,508,129.66079999999999,220
27,509,129.64500000000001,220
27,510,129.54040000000001,220
27,511,129.5394,220
27,512,129.46940000000001,220
27,513,129.44720000000001,220
27,514,129.44640000000001,220
27,515,129.416,220
27,516,129.40520000000001,220
27,517,129.39689999999999,220
27,518,129.321,220
27,519,129.31809999999999,220
27,520,129.2303,220
27,521,129.20480000000001,220
27,522,129.06319999999999,220
27,523,129.04159999999999,220
27,524,129.01349999999999,220
27,525,129.00370000000001,220
27,526,129.001,220
27,527,128.99770000000001,220
27,528,128.93979999999999,220
27,529,128.92080000000001,220
27,530,128.8887,220
27,531,128.8817,220
27,532,128.8674,220
27,533,128.8013,220
27,534,128.79390000000001,220
27,535,128.78360000000001,220
27,536,128.7055,220
27,537,128.70529999999999,220
27,538,128.64250000000001,220
27,539,128.64230000000001,220
27,540,128.62809999999999,220
27,541,128.6036,220
27,542,128.601,220
27,543,128.55539999999999,220
27,544,128.5352,220
27,545,128.52010000000001,220
27,546,128.5164,220
27,547,128.49610000000001,220
27,548,128.4931,220
27,549,128.4151,220
27,550,128.37649999999999,220
27,551,128.3331,220
27,552,128.32839999999999,220
27,553,128.291,220
27,554,128.28980000000001,220
27,555,128.2688,220
27,556,128.25129999999999,220
27,557,128.22810000000001,220
27,558,128.2236,220
27,559,128.19880000000001,220
27,560,128.18379999999999,220
27,561,128.1454,220
27,562,128.13939999999999,220
27,563,128.12450000000001,220
27,564,128.113,220
27,565,128.10769999999999,220
27,566,128.08629999999999,220
27,567,128.07900000000001,220
27,568,128.0471,220
27,569,128.0463,220
27,570,128.00229999999999,220
27,571,127.99460000000001,220
27,572,127.9803,220
27,573,127.96420000000001,220
27,574,127.94970000000001,220
27,575,127.9378,220
27,576,127.9319,220
27,577,127.9281,220
27,578,127.8854,220
27,579,127.8656,220
27,580,127.8599,220
27,581,127.8593,220
27,582,127.8476,220
27,583,127.83929999999999,220
27,584,127.8,220
27,585,127.79859999999999,220
27,586,127.7801,220
27,587,127.767,220
27,588,127.75230000000001,220
27,589,127.7264,220
27,590,127.718,220
27,591,127.6703,220
27,592,127.6555,220
27,593,127.6476,220
27,594,127.6467,220
27,595,127.60039999999999,220
27,596,127.5543,220
27,597,127.458,220
27,598,127.41719999999999,220
27,599,127.3913,220
27,600,127.3818,220
27,601,127.29170000000001,220
27,602,127.2868,220
27,603,127.25,220
27,604,127.2488,220
27,605,127.2196,220
27,606,127.2175,220
27,607,127.2118,220
27,608,127.2024,220
27,609,127.1435,220
27,610,127.12260000000001,220
27,611,127.0733,220
27,612,127.03149999999999,220
27,613,127.003,220
27,614,126.9721,220
27,615,126.90389999999999,220
27,616,126.8947,220
27,617,126.8918,220
27,618,126.889,220
27,619,126.8844,220
27,620,126.8745,220
27,621,126.86060000000001,220
27,622,126.79810000000001,220
27,623,126.7958,220
27,624,126.7483,220
27,625,126.7454,220
27,626,126.72239999999999,220
27,627,126.705,220
27,628,126.69289999999999,220
27,629,126.6815,220
27,630,126.675,220
27,631,126.669,220
27,632,126.66800000000001,220
27,633,126.6614,220
27,634,126.6365,220
27,635,126.6215,220
27,636,126.6109,220
27,637,126.5933,220
27,638,126.5878,220
27,639,126.5684,220
27,640,126.56699999999999,220
27,641,126.55459999999999,220
27,642,126.5219,220
27,643,126.50060000000001,220
27,644,126.49630000000001,220
27,645,126.48950000000001,220
27,646,126.45610000000001,220
27,647,126.36409999999999,220
27,648,126.29600000000001,220
27,649,126.247,220
27,650,126.215,220
27,651,126.1895,220
27,652,126.1678,220
27,653,126.1648,220
27,654,126.16289999999999,220
27,655,126.14749999999999,220
27,656,126.1408,220
27,657,126.13339999999999,220
27,658,126.0989,220
27,659,126.0652,220
27,660,126.04649999999999,220
27,661,126.02379999999999,220
27,662,126.0125,220
27,663,126.00709999999999,220
27,664,126.00149999999999,220
27,665,125.98050000000001,220
27,666,125.94580000000001,220
27,667,125.9406,220
27,668,125.9332,220
27,669,125.87860000000001,220
27,670,125.8411,220
27,671,125.8395,220
27,672,125.8391,220
27,673,125.80889999999999,220
27,674,125.77030000000001,220
27,675,125.7672,220
27,676,125.76300000000001,220
27,677,125.7496,220
27,678,125.7379,220
27,679,125.7216,220
27,680,125.715,220
27,681,125.69410000000001,220
27,682,125.6921,220
27,683,125.6482,220
27,684,125.64190000000001,220
27,685,125.6176,220
27,686,125.6164,220
27,687,125.6112,220
27,688,125.59690000000001,220
27,689,125.5072,220
27,690,125.50700000000001,220
27,691,125.4635,220
27,692,125.4479,220
27,693,125.44,220
27,694,125.42659999999999,220
27,695,125.41459999999999,220
27,696,125.3892,220
27,697,125.3861,220
27,698,125.3669,220
27,699,125.3566,220
27,700,125.3515,220
27,701,125.3464,220
27,702,125.3125,220
27,703,125.3124,220
27,704,125.3027,220
27,705,125.2795,220
27,706,125.279,220
27,707,125.2572,220
27,708,125.2302,220
27,709,125.2182,220
27,710,125.2135,220
27,711,125.18680000000001,220
27,712,125.1634,220
27,713,125.13939999999999,220
27,714,125.1258,220
27,715,125.12139999999999,220
27,716,125.1112,220
27,717,125.1091,220
27,718,125.10550000000001,220
27,719,125.074,220
27,720,125.06480000000001,220
27,721,125.0579,220
27,722,125.0484,220
27,723,125.038,220
27,724,125.03700000000001,220
27,725,125.0343,220
27,726,125.014,220
27,727,125.01260000000001,220
27,728,125.0052,220
27,729,125.0048,220
27,730,124.9982,220
27,731,124.9877,220
27,732,124.9731,220
27,733,124.9633,220
27,734,124.95229999999999,220
27,735,124.94540000000001,220
27,736,124.9186,220
27,737,124.9145,220
27,738,124.9032,220
27,739,124.89790000000001,220
27,740,124.867,220
27,741,124.86660000000001,220
27,742,124.8647,220
27,743,124.8553,220
27,744,124.8202,220
27,745,124.81489999999999,220
27,746,124.79859999999999,220
27,747,124.7877,220
27,748,124.7855,220
27,749,124.75490000000001,220
27,750,124.7544,220
27,751,124.7458,220
27,752,124.6964,220
27,753,124.6833,220
27,754,124.6769,220
27,755,124.6554,220
27,756,124.6048,220
27,757,124.58759999999999,220
27,758,124.5853,220
27,759,124.5742,220
27,760,124.5677,220
27,761,124.56399999999999,220
27,762,124.56359999999999,220
27,763,124.4909,220
27,764,124.48950000000001,220
27,765,124.48820000000001,220
27,766,124.4692,220
27,767,124.45829999999999,220
27,768,124.4567,220
27,769,124.42230000000001,220
27,770,124.4191,220
27,771,124.4072,220
27,772,124.4034,220
27,773,124.3993,220
27,774,124.39490000000001,220
27,775,124.3841,220
27,776,124.37739999999999,220
27,777,124.31789999999999,220
27,778,124.3147,220
27,779,124.3001,220
27,780,124.29430000000001,220
27,781,124.2912,220
27,782,124.29040000000001,220
27,783,124.2824,220
27,784,124.2741,220
27,785,124.2543,220
27,786,124.2419,220
27,787,124.2145,220
27,788,124.18810000000001,220
27,789,124.18770000000001,220
27,790,124.1824,220
27,791,124.1609,220
27,792,124.16030000000001,220
27,793,124.1455,220
27,794,124.10720000000001,220
27,795,124.10680000000001,220
27,796,124.0779,220
27,797,124.07729999999999,220
27,798,124.05540000000001,220
27,799,124.02760000000001,220
27,800,123.9957,220
27,801,123.9932,220
27,802,123.94970000000001,220
27,803,123.93640000000001,220
27,804,123.9174,220
27,805,123.90770000000001,220
27,806,123.904,220
27,807,123.8974,220
27,808,123.8907,220
27,809,123.8831,220
27,810,123.8742,220
27,811,123.87179999999999,220
27,812,123.8583,220
27,813,123.85809999999999,220
27,814,123.8449,220
27,815,123.777,220
27,816,123.7659,220
27,817,123.75879999999999,220
27,818,123.7473,220
27,819,123.73820000000001,220
27,820,123.738,220
27,821,123.73560000000001,220
27,822,123.7308,220
27,823,123.70959999999999,220
27,824,123.7072,220
27,825,123.69410000000001,220
27,826,123.6799,220
27,827,123.64700000000001,220
27,828,123.6343,220
27,829,123.62050000000001,220
27,830,123.6168,220
27,831,123.61539999999999,220
27,832,123.6112,220
27,833,123.5702,220
27,834,123.5441,220
27,835,123.5364,220
27,836,123.5295,220
27,837,123.51909999999999,220
27,838,123.4975,220
27,839,123.4914,220
27,840,123.4785,220
27,841,123.46899999999999,220
27,842,123.4573,220
27,843,123.4543,220
27,844,123.44410000000001,220
27,845,123.4379,220
27,846,123.4254,220
27,847,123.3831,220
27,848,123.3686,220
27,849,123.3672,220
27,850,123.3523,220
27,851,123.3503,220
27,852,123.3186,220
27,853,123.2937,220
27,854,123.28619999999999,220
27,855,123.2681,220
27,856,123.2534,220
27,857,123.248,220
27,858,123.2435,220
27,859,123.2403,220
27,860,123.23139999999999,220
27,861,123.2165,220
27,862,123.19929999999999,220
27,863,123.1986,220
27,864,123.19280000000001,220
27,865,123.1444,220
27,866,123.12560000000001,220
27,867,123.1245,220
27,868,123.1063,220
27,869,123.09010000000001,220
27,870,123.0159,220
27,871,122.9992,220
27,872,122.9913,220
27,873,122.9746,220
27,874,122.96850000000001,220
27,875,122.96469999999999,220
27,876,122.95050000000001,220
27,877,122.9132,220
27,878,122.9076,220
27,879,122.89709999999999,220
27,880,122.8921,220
27,881,122.8471,220
27,882,122.8468,220
27,883,122.8356,220
27,884,122.8335,220
27,885,122.8232,220
27,886,122.8212,220
27,887,122.82080000000001,220
27,888,122.8202,220
27,889,122.8192,220
27,890,122.7786,220
27,891,122.76739999999999,220
27,892,122.7617,220
27,893,122.7538,220
27,894,122.7402,220
27,895,122.7204,220
27,896,122.71639999999999,220
27,897,122.6994,220
27,898,122.66589999999999,220
27,899,122.64749999999999,220
27,900,122.6465,220
27,901,122.63760000000001,220
27,902,122.6319,220
27,903,122.6281,220
27,904,122.6212,220
27,905,122.5972,220
27,906,122.5951,220
27,907,122.5909,220
27,908,122.5732,220
27,909,122.5681,220
27,910,122.5667,220
27,911,122.5647,220
27,912,122.5628,220
27,913,122.557,220
27,914,122.5389,220
27,915,122.5301,220
27,916,122.5176,220
27,917,122.4958,220
27,918,122.4881,220
27,919,122.48480000000001,220
27,920,122.47709999999999,220
27,921,122.471,220
27,922,122.4385,220
27,923,122.4265,220
27,924,122.4209,220
27,925,122.408,220
27,926,122.40219999999999,220
27,927,122.3835,220
27,928,122.3515,220
27,929,122.3409,220
27,930,122.3323,220
27,931,122.3283,220
27,932,122.3141,220
27,933,122.3098,220
27,934,122.30500000000001,220
27,935,122.2966,220
27,936,122.2937,220
27,937,122.26560000000001,220
27,938,122.21129999999999,220
27,939,122.1987,220
27,940,122.1647,220
27,941,122.14449999999999,220
27,942,122.1412,220
27,943,122.1354,220
27,944,122.1165,220
27,945,122.1101,220
27,946,122.1096,220
27,947,122.10760000000001,220
27,948,122.0963,220
27,949,122.09,220
27,950,122.07980000000001,220
27,951,122.0685,220
27,952,122.0484,220
27,953,122.0368,220
27,954,122.0305,220
27,955,122.0258,220
27,956,122.00579999999999,220
27,957,122.00490000000001,220
27,958,121.9834,220
27,959,121.9823,220
27,960,121.96040000000001,220
27,961,121.9564,220
27,962,121.9528,220
27,963,121.9512,220
27,964,121.93859999999999,220
27,965,121.923,220
27,966,121.8867,220
27,967,121.8587,220
27,968,121.8456,220
27,969,121.8424,220
27,970,121.8211,220
27,971,121.8194,220
27,972,121.8021,220
27,973,121.7548,220
27,974,121.74769999999999,220
27,975,121.7039,220
27,976,121.68810000000001,220
27,977,121.6593,220
27,978,121.6461,220
27,979,121.6318,220
27,980,121.5779,220
27,981,121.53919999999999,220
27,982,121.5061,220
27,983,121.5003,220
27,984,121.4657,220
27,985,121.46559999999999,220
27,986,121.4597,220
27,987,121.4298,220
27,988,121.422,220
27,989,121.4033,220
27,990,121.3994,220
27,991,121.39530000000001,220
27,992,121.3914,220
27,993,121.3909,220
27,994,121.3909,220
27,995,121.3811,220
27,996,121.3629,220
27,997,121.3599,220
27,998,121.3261,220
27,999,121.3036,220
27,1000,121.2741,220
29,1,220.36420000000001,220
29,2,210.18770000000001,220
29,3,206.56700000000001,220
29,4,203.42070000000001,220
29,5,198.6173,220
29,6,197.3817,220
29,7,197.3511,220
29,8,196.0472,220
29,9,195.80600000000001,220
29,10,194.2835,220
29,11,194.114,220
29,12,190.7929,220
29,13,190.71879999999999,220
29,14,190.01140000000001,220
29,15,188.58179999999999,220
29,16,188.43960000000001,220
29,17,187.43610000000001,220
29,18,185.65469999999999,220
29,19,184.6694,220
29,20,184.36449999999999,220
29,21,182.33109999999999,220
29,22,182.3227,220
29,23,181.91800000000001,220
29,24,181.2895,220
29,25,181.0411,220
29,26,179.83250000000001,220
29,27,178.62639999999999,220
29,28,178.3228,220
29,29,176.90479999999999,220
29,30,176.85409999999999,220
29,31,176.76920000000001,220
29,32,175.97839999999999,220
29,33,175.9357,220
29,34,174.61949999999999,220
29,35,174.05950000000001,220
29,36,173.92840000000001,220
29,37,173.67060000000001,220
29,38,173.5607,220
29,39,173.5341,220
29,40,173.2407,220
29,41,172.4777,220
29,42,171.79490000000001,220
29,43,171.4299,220
29,44,171.1036,220
29,45,170.85679999999999,220
29,46,170.4924,220
29,47,170.35409999999999,220
29,48,169.63640000000001,220
29,49,169.27500000000001,220
29,50,169.0975,220
29,51,168.43510000000001,220
29,52,168.0145,220
29,53,167.81800000000001,220
29,54,167.4177,220
29,55,167.33410000000001,220
29,56,167.2825,220
29,57,166.416,220
29,58,166.1694,220
29,59,165.57689999999999,220
29,60,165.3665,220
29,61,164.8913,220
29,62,164.58420000000001,220
29,63,163.95869999999999,220
29,64,163.78790000000001,220
29,65,163.51259999999999,220
29,66,163.2405,220
29,67,163.23740000000001,220
29,68,162.40049999999999,220
29,69,162.21459999999999,220
29,70,161.91480000000001,220
29,71,161.89570000000001,220
29,72,161.5883,220
29,73,161.43029999999999,220
29,74,161.268,220
29,75,161.05459999999999,220
29,76,160.72489999999999,220
29,77,160.51060000000001,220
29,78,160.18350000000001,220
29,79,159.9571,220
29,80,159.7012,220
29,81,159.64680000000001,220
29,82,159.5968,220
29,83,159.54249999999999,220
29,84,159.4864,220
29,85,159.4186,220
29,86,158.87950000000001,220
29,87,158.55350000000001,220
29,88,158.43690000000001,220
29,89,158.04929999999999,220
29,90,157.9555,220
29,91,157.90979999999999,220
29,92,157.63079999999999,220
29,93,157.4308,220
29,94,157.4014,220
29,95,157.34569999999999,220
29,96,157.06790000000001,220
29,97,156.82239999999999,220
29,98,156.53229999999999,220
29,99,156.50720000000001,220
29,100,156.42949999999999,220
29,101,155.94999999999999,220
29,102,155.87200000000001,220
29,103,155.8305,220
29,104,155.50049999999999,220
29,105,155.37520000000001,220
29,106,155.21279999999999,220
29,107,155.1653,220
29,108,155.12860000000001,220
29,109,155.0438,220
29,110,155.00899999999999,220
29,111,154.99809999999999,220
29,112,154.98920000000001,220
29,113,154.94839999999999,220
29,114,154.88800000000001,220
29,115,154.81720000000001,220
29,116,154.79589999999999,220
29,117,154.77209999999999,220
29,118,154.7141,220
29,119,154.6711,220
29,120,154.66309999999999,220
29,121,154.65979999999999,220
29,122,154.37799999999999,220
29,123,154.32900000000001,220
29,124,154.32220000000001,220
29,125,154.22730000000001,220
29,126,154.21789999999999,220
29,127,154.1113,220
29,128,153.95439999999999,220
29,129,153.82669999999999,220
29,130,153.79050000000001,220
29,131,153.73230000000001,220
29,132,153.6842,220
29,133,153.27000000000001,220
29,134,153.2679,220
29,135,153.26220000000001,220
29,136,152.846,220
29,137,152.73519999999999,220
29,138,152.50229999999999,220
29,139,152.43260000000001,220
29,140,152.23070000000001,220
29,141,152.21090000000001,220
29,142,152.17230000000001,220
29,143,152.0891,220
29,144,152.0521,220
29,145,152.03569999999999,220
29,146,151.99279999999999,220
29,147,151.98699999999999,220
29,148,151.8938,220
29,149,151.6455,220
29,150,151.61320000000001,220
29,151,151.523,220
29,152,151.40649999999999,220
29,153,151.34899999999999,220
29,154,151.19139999999999,220
29,155,151.0737,220
29,156,151.07320000000001,220
29,157,150.9588,220
29,158,150.60130000000001,220
29,159,150.50530000000001,220
29,160,150.45779999999999,220
29,161,150.3931,220
29,162,150.37729999999999,220
29,163,150.18680000000001,220
29,164,149.9367,220
29,165,149.76439999999999,220
29,166,149.74680000000001,220
29,167,149.70869999999999,220
29,168,149.6763,220
29,169,149.6292,220
29,170,149.61500000000001,220
29,171,149.5497,220
29,172,149.4837,220
29,173,149.48050000000001,220
29,174,149.4545,220
29,175,149.44220000000001,220
29,176,149.3451,220
29,177,149.19569999999999,220
29,178,149.16480000000001,220
29,179,149.13640000000001,220
29,180,149.10759999999999,220
29,181,149.08260000000001,220
29,182,149.07490000000001,220
29,183,149.0462,220
29,184,149.02199999999999,220
29,185,148.94810000000001,220
29,186,148.89250000000001,220
29,187,148.89009999999999,220
29,188,148.8373,220
29,189,148.82939999999999,220
29,190,148.70820000000001,220
29,191,148.4854,220
29,192,148.44720000000001,220
29,193,148.3501,220
29,194,148.33330000000001,220
29,195,148.26259999999999,220
29,196,148.08250000000001,220
29,197,148.02950000000001,220
29,198,147.99629999999999,220
29,199,147.9794,220
29,200,147.9657,220
29,201,147.9178,220
29,202,147.91579999999999,220
29,203,147.80090000000001,220
29,204,147.77930000000001,220
29,205,147.7225,220
29,206,147.55520000000001,220
29,207,147.33629999999999,220
29,208,147.2516,220
29,209,147.24289999999999,220
29,210,147.1294,220
29,211,147.124,220
29,212,147.1165,220
29,213,146.9066,220
29,214,146.53710000000001,220
29,215,146.43180000000001,220
29,216,146.38319999999999,220
29,217,146.32419999999999,220
29,218,146.2818,220
29,219,146.25899999999999,220
29,220,146.20599999999999,220
29,221,146.13,220
29,222,146.08799999999999,220
29,223,146.0361,220
29,224,145.9571,220
29,225,145.94479999999999,220
29,226,145.87440000000001,220
29,227,145.7534,220
29,228,145.578,220
29,229,145.55719999999999,220
29,230,145.52600000000001,220
29,231,145.52279999999999,220
29,232,145.49520000000001,220
29,233,145.46979999999999,220
29,234,145.4485,220
29,235,145.43389999999999,220
29,236,145.42230000000001,220
29,237,145.39279999999999,220
29,238,145.3682,220
29,239,145.27099999999999,220
29,240,145.20339999999999,220
29,241,145.18639999999999,220
29,242,145.1704,220
29,243,145.09999999999999,220
29,244,145.09870000000001,220
29,245,145.03200000000001,220
29,246,144.8937,220
29,247,144.84209999999999,220
29,248,144.82210000000001,220
29,249,144.691,220
29,250,144.65770000000001,220
29,251,144.60120000000001,220
29,252,144.5746,220
29,253,144.55850000000001,220
29,254,144.5275,220
29,255,144.50649999999999,220
29,256,144.2766,220
29,257,144.2586,220
29,258,144.19560000000001,220
29,259,144.16990000000001,220
29,260,144.15180000000001,220
29,261,144.11150000000001,220
29,262,144.0583,220
29,263,143.96459999999999,220
29,264,143.95359999999999,220
29,265,143.9332,220
29,266,143.83029999999999,220
29,267,143.77500000000001,220
29,268,143.70769999999999,220
29,269,143.6069,220
29,270,143.52619999999999,220
29,271,143.518,220
29,272,143.1551,220
29,273,142.87880000000001,220
29,274,142.81659999999999,220
29,275,142.70830000000001,220
29,276,142.64680000000001,220
29,277,142.59020000000001,220
29,278,142.5531,220
29,279,142.55000000000001,220
29,280,142.40020000000001,220
29,281,142.36170000000001,220
29,282,142.328,220
29,283,142.23179999999999,220
29,284,142.10720000000001,220
29,285,142.1035,220
29,286,142.018,220
29,287,142.0087,220
29,288,141.92580000000001,220
29,289,141.90100000000001,220
29,290,141.8631,220
29,291,141.80799999999999,220
29,292,141.6583,220
29,293,141.65000000000001,220
29,294,141.6036,220
29,295,141.49299999999999,220
29,296,141.48949999999999,220
29,297,141.48609999999999,220
29,298,141.38310000000001,220
29,299,141.3536,220
29,300,141.34270000000001,220
29,301,141.2978,220
29,302,141.29089999999999,220
29,303,141.26519999999999,220
29,304,141.2062,220
29,305,141.0487,220
29,306,141.04509999999999,220
29,307,141.03720000000001,220
29,308,141.00729999999999,220
29,309,140.9564,220
29,310,140.94540000000001,220
29,311,140.94280000000001,220
29,312,140.8946,220
29,313,140.77099999999999,220
29,314,140.59139999999999,220
29,315,140.53469999999999,220
29,316,140.5042,220
29,317,140.41130000000001,220
29,318,140.40809999999999,220
29,319,140.39529999999999,220
29,320,140.31809999999999,220
29,321,140.31659999999999,220
29,322,140.24160000000001,220
29,323,140.221,220
29,324,140.1909,220
29,325,140.0421,220
29,326,140.01249999999999,220
29,327,139.99029999999999,220
29,328,139.98249999999999,220
29,329,139.9316,220
29,330,139.8177,220
29,331,139.7405,220
29,332,139.71100000000001,220
29,333,139.7045,220
29,334,139.63290000000001,220
29,335,139.59389999999999,220
29,336,139.57689999999999,220
29,337,139.4717,220
29,338,139.47030000000001,220
29,339,139.4365,220
29,340,139.4025,220
29,341,139.3871,220
29,342,139.3853,220
29,343,139.3672,220
29,344,139.28039999999999,220
29,345,139.2037,220
29,346,139.11019999999999,220
29,347,139.1053,220
29,348,139.01169999999999,220
29,349,138.9554,220
29,350,138.9434,220
29,351,138.922,220
29,352,138.9016,220
29,353,138.89670000000001,220
29,354,138.86510000000001,220
29,355,138.84870000000001,220
29,356,138.75409999999999,220
29,357,138.74430000000001,220
29,358,138.6782,220
29,359,138.6602,220
29,360,138.6003,220
29,361,138.5789,220
29,362,138.5497,220
29,363,138.3965,220
29,364,138.3766,220
29,365,138.34690000000001,220
29,366,138.31530000000001,220
29,367,138.31209999999999,220
29,368,138.3108,220
29,369,138.3091,220
29,370,138.25919999999999,220
29,371,138.25489999999999,220
29,372,138.2217,220
29,373,138.19069999999999,220
29,374,138.17789999999999,220
29,375,138.17089999999999,220
29,376,138.16130000000001,220
29,377,138.14940000000001,220
29,378,138.09139999999999,220
29,379,138.04910000000001,220
29,380,138.0078,220
29,381,137.98079999999999,220
29,382,137.93199999999999,220
29,383,137.92490000000001,220
29,384,137.92320000000001,220
29,385,137.9196,220
29,386,137.9144,220
29,387,137.8758,220
29,388,137.8511,220
29,389,137.8262,220
29,390,137.816,220
29,391,137.74850000000001,220
29,392,137.733,220
29,393,137.6799,220
29,394,137.67850000000001,220
29,395,137.6773,220
29,396,137.6499,220
29,397,137.6318,220
29,398,137.63050000000001,220
29,399,137.56739999999999,220
29,400,137.41810000000001,220
29,401,137.40289999999999,220
29,402,137.37809999999999,220
29,403,137.3689,220
29,404,137.3442,220
29,405,137.31039999999999,220
29,406,137.29150000000001,220
29,407,137.2902,220
29,408,137.2851,220
29,409,137.26589999999999,220
29,410,137.2122,220
29,411,137.1285,220
29,412,137.12700000000001,220
29,413,137.11539999999999,220
29,414,137.11449999999999,220
29,415,137.1035,220
29,416,137.06460000000001,220
29,417,137.05029999999999,220
29,418,137.0009,220
29,419,136.999,220
29,420,136.99449999999999,220
29,421,136.95150000000001,220
29,422,136.8648,220
29,423,136.84899999999999,220
29,424,136.8108,220
29,425,136.80879999999999,220
29,426,136.80789999999999,220
29,427,136.80449999999999,220
29,428,136.75960000000001,220
29,429,136.65039999999999,220
29,430,136.65020000000001,220
29,431,136.6403,220
29,432,136.56540000000001,220
29,433,136.54060000000001,220
29,434,136.46940000000001,220
29,435,136.45760000000001,220
29,436,136.44990000000001,220
29,437,136.44049999999999,220
29,438,136.4007,220
29,439,136.39760000000001,220
29,440,136.33869999999999,220
29,441,136.29089999999999,220
29,442,136.2739,220
29,443,136.2508,220
29,444,136.2396,220
29,445,136.12440000000001,220
29,446,136.09039999999999,220
29,447,135.96950000000001,220
29,448,135.86859999999999,220
29,449,135.85509999999999,220
29,450,135.8193,220
29,451,135.7698,220
29,452,135.73910000000001,220
29,453,135.73679999999999,220
29,454,135.72980000000001,220
29,455,135.58609999999999,220
29,456,135.5761,220
29,457,135.5292,220
29,458,135.50540000000001,220
29,459,135.35830000000001,220
29,460,135.33850000000001,220
29,461,135.3356,220
29,462,135.3099,220
29,463,135.2715,220
29,464,135.24379999999999,220
29,465,135.21440000000001,220
29,466,135.16380000000001,220
29,467,135.15880000000001,220
29,468,135.13669999999999,220
29,469,134.97290000000001,220
29,470,134.9325,220
29,471,134.85919999999999,220
29,472,134.8253,220
29,473,134.80430000000001,220
29,474,134.804,220
29,475,134.7978,220
29,476,134.7578,220
29,477,134.75049999999999,220
29,478,134.6705,220
29,479,134.55500000000001,220
29,480,134.4837,220
29,481,134.48140000000001,220
29,482,134.4709,220
29,483,134.46010000000001,220
29,484,134.4393,220
29,485,134.4342,220
29,486,134.41669999999999,220
29,487,134.39259999999999,220
29,488,134.32380000000001,220
29,489,134.31899999999999,220
29,490,134.3005,220
29,491,134.21600000000001,220
29,492,134.2124,220
29,493,134.05539999999999,220
29,494,134.03880000000001,220
29,495,133.98920000000001,220
29,496,133.97409999999999,220
29,497,133.7655,220
29,498,133.75069999999999,220
29,499,133.71629999999999,220
29,500,133.65790000000001,220
29,501,133.64949999999999,220
29,502,133.60509999999999,220
29,503,133.5616,220
29,504,133.5411,220
29,505,133.518,220
29,506,133.49719999999999,220
29,507,133.46029999999999,220
29,508,133.4212,220
29,509,133.37620000000001,220
29,510,133.37430000000001,220
29,511,133.3691,220
29,512,133.34549999999999,220
29,513,133.33869999999999,220
29,514,133.28129999999999,220
29,515,133.24950000000001,220
29,516,133.24100000000001,220
29,517,133.1918,220
29,518,133.15469999999999,220
29,519,133.14750000000001,220
29,520,133.12610000000001,220
29,521,133.11680000000001,220
29,522,133.1123,220
29,523,133.10329999999999,220
29,524,133.0694,220
29,525,133.05350000000001,220
29,526,133.0521,220
29,527,133.03389999999999,220
29,528,133.0326,220
29,529,133.00710000000001,220
29,530,132.9417,220
29,531,132.87950000000001,220
29,532,132.85589999999999,220
29,533,132.78309999999999,220
29,534,132.70410000000001,220
29,535,132.654,220
29,536,132.62379999999999,220
29,537,132.61410000000001,220
29,538,132.58430000000001,220
29,539,132.51929999999999,220
29,540,132.50700000000001,220
29,541,132.47389999999999,220
29,542,132.4606,220
29,543,132.3982,220
29,544,132.37639999999999,220
29,545,132.36770000000001,220
29,546,132.35059999999999,220
29,547,132.34610000000001,220
29,548,132.29169999999999,220
29,549,132.28309999999999,220
29,550,132.24029999999999,220
29,551,132.23920000000001,220
29,552,132.22290000000001,220
29,553,132.19880000000001,220
29,554,132.10159999999999,220
29,555,132.09360000000001,220
29,556,132.05189999999999,220
29,557,131.98849999999999,220
29,558,131.91079999999999,220
29,559,131.8586,220
29,560,131.8287,220
29,561,131.8082,220
29,562,131.7559,220
29,563,131.72989999999999,220
29,564,131.68639999999999,220
29,565,131.6557,220
29,566,131.64619999999999,220
29,567,131.63659999999999,220
29,568,131.60579999999999,220
29,569,131.5986,220
29,570,131.5335,220
29,571,131.4845,220
29,572,131.43799999999999,220
29,573,131.3972,220
29,574,131.3879,220
29,575,131.38380000000001,220
29,576,131.35159999999999,220
29,577,131.30840000000001,220
29,578,131.3082,220
29,579,131.29990000000001,220
29,580,131.28229999999999,220
29,581,131.2636,220
29,582,131.25450000000001,220
29,583,131.17840000000001,220
29,584,131.16970000000001,220
29,585,131.15309999999999,220
29,586,131.13579999999999,220
29,587,131.1165,220
29,588,131.114,220
29,589,131.08189999999999,220
29,590,131.0754,220
29,591,131.04849999999999,220
29,592,131.01900000000001,220
29,593,130.99959999999999,220
29,594,130.87,220
29,595,130.8596,220
29,596,130.85419999999999,220
29,597,130.83109999999999,220
29,598,130.80950000000001,220
29,599,130.80080000000001,220
29,600,130.7955,220
29,601,130.77289999999999,220
29,602,130.74610000000001,220
29,603,130.73339999999999,220
29,604,130.73150000000001,220
29,605,130.709,220
29,606,130.69569999999999,220
29,607,130.6748,220
29,608,130.643,220
29,609,130.63079999999999,220
29,610,130.59909999999999,220
29,611,130.57919999999999,220
29,612,130.5787,220
29,613,130.57079999999999,220
29,614,130.53190000000001,220
29,615,130.52510000000001,220
29,616,130.51759999999999,220
29,617,130.51419999999999,220
29,618,130.44829999999999,220
29,619,130.4324,220
29,620,130.37459999999999,220
29,621,130.34829999999999,220
29,622,130.32589999999999,220
29,623,130.31720000000001,220
29,624,130.2731,220
29,625,130.23419999999999,220
29,626,130.2253,220
29,627,130.17359999999999,220
29,628,130.1284,220
29,629,130.08869999999999,220
29,630,130.06039999999999,220
29,631,129.90190000000001,220
29,632,129.86529999999999,220
29,633,129.81829999999999,220
29,634,129.72049999999999,220
29,635,129.6636,220
29,636,129.63409999999999,220
29,637,129.613,220
29,638,129.57910000000001,220
29,639,129.56890000000001,220
29,640,129.5667,220
29,641,129.56620000000001,220
29,642,129.55860000000001,220
29,643,129.5034,220
29,644,129.4659,220
29,645,129.42359999999999,220
29,646,129.40710000000001,220
29,647,129.3879,220
29,648,129.36439999999999,220
29,649,129.36009999999999,220
29,650,129.27670000000001,220
29,651,129.2552,220
29,652,129.21080000000001,220
29,653,129.1926,220
29,654,129.18960000000001,220
29,655,129.16229999999999,220
29,656,129.1386,220
29,657,129.07259999999999,220
29,658,129.071,220
29,659,128.9984,220
29,660,128.97839999999999,220
29,661,128.96379999999999,220
29,662,128.93469999999999,220
29,663,128.92359999999999,220
29,664,128.92310000000001,220
29,665,128.89179999999999,220
29,666,128.8817,220
29,667,128.76429999999999,220
29,668,128.7191,220
29,669,128.7013,220
29,670,128.69579999999999,220
29,671,128.69460000000001,220
29,672,128.65629999999999,220
29,673,128.62799999999999,220
29,674,128.56890000000001,220
29,675,128.55119999999999,220
29,676,128.49250000000001,220
29,677,128.4846,220
29,678,128.47479999999999,220
29,679,128.4692,220
29,680,128.4325,220
29,681,128.42939999999999,220
29,682,128.42240000000001,220
29,683,128.40960000000001,220
29,684,128.40280000000001,220
29,685,128.32849999999999,220
29,686,128.30119999999999,220
29,687,128.29050000000001,220
29,688,128.20310000000001,220
29,689,128.17699999999999,220
29,690,128.1343,220
29,691,128.13030000000001,220
29,692,128.1266,220
29,693,128.059,220
29,694,127.9829,220
29,695,127.9679,220
29,696,127.91719999999999,220
29,697,127.90049999999999,220
29,698,127.80289999999999,220
29,699,127.7525,220
29,700,127.72450000000001,220
29,701,127.673,220
29,702,127.6382,220
29,703,127.59990000000001,220
29,704,127.5722,220
29,705,127.55629999999999,220
29,706,127.5552,220
29,707,127.55500000000001,220
29,708,127.554,220
29,709,127.49299999999999,220
29,710,127.4879,220
29,711,127.4016,220
29,712,127.3981,220
29,713,127.3586,220
29,714,127.3373,220
29,715,127.331,220
29,716,127.268,220
29,717,127.2261,220
29,718,127.2084,220
29,719,127.13460000000001,220
29,720,127.11409999999999,220
29,721,127.1117,220
29,722,127.0941,220
29,723,127.0307,220
29,724,126.9281,220
29,725,126.91370000000001,220
29,726,126.84829999999999,220
29,727,126.83969999999999,220
29,728,126.735,220
29,729,126.73439999999999,220
29,730,126.7209,220
29,731,126.71769999999999,220
29,732,126.6973,220
29,733,126.68680000000001,220
29,734,126.6596,220
29,735,126.6337,220
29,736,126.6123,220
29,737,126.5444,220
29,738,126.53230000000001,220
29,739,126.4975,220
29,740,126.4676,220
29,741,126.44889999999999,220
29,742,126.4457,220
29,743,126.4439,220
29,744,126.4408,220
29,745,126.41289999999999,220
29,746,126.3082,220
29,747,126.2882,220
29,748,126.1793,220
29,749,126.12479999999999,220
29,750,126.08280000000001,220
29,751,126.07210000000001,220
29,752,126.0659,220
29,753,126.0342,220
29,754,126.0333,220
29,755,126.0292,220
29,756,126.01909999999999,220
29,757,126.0001,220
29,758,125.977,220
29,759,125.96259999999999,220
29,760,125.9295,220
29,761,125.9234,220
29,762,125.9233,220
29,763,125.8899,220
29,764,125.85250000000001,220
29,765,125.8459,220
29,766,125.8304,220
29,767,125.8266,220
29,768,125.81789999999999,220
29,769,125.8062,220
29,770,125.6968,220
29,771,125.69499999999999,220
29,772,125.5804,220
29,773,125.5389,220
29,774,125.506,220
29,775,125.50239999999999,220
29,776,125.4576,220
29,777,125.4556,220
29,778,125.3969,220
29,779,125.3216,220
29,780,125.26779999999999,220
29,781,125.23399999999999,220
29,782,125.18380000000001,220
29,783,125.15089999999999,220
29,784,125.08580000000001,220
29,785,125.053,220
29,786,124.9996,220
29,787,124.97790000000001,220
29,788,124.9395,220
29,789,124.83069999999999,220
29,790,124.8257,220
29,791,124.8103,220
29,792,124.631,220
29,793,124.5642,220
29,794,124.5633,220
29,795,124.5163,220
29,796,124.50920000000001,220
29,797,124.5057,220
29,798,124.4902,220
29,799,124.48909999999999,220
29,800,124.42319999999999,220
29,801,124.40170000000001,220
29,802,124.3815,220
29,803,124.36369999999999,220
29,804,124.36199999999999,220
29,805,124.2927,220
29,806,124.2911,220
29,807,124.2239,220
29,808,124.1938,220
29,809,124.187,220
29,810,124.18470000000001,220
29,811,124.07769999999999,220
29,812,124.05249999999999,220
29,813,124.0376,220
29,814,124.0275,220
29,815,124.0162,220
29,816,124.00839999999999,220
29,817,123.9787,220
29,818,123.9153,220
29,819,123.88939999999999,220
29,820,123.87260000000001,220
29,821,123.8369,220
29,822,123.7761,220
29,823,123.654,220
29,824,123.5993,220
29,825,123.5795,220
29,826,123.5592,220
29,827,123.55549999999999,220
29,828,123.5431,220
29,829,123.5213,220
29,830,123.5172,220
29,831,123.4941,220
29,832,123.4849,220
29,833,123.4646,220
29,834,123.4284,220
29,835,123.4021,220
29,836,123.3815,220
29,837,123.36369999999999,220
29,838,123.35299999999999,220
29,839,123.3057,220
29,840,123.2646,220
29,841,123.17400000000001,220
29,842,123.0795,220
29,843,123.0782,220
29,844,123.0758,220
29,845,123.0706,220
29,846,123.0204,220
29,847,122.9789,220
29,848,122.9777,220
29,849,122.9744,220
29,850,122.8516,220
29,851,122.8218,220
29,852,122.7998,220
29,853,122.75749999999999,220
29,854,122.7453,220
29,855,122.7343,220
29,856,122.6845,220
29,857,122.67789999999999,220
29,858,122.6263,220
29,859,122.62309999999999,220
29,860,122.58669999999999,220
29,861,122.5861,220
29,862,122.577,220
29,863,122.5748,220
29,864,122.5594,220
29,865,122.5127,220
29,866,122.4627,220
29,867,122.4618,220
29,868,122.45959999999999,220
29,869,122.4169,220
29,870,122.3558,220
29,871,122.3006,220
29,872,122.29859999999999,220
29,873,122.297,220
29,874,122.2323,220
29,875,122.1456,220
29,876,122.08750000000001,220
29,877,122.08029999999999,220
29,878,122.0612,220
29,879,122.0316,220
29,880,122.02290000000001,220
29,881,122.0228,220
29,882,121.999,220
29,883,121.9753,220
29,884,121.9675,220
29,885,121.9624,220
29,886,121.9436,220
29,887,121.9205,220
29,888,121.89100000000001,220
29,889,121.8503,220
29,890,121.78919999999999,220
29,891,121.78360000000001,220
29,892,121.7422,220
29,893,121.73690000000001,220
29,894,121.73439999999999,220
29,895,121.68340000000001,220
29,896,121.6777,220
29,897,121.6717,220
29,898,121.6211,220
29,899,121.58929999999999,220
29,900,121.56570000000001,220
29,901,121.5642,220
29,902,121.55110000000001,220
29,903,121.5424,220
29,904,121.4607,220
29,905,121.4284,220
29,906,121.4256,220
29,907,121.4051,220
29,908,121.3965,220
29,909,121.372,220
29,910,121.3603,220
29,911,121.34229999999999,220
29,912,121.3352,220
29,913,121.33499999999999,220
29,914,121.31489999999999,220
29,915,121.2989,220
29,916,121.2848,220
29,917,121.25,220
29,918,121.18559999999999,220
29,919,121.1763,220
29,920,121.1404,220
29,921,121.1348,220
29,922,121.09829999999999,220
29,923,121.0778,220
29,924,121.06480000000001,220
29,925,121.0539,220
29,926,121.044,220
29,927,121.03879999999999,220
29,928,121.0312,220
29,929,121.0047,220
29,930,120.99939999999999,220
29,931,120.99420000000001,220
29,932,120.94329999999999,220
29,933,120.9325,220
29,934,120.91030000000001,220
29,935,120.8993,220
29,936,120.8648,220
29,937,120.8352,220
29,938,120.8177,220
29,939,120.7741,220
29,940,120.75149999999999,220
29,941,120.742,220
29,942,120.69710000000001,220
29,943,120.637,220
29,944,120.5728,220
29,945,120.54300000000001,220
29,946,120.52760000000001,220
29,947,120.47069999999999,220
29,948,120.46040000000001,220
29,949,120.4258,220
29,950,120.4207,220
29,951,120.41119999999999,220
29,952,120.3622,220
29,953,120.34780000000001,220
29,954,120.34180000000001,220
29,955,120.3164,220
29,956,120.2972,220
29,957,120.2724,220
29,958,120.26739999999999,220
29,959,120.26730000000001,220
29,960,120.2542,220
29,961,120.2484,220
29,962,120.23690000000001,220
29,963,120.2243,220
29,964,120.1674,220
29,965,120.1546,220
29,966,120.1379,220
29,967,120.048,220
29,968,120.038,220
29,969,120.0026,220
29,970,119.9842,220
29,971,119.9722,220
29,972,119.94580000000001,220
29,973,119.9325,220
29,974,119.9128,220
29,975,119.88030000000001,220
29,976,119.86060000000001,220
29,977,119.8129,220
29,978,119.7765,220
29,979,119.7677,220
29,980,119.74639999999999,220
29,981,119.73699999999999,220
29,982,119.70780000000001,220
29,983,119.6768,220
29,984,119.6735,220
29,985,119.6506,220
29,986,119.5997,220
29,987,119.53579999999999,220
29,988,119.5325,220
29,989,119.5069,220
29,990,119.4571,220
29,991,119.43089999999999,220
29,992,119.4207,220
29,993,119.40779999999999,220
29,994,119.4045,220
29,995,119.389,220
29,996,119.3583,220
29,997,119.35129999999999,220
29,998,119.3242,220
29,999,119.28870000000001,220
29,1000,119.2872,220
51,1,221.64609999999999,220
51,2,218.67439999999999,220
51,3,205.79140000000001,220
51,4,202.726,220
51,5,197.77760000000001,220
51,6,196.34700000000001,220
51,7,195.60919999999999,220
51,8,194.8785,220
51,9,194.71520000000001,220
51,10,194.5617,220
51,11,192.54400000000001,220
51,12,192.44810000000001,220
51,13,190.44239999999999,220
51,14,187.37350000000001,220
51,15,185.8706,220
51,16,185.34110000000001,220
51,17,184.13040000000001,220
51,18,183.05029999999999,220
51,19,181.64959999999999,220
51,20,179.6883,220
51,21,179.33869999999999,220
51,22,179.2415,220
51,23,177.67760000000001,220
51,24,177.3561,220
51,25,177.2764,220
51,26,177.2424,220
51,27,177.1266,220
51,28,176.91480000000001,220
51,29,175.11699999999999,220
51,30,174.92349999999999,220
51,31,173.7253,220
51,32,171.49619999999999,220
51,33,171.24459999999999,220
51,34,170.8382,220
51,35,169.97630000000001,220
51,36,169.9153,220
51,37,169.5386,220
51,38,169.20099999999999,220
51,39,168.7176,220
51,40,167.37739999999999,220
51,41,166.99590000000001,220
51,42,166.8657,220
51,43,165.99979999999999,220
51,44,164.87809999999999,220
51,45,164.5043,220
51,46,164.15280000000001,220
51,47,163.821,220
51,48,163.47239999999999,220
51,49,162.33080000000001,220
51,50,162.29069999999999,220
51,51,162.08609999999999,220
51,52,161.98089999999999,220
51,53,161.64490000000001,220
51,54,161.58949999999999,220
51,55,161.5856,220
51,56,161.56540000000001,220
51,57,161.46680000000001,220
51,58,160.6198,220
51,59,160.55179999999999,220
51,60,160.3366,220
51,61,159.77199999999999,220
51,62,159.74789999999999,220
51,63,159.6601,220
51,64,159.55840000000001,220
51,65,159.34800000000001,220
51,66,159.16409999999999,220
51,67,159.09460000000001,220
51,68,158.7389,220
51,69,158.52860000000001,220
51,70,158.23990000000001,220
51,71,158.19749999999999,220
51,72,158.18119999999999,220
51,73,158.07650000000001,220
51,74,157.9443,220
51,75,157.81700000000001,220
51,76,157.7672,220
51,77,157.7116,220
51,78,157.4375,220
51,79,157.21289999999999,220
51,80,157.1277,220
51,81,156.93709999999999,220
51,82,156.7876,220
51,83,156.7449,220
51,84,156.5172,220
51,85,156.44739999999999,220
51,86,156.3991,220
51,87,156.31989999999999,220
51,88,155.9828,220
51,89,155.60239999999999,220
51,90,155.5119,220
51,91,155.16829999999999,220
51,92,155.05950000000001,220
51,93,154.96469999999999,220
51,94,154.9367,220
51,95,154.7253,220
51,96,154.71459999999999,220
51,97,154.5925,220
51,98,154.5394,220
51,99,154.19049999999999,220
51,100,153.5264,220
51,101,153.3261,220
51,102,153.32429999999999,220
51,103,153.0652,220
51,104,153.0471,220
51,105,152.93100000000001,220
51,106,152.90559999999999,220
51,107,152.58240000000001,220
51,108,152.48589999999999,220
51,109,152.39150000000001,220
51,110,152.3844,220
51,111,152.13560000000001,220
51,112,152.09630000000001,220
51,113,151.95750000000001,220
51,114,151.86660000000001,220
51,115,151.4941,220
51,116,151.4725,220
51,117,151.42189999999999,220
51,118,151.39580000000001,220
51,119,151.3751,220
51,120,151.2252,220
51,121,151.12289999999999,220
51,122,150.9907,220
51,123,150.8777,220
51,124,150.8152,220
51,125,150.42869999999999,220
51,126,150.41309999999999,220
51,127,150.1215,220
51,128,149.9495,220
51,129,149.9485,220
51,130,149.81360000000001,220
51,131,149.7773,220
51,132,149.64060000000001,220
51,133,149.49600000000001,220
51,134,149.4555,220
51,135,149.42660000000001,220
51,136,149.13339999999999,220
51,137,149.01259999999999,220
51,138,148.90729999999999,220
51,139,148.5462,220
51,140,148.46420000000001,220
51,141,148.41319999999999,220
51,142,148.39599999999999,220
51,143,148.39240000000001,220
51,144,148.38239999999999,220
51,145,148.3433,220
51,146,148.1926,220
51,147,148.1756,220
51,148,148.1464,220
51,149,148.07849999999999,220
51,150,147.76079999999999,220
51,151,147.68799999999999,220
51,152,147.56020000000001,220
51,153,147.52959999999999,220
51,154,147.10489999999999,220
51,155,147.06999999999999,220
51,156,146.95840000000001,220
51,157,146.8494,220
51,158,146.84690000000001,220
51,159,146.46639999999999,220
51,160,146.1985,220
51,161,145.99420000000001,220
51,162,145.95570000000001,220
51,163,145.56010000000001,220
51,164,145.3365,220
51,165,145.24619999999999,220
51,166,145.066,220
51,167,144.93690000000001,220
51,168,144.93450000000001,220
51,169,144.70930000000001,220
51,170,144.38820000000001,220
51,171,144.3116,220
51,172,144.3023,220
51,173,144.27850000000001,220
51,174,144.1652,220
51,175,144.1438,220
51,176,144.1181,220
51,177,144.0736,220
51,178,144.06780000000001,220
51,179,144.01220000000001,220
51,180,143.76849999999999,220
51,181,143.72470000000001,220
51,182,143.67930000000001,220
51,183,143.64670000000001,220
51,184,143.6463,220
51,185,143.53399999999999,220
51,186,143.2706,220
51,187,143.1079,220
51,188,143.07220000000001,220
51,189,143.0701,220
51,190,142.95160000000001,220
51,191,142.83109999999999,220
51,192,142.6618,220
51,193,142.5779,220
51,194,142.31219999999999,220
51,195,142.25460000000001,220
51,196,142.16239999999999,220
51,197,142.0865,220
51,198,142.08019999999999,220
51,199,142.0247,220
51,200,141.90819999999999,220
51,201,141.77420000000001,220
51,202,141.6122,220
51,203,141.59960000000001,220
51,204,141.50380000000001,220
51,205,141.48599999999999,220
51,206,141.47909999999999,220
51,207,141.47239999999999,220
51,208,141.40539999999999,220
51,209,141.3972,220
51,210,141.32320000000001,220
51,211,141.321,220
51,212,141.2611,220
51,213,141.23849999999999,220
51,214,141.0925,220
51,215,141.02250000000001,220
51,216,141.0078,220
51,217,140.82820000000001,220
51,218,140.80449999999999,220
51,219,140.76060000000001,220
51,220,140.7174,220
51,221,140.6823,220
51,222,140.33879999999999,220
51,223,140.3142,220
51,224,140.19370000000001,220
51,225,140.05940000000001,220
51,226,139.91810000000001,220
51,227,139.876,220
51,228,139.78360000000001,220
51,229,139.67830000000001,220
51,230,139.59049999999999,220
51,231,139.46129999999999,220
51,232,139.404,220
51,233,139.37960000000001,220
51,234,139.35329999999999,220
51,235,139.34649999999999,220
51,236,139.22739999999999,220
51,237,139.15530000000001,220
51,238,139.13829999999999,220
51,239,139.13810000000001,220
51,240,138.96010000000001,220
51,241,138.9581,220
51,242,138.8005,220
51,243,138.7413,220
51,244,138.67930000000001,220
51,245,138.6703,220
51,246,138.6164,220
51,247,138.61240000000001,220
51,248,138.57740000000001,220
51,249,138.53039999999999,220
51,250,138.53030000000001,220
51,251,138.43709999999999,220
51,252,138.4331,220
51,253,138.40530000000001,220
51,254,138.38489999999999,220
51,255,138.36920000000001,220
51,256,138.3546,220
51,257,138.2568,220
51,258,138.25380000000001,220
51,259,138.23750000000001,220
51,260,138.1952,220
51,261,138.1489,220
51,262,138.1377,220
51,263,138.1234,220
51,264,138.11879999999999,220
51,265,138.10650000000001,220
51,266,138.02510000000001,220
51,267,138.00960000000001,220
51,268,137.98140000000001,220
51,269,137.94730000000001,220
51,270,137.8929,220
51,271,137.83430000000001,220
51,272,137.8287,220
51,273,137.63050000000001,220
51,274,137.5806,220
51,275,137.56800000000001,220
51,276,137.43170000000001,220
51,277,137.42779999999999,220
51,278,137.27680000000001,220
51,279,137.26179999999999,220
51,280,137.2105,220
51,281,137.18520000000001,220
51,282,136.9539,220
51,283,136.9513,220
51,284,136.5737,220
51,285,136.37110000000001,220
51,286,136.29949999999999,220
51,287,136.24610000000001,220
51,288,136.1643,220
51,289,136.1584,220
51,290,136.154,220
51,291,136.14789999999999,220
51,292,136.09690000000001,220
51,293,136.0966,220
51,294,136.06360000000001,220
51,295,136.01939999999999,220
51,296,135.74950000000001,220
51,297,135.58330000000001,220
51,298,135.55930000000001,220
51,299,135.55430000000001,220
51,300,135.52770000000001,220
51,301,135.4881,220
51,302,135.4796,220
51,303,135.4571,220
51,304,135.45500000000001,220
51,305,135.40479999999999,220
51,306,135.37880000000001,220
51,307,135.30670000000001,220
51,308,135.30109999999999,220
51,309,135.26849999999999,220
51,310,135.13810000000001,220
51,311,135.0849,220
51,312,135.029,220
51,313,134.85290000000001,220
51,314,134.7944,220
51,315,134.79400000000001,220
51,316,134.78440000000001,220
51,317,134.78210000000001,220
51,318,134.7791,220
51,319,134.7124,220
51,320,134.68629999999999,220
51,321,134.65280000000001,220
51,322,134.65180000000001,220
51,323,134.6114,220
51,324,134.6011,220
51,325,134.56739999999999,220
51,326,134.53870000000001,220
51,327,134.46850000000001,220
51,328,134.42580000000001,220
51,329,134.3133,220
51,330,134.2226,220
51,331,134.1088,220
51,332,133.9905,220
51,333,133.86930000000001,220
51,334,133.83750000000001,220
51,335,133.834,220
51,336,133.80959999999999,220
51,337,133.7936,220
51,338,133.73580000000001,220
51,339,133.68109999999999,220
51,340,133.66900000000001,220
51,341,133.6635,220
51,342,133.62870000000001,220
51,343,133.62809999999999,220
51,344,133.46510000000001,220
51,345,133.45660000000001,220
51,346,133.41829999999999,220
51,347,133.41800000000001,220
51,348,133.32419999999999,220
51,349,133.23249999999999,220
51,350,133.20310000000001,220
51,351,133.1848,220
51,352,133.1808,220
51,353,133.09549999999999,220
51,354,133.0514,220
51,355,132.94900000000001,220
51,356,132.88509999999999,220
51,357,132.8777,220
51,358,132.8081,220
51,359,132.73929999999999,220
51,360,132.63560000000001,220
51,361,132.61429999999999,220
51,362,132.61320000000001,220
51,363,132.46350000000001,220
51,364,132.44839999999999,220
51,365,132.4469,220
51,366,132.42359999999999,220
51,367,132.41120000000001,220
51,368,132.3997,220
51,369,132.37280000000001,220
51,370,132.303,220
51,371,132.2175,220
51,372,132.20410000000001,220
51,373,132.16399999999999,220
51,374,132.0385,220
51,375,132.0275,220
51,376,131.99619999999999,220
51,377,131.98509999999999,220
51,378,131.9426,220
51,379,131.90950000000001,220
51,380,131.88480000000001,220
51,381,131.87719999999999,220
51,382,131.74690000000001,220
51,383,131.72470000000001,220
51,384,131.678,220
51,385,131.5538,220
51,386,131.41560000000001,220
51,387,131.32339999999999,220
51,388,131.27260000000001,220
51,389,131.2593,220
51,390,131.25530000000001,220
51,391,131.22649999999999,220
51,392,131.1559,220
51,393,131.11269999999999,220
51,394,131.09180000000001,220
51,395,131.0855,220
51,396,131.0471,220
51,397,131.04390000000001,220
51,398,130.99760000000001,220
51,399,130.9254,220
51,400,130.9212,220
51,401,130.90029999999999,220
51,402,130.85509999999999,220
51,403,130.85419999999999,220
51,404,130.7989,220
51,405,130.73089999999999,220
51,406,130.68700000000001,220
51,407,130.65790000000001,220
51,408,130.6183,220
51,409,130.5292,220
51,410,130.4785,220
51,411,130.39089999999999,220
51,412,130.34399999999999,220
51,413,130.31440000000001,220
51,414,130.2842,220
51,415,130.28299999999999,220
51,416,130.13910000000001,220
51,417,130.12450000000001,220
51,418,130.09219999999999,220
51,419,130.0437,220
51,420,130.0111,220
51,421,129.93729999999999,220
51,422,129.8715,220
51,423,129.81319999999999,220
51,424,129.78829999999999,220
51,425,129.77770000000001,220
51,426,129.77590000000001,220
51,427,129.72900000000001,220
51,428,129.58080000000001,220
51,429,129.5609,220
51,430,129.5438,220
51,431,129.48650000000001,220
51,432,129.42349999999999,220
51,433,129.3937,220
51,434,129.33240000000001,220
51,435,129.3126,220
51,436,129.3073,220
51,437,129.26730000000001,220
51,438,129.25059999999999,220
51,439,129.23769999999999,220
51,440,129.18170000000001,220
51,441,129.10079999999999,220
51,442,129.0967,220
51,443,129.0359,220
51,444,129.0188,220
51,445,128.92750000000001,220
51,446,128.89519999999999,220
51,447,128.87299999999999,220
51,448,128.8631,220
51,449,128.8407,220
51,450,128.82320000000001,220
51,451,128.7363,220
51,452,128.69470000000001,220
51,453,128.61259999999999,220
51,454,128.59469999999999,220
51,455,128.5805,220
51,456,128.53399999999999,220
51,457,128.453,220
51,458,128.40479999999999,220
51,459,128.30699999999999,220
51,460,128.24789999999999,220
51,461,128.2338,220
51,462,128.2259,220
51,463,128.16980000000001,220
51,464,128.16970000000001,220
51,465,128.15690000000001,220
51,466,128.05549999999999,220
51,467,128.03479999999999,220
51,468,128.02680000000001,220
51,469,128.00829999999999,220
51,470,127.9979,220
51,471,127.9893,220
51,472,127.97580000000001,220
51,473,127.9539,220
51,474,127.9509,220
51,475,127.94240000000001,220
51,476,127.90949999999999,220
51,477,127.8967,220
51,478,127.896,220
51,479,127.8907,220
51,480,127.8445,220
51,481,127.8112,220
51,482,127.8095,220
51,483,127.80710000000001,220
51,484,127.80289999999999,220
51,485,127.80159999999999,220
51,486,127.7809,220
51,487,127.7415,220
51,488,127.7239,220
51,489,127.6397,220
51,490,127.6215,220
51,491,127.6204,220
51,492,127.60769999999999,220
51,493,127.4764,220
51,494,127.4671,220
51,495,127.45999999999999,220
51,496,127.4242,220
51,497,127.4239,220
51,498,127.40130000000001,220
51,499,127.2975,220
51,500,127.28830000000001,220
51,501,127.2646,220
51,502,127.2641,220
51,503,127.1666,220
51,504,127.0761,220
51,505,127.0531,220
51,506,127.0445,220
51,507,127.035,220
51,508,127.026,220
51,509,126.9898,220
51,510,126.988,220
51,511,126.9799,220
51,512,126.9678,220
51,513,126.9568,220
51,514,126.8319,220
51,515,126.8278,220
51,516,126.8229,220
51,517,126.7396,220
51,518,126.7393,220
51,519,126.7367,220
51,520,126.6806,220
51,521,126.6763,220
51,522,126.6446,220
51,523,126.6343,220
51,524,126.62569999999999,220
51,525,126.6007,220
51,526,126.5946,220
51,527,126.5801,220
51,528,126.5531,220
51,529,126.5479,220
51,530,126.5436,220
51,531,126.4507,220
51,532,126.4443,220
51,533,126.3873,220
51,534,126.3805,220
51,535,126.2958,220
51,536,126.20820000000001,220
51,537,126.2051,220
51,538,126.1986,220
51,539,126.1948,220
51,540,126.1664,220
51,541,126.16540000000001,220
51,542,126.1263,220
51,543,126.0684,220
51,544,126.0664,220
51,545,126.05240000000001,220
51,546,125.99460000000001,220
51,547,125.9092,220
51,548,125.8899,220
51,549,125.8849,220
51,550,125.87439999999999,220
51,551,125.84820000000001,220
51,552,125.8467,220
51,553,125.8339,220
51,554,125.8312,220
51,555,125.8099,220
51,556,125.77370000000001,220
51,557,125.7658,220
51,558,125.764,220
51,559,125.7478,220
51,560,125.7422,220
51,561,125.7341,220
51,562,125.7276,220
51,563,125.7248,220
51,564,125.708,220
51,565,125.6961,220
51,566,125.6742,220
51,567,125.664,220
51,568,125.6395,220
51,569,125.6353,220
51,570,125.6225,220
51,571,125.553,220
51,572,125.55289999999999,220
51,573,125.538,220
51,574,125.5204,220
51,575,125.4961,220
51,576,125.4948,220
51,577,125.4812,220
51,578,125.4795,220
51,579,125.39619999999999,220
51,580,125.38209999999999,220
51,581,125.37050000000001,220
51,582,125.3665,220
51,583,125.31310000000001,220
51,584,125.30459999999999,220
51,585,125.2843,220
51,586,125.2492,220
51,587,125.2175,220
51,588,125.1498,220
51,589,125.1362,220
51,590,125.1349,220
51,591,125.1046,220
51,592,125.08750000000001,220
51,593,125.0758,220
51,594,125.07089999999999,220
51,595,125.0076,220
51,596,124.9909,220
51,597,124.9902,220
51,598,124.98820000000001,220
51,599,124.9456,220
51,600,124.9044,220
51,601,124.8908,220
51,602,124.8824,220
51,603,124.85639999999999,220
51,604,124.8068,220
51,605,124.8048,220
51,606,124.79640000000001,220
51,607,124.7929,220
51,608,124.7448,220
51,609,124.7238,220
51,610,124.7191,220
51,611,124.7084,220
51,612,124.68989999999999,220
51,613,124.6679,220
51,614,124.64660000000001,220
51,615,124.6324,220
51,616,124.6203,220
51,617,124.61709999999999,220
51,618,124.59780000000001,220
51,619,124.5431,220
51,620,124.51009999999999,220
51,621,124.50149999999999,220
51,622,124.4949,220
51,623,124.48739999999999,220
51,624,124.47239999999999,220
51,625,124.4717,220
51,626,124.4325,220
51,627,124.346,220
51,628,124.3338,220
51,629,124.3186,220
51,630,124.2811,220
51,631,124.26860000000001,220
51,632,124.169,220
51,633,124.1341,220
51,634,124.1253,220
51,635,124.1112,220
51,636,124.08,220
51,637,124.065,220
51,638,124.051,220
51,639,124.03100000000001,220
51,640,124.0008,220
51,641,123.99890000000001,220
51,642,123.937,220
51,643,123.9105,220
51,644,123.8887,220
51,645,123.8789,220
51,646,123.8755,220
51,647,123.857,220
51,648,123.84269999999999,220
51,649,123.8421,220
51,650,123.82989999999999,220
51,651,123.8201,220
51,652,123.8188,220
51,653,123.77970000000001,220
51,654,123.6953,220
51,655,123.6936,220
51,656,123.6396,220
51,657,123.63720000000001,220
51,658,123.5934,220
51,659,123.58450000000001,220
51,660,123.5664,220
51,661,123.55370000000001,220
51,662,123.4996,220
51,663,123.4524,220
51,664,123.43389999999999,220
51,665,123.4136,220
51,666,123.407,220
51,667,123.3918,220
51,668,123.3895,220
51,669,123.38800000000001,220
51,670,123.3639,220
51,671,123.33669999999999,220
51,672,123.3181,220
51,673,123.31529999999999,220
51,674,123.2679,220
51,675,123.22490000000001,220
51,676,123.21080000000001,220
51,677,123.2075,220
51,678,123.1469,220
51,679,123.1425,220
51,680,123.1407,220
51,681,123.1009,220
51,682,123.0594,220
51,683,123.0497,220
51,684,123.0488,220
51,685,123.04519999999999,220
51,686,123.0449,220
51,687,123.03660000000001,220
51,688,122.96339999999999,220
51,689,122.9157,220
51,690,122.9014,220
51,691,122.8939,220
51,692,122.8822,220
51,693,122.8768,220
51,694,122.8433,220
51,695,122.8261,220
51,696,122.8129,220
51,697,122.7959,220
51,698,122.7906,220
51,699,122.78449999999999,220
51,700,122.78440000000001,220
51,701,122.759,220
51,702,122.7324,220
51,703,122.70440000000001,220
51,704,122.6987,220
51,705,122.696,220
51,706,122.6747,220
51,707,122.6742,220
51,708,122.66379999999999,220
51,709,122.6519,220
51,710,122.6371,220
51,711,122.6339,220
51,712,122.6207,220
51,713,122.6203,220
51,714,122.60290000000001,220
51,715,122.58629999999999,220
51,716,122.5851,220
51,717,122.5733,220
51,718,122.571,220
51,719,122.55549999999999,220
51,720,122.54819999999999,220
51,721,122.5472,220
51,722,122.5155,220
51,723,122.5086,220
51,724,122.4757,220
51,725,122.4624,220
51,726,122.423,220
51,727,122.4173,220
51,728,122.37390000000001,220
51,729,122.3643,220
51,730,122.32729999999999,220
51,731,122.32640000000001,220
51,732,122.31140000000001,220
51,733,122.30929999999999,220
51,734,122.3081,220
51,735,122.303,220
51,736,122.3002,220
51,737,122.2989,220
51,738,122.2944,220
51,739,122.28700000000001,220
51,740,122.2839,220
51,741,122.2803,220
51,742,122.2778,220
51,743,122.2659,220
51,744,122.25060000000001,220
51,745,122.23820000000001,220
51,746,122.22410000000001,220
51,747,122.1592,220
51,748,122.1433,220
51,749,122.11539999999999,220
51,750,122.1113,220
51,751,122.0972,220
51,752,122.07299999999999,220
51,753,122.05840000000001,220
51,754,122.0497,220
51,755,122.0476,220
51,756,122.0467,220
51,757,122.0137,220
51,758,121.9962,220
51,759,121.9939,220
51,760,121.9646,220
51,761,121.9318,220
51,762,121.9002,220
51,763,121.8767,220
51,764,121.86109999999999,220
51,765,121.80589999999999,220
51,766,121.8038,220
51,767,121.7864,220
51,768,121.754,220
51,769,121.7475,220
51,770,121.744,220
51,771,121.69589999999999,220
51,772,121.6915,220
51,773,121.6606,220
51,774,121.6131,220
51,775,121.60809999999999,220
51,776,121.5938,220
51,777,121.5805,220
51,778,121.5697,220
51,779,121.5639,220
51,780,121.55500000000001,220
51,781,121.5444,220
51,782,121.5166,220
51,783,121.5014,220
51,784,121.49339999999999,220
51,785,121.49120000000001,220
51,786,121.4819,220
51,787,121.4709,220
51,788,121.4534,220
51,789,121.4297,220
51,790,121.4149,220
51,791,121.40779999999999,220
51,792,121.3922,220
51,793,121.357,220
51,794,121.35429999999999,220
51,795,121.3288,220
51,796,121.3139,220
51,797,121.30929999999999,220
51,798,121.30880000000001,220
51,799,121.30249999999999,220
51,800,121.2503,220
51,801,121.2379,220
51,802,121.2321,220
51,803,121.2259,220
51,804,121.2115,220
51,805,121.1759,220
51,806,121.1525,220
51,807,121.14449999999999,220
51,808,121.1331,220
51,809,121.1101,220
51,810,121.093,220
51,811,121.083,220
51,812,121.0714,220
51,813,121.0527,220
51,814,121.03489999999999,220
51,815,121.0303,220
51,816,121.0296,220
51,817,121.0091,220
51,818,120.9885,220
51,819,120.9876,220
51,820,120.9708,220
51,821,120.96680000000001,220
51,822,120.95820000000001,220
51,823,120.949,220
51,824,120.9276,220
51,825,120.92610000000001,220
51,826,120.90949999999999,220
51,827,120.9093,220
51,828,120.8901,220
51,829,120.8883,220
51,830,120.8734,220
51,831,120.864,220
51,832,120.8327,220
51,833,120.8317,220
51,834,120.827,220
51,835,120.7761,220
51,836,120.7179,220
51,837,120.65770000000001,220
51,838,120.64409999999999,220
51,839,120.5801,220
51,840,120.5801,220
51,841,120.5513,220
51,842,120.5214,220
51,843,120.51139999999999,220
51,844,120.49420000000001,220
51,845,120.4603,220
51,846,120.459,220
51,847,120.4449,220
51,848,120.4348,220
51,849,120.4224,220
51,850,120.42149999999999,220
51,851,120.4028,220
51,852,120.3954,220
51,853,120.39060000000001,220
51,854,120.3694,220
51,855,120.36790000000001,220
51,856,120.35639999999999,220
51,857,120.33369999999999,220
51,858,120.31910000000001,220
51,859,120.3177,220
51,860,120.3151,220
51,861,120.3069,220
51,862,120.2948,220
51,863,120.26739999999999,220
51,864,120.2645,220
51,865,120.233,220
51,866,120.23099999999999,220
51,867,120.22669999999999,220
51,868,120.21339999999999,220
51,869,120.1806,220
51,870,120.1755,220
51,871,120.1576,220
51,872,120.15689999999999,220
51,873,120.1366,220
51,874,120.1161,220
51,875,120.0522,220
51,876,120.02549999999999,220
51,877,120.0099,220
51,878,120.00709999999999,220
51,879,120.0034,220
51,880,119.97450000000001,220
51,881,119.944,220
51,882,119.94070000000001,220
51,883,119.93640000000001,220
51,884,119.85899999999999,220
51,885,119.8425,220
51,886,119.842,220
51,887,119.8261,220
51,888,119.81359999999999,220
51,889,119.8028,220
51,890,119.78319999999999,220
51,891,119.7736,220
51,892,119.7591,220
51,893,119.75020000000001,220
51,894,119.74939999999999,220
51,895,119.71639999999999,220
51,896,119.7109,220
51,897,119.67749999999999,220
51,898,119.6541,220
51,899,119.65049999999999,220
51,900,119.6217,220
51,901,119.5919,220
51,902,119.5827,220
51,903,119.5462,220
51,904,119.5252,220
51,905,119.51600000000001,220
51,906,119.51220000000001,220
51,907,119.5029,220
51,908,119.49460000000001,220
51,909,119.4825,220
51,910,119.47669999999999,220
51,911,119.4706,220
51,912,119.4032,220
51,913,119.4023,220
51,914,119.3978,220
51,915,119.3853,220
51,916,119.3776,220
51,917,119.3766,220
51,918,119.3593,220
51,919,119.3207,220
51,920,119.30800000000001,220
51,921,119.3023,220
51,922,119.29640000000001,220
51,923,119.28579999999999,220
51,924,119.2846,220
51,925,119.2692,220
51,926,119.2683,220
51,927,119.2664,220
51,928,119.23520000000001,220
51,929,119.2166,220
51,930,119.2009,220
51,931,119.1759,220
51,932,119.17529999999999,220
51,933,119.1748,220
51,934,119.1562,220
51,935,119.12560000000001,220
51,936,119.11,220
51,937,119.09229999999999,220
51,938,119.0859,220
51,939,119.0592,220
51,940,119.0564,220
51,941,119.0548,220
51,942,119.0419,220
51,943,119.0316,220
51,944,119.0145,220
51,945,118.9992,220
51,946,118.9742,220
51,947,118.9479,220
51,948,118.94450000000001,220
51,949,118.93429999999999,220
51,950,118.916,220
51,951,118.87220000000001,220
51,952,118.86409999999999,220
51,953,118.85850000000001,220
51,954,118.8434,220
51,955,118.84050000000001,220
51,956,118.828,220
51,957,118.8165,220
51,958,118.815,220
51,959,118.8121,220
51,960,118.8004,220
51,961,118.79040000000001,220
51,962,118.7834,220
51,963,118.7771,220
51,964,118.74209999999999,220
51,965,118.7413,220
51,966,118.7342,220
51,967,118.7291,220
51,968,118.7285,220
51,969,118.7115,220
51,970,118.7063,220
51,971,118.7002,220
51,972,118.6919,220
51,973,118.64700000000001,220
51,974,118.6412,220
51,975,118.63849999999999,220
51,976,118.62479999999999,220
51,977,118.6155,220
51,978,118.6135,220
51,979,118.6104,220
51,980,118.6024,220
51,981,118.6009,220
51,982,118.5996,220
51,983,118.57299999999999,220
51,984,118.5701,220
51,985,118.5484,220
51,986,118.5436,220
51,987,118.50660000000001,220
51,988,118.5063,220
51,989,118.4983,220
51,990,118.4957,220
51,991,118.46169999999999,220
51,992,118.4425,220
51,993,118.42919999999999,220
51,994,118.3794,220
51,995,118.3552,220
51,996,118.35509999999999,220
51,997,118.33620000000001,220
51,998,118.322,220
51,999,118.30589999999999,220
51,1000,118.2997,220
54,1,224.66253662109375,220
54,2,222.08824157714844,220
54,3,211.84640502929688,220
54,4,209.90470886230469,220
54,5,202.10789489746094,220
54,6,201.54109191894531,220
54,7,201.49827575683594,220
54,8,199.70957946777344,220
54,9,199.27583312988281,220
54,10,197.75555419921875,220
54,11,196.38748168945312,220
54,12,195.93954467773438,220
54,13,195.20036315917969,220
54,14,194.89651489257812,220
54,15,194.51033020019531,220
54,16,194.34147644042969,220
54,17,191.55032348632812,220
54,18,189.28959655761719,220
54,19,187.78984069824219,220
54,20,187.38232421875,220
54,21,187.25210571289062,220
54,22,187.24063110351562,220
54,23,185.28302001953125,220
54,24,184.87403869628906,220
54,25,184.85716247558594,220
54,26,184.31053161621094,220
54,27,183.99484252929688,220
54,28,182.12557983398438,220
54,29,182.02902221679688,220
54,30,181.26217651367188,220
54,31,180.90193176269531,220
54,32,180.85470581054688,220
54,33,180.64422607421875,220
54,34,179.47529602050781,220
54,35,178.6494140625,220
54,36,178.20565795898438,220
54,37,178.14317321777344,220
54,38,178.06990051269531,220
54,39,177.68800354003906,220
54,40,176.84494018554688,220
54,41,176.72587585449219,220
54,42,175.7100830078125,220
54,43,175.20448303222656,220
54,44,174.9765625,220
54,45,174.88822937011719,220
54,46,174.47119140625,220
54,47,174.16770935058594,220
54,48,174.00637817382812,220
54,49,173.88540649414062,220
54,50,173.60935974121094,220
54,51,173.40252685546875,220
54,52,173.380615234375,220
54,53,172.84919738769531,220
54,54,172.22589111328125,220
54,55,171.10270690917969,220
54,56,171.09440612792969,220
54,57,171.09434509277344,220
54,58,170.64479064941406,220
54,59,170.57342529296875,220
54,60,170.35435485839844,220
54,61,170.20594787597656,220
54,62,170.16311645507812,220
54,63,169.98991394042969,220
54,64,169.92047119140625,220
54,65,169.86997985839844,220
54,66,169.79170227050781,220
54,67,168.86001586914062,220
54,68,168.76068115234375,220
54,69,168.69338989257812,220
54,70,168.46292114257812,220
54,71,168.08238220214844,220
54,72,167.80850219726562,220
54,73,167.77165222167969,220
54,74,167.60122680664062,220
54,75,167.16383361816406,220
54,76,167.15406799316406,220
54,77,166.99038696289062,220
54,78,166.61093139648438,220
54,79,166.53904724121094,220
54,80,166.32691955566406,220
54,81,165.92373657226562,220
54,82,165.92057800292969,220
54,83,165.50361633300781,220
54,84,165.38848876953125,220
54,85,165.34196472167969,220
54,86,165.29461669921875,220
54,87,164.90034484863281,220
54,88,164.77066040039062,220
54,89,164.67227172851562,220
54,90,164.53126525878906,220
54,91,164.41798400878906,220
54,92,164.25218200683594,220
54,93,164.25041198730469,220
54,94,164.22953796386719,220
54,95,163.401123046875,220
54,96,163.38632202148438,220
54,97,162.97964477539062,220
54,98,162.25801086425781,220
54,99,162.061767578125,220
54,100,161.88491821289062,220
54,101,161.51956176757812,220
54,102,160.98605346679688,220
54,103,160.98033142089844,220
54,104,160.84007263183594,220
54,105,160.30500793457031,220
54,106,160.14616394042969,220
54,107,159.84715270996094,220
54,108,159.53387451171875,220
54,109,159.42939758300781,220
54,110,159.24147033691406,220
54,111,159.02192687988281,220
54,112,158.70286560058594,220
54,113,158.57443237304688,220
54,114,158.38255310058594,220
54,115,158.36849975585938,220
54,116,158.19081115722656,220
54,117,158.0872802734375,220
54,118,157.86833190917969,220
54,119,157.50680541992188,220
54,120,157.26194763183594,220
54,121,157.23001098632812,220
54,122,157.10130310058594,220
54,123,157.09710693359375,220
54,124,156.82894897460938,220
54,125,156.78724670410156,220
54,126,156.71194458007812,220
54,127,156.68319702148438,220
54,128,156.43289184570312,220
54,129,156.40452575683594,220
54,130,156.12396240234375,220
54,131,156.01213073730469,220
54,132,155.96641540527344,220
54,133,155.2166748046875,220
54,134,155.18620300292969,220
54,135,155.01339721679688,220
54,136,154.99464416503906,220
54,137,154.88262939453125,220
54,138,154.8243408203125,220
54,139,154.73367309570312,220
54,140,154.699462890625,220
54,141,154.59281921386719,220
54,142,154.57041931152344,220
54,143,154.49685668945312,220
54,144,154.46981811523438,220
54,145,154.45623779296875,220
54,146,154.45213317871094,220
54,147,154.43775939941406,220
54,148,154.2779541015625,220
54,149,154.214599609375,220
54,150,154.12693786621094,220
54,151,154.04261779785156,220
54,152,153.65776062011719,220
54,153,153.60398864746094,220
54,154,153.46896362304688,220
54,155,153.21844482421875,220
54,156,152.95452880859375,220
54,157,152.85675048828125,220
54,158,152.79588317871094,220
54,159,152.74510192871094,220
54,160,152.6279296875,220
54,161,152.616943359375,220
54,162,152.59379577636719,220
54,163,152.46626281738281,220
54,164,152.17373657226562,220
54,165,152.10052490234375,220
54,166,152.06599426269531,220
54,167,152.0159912109375,220
54,168,151.77923583984375,220
54,169,151.72700500488281,220
54,170,151.68276977539062,220
54,171,151.306640625,220
54,172,151.01806640625,220
54,173,150.93019104003906,220
54,174,150.91462707519531,220
54,175,150.64399719238281,220
54,176,150.13209533691406,220
54,177,150.04469299316406,220
54,178,149.82472229003906,220
54,179,149.53720092773438,220
54,180,149.46116638183594,220
54,181,149.36256408691406,220
54,182,148.90367126464844,220
54,183,148.84274291992188,220
54,184,148.82698059082031,220
54,185,148.75445556640625,220
54,186,148.69888305664062,220
54,187,148.64068603515625,220
54,188,148.50962829589844,220
54,189,148.47935485839844,220
54,190,148.31982421875,220
54,191,148.22657775878906,220
54,192,148.152587890625,220
54,193,148.07366943359375,220
54,194,148.01295471191406,220
54,195,147.9781494140625,220
54,196,147.87359619140625,220
54,197,147.68650817871094,220
54,198,147.60978698730469,220
54,199,147.60890197753906,220
54,200,147.47222900390625,220
54,201,147.42547607421875,220
54,202,147.3974609375,220
54,203,147.33453369140625,220
54,204,147.27734375,220
54,205,147.23307800292969,220
54,206,147.20095825195312,220
54,207,146.95172119140625,220
54,208,146.94024658203125,220
54,209,146.75604248046875,220
54,210,146.74688720703125,220
54,211,146.716552734375,220
54,212,146.63401794433594,220
54,213,146.53877258300781,220
54,214,146.43630981445312,220
54,215,146.42027282714844,220
54,216,146.10887145996094,220
54,217,146.09843444824219,220
54,218,146.03678894042969,220
54,219,146.01075744628906,220
54,220,145.93057250976562,220
54,221,145.84663391113281,220
54,222,145.83438110351562,220
54,223,145.829833984375,220
54,224,145.827392578125,220
54,225,145.67794799804688,220
54,226,145.62333679199219,220
54,227,145.61286926269531,220
54,228,145.57725524902344,220
54,229,145.56072998046875,220
54,230,145.4925537109375,220
54,231,145.34915161132812,220
54,232,145.28312683105469,220
54,233,145.23161315917969,220
54,234,145.22909545898438,220
54,235,145.202880859375,220
54,236,144.99925231933594,220
54,237,144.98944091796875,220
54,238,144.92855834960938,220
54,239,144.91159057617188,220
54,240,144.90092468261719,220
54,241,144.84989929199219,220
54,242,144.82768249511719,220
54,243,144.77326965332031,220
54,244,144.75064086914062,220
54,245,144.65194702148438,220
54,246,144.63130187988281,220
54,247,144.58546447753906,220
54,248,144.42611694335938,220
54,249,144.27320861816406,220
54,250,144.20855712890625,220
54,251,144.15773010253906,220
54,252,144.04191589355469,220
54,253,144.02064514160156,220
54,254,143.90029907226562,220
54,255,143.80506896972656,220
54,256,143.78546142578125,220
54,257,143.7578125,220
54,258,143.52255249023438,220
54,259,143.48611450195312,220
54,260,143.19905090332031,220
54,261,143.19544982910156,220
54,262,143.17854309082031,220
54,263,143.16706848144531,220
54,264,143.15228271484375,220
54,265,143.1302490234375,220
54,266,142.93832397460938,220
54,267,142.86000061035156,220
54,268,142.85173034667969,220
54,269,142.82145690917969,220
54,270,142.76707458496094,220
54,271,142.67161560058594,220
54,272,142.594970703125,220
54,273,142.42848205566406,220
54,274,142.33296203613281,220
54,275,142.31253051757812,220
54,276,142.296142578125,220
54,277,142.21153259277344,220
54,278,142.18525695800781,220
54,279,142.16244506835938,220
54,280,142.06413269042969,220
54,281,142.01315307617188,220
54,282,141.84912109375,220
54,283,141.82807922363281,220
54,284,141.7734375,220
54,285,141.76045227050781,220
54,286,141.75794982910156,220
54,287,141.70309448242188,220
54,288,141.65785217285156,220
54,289,141.53521728515625,220
54,290,141.36674499511719,220
54,291,141.31657409667969,220
54,292,141.21214294433594,220
54,293,141.10614013671875,220
54,294,141.10203552246094,220
54,295,141.06727600097656,220
54,296,141.06129455566406,220
54,297,140.85072326660156,220
54,298,140.80084228515625,220
54,299,140.51029968261719,220
54,300,140.46405029296875,220
54,301,140.41691589355469,220
54,302,140.38229370117188,220
54,303,140.26924133300781,220
54,304,140.04978942871094,220
54,305,140.04701232910156,220
54,306,139.845947265625,220
54,307,139.72265625,220
54,308,139.68397521972656,220
54,309,139.640625,220
54,310,139.63381958007812,220
54,311,139.63166809082031,220
54,312,139.61532592773438,220
54,313,139.61497497558594,220
54,314,139.56451416015625,220
54,315,139.53829956054688,220
54,316,139.4329833984375,220
54,317,139.37222290039062,220
54,318,139.34375,220
54,319,139.30348205566406,220
54,320,139.19149780273438,220
54,321,139.13731384277344,220
54,322,139.04890441894531,220
54,323,139.001953125,220
54,324,138.93128967285156,220
54,325,138.74652099609375,220
54,326,138.66835021972656,220
54,327,138.65113830566406,220
54,328,138.53598022460938,220
54,329,138.52682495117188,220
54,330,138.44216918945312,220
54,331,138.42329406738281,220
54,332,138.28680419921875,220
54,333,138.26759338378906,220
54,334,138.179931640625,220
54,335,138.17459106445312,220
54,336,138.14335632324219,220
54,337,138.12808227539062,220
54,338,138.05975341796875,220
54,339,138.02177429199219,220
54,340,137.98753356933594,220
54,341,137.70982360839844,220
54,342,137.70365905761719,220
54,343,137.67715454101562,220
54,344,137.63412475585938,220
54,345,137.51539611816406,220
54,346,137.50567626953125,220
54,347,137.42843627929688,220
54,348,137.41108703613281,220
54,349,137.34291076660156,220
54,350,137.30911254882812,220
54,351,137.29994201660156,220
54,352,137.28797912597656,220
54,353,137.25028991699219,220
54,354,137.23277282714844,220
54,355,137.21731567382812,220
54,356,137.2012939453125,220
54,357,137.19589233398438,220
54,358,137.17463684082031,220
54,359,137.1265869140625,220
54,360,137.10775756835938,220
54,361,137.09809875488281,220
54,362,137.04716491699219,220
54,363,136.93240356445312,220
54,364,136.88652038574219,220
54,365,136.75379943847656,220
54,366,136.7301025390625,220
54,367,136.69427490234375,220
54,368,136.58750915527344,220
54,369,136.57627868652344,220
54,370,136.55754089355469,220
54,371,136.50250244140625,220
54,372,136.42161560058594,220
54,373,136.4200439453125,220
54,374,136.31976318359375,220
54,375,136.22352600097656,220
54,376,136.20147705078125,220
54,377,136.17550659179688,220
54,378,136.15460205078125,220
54,379,136.11805725097656,220
54,380,136.10850524902344,220
54,381,136.09957885742188,220
54,382,136.07501220703125,220
54,383,136.0423583984375,220
54,384,136.02398681640625,220
54,385,136.01025390625,220
54,386,136.00778198242188,220
54,387,135.9493408203125,220
54,388,135.85081481933594,220
54,389,135.80770874023438,220
54,390,135.63558959960938,220
54,391,135.63186645507812,220
54,392,135.61572265625,220
54,393,135.605224609375,220
54,394,135.51138305664062,220
54,395,135.49087524414062,220
54,396,135.40951538085938,220
54,397,135.40098571777344,220
54,398,135.37886047363281,220
54,399,135.37831115722656,220
54,400,135.31857299804688,220
54,401,135.30888366699219,220
54,402,135.29023742675781,220
54,403,135.20454406738281,220
54,404,135.15946960449219,220
54,405,135.11634826660156,220
54,406,135.10800170898438,220
54,407,135.09637451171875,220
54,408,135.07901000976562,220
54,409,135.00990295410156,220
54,410,134.97686767578125,220
54,411,134.96759033203125,220
54,412,134.928955078125,220
54,413,134.82914733886719,220
54,414,134.75859069824219,220
54,415,134.74604797363281,220
54,416,134.57701110839844,220
54,417,134.52413940429688,220
54,418,134.52163696289062,220
54,419,134.4920654296875,220
54,420,134.355224609375,220
54,421,134.29136657714844,220
54,422,134.28501892089844,220
54,423,134.2772216796875,220
54,424,134.25811767578125,220
54,425,134.25717163085938,220
54,426,134.22956848144531,220
54,427,134.21038818359375,220
54,428,134.20413208007812,220
54,429,134.12263488769531,220
54,430,134.05976867675781,220
54,431,134.05250549316406,220
54,432,134.02299499511719,220
54,433,133.87904357910156,220
54,434,133.8787841796875,220
54,435,133.86871337890625,220
54,436,133.84622192382812,220
54,437,133.81661987304688,220
54,438,133.81596374511719,220
54,439,133.77725219726562,220
54,440,133.76728820800781,220
54,441,133.75956726074219,220
54,442,133.73167419433594,220
54,443,133.68560791015625,220
54,444,133.68513488769531,220
54,445,133.68104553222656,220
54,446,133.59661865234375,220
54,447,133.56074523925781,220
54,448,133.53022766113281,220
54,449,133.48159790039062,220
54,450,133.41632080078125,220
54,451,133.34223937988281,220
54,452,133.32601928710938,220
54,453,133.26988220214844,220
54,454,133.24118041992188,220
54,455,133.23075866699219,220
54,456,133.20233154296875,220
54,457,133.11524963378906,220
54,458,133.09423828125,220
54,459,133.03173828125,220
54,460,133.02693176269531,220
54,461,133.02085876464844,220
54,462,133.01606750488281,220
54,463,132.89894104003906,220
54,464,132.89801025390625,220
54,465,132.86459350585938,220
54,466,132.78500366210938,220
54,467,132.76217651367188,220
54,468,132.73934936523438,220
54,469,132.73777770996094,220
54,470,132.71502685546875,220
54,471,132.71122741699219,220
54,472,132.7012939453125,220
54,473,132.64810180664062,220
54,474,132.63908386230469,220
54,475,132.61924743652344,220
54,476,132.60342407226562,220
54,477,132.58746337890625,220
54,478,132.58741760253906,220
54,479,132.56036376953125,220
54,480,132.47784423828125,220
54,481,132.46463012695312,220
54,482,132.45751953125,220
54,483,132.443359375,220
54,484,132.43408203125,220
54,485,132.4285888671875,220
54,486,132.42213439941406,220
54,487,132.36540222167969,220
54,488,132.31842041015625,220
54,489,132.27308654785156,220
54,490,132.2210693359375,220
54,491,132.19332885742188,220
54,492,132.15301513671875,220
54,493,132.14268493652344,220
54,494,131.99601745605469,220
54,495,131.97331237792969,220
54,496,131.96905517578125,220
54,497,131.92799377441406,220
54,498,131.92597961425781,220
54,499,131.86221313476562,220
54,500,131.86126708984375,220
54,501,131.84251403808594,220
54,502,131.82437133789062,220
54,503,131.822998046875,220
54,504,131.82217407226562,220
54,505,131.78031921386719,220
54,506,131.7791748046875,220
54,507,131.76181030273438,220
54,508,131.75959777832031,220
54,509,131.71968078613281,220
54,510,131.70632934570312,220
54,511,131.67303466796875,220
54,512,131.61997985839844,220
54,513,131.61019897460938,220
54,514,131.59912109375,220
54,515,131.58181762695312,220
54,516,131.580810546875,220
54,517,131.51290893554688,220
54,518,131.43463134765625,220
54,519,131.39935302734375,220
54,520,131.35517883300781,220
54,521,131.3319091796875,220
54,522,131.33078002929688,220
54,523,131.32746887207031,220
54,524,131.319580078125,220
54,525,131.31214904785156,220
54,526,131.30815124511719,220
54,527,131.30146789550781,220
54,528,131.27630615234375,220
54,529,131.27278137207031,220
54,530,131.25608825683594,220
54,531,131.23104858398438,220
54,532,131.2308349609375,220
54,533,131.1917724609375,220
54,534,131.09010314941406,220
54,535,131.04690551757812,220
54,536,131.02922058105469,220
54,537,130.97943115234375,220
54,538,130.95799255371094,220
54,539,130.95208740234375,220
54,540,130.90287780761719,220
54,541,130.8914794921875,220
54,542,130.87654113769531,220
54,543,130.83872985839844,220
54,544,130.80764770507812,220
54,545,130.79067993164062,220
54,546,130.71730041503906,220
54,547,130.71322631835938,220
54,548,130.67317199707031,220
54,549,130.66635131835938,220
54,550,130.62721252441406,220
54,551,130.53826904296875,220
54,552,130.53633117675781,220
54,553,130.44677734375,220
54,554,130.43988037109375,220
54,555,130.43345642089844,220
54,556,130.42039489746094,220
54,557,130.40174865722656,220
54,558,130.37062072753906,220
54,559,130.35734558105469,220
54,560,130.32795715332031,220
54,561,130.32426452636719,220
54,562,130.31977844238281,220
54,563,130.31875610351562,220
54,564,130.291015625,220
54,565,130.25859069824219,220
54,566,130.24919128417969,220
54,567,130.23594665527344,220
54,568,130.22019958496094,220
54,569,130.21177673339844,220
54,570,130.20013427734375,220
54,571,130.19830322265625,220
54,572,130.181396484375,220
54,573,130.14030456542969,220
54,574,130.13803100585938,220
54,575,130.10336303710938,220
54,576,130.08108520507812,220
54,577,130.07350158691406,220
54,578,130.0426025390625,220
54,579,129.99299621582031,220
54,580,129.97940063476562,220
54,581,129.90737915039062,220
54,582,129.90599060058594,220
54,583,129.88131713867188,220
54,584,129.86276245117188,220
54,585,129.83880615234375,220
54,586,129.83792114257812,220
54,587,129.82391357421875,220
54,588,129.81942749023438,220
54,589,129.78582763671875,220
54,590,129.75558471679688,220
54,591,129.75044250488281,220
54,592,129.74757385253906,220
54,593,129.73832702636719,220
54,594,129.73660278320312,220
54,595,129.73500061035156,220
54,596,129.70967102050781,220
54,597,129.70309448242188,220
54,598,129.64558410644531,220
54,599,129.62602233886719,220
54,600,129.62480163574219,220
54,601,129.61970520019531,220
54,602,129.57200622558594,220
54,603,129.56776428222656,220
54,604,129.5352783203125,220
54,605,129.51116943359375,220
54,606,129.51036071777344,220
54,607,129.5067138671875,220
54,608,129.470703125,220
54,609,129.41740417480469,220
54,610,129.40524291992188,220
54,611,129.3778076171875,220
54,612,129.37648010253906,220
54,613,129.32655334472656,220
54,614,129.3154296875,220
54,615,129.31449890136719,220
54,616,129.28541564941406,220
54,617,129.28117370605469,220
54,618,129.20870971679688,220
54,619,129.18275451660156,220
54,620,129.17741394042969,220
54,621,129.15934753417969,220
54,622,129.12867736816406,220
54,623,129.12016296386719,220
54,624,129.11636352539062,220
54,625,129.10494995117188,220
54,626,129.09378051757812,220
54,627,129.08004760742188,220
54,628,129.07583618164062,220
54,629,129.06361389160156,220
54,630,129.06001281738281,220
54,631,128.97384643554688,220
54,632,128.97267150878906,220
54,633,128.96780395507812,220
54,634,128.96174621582031,220
54,635,128.95326232910156,220
54,636,128.95028686523438,220
54,637,128.930419921875,220
54,638,128.88528442382812,220
54,639,128.85871887207031,220
54,640,128.81935119628906,220
54,641,128.81541442871094,220
54,642,128.81448364257812,220
54,643,128.79815673828125,220
54,644,128.77101135253906,220
54,645,128.75909423828125,220
54,646,128.74711608886719,220
54,647,128.72309875488281,220
54,648,128.72270202636719,220
54,649,128.72235107421875,220
54,650,128.70367431640625,220
54,651,128.69485473632812,220
54,652,128.65858459472656,220
54,653,128.61740112304688,220
54,654,128.61448669433594,220
54,655,128.60446166992188,220
54,656,128.58827209472656,220
54,657,128.58665466308594,220
54,658,128.56608581542969,220
54,659,128.5657958984375,220
54,660,128.53634643554688,220
54,661,128.53567504882812,220
54,662,128.53224182128906,220
54,663,128.52853393554688,220
54,664,128.52383422851562,220
54,665,128.50639343261719,220
54,666,128.50473022460938,220
54,667,128.46858215332031,220
54,668,128.41670227050781,220
54,669,128.41606140136719,220
54,670,128.40202331542969,220
54,671,128.38005065917969,220
54,672,128.3543701171875,220
54,673,128.3486328125,220
54,674,128.33169555664062,220
54,675,128.29969787597656,220
54,676,128.28269958496094,220
54,677,128.27243041992188,220
54,678,128.21572875976562,220
54,679,128.21331787109375,220
54,680,128.17041015625,220
54,681,128.13760375976562,220
54,682,128.12791442871094,220
54,683,128.04476928710938,220
54,684,128.04435729980469,220
54,685,128.00753784179688,220
54,686,127.97872161865234,220
54,687,127.95152282714844,220
54,688,127.94179534912109,220
54,689,127.90643310546875,220
54,690,127.90545654296875,220
54,691,127.89826202392578,220
54,692,127.84668731689453,220
54,693,127.83097839355469,220
54,694,127.75633239746094,220
54,695,127.74357604980469,220
54,696,127.6986083984375,220
54,697,127.67404174804688,220
54,698,127.67033386230469,220
54,699,127.57585144042969,220
54,700,127.57406616210938,220
54,701,127.54528045654297,220
54,702,127.53191375732422,220
54,703,127.48737335205078,220
54,704,127.47341156005859,220
54,705,127.44710540771484,220
54,706,127.40714263916016,220
54,707,127.40359497070312,220
54,708,127.39325714111328,220
54,709,127.35617828369141,220
54,710,127.35102844238281,220
54,711,127.35086059570312,220
54,712,127.33200073242188,220
54,713,127.32582092285156,220
54,714,127.30488586425781,220
54,715,127.29355621337891,220
54,716,127.28662872314453,220
54,717,127.27933502197266,220
54,718,127.27579498291016,220
54,719,127.26831817626953,220
54,720,127.25937652587891,220
54,721,127.23421478271484,220
54,722,127.2303466796875,220
54,723,127.21047210693359,220
54,724,127.18227386474609,220
54,725,127.17891693115234,220
54,726,127.13474273681641,220
54,727,127.12213897705078,220
54,728,127.10802459716797,220
54,729,127.08615875244141,220
54,730,127.07501220703125,220
54,731,127.05423736572266,220
54,732,127.04371643066406,220
54,733,127.03462219238281,220
54,734,127.02547454833984,220
54,735,126.95437622070312,220
54,736,126.94894409179688,220
54,737,126.92617034912109,220
54,738,126.882080078125,220
54,739,126.77831268310547,220
54,740,126.74897003173828,220
54,741,126.73991394042969,220
54,742,126.72708129882812,220
54,743,126.68042755126953,220
54,744,126.65592956542969,220
54,745,126.60653686523438,220
54,746,126.58899688720703,220
54,747,126.54951477050781,220
54,748,126.51869964599609,220
54,749,126.51737976074219,220
54,750,126.51285552978516,220
54,751,126.39553070068359,220
54,752,126.35527038574219,220
54,753,126.35488128662109,220
54,754,126.34146881103516,220
54,755,126.33616638183594,220
54,756,126.33156585693359,220
54,757,126.33145141601562,220
54,758,126.29630279541016,220
54,759,126.29446411132812,220
54,760,126.26961517333984,220
54,761,126.20885467529297,220
54,762,126.20409393310547,220
54,763,126.19380950927734,220
54,764,126.18372344970703,220
54,765,126.18103790283203,220
54,766,126.1759033203125,220
54,767,126.15979766845703,220
54,768,126.15045928955078,220
54,769,126.12702941894531,220
54,770,126.10969543457031,220
54,771,126.08147430419922,220
54,772,126.07926177978516,220
54,773,126.07299041748047,220
54,774,126.06086730957031,220
54,775,126.05175018310547,220
54,776,126.02052307128906,220
54,777,125.99961853027344,220
54,778,125.91908264160156,220
54,779,125.86138153076172,220
54,780,125.83144378662109,220
54,781,125.82381439208984,220
54,782,125.76676177978516,220
54,783,125.75243377685547,220
54,784,125.74361419677734,220
54,785,125.72348785400391,220
54,786,125.71819305419922,220
54,787,125.71617889404297,220
54,788,125.67612457275391,220
54,789,125.62591552734375,220
54,790,125.62018585205078,220
54,791,125.5653076171875,220
54,792,125.56468963623047,220
54,793,125.50986480712891,220
54,794,125.50931549072266,220
54,795,125.50870513916016,220
54,796,125.50034332275391,220
54,797,125.48378753662109,220
54,798,125.47242736816406,220
54,799,125.46124267578125,220
54,800,125.43618774414062,220
54,801,125.40911865234375,220
54,802,125.37996673583984,220
54,803,125.36945343017578,220
54,804,125.36695861816406,220
54,805,125.33563995361328,220
54,806,125.33219146728516,220
54,807,125.32000732421875,220
54,808,125.28432464599609,220
54,809,125.28395080566406,220
54,810,125.27095794677734,220
54,811,125.26343536376953,220
54,812,125.24468994140625,220
54,813,125.24224090576172,220
54,814,125.23544311523438,220
54,815,125.23278045654297,220
54,816,125.22960662841797,220
54,817,125.22690582275391,220
54,818,125.2196044921875,220
54,819,125.15370941162109,220
54,820,125.14370727539062,220
54,821,125.13026428222656,220
54,822,125.12249755859375,220
54,823,125.11960601806641,220
54,824,125.09396362304688,220
54,825,125.06993103027344,220
54,826,125.06723785400391,220
54,827,125.02899169921875,220
54,828,125.005126953125,220
54,829,124.98995208740234,220
54,830,124.97500610351562,220
54,831,124.96525573730469,220
54,832,124.96275329589844,220
54,833,124.92566680908203,220
54,834,124.91730499267578,220
54,835,124.90003204345703,220
54,836,124.89096069335938,220
54,837,124.85469055175781,220
54,838,124.81614685058594,220
54,839,124.80216979980469,220
54,840,124.76828765869141,220
54,841,124.68195343017578,220
54,842,124.67443084716797,220
54,843,124.66481781005859,220
54,844,124.59548950195312,220
54,845,124.59418487548828,220
54,846,124.58329772949219,220
54,847,124.57342529296875,220
54,848,124.57074737548828,220
54,849,124.56450653076172,220
54,850,124.56285095214844,220
54,851,124.55217742919922,220
54,852,124.54642486572266,220
54,853,124.51899719238281,220
54,854,124.51327514648438,220
54,855,124.50709533691406,220
54,856,124.50030517578125,220
54,857,124.47465515136719,220
54,858,124.46257781982422,220
54,859,124.44989776611328,220
54,860,124.39988708496094,220
54,861,124.39767456054688,220
54,862,124.39370727539062,220
54,863,124.390380859375,220
54,864,124.38655853271484,220
54,865,124.36833953857422,220
54,866,124.34822082519531,220
54,867,124.33877563476562,220
54,868,124.33030700683594,220
54,869,124.32350158691406,220
54,870,124.31919097900391,220
54,871,124.31356811523438,220
54,872,124.30931854248047,220
54,873,124.28089904785156,220
54,874,124.27696990966797,220
54,875,124.25429534912109,220
54,876,124.24586486816406,220
54,877,124.24098205566406,220
54,878,124.23804473876953,220
54,879,124.19114685058594,220
54,880,124.18431091308594,220
54,881,124.18325042724609,220
54,882,124.17188262939453,220
54,883,124.16281127929688,220
54,884,124.15274047851562,220
54,885,124.14248657226562,220
54,886,124.12177276611328,220
54,887,124.11191558837891,220
54,888,124.10219573974609,220
54,889,124.06043243408203,220
54,890,124.05897521972656,220
54,891,124.04961395263672,220
54,892,124.039306640625,220
54,893,123.99372863769531,220
54,894,123.99208831787109,220
54,895,123.98560333251953,220
54,896,123.96345520019531,220
54,897,123.95670318603516,220
54,898,123.95362091064453,220
54,899,123.93285369873047,220
54,900,123.91544342041016,220
54,901,123.91118621826172,220
54,902,123.89865112304688,220
54,903,123.89165496826172,220
54,904,123.87640380859375,220
54,905,123.86578369140625,220
54,906,123.86485290527344,220
54,907,123.86446380615234,220
54,908,123.85305023193359,220
54,909,123.83625030517578,220
54,910,123.81716156005859,220
54,911,123.80051422119141,220
54,912,123.79901123046875,220
54,913,123.79403686523438,220
54,914,123.78929138183594,220
54,915,123.73794555664062,220
54,916,123.73033142089844,220
54,917,123.71170043945312,220
54,918,123.70935821533203,220
54,919,123.7041015625,220
54,920,123.69673919677734,220
54,921,123.67469024658203,220
54,922,123.67456817626953,220
54,923,123.62861633300781,220
54,924,123.61664581298828,220
54,925,123.59957122802734,220
54,926,123.57523345947266,220
54,927,123.57094573974609,220
54,928,123.569091796875,220
54,929,123.56682586669922,220
54,930,123.54872131347656,220
54,931,123.54316711425781,220
54,932,123.51127624511719,220
54,933,123.50630187988281,220
54,934,123.50558471679688,220
54,935,123.50466918945312,220
54,936,123.45039367675781,220
54,937,123.40826416015625,220
54,938,123.40068817138672,220
54,939,123.39813232421875,220
54,940,123.39551544189453,220
54,941,123.38383483886719,220
54,942,123.38289642333984,220
54,943,123.36766052246094,220
54,944,123.3658447265625,220
54,945,123.33283233642578,220
54,946,123.32198333740234,220
54,947,123.27964782714844,220
54,948,123.27332305908203,220
54,949,123.27062225341797,220
54,950,123.26446533203125,220
54,951,123.25978088378906,220
54,952,123.22221374511719,220
54,953,123.21949005126953,220
54,954,123.21521759033203,220
54,955,123.20992279052734,220
54,956,123.19412994384766,220
54,957,123.19286346435547,220
54,958,123.18785095214844,220
54,959,123.18756866455078,220
54,960,123.17690277099609,220
54,961,123.16143798828125,220
54,962,123.14031982421875,220
54,963,123.11100769042969,220
54,964,123.10792541503906,220
54,965,123.09844207763672,220
54,966,123.09664916992188,220
54,967,123.06789398193359,220
54,968,123.04942321777344,220
54,969,123.04866027832031,220
54,970,123.02861785888672,220
54,971,122.99118041992188,220
54,972,122.98162841796875,220
54,973,122.94715881347656,220
54,974,122.92853546142578,220
54,975,122.92516326904297,220
54,976,122.91470336914062,220
54,977,122.90122985839844,220
54,978,122.88332366943359,220
54,979,122.88074493408203,220
54,980,122.86544799804688,220
54,981,122.86293029785156,220
54,982,122.8482666015625,220
54,983,122.83355712890625,220
54,984,122.83023834228516,220
54,985,122.82299041748047,220
54,986,122.81679534912109,220
54,987,122.80757141113281,220
54,988,122.78521728515625,220
54,989,122.781494140625,220
54,990,122.76798248291016,220
54,991,122.74823760986328,220
54,992,122.73986053466797,220
54,993,122.72514343261719,220
54,994,122.71739959716797,220
54,995,122.69591522216797,220
54,996,122.66799163818359,220
54,997,122.66417694091797,220
54,998,122.64068603515625,220
54,999,122.62300872802734,220
54,1000,122.57441711425781,220
