record_type,case_id,stress_component,normalized_semispan,trim_stress_mpa,angle_of_attack_deg,half_wing_strain_energy_nm,velocity_m_per_s,maximum_filtered_damping,within_30_150_m_per_s_screen,x1_ar,x2_taper_ratio,x3_primary_member_ratio,x4_secondary_member_ratio,y1_cditrim,y2_ctrim_nm,c_feasible_label,max_trim_skin_vm_mpa,max_trim_cbeam_normal_stress_mpa,mode1_frequency_hz,minimum_modal_frequency_hz,maximum_filtered_flutter_damping
trim_stress,4,shell_von_mises,0.00356927633975489,30.940487990325,,,,,,,,,,,,,,,,,
trim_stress,4,shell_von_mises,0.0107121590400117,28.6127879799537,,,,,,,,,,,,,,,,,
trim_stress,4,shell_von_mises,0.0178550417402686,29.040760382636,,,,,,,,,,,,,,,,,
trim_stress,4,shell_von_mises,0.0249979244405254,29.0563016376564,,,,,,,,,,,,,,,,,
trim_stress,4,shell_von_mises,0.0321408071407822,25.7863921600092,,,,,,,,,,,,,,,,,
trim_stress,4,shell_von_mises,0.0392836898410391,26.7509819822917,,,,,,,,,,,,,,,,,
trim_stress,4,shell_von_mises,0.0464265725412959,25.3121008710028,,,,,,,,,,,,,,,,,
trim_stress,4,shell_von_mises,0.0535694552415527,25.7449455577808,,,,,,,,,,,,,,,,,
trim_stress,4,shell_von_mises,0.0607123379418096,25.4446231582386,,,,,,,,,,,,,,,,,
trim_stress,4,shell_von_mises,0.0678552206420664,23.9400234136503,,,,,,,,,,,,,,,,,
trim_stress,4,shell_von_mises,0.0749981033423232,23.6745809694963,,,,,,,,,,,,,,,,,
trim_stress,4,shell_von_mises,0.0821409860425801,20.8641731628149,,,,,,,,,,,,,,,,,
trim_stress,4,shell_von_mises,0.0892838687428369,21.3134872397538,,,,,,,,,,,,,,,,,
trim_stress,4,shell_von_mises,0.0964267514430937,20.5482845732469,,,,,,,,,,,,,,,,,
trim_stress,4,shell_von_mises,0.103569634143351,19.9016417881534,,,,,,,,,,,,,,,,,
trim_stress,4,shell_von_mises,0.110712516843607,23.2709160737027,,,,,,,,,,,,,,,,,
trim_stress,4,shell_von_mises,0.117855399543864,21.0258455154855,,,,,,,,,,,,,,,,,
trim_stress,4,shell_von_mises,0.124998282244121,21.4222007355903,,,,,,,,,,,,,,,,,
trim_stress,4,shell_von_mises,0.132141164944378,19.5865238085752,,,,,,,,,,,,,,,,,
trim_stress,4,shell_von_mises,0.139284047644635,21.4033521689309,,,,,,,,,,,,,,,,,
trim_stress,4,shell_von_mises,0.146426930344892,23.3226147846962,,,,,,,,,,,,,,,,,
trim_stress,4,shell_von_mises,0.153569813045148,20.0195563254988,,,,,,,,,,,,,,,,,
trim_stress,4,shell_von_mises,0.160712695745405,21.899792917125,,,,,,,,,,,,,,,,,
trim_stress,4,shell_von_mises,0.167855578445662,19.3034974752464,,,,,,,,,,,,,,,,,
trim_stress,4,shell_von_mises,0.174998461145919,20.0671785592815,,,,,,,,,,,,,,,,,
trim_stress,4,shell_von_mises,0.182141343846176,20.6860654192048,,,,,,,,,,,,,,,,,
trim_stress,4,shell_von_mises,0.189284226546433,18.8731028726169,,,,,,,,,,,,,,,,,
trim_stress,4,shell_von_mises,0.196427109246689,22.7922048592501,,,,,,,,,,,,,,,,,
trim_stress,4,shell_von_mises,0.203569991946946,19.7469209642001,,,,,,,,,,,,,,,,,
trim_stress,4,shell_von_mises,0.210712874647203,19.3565001553685,,,,,,,,,,,,,,,,,
trim_stress,4,shell_von_mises,0.21785575734746,19.5891455614297,,,,,,,,,,,,,,,,,
trim_stress,4,shell_von_mises,0.224998640047717,17.9732894848684,,,,,,,,,,,,,,,,,
trim_stress,4,shell_von_mises,0.232141522747974,20.6373130815052,,,,,,,,,,,,,,,,,
trim_stress,4,shell_von_mises,0.23928440544823,17.6885973645738,,,,,,,,,,,,,,,,,
trim_stress,4,shell_von_mises,0.246427288148487,16.3739735072761,,,,,,,,,,,,,,,,,
trim_stress,4,shell_von_mises,0.253570170848744,19.9521496147068,,,,,,,,,,,,,,,,,
trim_stress,4,shell_von_mises,0.260713053549001,17.0074402453219,,,,,,,,,,,,,,,,,
trim_stress,4,shell_von_mises,0.267855936249258,17.4834889804292,,,,,,,,,,,,,,,,,
trim_stress,4,shell_von_mises,0.274998818949515,18.6168095848919,,,,,,,,,,,,,,,,,
trim_stress,4,shell_von_mises,0.282141701649771,17.0070594600015,,,,,,,,,,,,,,,,,
trim_stress,4,shell_von_mises,0.289284584350028,17.3919427544587,,,,,,,,,,,,,,,,,
trim_stress,4,shell_von_mises,0.296427467050285,19.3192620301005,,,,,,,,,,,,,,,,,
trim_stress,4,shell_von_mises,0.303570349750542,17.7382298271403,,,,,,,,,,,,,,,,,
trim_stress,4,shell_von_mises,0.310713232450799,18.391507910786,,,,,,,,,,,,,,,,,
trim_stress,4,shell_von_mises,0.317856115151056,17.778253022026,,,,,,,,,,,,,,,,,
trim_stress,4,shell_von_mises,0.324998997851312,16.3579428438331,,,,,,,,,,,,,,,,,
trim_stress,4,shell_von_mises,0.332141880551569,17.4836451987634,,,,,,,,,,,,,,,,,
trim_stress,4,shell_von_mises,0.339284763251826,16.9138172024064,,,,,,,,,,,,,,,,,
trim_stress,4,shell_von_mises,0.346427645952083,16.1346535827339,,,,,,,,,,,,,,,,,
trim_stress,4,shell_von_mises,0.35357052865234,16.1256961595417,,,,,,,,,,,,,,,,,
trim_stress,4,shell_von_mises,0.360713411352596,14.9458491998962,,,,,,,,,,,,,,,,,
trim_stress,4,shell_von_mises,0.367856294052853,17.3980995067224,,,,,,,,,,,,,,,,,
trim_stress,4,shell_von_mises,0.37499917675311,16.4022625053039,,,,,,,,,,,,,,,,,
trim_stress,4,shell_von_mises,0.382142059453367,18.1461629777155,,,,,,,,,,,,,,,,,
trim_stress,4,shell_von_mises,0.389284942153624,18.4618262073406,,,,,,,,,,,,,,,,,
trim_stress,4,shell_von_mises,0.396427824853881,18.860724877917,,,,,,,,,,,,,,,,,
trim_stress,4,shell_von_mises,0.403570707554138,15.3096621972961,,,,,,,,,,,,,,,,,
trim_stress,4,shell_von_mises,0.410713590254394,17.3048422208306,,,,,,,,,,,,,,,,,
trim_stress,4,shell_von_mises,0.417856472954651,17.6023485005555,,,,,,,,,,,,,,,,,
trim_stress,4,shell_von_mises,0.424999355654908,16.4758379872749,,,,,,,,,,,,,,,,,
trim_stress,4,shell_von_mises,0.432142238355165,22.2807693031537,,,,,,,,,,,,,,,,,
trim_stress,4,shell_von_mises,0.439285121055422,18.6988691921563,,,,,,,,,,,,,,,,,
trim_stress,4,shell_von_mises,0.446428003755679,13.8740115914775,,,,,,,,,,,,,,,,,
trim_stress,4,shell_von_mises,0.453570886455935,15.0132866757884,,,,,,,,,,,,,,,,,
trim_stress,4,shell_von_mises,0.460713769156192,15.6842929640534,,,,,,,,,,,,,,,,,
trim_stress,4,shell_von_mises,0.467856651856449,13.3850753881143,,,,,,,,,,,,,,,,,
trim_stress,4,shell_von_mises,0.474999534556706,14.6958051043942,,,,,,,,,,,,,,,,,
trim_stress,4,shell_von_mises,0.482142417256963,14.3831894690972,,,,,,,,,,,,,,,,,
trim_stress,4,shell_von_mises,0.48928529995722,13.1988387234406,,,,,,,,,,,,,,,,,
trim_stress,4,shell_von_mises,0.496428182657476,13.8932827470769,,,,,,,,,,,,,,,,,
trim_stress,4,shell_von_mises,0.503571065357733,14.5471988023634,,,,,,,,,,,,,,,,,
trim_stress,4,shell_von_mises,0.51071394805799,14.7171354706291,,,,,,,,,,,,,,,,,
trim_stress,4,shell_von_mises,0.517856830758247,13.1137517654523,,,,,,,,,,,,,,,,,
trim_stress,4,shell_von_mises,0.524999713458504,13.7734091625958,,,,,,,,,,,,,,,,,
trim_stress,4,shell_von_mises,0.532142596158761,13.9853056405599,,,,,,,,,,,,,,,,,
trim_stress,4,shell_von_mises,0.539285478859017,13.0372862869228,,,,,,,,,,,,,,,,,
trim_stress,4,shell_von_mises,0.546428361559274,15.0542377659531,,,,,,,,,,,,,,,,,
trim_stress,4,shell_von_mises,0.553571244259531,14.0340674858017,,,,,,,,,,,,,,,,,
trim_stress,4,shell_von_mises,0.560714126959788,11.4954149476066,,,,,,,,,,,,,,,,,
trim_stress,4,shell_von_mises,0.567857009660045,12.669397776254,,,,,,,,,,,,,,,,,
trim_stress,4,shell_von_mises,0.574999892360301,13.1840217501799,,,,,,,,,,,,,,,,,
trim_stress,4,shell_von_mises,0.582142775060558,10.2872941880669,,,,,,,,,,,,,,,,,
trim_stress,4,shell_von_mises,0.589285657760815,11.369937339064,,,,,,,,,,,,,,,,,
trim_stress,4,shell_von_mises,0.596428540461072,12.4912064111871,,,,,,,,,,,,,,,,,
trim_stress,4,shell_von_mises,0.603571423161329,12.0434182212677,,,,,,,,,,,,,,,,,
trim_stress,4,shell_von_mises,0.610714305861586,10.1966641498861,,,,,,,,,,,,,,,,,
trim_stress,4,shell_von_mises,0.617857188561842,9.71931680034057,,,,,,,,,,,,,,,,,
trim_stress,4,shell_von_mises,0.625000071262099,10.1560827828574,,,,,,,,,,,,,,,,,
trim_stress,4,shell_von_mises,0.632142953962356,9.76946337700241,,,,,,,,,,,,,,,,,
trim_stress,4,shell_von_mises,0.639285836662613,8.92057297464211,,,,,,,,,,,,,,,,,
trim_stress,4,shell_von_mises,0.64642871936287,11.1024534747595,,,,,,,,,,,,,,,,,
trim_stress,4,shell_von_mises,0.653571602063127,8.38550694192005,,,,,,,,,,,,,,,,,
trim_stress,4,shell_von_mises,0.660714484763383,8.41588909355078,,,,,,,,,,,,,,,,,
trim_stress,4,shell_von_mises,0.66785736746364,9.46899262880825,,,,,,,,,,,,,,,,,
trim_stress,4,shell_von_mises,0.675000250163897,9.108036034611,,,,,,,,,,,,,,,,,
trim_stress,4,shell_von_mises,0.682143132864154,7.24849007928174,,,,,,,,,,,,,,,,,
trim_stress,4,shell_von_mises,0.689286015564411,7.64522878403776,,,,,,,,,,,,,,,,,
trim_stress,4,shell_von_mises,0.696428898264668,8.47629583956757,,,,,,,,,,,,,,,,,
trim_stress,4,shell_von_mises,0.703571780964924,6.53510005645422,,,,,,,,,,,,,,,,,
trim_stress,4,shell_von_mises,0.710714663665181,6.02099061692241,,,,,,,,,,,,,,,,,
trim_stress,4,shell_von_mises,0.717857546365438,6.79107328521029,,,,,,,,,,,,,,,,,
trim_stress,4,shell_von_mises,0.725000429065695,6.35043495834967,,,,,,,,,,,,,,,,,
trim_stress,4,shell_von_mises,0.732143311765952,6.51594781477927,,,,,,,,,,,,,,,,,
trim_stress,4,shell_von_mises,0.739286194466209,6.58637332412463,,,,,,,,,,,,,,,,,
trim_stress,4,shell_von_mises,0.746429077166466,6.40775028673283,,,,,,,,,,,,,,,,,
trim_stress,4,shell_von_mises,0.753571959866722,5.21281659967891,,,,,,,,,,,,,,,,,
trim_stress,4,shell_von_mises,0.760714842566979,4.83715307029873,,,,,,,,,,,,,,,,,
trim_stress,4,shell_von_mises,0.767857725267236,4.85016921039753,,,,,,,,,,,,,,,,,
trim_stress,4,shell_von_mises,0.775000607967493,4.91437422864902,,,,,,,,,,,,,,,,,
trim_stress,4,shell_von_mises,0.78214349066775,4.99975765607878,,,,,,,,,,,,,,,,,
trim_stress,4,shell_von_mises,0.789286373368007,4.29677937760758,,,,,,,,,,,,,,,,,
trim_stress,4,shell_von_mises,0.796429256068263,4.42024946605159,,,,,,,,,,,,,,,,,
trim_stress,4,shell_von_mises,0.80357213876852,4.8367691106777,,,,,,,,,,,,,,,,,
trim_stress,4,shell_von_mises,0.810715021468777,4.20456204274121,,,,,,,,,,,,,,,,,
trim_stress,4,shell_von_mises,0.817857904169034,3.18084284168726,,,,,,,,,,,,,,,,,
trim_stress,4,shell_von_mises,0.825000786869291,4.20780211077377,,,,,,,,,,,,,,,,,
trim_stress,4,shell_von_mises,0.832143669569548,3.89855210560688,,,,,,,,,,,,,,,,,
trim_stress,4,shell_von_mises,0.839286552269804,2.98513406385231,,,,,,,,,,,,,,,,,
trim_stress,4,shell_von_mises,0.846429434970061,3.4640684265728,,,,,,,,,,,,,,,,,
trim_stress,4,shell_von_mises,0.853572317670318,3.86418423219927,,,,,,,,,,,,,,,,,
trim_stress,4,shell_von_mises,0.860715200370575,3.52895590207797,,,,,,,,,,,,,,,,,
trim_stress,4,shell_von_mises,0.867858083070832,2.29562535607997,,,,,,,,,,,,,,,,,
trim_stress,4,shell_von_mises,0.875000965771089,2.40539395499216,,,,,,,,,,,,,,,,,
trim_stress,4,shell_von_mises,0.882143848471345,2.54049963989179,,,,,,,,,,,,,,,,,
trim_stress,4,shell_von_mises,0.889286731171602,2.55508752352538,,,,,,,,,,,,,,,,,
trim_stress,4,shell_von_mises,0.896429613871859,1.81614970437039,,,,,,,,,,,,,,,,,
trim_stress,4,shell_von_mises,0.903572496572116,2.23574694194806,,,,,,,,,,,,,,,,,
trim_stress,4,shell_von_mises,0.910715379272373,2.13735607270503,,,,,,,,,,,,,,,,,
trim_stress,4,shell_von_mises,0.91785826197263,1.61995298061668,,,,,,,,,,,,,,,,,
trim_stress,4,shell_von_mises,0.925001144672886,1.49441827844008,,,,,,,,,,,,,,,,,
trim_stress,4,shell_von_mises,0.932144027373143,1.47516997464098,,,,,,,,,,,,,,,,,
trim_stress,4,shell_von_mises,0.9392869100734,1.39590841154347,,,,,,,,,,,,,,,,,
trim_stress,4,shell_von_mises,0.946429792773657,1.11148072920016,,,,,,,,,,,,,,,,,
trim_stress,4,shell_von_mises,0.953572675473914,1.26942429517404,,,,,,,,,,,,,,,,,
trim_stress,4,shell_von_mises,0.960715558174171,0.753904670567377,,,,,,,,,,,,,,,,,
trim_stress,4,shell_von_mises,0.967858440874427,0.820563255156808,,,,,,,,,,,,,,,,,
trim_stress,4,shell_von_mises,0.975001323574684,0.748215743073011,,,,,,,,,,,,,,,,,
trim_stress,4,shell_von_mises,0.982144206274941,0.764390057966559,,,,,,,,,,,,,,,,,
trim_stress,4,shell_von_mises,0.989287088975198,0.368968623370341,,,,,,,,,,,,,,,,,
trim_stress,4,shell_von_mises,0.996429971675455,0.664139677081894,,,,,,,,,,,,,,,,,
trim_stress,4,cbeam_maxabs_normal,0.0035696403437863,11.9668782666596,,,,,,,,,,,,,,,,,
trim_stress,4,cbeam_maxabs_normal,0.0107012933701939,9.27850678123508,,,,,,,,,,,,,,,,,
trim_stress,4,cbeam_maxabs_normal,0.0178329463966014,9.94410496016723,,,,,,,,,,,,,,,,,
trim_stress,4,cbeam_maxabs_normal,0.024964599423009,9.50137471333576,,,,,,,,,,,,,,,,,
trim_stress,4,cbeam_maxabs_normal,0.0320962524494166,10.0190451839395,,,,,,,,,,,,,,,,,
trim_stress,4,cbeam_maxabs_normal,0.0392279054758241,9.59459974205426,,,,,,,,,,,,,,,,,
trim_stress,4,cbeam_maxabs_normal,0.0463595585022317,8.87119168110615,,,,,,,,,,,,,,,,,
trim_stress,4,cbeam_maxabs_normal,0.0534912115286393,9.47433767216304,,,,,,,,,,,,,,,,,
trim_stress,4,cbeam_maxabs_normal,0.0606228645550468,8.94799057228787,,,,,,,,,,,,,,,,,
trim_stress,4,cbeam_maxabs_normal,0.0677545175814544,9.05468748473034,,,,,,,,,,,,,,,,,
trim_stress,4,cbeam_maxabs_normal,0.074886170607862,8.78311639713331,,,,,,,,,,,,,,,,,
trim_stress,4,cbeam_maxabs_normal,0.0820178236342695,8.82690530506706,,,,,,,,,,,,,,,,,
trim_stress,4,cbeam_maxabs_normal,0.0891494766606771,8.90419333070331,,,,,,,,,,,,,,,,,
trim_stress,4,cbeam_maxabs_normal,0.0962811296870846,8.8648329502539,,,,,,,,,,,,,,,,,
trim_stress,4,cbeam_maxabs_normal,0.103412782713492,9.15021051177096,,,,,,,,,,,,,,,,,
trim_stress,4,cbeam_maxabs_normal,0.1105444357399,8.69741191734539,,,,,,,,,,,,,,,,,
trim_stress,4,cbeam_maxabs_normal,0.117676088766307,9.78590812236573,,,,,,,,,,,,,,,,,
trim_stress,4,cbeam_maxabs_normal,0.124807741792715,9.26897764282688,,,,,,,,,,,,,,,,,
trim_stress,4,cbeam_maxabs_normal,0.131939394819122,8.85477182347839,,,,,,,,,,,,,,,,,
trim_stress,4,cbeam_maxabs_normal,0.13907104784553,9.75086718245045,,,,,,,,,,,,,,,,,
trim_stress,4,cbeam_maxabs_normal,0.146202700871938,9.08738564471098,,,,,,,,,,,,,,,,,
trim_stress,4,cbeam_maxabs_normal,0.153334353898345,9.40937547414751,,,,,,,,,,,,,,,,,
trim_stress,4,cbeam_maxabs_normal,0.160466006924753,9.0900523716524,,,,,,,,,,,,,,,,,
trim_stress,4,cbeam_maxabs_normal,0.16759765995116,10.2160021225211,,,,,,,,,,,,,,,,,
trim_stress,4,cbeam_maxabs_normal,0.174729312977568,10.1242022098098,,,,,,,,,,,,,,,,,
trim_stress,4,cbeam_maxabs_normal,0.181860966003975,10.2178941871898,,,,,,,,,,,,,,,,,
trim_stress,4,cbeam_maxabs_normal,0.188992619030383,9.43129733988412,,,,,,,,,,,,,,,,,
trim_stress,4,cbeam_maxabs_normal,0.196124272056791,11.1539677805123,,,,,,,,,,,,,,,,,
trim_stress,4,cbeam_maxabs_normal,0.203255925083198,9.21552381718534,,,,,,,,,,,,,,,,,
trim_stress,4,cbeam_maxabs_normal,0.210387578109606,10.5417985696994,,,,,,,,,,,,,,,,,
trim_stress,4,cbeam_maxabs_normal,0.217519231136013,9.52336878870788,,,,,,,,,,,,,,,,,
trim_stress,4,cbeam_maxabs_normal,0.224650884162421,10.7073797676142,,,,,,,,,,,,,,,,,
trim_stress,4,cbeam_maxabs_normal,0.231782537188828,11.2845630646358,,,,,,,,,,,,,,,,,
trim_stress,4,cbeam_maxabs_normal,0.238914190215236,10.8575801433567,,,,,,,,,,,,,,,,,
trim_stress,4,cbeam_maxabs_normal,0.246045843241644,12.0705279423483,,,,,,,,,,,,,,,,,
trim_stress,4,cbeam_maxabs_normal,0.253177496268051,12.6473565082211,,,,,,,,,,,,,,,,,
trim_stress,4,cbeam_maxabs_normal,0.260309149294459,9.03281210634817,,,,,,,,,,,,,,,,,
trim_stress,4,cbeam_maxabs_normal,0.267440802320866,12.3796662121311,,,,,,,,,,,,,,,,,
trim_stress,4,cbeam_maxabs_normal,0.274572455347274,13.0416360858447,,,,,,,,,,,,,,,,,
trim_stress,4,cbeam_maxabs_normal,0.281704108373681,11.3030288689865,,,,,,,,,,,,,,,,,
trim_stress,4,cbeam_maxabs_normal,0.288835761400089,13.1118077939368,,,,,,,,,,,,,,,,,
trim_stress,4,cbeam_maxabs_normal,0.295967414426496,11.3623429560087,,,,,,,,,,,,,,,,,
trim_stress,4,cbeam_maxabs_normal,0.303099067452904,12.5158904403472,,,,,,,,,,,,,,,,,
trim_stress,4,cbeam_maxabs_normal,0.310230720479312,13.507793867937,,,,,,,,,,,,,,,,,
trim_stress,4,cbeam_maxabs_normal,0.317362373505719,11.8697710946777,,,,,,,,,,,,,,,,,
trim_stress,4,cbeam_maxabs_normal,0.324494026532127,11.7584239174432,,,,,,,,,,,,,,,,,
trim_stress,4,cbeam_maxabs_normal,0.331625679558534,11.102527566579,,,,,,,,,,,,,,,,,
trim_stress,4,cbeam_maxabs_normal,0.338757332584942,9.60559872973093,,,,,,,,,,,,,,,,,
trim_stress,4,cbeam_maxabs_normal,0.345888985611349,9.55383676046911,,,,,,,,,,,,,,,,,
trim_stress,4,cbeam_maxabs_normal,0.353020638637757,9.21110626402758,,,,,,,,,,,,,,,,,
trim_stress,4,cbeam_maxabs_normal,0.360152291664165,9.64394076370436,,,,,,,,,,,,,,,,,
trim_stress,4,cbeam_maxabs_normal,0.367283944690572,9.62013283757938,,,,,,,,,,,,,,,,,
trim_stress,4,cbeam_maxabs_normal,0.37441559771698,9.1441584846202,,,,,,,,,,,,,,,,,
trim_stress,4,cbeam_maxabs_normal,0.381547250743387,9.51301425175414,,,,,,,,,,,,,,,,,
trim_stress,4,cbeam_maxabs_normal,0.388678903769795,9.2931241178349,,,,,,,,,,,,,,,,,
trim_stress,4,cbeam_maxabs_normal,0.395810556796202,9.22760443215659,,,,,,,,,,,,,,,,,
trim_stress,4,cbeam_maxabs_normal,0.40294220982261,9.19437038334535,,,,,,,,,,,,,,,,,
trim_stress,4,cbeam_maxabs_normal,0.410073862849018,9.10866588635345,,,,,,,,,,,,,,,,,
trim_stress,4,cbeam_maxabs_normal,0.417205515875425,8.75114623822327,,,,,,,,,,,,,,,,,
trim_stress,4,cbeam_maxabs_normal,0.424337168901833,8.77698646323422,,,,,,,,,,,,,,,,,
trim_stress,4,cbeam_maxabs_normal,0.43146882192824,8.88533199911034,,,,,,,,,,,,,,,,,
trim_stress,4,cbeam_maxabs_normal,0.438600474954648,6.59771101833597,,,,,,,,,,,,,,,,,
trim_stress,4,cbeam_maxabs_normal,0.445732127981055,7.42052665116837,,,,,,,,,,,,,,,,,
trim_stress,4,cbeam_maxabs_normal,0.452863781007463,5.49676268373941,,,,,,,,,,,,,,,,,
trim_stress,4,cbeam_maxabs_normal,0.45999543403387,5.79470355353984,,,,,,,,,,,,,,,,,
trim_stress,4,cbeam_maxabs_normal,0.467127087060278,6.17118976518466,,,,,,,,,,,,,,,,,
trim_stress,4,cbeam_maxabs_normal,0.474258740086686,5.45197903486537,,,,,,,,,,,,,,,,,
trim_stress,4,cbeam_maxabs_normal,0.481390393113093,5.16844214601969,,,,,,,,,,,,,,,,,
trim_stress,4,cbeam_maxabs_normal,0.488522046139501,5.53174940398905,,,,,,,,,,,,,,,,,
trim_stress,4,cbeam_maxabs_normal,0.495653699165908,5.36400350168451,,,,,,,,,,,,,,,,,
trim_stress,4,cbeam_maxabs_normal,0.502785352192316,5.39583900265786,,,,,,,,,,,,,,,,,
trim_stress,4,cbeam_maxabs_normal,0.509917005218723,5.27156867144386,,,,,,,,,,,,,,,,,
trim_stress,4,cbeam_maxabs_normal,0.517048658245131,5.31939826102693,,,,,,,,,,,,,,,,,
trim_stress,4,cbeam_maxabs_normal,0.524180311271539,5.04175809741467,,,,,,,,,,,,,,,,,
trim_stress,4,cbeam_maxabs_normal,0.531311964297946,5.28793509234287,,,,,,,,,,,,,,,,,
trim_stress,4,cbeam_maxabs_normal,0.538443617324354,5.85190420214506,,,,,,,,,,,,,,,,,
trim_stress,4,cbeam_maxabs_normal,0.545575270350761,5.39754652764749,,,,,,,,,,,,,,,,,
trim_stress,4,cbeam_maxabs_normal,0.552706923377169,5.32154793417101,,,,,,,,,,,,,,,,,
trim_stress,4,cbeam_maxabs_normal,0.559838576403576,5.17840419506962,,,,,,,,,,,,,,,,,
trim_stress,4,cbeam_maxabs_normal,0.566970229429984,4.56039552218498,,,,,,,,,,,,,,,,,
trim_stress,4,cbeam_maxabs_normal,0.574101882456391,5.16038410497786,,,,,,,,,,,,,,,,,
trim_stress,4,cbeam_maxabs_normal,0.581233535482799,5.10022600999039,,,,,,,,,,,,,,,,,
trim_stress,4,cbeam_maxabs_normal,0.588365188509207,4.92294898264847,,,,,,,,,,,,,,,,,
trim_stress,4,cbeam_maxabs_normal,0.595496841535614,5.13919775416592,,,,,,,,,,,,,,,,,
trim_stress,4,cbeam_maxabs_normal,0.602628494562022,5.20628766361184,,,,,,,,,,,,,,,,,
trim_stress,4,cbeam_maxabs_normal,0.609760147588429,4.40167689045466,,,,,,,,,,,,,,,,,
trim_stress,4,cbeam_maxabs_normal,0.616891800614837,5.22436338833774,,,,,,,,,,,,,,,,,
trim_stress,4,cbeam_maxabs_normal,0.624023453641245,5.11082828143134,,,,,,,,,,,,,,,,,
trim_stress,4,cbeam_maxabs_normal,0.631155106667652,4.63235668540556,,,,,,,,,,,,,,,,,
trim_stress,4,cbeam_maxabs_normal,0.63828675969406,4.08684348151508,,,,,,,,,,,,,,,,,
trim_stress,4,cbeam_maxabs_normal,0.645418412720467,4.98746884114061,,,,,,,,,,,,,,,,,
trim_stress,4,cbeam_maxabs_normal,0.652550065746875,4.32494130612652,,,,,,,,,,,,,,,,,
trim_stress,4,cbeam_maxabs_normal,0.659681718773282,3.94195879838138,,,,,,,,,,,,,,,,,
trim_stress,4,cbeam_maxabs_normal,0.66681337179969,4.72412745708637,,,,,,,,,,,,,,,,,
trim_stress,4,cbeam_maxabs_normal,0.673945024826098,4.60576828531771,,,,,,,,,,,,,,,,,
trim_stress,4,cbeam_maxabs_normal,0.681076677852505,3.75002491196214,,,,,,,,,,,,,,,,,
trim_stress,4,cbeam_maxabs_normal,0.688208330878913,3.48312167450499,,,,,,,,,,,,,,,,,
trim_stress,4,cbeam_maxabs_normal,0.69533998390532,4.26038429907319,,,,,,,,,,,,,,,,,
trim_stress,4,cbeam_maxabs_normal,0.702471636931728,3.8603513272922,,,,,,,,,,,,,,,,,
trim_stress,4,cbeam_maxabs_normal,0.709603289958135,2.33726605752307,,,,,,,,,,,,,,,,,
trim_stress,4,cbeam_maxabs_normal,0.716734942984543,3.71720068606705,,,,,,,,,,,,,,,,,
trim_stress,4,cbeam_maxabs_normal,0.72386659601095,3.40528718985148,,,,,,,,,,,,,,,,,
trim_stress,4,cbeam_maxabs_normal,0.730998249037358,2.3926582696128,,,,,,,,,,,,,,,,,
trim_stress,4,cbeam_maxabs_normal,0.738129902063766,2.46712108971786,,,,,,,,,,,,,,,,,
trim_stress,4,cbeam_maxabs_normal,0.745261555090173,2.64820842126094,,,,,,,,,,,,,,,,,
trim_stress,4,cbeam_maxabs_normal,0.752393208116581,2.37687334750175,,,,,,,,,,,,,,,,,
trim_stress,4,cbeam_maxabs_normal,0.759524861142988,2.33022783625723,,,,,,,,,,,,,,,,,
trim_stress,4,cbeam_maxabs_normal,0.766656514169396,2.4349067732235,,,,,,,,,,,,,,,,,
trim_stress,4,cbeam_maxabs_normal,0.773788167195803,2.51966513926259,,,,,,,,,,,,,,,,,
trim_stress,4,cbeam_maxabs_normal,0.780919820222211,2.22331644348919,,,,,,,,,,,,,,,,,
trim_stress,4,cbeam_maxabs_normal,0.788051473248619,2.31735514164148,,,,,,,,,,,,,,,,,
trim_stress,4,cbeam_maxabs_normal,0.795183126275026,2.13863645239884,,,,,,,,,,,,,,,,,
trim_stress,4,cbeam_maxabs_normal,0.802314779301434,2.06979618433909,,,,,,,,,,,,,,,,,
trim_stress,4,cbeam_maxabs_normal,0.809446432327841,2.10348087455391,,,,,,,,,,,,,,,,,
trim_stress,4,cbeam_maxabs_normal,0.816578085354249,2.10679904398653,,,,,,,,,,,,,,,,,
trim_stress,4,cbeam_maxabs_normal,0.823709738380656,1.66460793411135,,,,,,,,,,,,,,,,,
trim_stress,4,cbeam_maxabs_normal,0.830841391407064,1.92433229799518,,,,,,,,,,,,,,,,,
trim_stress,4,cbeam_maxabs_normal,0.837973044433471,2.04973478029992,,,,,,,,,,,,,,,,,
trim_stress,4,cbeam_maxabs_normal,0.845104697459879,1.82496676438213,,,,,,,,,,,,,,,,,
trim_stress,4,cbeam_maxabs_normal,0.852236350486287,1.58820070517686,,,,,,,,,,,,,,,,,
trim_stress,4,cbeam_maxabs_normal,0.859368003512694,1.80040262302257,,,,,,,,,,,,,,,,,
trim_stress,4,cbeam_maxabs_normal,0.866499656539102,1.89691211142118,,,,,,,,,,,,,,,,,
trim_stress,4,cbeam_maxabs_normal,0.873631309565509,1.77640788154464,,,,,,,,,,,,,,,,,
trim_stress,4,cbeam_maxabs_normal,0.880762962591917,1.26522364972706,,,,,,,,,,,,,,,,,
trim_stress,4,cbeam_maxabs_normal,0.887894615618324,1.80914182635329,,,,,,,,,,,,,,,,,
trim_stress,4,cbeam_maxabs_normal,0.895026268644732,1.71940267911077,,,,,,,,,,,,,,,,,
trim_stress,4,cbeam_maxabs_normal,0.90215792167114,1.42834711602832,,,,,,,,,,,,,,,,,
trim_stress,4,cbeam_maxabs_normal,0.909289574697547,1.33082386273105,,,,,,,,,,,,,,,,,
trim_stress,4,cbeam_maxabs_normal,0.916421227723955,1.61829719463569,,,,,,,,,,,,,,,,,
trim_stress,4,cbeam_maxabs_normal,0.923552880750362,1.47215699846141,,,,,,,,,,,,,,,,,
trim_stress,4,cbeam_maxabs_normal,0.93068453377677,0.968449657870749,,,,,,,,,,,,,,,,,
trim_stress,4,cbeam_maxabs_normal,0.937816186803177,1.01336163335968,,,,,,,,,,,,,,,,,
trim_stress,4,cbeam_maxabs_normal,0.944947839829585,1.21569101497542,,,,,,,,,,,,,,,,,
trim_stress,4,cbeam_maxabs_normal,0.952079492855992,1.07489377963538,,,,,,,,,,,,,,,,,
trim_stress,4,cbeam_maxabs_normal,0.9592111458824,0.810615360575946,,,,,,,,,,,,,,,,,
trim_stress,4,cbeam_maxabs_normal,0.966342798908808,0.430115388333539,,,,,,,,,,,,,,,,,
trim_stress,4,cbeam_maxabs_normal,0.973474451935215,0.676764822320665,,,,,,,,,,,,,,,,,
trim_stress,4,cbeam_maxabs_normal,0.980606104961623,0.624901814293313,,,,,,,,,,,,,,,,,
trim_stress,4,cbeam_maxabs_normal,0.98773775798803,0.304337162399043,,,,,,,,,,,,,,,,,
trim_stress,4,cbeam_maxabs_normal,0.994869411014438,0.3814118167409,,,,,,,,,,,,,,,,,
trim_stress,37,shell_von_mises,0.00356945284342078,39.4999959779275,,,,,,,,,,,,,,,,,
trim_stress,37,shell_von_mises,0.010712338056253,18.982957284943,,,,,,,,,,,,,,,,,
trim_stress,37,shell_von_mises,0.0178552232690853,19.2246223000534,,,,,,,,,,,,,,,,,
trim_stress,37,shell_von_mises,0.0249981084819176,18.6468932331613,,,,,,,,,,,,,,,,,
trim_stress,37,shell_von_mises,0.0321409936947498,19.1181304339141,,,,,,,,,,,,,,,,,
trim_stress,37,shell_von_mises,0.0392838789075821,19.3384516628437,,,,,,,,,,,,,,,,,
trim_stress,37,shell_von_mises,0.0464267641204143,18.9919819607025,,,,,,,,,,,,,,,,,
trim_stress,37,shell_von_mises,0.0535696493332466,18.7421423324758,,,,,,,,,,,,,,,,,
trim_stress,37,shell_von_mises,0.0607125345460788,18.7343531902016,,,,,,,,,,,,,,,,,
trim_stress,37,shell_von_mises,0.0678554197589111,18.6093508391722,,,,,,,,,,,,,,,,,
trim_stress,37,shell_von_mises,0.0749983049717434,18.1276021433195,,,,,,,,,,,,,,,,,
trim_stress,37,shell_von_mises,0.0821411901845756,17.9624468180165,,,,,,,,,,,,,,,,,
trim_stress,37,shell_von_mises,0.0892840753974079,17.4077615009615,,,,,,,,,,,,,,,,,
trim_stress,37,shell_von_mises,0.0964269606102401,17.39058554972,,,,,,,,,,,,,,,,,
trim_stress,37,shell_von_mises,0.103569845823072,17.2148710234211,,,,,,,,,,,,,,,,,
trim_stress,37,shell_von_mises,0.110712731035905,17.1157665026757,,,,,,,,,,,,,,,,,
trim_stress,37,shell_von_mises,0.117855616248737,17.1358900636851,,,,,,,,,,,,,,,,,
trim_stress,37,shell_von_mises,0.124998501461569,16.8900004401136,,,,,,,,,,,,,,,,,
trim_stress,37,shell_von_mises,0.132141386674401,16.7838994710671,,,,,,,,,,,,,,,,,
trim_stress,37,shell_von_mises,0.139284271887234,16.8375363754287,,,,,,,,,,,,,,,,,
trim_stress,37,shell_von_mises,0.146427157100066,16.6370733460262,,,,,,,,,,,,,,,,,
trim_stress,37,shell_von_mises,0.153570042312898,16.5931857464669,,,,,,,,,,,,,,,,,
trim_stress,37,shell_von_mises,0.16071292752573,16.550600812785,,,,,,,,,,,,,,,,,
trim_stress,37,shell_von_mises,0.167855812738563,16.1642746763086,,,,,,,,,,,,,,,,,
trim_stress,37,shell_von_mises,0.174998697951395,16.518633004879,,,,,,,,,,,,,,,,,
trim_stress,37,shell_von_mises,0.182141583164227,16.4248471778612,,,,,,,,,,,,,,,,,
trim_stress,37,shell_von_mises,0.18928446837706,16.1347707517739,,,,,,,,,,,,,,,,,
trim_stress,37,shell_von_mises,0.196427353589892,16.0822897136327,,,,,,,,,,,,,,,,,
trim_stress,37,shell_von_mises,0.203570238802724,16.3971775814873,,,,,,,,,,,,,,,,,
trim_stress,37,shell_von_mises,0.210713124015556,15.8232414981792,,,,,,,,,,,,,,,,,
trim_stress,37,shell_von_mises,0.217856009228389,16.1343673439822,,,,,,,,,,,,,,,,,
trim_stress,37,shell_von_mises,0.224998894441221,15.8939818196429,,,,,,,,,,,,,,,,,
trim_stress,37,shell_von_mises,0.232141779654053,15.8528888024098,,,,,,,,,,,,,,,,,
trim_stress,37,shell_von_mises,0.239284664866885,15.7329024072771,,,,,,,,,,,,,,,,,
trim_stress,37,shell_von_mises,0.246427550079718,15.8702990957777,,,,,,,,,,,,,,,,,
trim_stress,37,shell_von_mises,0.25357043529255,15.4139455074064,,,,,,,,,,,,,,,,,
trim_stress,37,shell_von_mises,0.260713320505382,15.6901951422491,,,,,,,,,,,,,,,,,
trim_stress,37,shell_von_mises,0.267856205718214,15.4912000159825,,,,,,,,,,,,,,,,,
trim_stress,37,shell_von_mises,0.274999090931047,15.0061950848307,,,,,,,,,,,,,,,,,
trim_stress,37,shell_von_mises,0.282141976143879,14.9356362350264,,,,,,,,,,,,,,,,,
trim_stress,37,shell_von_mises,0.289284861356711,14.6580662470314,,,,,,,,,,,,,,,,,
trim_stress,37,shell_von_mises,0.296427746569543,14.5337431671551,,,,,,,,,,,,,,,,,
trim_stress,37,shell_von_mises,0.303570631782376,14.2287247106038,,,,,,,,,,,,,,,,,
trim_stress,37,shell_von_mises,0.310713516995208,14.1310200020933,,,,,,,,,,,,,,,,,
trim_stress,37,shell_von_mises,0.31785640220804,13.9572743628407,,,,,,,,,,,,,,,,,
trim_stress,37,shell_von_mises,0.324999287420872,13.7340174686878,,,,,,,,,,,,,,,,,
trim_stress,37,shell_von_mises,0.332142172633705,13.6430026125129,,,,,,,,,,,,,,,,,
trim_stress,37,shell_von_mises,0.339285057846537,13.7867105755974,,,,,,,,,,,,,,,,,
trim_stress,37,shell_von_mises,0.346427943059369,13.6642447149304,,,,,,,,,,,,,,,,,
trim_stress,37,shell_von_mises,0.353570828272201,12.9890420963394,,,,,,,,,,,,,,,,,
trim_stress,37,shell_von_mises,0.360713713485034,12.7462691116929,,,,,,,,,,,,,,,,,
trim_stress,37,shell_von_mises,0.367856598697866,12.7174367168056,,,,,,,,,,,,,,,,,
trim_stress,37,shell_von_mises,0.374999483910698,12.5598316195329,,,,,,,,,,,,,,,,,
trim_stress,37,shell_von_mises,0.382142369123531,12.536084977749,,,,,,,,,,,,,,,,,
trim_stress,37,shell_von_mises,0.389285254336363,12.3450698514823,,,,,,,,,,,,,,,,,
trim_stress,37,shell_von_mises,0.396428139549195,12.2686540488033,,,,,,,,,,,,,,,,,
trim_stress,37,shell_von_mises,0.403571024762027,12.0750995756728,,,,,,,,,,,,,,,,,
trim_stress,37,shell_von_mises,0.41071390997486,11.9632279703148,,,,,,,,,,,,,,,,,
trim_stress,37,shell_von_mises,0.417856795187692,11.8566923170965,,,,,,,,,,,,,,,,,
trim_stress,37,shell_von_mises,0.424999680400524,11.6101283746747,,,,,,,,,,,,,,,,,
trim_stress,37,shell_von_mises,0.432142565613356,11.5682487605779,,,,,,,,,,,,,,,,,
trim_stress,37,shell_von_mises,0.439285450826189,11.3270254451572,,,,,,,,,,,,,,,,,
trim_stress,37,shell_von_mises,0.446428336039021,11.2027587024257,,,,,,,,,,,,,,,,,
trim_stress,37,shell_von_mises,0.453571221251853,11.0757371147905,,,,,,,,,,,,,,,,,
trim_stress,37,shell_von_mises,0.460714106464685,10.8607406999743,,,,,,,,,,,,,,,,,
trim_stress,37,shell_von_mises,0.467856991677518,10.8101586657533,,,,,,,,,,,,,,,,,
trim_stress,37,shell_von_mises,0.47499987689035,10.7579497262726,,,,,,,,,,,,,,,,,
trim_stress,37,shell_von_mises,0.482142762103182,10.7569131181378,,,,,,,,,,,,,,,,,
trim_stress,37,shell_von_mises,0.489285647316014,10.5201779690353,,,,,,,,,,,,,,,,,
trim_stress,37,shell_von_mises,0.496428532528847,10.4893075923691,,,,,,,,,,,,,,,,,
trim_stress,37,shell_von_mises,0.503571417741679,10.2760210512217,,,,,,,,,,,,,,,,,
trim_stress,37,shell_von_mises,0.510714302954511,10.1357807528874,,,,,,,,,,,,,,,,,
trim_stress,37,shell_von_mises,0.517857188167343,9.96032648036938,,,,,,,,,,,,,,,,,
trim_stress,37,shell_von_mises,0.525000073380176,9.62367443134034,,,,,,,,,,,,,,,,,
trim_stress,37,shell_von_mises,0.532142958593008,9.6523601797885,,,,,,,,,,,,,,,,,
trim_stress,37,shell_von_mises,0.53928584380584,9.32862880011556,,,,,,,,,,,,,,,,,
trim_stress,37,shell_von_mises,0.546428729018672,9.33245925564484,,,,,,,,,,,,,,,,,
trim_stress,37,shell_von_mises,0.553571614231505,9.03282395046567,,,,,,,,,,,,,,,,,
trim_stress,37,shell_von_mises,0.560714499444337,8.93769053508649,,,,,,,,,,,,,,,,,
trim_stress,37,shell_von_mises,0.567857384657169,8.69325577263862,,,,,,,,,,,,,,,,,
trim_stress,37,shell_von_mises,0.575000269870001,8.47635690472703,,,,,,,,,,,,,,,,,
trim_stress,37,shell_von_mises,0.582143155082834,8.32815885504517,,,,,,,,,,,,,,,,,
trim_stress,37,shell_von_mises,0.589286040295666,8.10527519112745,,,,,,,,,,,,,,,,,
trim_stress,37,shell_von_mises,0.596428925508498,7.97731487228487,,,,,,,,,,,,,,,,,
trim_stress,37,shell_von_mises,0.60357181072133,7.89607485764112,,,,,,,,,,,,,,,,,
trim_stress,37,shell_von_mises,0.610714695934163,7.83425318430667,,,,,,,,,,,,,,,,,
trim_stress,37,shell_von_mises,0.617857581146995,7.71928685988322,,,,,,,,,,,,,,,,,
trim_stress,37,shell_von_mises,0.625000466359827,7.60696624638235,,,,,,,,,,,,,,,,,
trim_stress,37,shell_von_mises,0.63214335157266,6.83495844058378,,,,,,,,,,,,,,,,,
trim_stress,37,shell_von_mises,0.639286236785492,6.71528439866905,,,,,,,,,,,,,,,,,
trim_stress,37,shell_von_mises,0.646429121998324,6.67068202535137,,,,,,,,,,,,,,,,,
trim_stress,37,shell_von_mises,0.653572007211156,6.51755735463043,,,,,,,,,,,,,,,,,
trim_stress,37,shell_von_mises,0.660714892423989,6.40565750509557,,,,,,,,,,,,,,,,,
trim_stress,37,shell_von_mises,0.667857777636821,6.27457456789315,,,,,,,,,,,,,,,,,
trim_stress,37,shell_von_mises,0.675000662849653,6.02816022238423,,,,,,,,,,,,,,,,,
trim_stress,37,shell_von_mises,0.682143548062485,6.42003454097155,,,,,,,,,,,,,,,,,
trim_stress,37,shell_von_mises,0.689286433275318,5.65797134259683,,,,,,,,,,,,,,,,,
trim_stress,37,shell_von_mises,0.69642931848815,5.57459824975922,,,,,,,,,,,,,,,,,
trim_stress,37,shell_von_mises,0.703572203700982,5.32411188237832,,,,,,,,,,,,,,,,,
trim_stress,37,shell_von_mises,0.710715088913815,5.30503466066167,,,,,,,,,,,,,,,,,
trim_stress,37,shell_von_mises,0.717857974126647,5.07054298708185,,,,,,,,,,,,,,,,,
trim_stress,37,shell_von_mises,0.725000859339479,5.0189317347786,,,,,,,,,,,,,,,,,
trim_stress,37,shell_von_mises,0.732143744552311,4.88235142813059,,,,,,,,,,,,,,,,,
trim_stress,37,shell_von_mises,0.739286629765143,4.87636630020668,,,,,,,,,,,,,,,,,
trim_stress,37,shell_von_mises,0.746429514977976,4.66201513019607,,,,,,,,,,,,,,,,,
trim_stress,37,shell_von_mises,0.753572400190808,4.32947432812823,,,,,,,,,,,,,,,,,
trim_stress,37,shell_von_mises,0.76071528540364,4.50484002095009,,,,,,,,,,,,,,,,,
trim_stress,37,shell_von_mises,0.767858170616472,4.19595386404754,,,,,,,,,,,,,,,,,
trim_stress,37,shell_von_mises,0.775001055829305,4.26976189110601,,,,,,,,,,,,,,,,,
trim_stress,37,shell_von_mises,0.782143941042137,4.18565977865065,,,,,,,,,,,,,,,,,
trim_stress,37,shell_von_mises,0.789286826254969,4.07304662245134,,,,,,,,,,,,,,,,,
trim_stress,37,shell_von_mises,0.796429711467801,3.98030117734323,,,,,,,,,,,,,,,,,
trim_stress,37,shell_von_mises,0.803572596680634,3.77180833583618,,,,,,,,,,,,,,,,,
trim_stress,37,shell_von_mises,0.810715481893466,3.82592542795524,,,,,,,,,,,,,,,,,
trim_stress,37,shell_von_mises,0.817858367106298,3.52670468543509,,,,,,,,,,,,,,,,,
trim_stress,37,shell_von_mises,0.825001252319131,3.57995488919238,,,,,,,,,,,,,,,,,
trim_stress,37,shell_von_mises,0.832144137531963,3.36579124750591,,,,,,,,,,,,,,,,,
trim_stress,37,shell_von_mises,0.839287022744795,3.37077000559974,,,,,,,,,,,,,,,,,
trim_stress,37,shell_von_mises,0.846429907957627,3.29290650515009,,,,,,,,,,,,,,,,,
trim_stress,37,shell_von_mises,0.85357279317046,2.75919132432505,,,,,,,,,,,,,,,,,
trim_stress,37,shell_von_mises,0.860715678383292,3.08013270294425,,,,,,,,,,,,,,,,,
trim_stress,37,shell_von_mises,0.867858563596124,2.98959226842705,,,,,,,,,,,,,,,,,
trim_stress,37,shell_von_mises,0.875001448808956,2.90118383106964,,,,,,,,,,,,,,,,,
trim_stress,37,shell_von_mises,0.882144334021789,2.50260813191121,,,,,,,,,,,,,,,,,
trim_stress,37,shell_von_mises,0.889287219234621,2.39845012008469,,,,,,,,,,,,,,,,,
trim_stress,37,shell_von_mises,0.896430104447453,2.16283643248985,,,,,,,,,,,,,,,,,
trim_stress,37,shell_von_mises,0.903572989660285,2.02870369830208,,,,,,,,,,,,,,,,,
trim_stress,37,shell_von_mises,0.910715874873118,2.94505541113382,,,,,,,,,,,,,,,,,
trim_stress,37,shell_von_mises,0.91785876008595,1.80856089280471,,,,,,,,,,,,,,,,,
trim_stress,37,shell_von_mises,0.925001645298782,1.66966519715685,,,,,,,,,,,,,,,,,
trim_stress,37,shell_von_mises,0.932144530511614,1.52792504718133,,,,,,,,,,,,,,,,,
trim_stress,37,shell_von_mises,0.939287415724447,1.45820419402852,,,,,,,,,,,,,,,,,
trim_stress,37,shell_von_mises,0.946430300937279,1.51682343294436,,,,,,,,,,,,,,,,,
trim_stress,37,shell_von_mises,0.953573186150111,1.51580413819625,,,,,,,,,,,,,,,,,
trim_stress,37,shell_von_mises,0.960716071362943,1.46783292075913,,,,,,,,,,,,,,,,,
trim_stress,37,shell_von_mises,0.967858956575776,0.925530499466451,,,,,,,,,,,,,,,,,
trim_stress,37,shell_von_mises,0.975001841788608,1.05134587181463,,,,,,,,,,,,,,,,,
trim_stress,37,shell_von_mises,0.98214472700144,0.68444885207867,,,,,,,,,,,,,,,,,
trim_stress,37,shell_von_mises,0.989287612214272,0.643662360397865,,,,,,,,,,,,,,,,,
trim_stress,37,shell_von_mises,0.996430497427105,1.33642374612073,,,,,,,,,,,,,,,,,
trim_stress,37,cbeam_maxabs_normal,0.00357384925489146,50.5402262073172,,,,,,,,,,,,,,,,,
trim_stress,37,cbeam_maxabs_normal,0.0107141857950315,71.4998582034653,,,,,,,,,,,,,,,,,
trim_stress,37,cbeam_maxabs_normal,0.0178545223351715,67.9319570192806,,,,,,,,,,,,,,,,,
trim_stress,37,cbeam_maxabs_normal,0.0249948588753115,63.8239784893733,,,,,,,,,,,,,,,,,
trim_stress,37,cbeam_maxabs_normal,0.0321351954154515,67.0977821916067,,,,,,,,,,,,,,,,,
trim_stress,37,cbeam_maxabs_normal,0.0392755319555915,67.2711305628081,,,,,,,,,,,,,,,,,
trim_stress,37,cbeam_maxabs_normal,0.0464158684957314,64.2852559833297,,,,,,,,,,,,,,,,,
trim_stress,37,cbeam_maxabs_normal,0.0535562050358715,65.5632530435271,,,,,,,,,,,,,,,,,
trim_stress,37,cbeam_maxabs_normal,0.0606965415760115,64.4960091060014,,,,,,,,,,,,,,,,,
trim_stress,37,cbeam_maxabs_normal,0.0678368781161515,63.9571762153579,,,,,,,,,,,,,,,,,
trim_stress,37,cbeam_maxabs_normal,0.0749772146562915,61.6492663644022,,,,,,,,,,,,,,,,,
trim_stress,37,cbeam_maxabs_normal,0.0821175511964315,62.9513597325861,,,,,,,,,,,,,,,,,
trim_stress,37,cbeam_maxabs_normal,0.0892578877365715,61.9983440794443,,,,,,,,,,,,,,,,,
trim_stress,37,cbeam_maxabs_normal,0.0963982242767114,60.3518408351556,,,,,,,,,,,,,,,,,
trim_stress,37,cbeam_maxabs_normal,0.103538560816851,60.0585244679543,,,,,,,,,,,,,,,,,
trim_stress,37,cbeam_maxabs_normal,0.110678897356991,57.7089550365511,,,,,,,,,,,,,,,,,
trim_stress,37,cbeam_maxabs_normal,0.117819233897131,55.5474927753512,,,,,,,,,,,,,,,,,
trim_stress,37,cbeam_maxabs_normal,0.124959570437271,55.3417045790116,,,,,,,,,,,,,,,,,
trim_stress,37,cbeam_maxabs_normal,0.132099906977411,53.2340467311579,,,,,,,,,,,,,,,,,
trim_stress,37,cbeam_maxabs_normal,0.139240243517551,49.9363290100582,,,,,,,,,,,,,,,,,
trim_stress,37,cbeam_maxabs_normal,0.146380580057691,47.2911091542829,,,,,,,,,,,,,,,,,
trim_stress,37,cbeam_maxabs_normal,0.153520916597832,46.4336406760987,,,,,,,,,,,,,,,,,
trim_stress,37,cbeam_maxabs_normal,0.160661253137971,45.8408929697098,,,,,,,,,,,,,,,,,
trim_stress,37,cbeam_maxabs_normal,0.167801589678111,43.7725653081535,,,,,,,,,,,,,,,,,
trim_stress,37,cbeam_maxabs_normal,0.174941926218251,44.6517458973431,,,,,,,,,,,,,,,,,
trim_stress,37,cbeam_maxabs_normal,0.182082262758391,44.850003265115,,,,,,,,,,,,,,,,,
trim_stress,37,cbeam_maxabs_normal,0.189222599298531,43.202986643825,,,,,,,,,,,,,,,,,
trim_stress,37,cbeam_maxabs_normal,0.196362935838671,44.8643665962978,,,,,,,,,,,,,,,,,
trim_stress,37,cbeam_maxabs_normal,0.203503272378811,45.2502873778966,,,,,,,,,,,,,,,,,
trim_stress,37,cbeam_maxabs_normal,0.210643608918951,43.8637959052512,,,,,,,,,,,,,,,,,
trim_stress,37,cbeam_maxabs_normal,0.217783945459091,46.7343437295767,,,,,,,,,,,,,,,,,
trim_stress,37,cbeam_maxabs_normal,0.224924281999231,49.4856704201258,,,,,,,,,,,,,,,,,
trim_stress,37,cbeam_maxabs_normal,0.232064618539371,47.8083600500612,,,,,,,,,,,,,,,,,
trim_stress,37,cbeam_maxabs_normal,0.239204955079511,51.0201201295401,,,,,,,,,,,,,,,,,
trim_stress,37,cbeam_maxabs_normal,0.246345291619651,53.7423733156,,,,,,,,,,,,,,,,,
trim_stress,37,cbeam_maxabs_normal,0.253485628159791,51.3790122387379,,,,,,,,,,,,,,,,,
trim_stress,37,cbeam_maxabs_normal,0.260625964699931,54.3577004604899,,,,,,,,,,,,,,,,,
trim_stress,37,cbeam_maxabs_normal,0.267766301240071,49.0648523999628,,,,,,,,,,,,,,,,,
trim_stress,37,cbeam_maxabs_normal,0.274906637780211,53.2453181998707,,,,,,,,,,,,,,,,,
trim_stress,37,cbeam_maxabs_normal,0.282046974320352,52.4303760699269,,,,,,,,,,,,,,,,,
trim_stress,37,cbeam_maxabs_normal,0.289187310860491,51.0710123026957,,,,,,,,,,,,,,,,,
trim_stress,37,cbeam_maxabs_normal,0.296327647400631,51.4481893343808,,,,,,,,,,,,,,,,,
trim_stress,37,cbeam_maxabs_normal,0.303467983940772,49.6959075156921,,,,,,,,,,,,,,,,,
trim_stress,37,cbeam_maxabs_normal,0.310608320480911,49.7446320576653,,,,,,,,,,,,,,,,,
trim_stress,37,cbeam_maxabs_normal,0.317748657021051,50.0083692189633,,,,,,,,,,,,,,,,,
trim_stress,37,cbeam_maxabs_normal,0.324888993561191,47.6160750637039,,,,,,,,,,,,,,,,,
trim_stress,37,cbeam_maxabs_normal,0.332029330101332,49.502520064772,,,,,,,,,,,,,,,,,
trim_stress,37,cbeam_maxabs_normal,0.339169666641471,48.0058813730815,,,,,,,,,,,,,,,,,
trim_stress,37,cbeam_maxabs_normal,0.346310003181611,49.4987997134161,,,,,,,,,,,,,,,,,
trim_stress,37,cbeam_maxabs_normal,0.353450339721751,47.9010414102469,,,,,,,,,,,,,,,,,
trim_stress,37,cbeam_maxabs_normal,0.360590676261891,46.999744343105,,,,,,,,,,,,,,,,,
trim_stress,37,cbeam_maxabs_normal,0.367731012802031,46.8390155670507,,,,,,,,,,,,,,,,,
trim_stress,37,cbeam_maxabs_normal,0.374871349342171,45.7699528903074,,,,,,,,,,,,,,,,,
trim_stress,37,cbeam_maxabs_normal,0.382011685882311,45.5558296271569,,,,,,,,,,,,,,,,,
trim_stress,37,cbeam_maxabs_normal,0.389152022422451,42.9233792139682,,,,,,,,,,,,,,,,,
trim_stress,37,cbeam_maxabs_normal,0.396292358962591,43.4525346625968,,,,,,,,,,,,,,,,,
trim_stress,37,cbeam_maxabs_normal,0.403432695502731,41.0357152166583,,,,,,,,,,,,,,,,,
trim_stress,37,cbeam_maxabs_normal,0.410573032042871,41.1077158853922,,,,,,,,,,,,,,,,,
trim_stress,37,cbeam_maxabs_normal,0.417713368583011,42.3093556840554,,,,,,,,,,,,,,,,,
trim_stress,37,cbeam_maxabs_normal,0.424853705123151,40.9400888166071,,,,,,,,,,,,,,,,,
trim_stress,37,cbeam_maxabs_normal,0.431994041663291,45.0926794289198,,,,,,,,,,,,,,,,,
trim_stress,37,cbeam_maxabs_normal,0.439134378203431,41.3065228294382,,,,,,,,,,,,,,,,,
trim_stress,37,cbeam_maxabs_normal,0.446274714743571,51.290690315169,,,,,,,,,,,,,,,,,
trim_stress,37,cbeam_maxabs_normal,0.453415051283712,52.4680286969078,,,,,,,,,,,,,,,,,
trim_stress,37,cbeam_maxabs_normal,0.460555387823851,51.7014665397664,,,,,,,,,,,,,,,,,
trim_stress,37,cbeam_maxabs_normal,0.467695724363991,45.4519337812549,,,,,,,,,,,,,,,,,
trim_stress,37,cbeam_maxabs_normal,0.474836060904131,32.6418416327667,,,,,,,,,,,,,,,,,
trim_stress,37,cbeam_maxabs_normal,0.481976397444271,34.9697919266818,,,,,,,,,,,,,,,,,
trim_stress,37,cbeam_maxabs_normal,0.489116733984411,43.4229159425473,,,,,,,,,,,,,,,,,
trim_stress,37,cbeam_maxabs_normal,0.496257070524551,43.992813120922,,,,,,,,,,,,,,,,,
trim_stress,37,cbeam_maxabs_normal,0.503397407064691,51.3047977231183,,,,,,,,,,,,,,,,,
trim_stress,37,cbeam_maxabs_normal,0.510537743604832,51.9902470067695,,,,,,,,,,,,,,,,,
trim_stress,37,cbeam_maxabs_normal,0.517678080144971,54.1073908352639,,,,,,,,,,,,,,,,,
trim_stress,37,cbeam_maxabs_normal,0.524818416685112,45.762882761658,,,,,,,,,,,,,,,,,
trim_stress,37,cbeam_maxabs_normal,0.531958753225252,44.5068147269374,,,,,,,,,,,,,,,,,
trim_stress,37,cbeam_maxabs_normal,0.539099089765391,40.6186485273584,,,,,,,,,,,,,,,,,
trim_stress,37,cbeam_maxabs_normal,0.546239426305532,44.0159011434621,,,,,,,,,,,,,,,,,
trim_stress,37,cbeam_maxabs_normal,0.553379762845671,47.6115500009561,,,,,,,,,,,,,,,,,
trim_stress,37,cbeam_maxabs_normal,0.560520099385811,48.2171109000096,,,,,,,,,,,,,,,,,
trim_stress,37,cbeam_maxabs_normal,0.567660435925952,47.2043329762921,,,,,,,,,,,,,,,,,
trim_stress,37,cbeam_maxabs_normal,0.574800772466092,47.1388840537462,,,,,,,,,,,,,,,,,
trim_stress,37,cbeam_maxabs_normal,0.581941109006232,46.0572157105751,,,,,,,,,,,,,,,,,
trim_stress,37,cbeam_maxabs_normal,0.589081445546372,48.062531019623,,,,,,,,,,,,,,,,,
trim_stress,37,cbeam_maxabs_normal,0.596221782086511,48.6929798667869,,,,,,,,,,,,,,,,,
trim_stress,37,cbeam_maxabs_normal,0.603362118626652,44.5497142707125,,,,,,,,,,,,,,,,,
trim_stress,37,cbeam_maxabs_normal,0.610502455166791,45.3066425537837,,,,,,,,,,,,,,,,,
trim_stress,37,cbeam_maxabs_normal,0.617642791706931,45.7098726716978,,,,,,,,,,,,,,,,,
trim_stress,37,cbeam_maxabs_normal,0.624783128247072,46.6637614801969,,,,,,,,,,,,,,,,,
trim_stress,37,cbeam_maxabs_normal,0.631923464787212,46.980679133888,,,,,,,,,,,,,,,,,
trim_stress,37,cbeam_maxabs_normal,0.639063801327352,47.8271285778117,,,,,,,,,,,,,,,,,
trim_stress,37,cbeam_maxabs_normal,0.646204137867492,47.4577720404915,,,,,,,,,,,,,,,,,
trim_stress,37,cbeam_maxabs_normal,0.653344474407631,47.147248580101,,,,,,,,,,,,,,,,,
trim_stress,37,cbeam_maxabs_normal,0.660484810947772,48.069799776203,,,,,,,,,,,,,,,,,
trim_stress,37,cbeam_maxabs_normal,0.667625147487912,39.7519534911305,,,,,,,,,,,,,,,,,
trim_stress,37,cbeam_maxabs_normal,0.674765484028051,46.7719487681948,,,,,,,,,,,,,,,,,
trim_stress,37,cbeam_maxabs_normal,0.681905820568191,43.9050058159483,,,,,,,,,,,,,,,,,
trim_stress,37,cbeam_maxabs_normal,0.689046157108332,47.313841094809,,,,,,,,,,,,,,,,,
trim_stress,37,cbeam_maxabs_normal,0.696186493648471,49.0524446200555,,,,,,,,,,,,,,,,,
trim_stress,37,cbeam_maxabs_normal,0.703326830188612,49.1537518711177,,,,,,,,,,,,,,,,,
trim_stress,37,cbeam_maxabs_normal,0.710467166728752,51.0146611215361,,,,,,,,,,,,,,,,,
trim_stress,37,cbeam_maxabs_normal,0.717607503268891,48.5873763475123,,,,,,,,,,,,,,,,,
trim_stress,37,cbeam_maxabs_normal,0.724747839809031,52.8062017061582,,,,,,,,,,,,,,,,,
trim_stress,37,cbeam_maxabs_normal,0.731888176349171,48.1416604219128,,,,,,,,,,,,,,,,,
trim_stress,37,cbeam_maxabs_normal,0.739028512889311,53.8348476526679,,,,,,,,,,,,,,,,,
trim_stress,37,cbeam_maxabs_normal,0.746168849429451,47.6062136024081,,,,,,,,,,,,,,,,,
trim_stress,37,cbeam_maxabs_normal,0.753309185969592,55.3273626130657,,,,,,,,,,,,,,,,,
trim_stress,37,cbeam_maxabs_normal,0.760449522509731,49.502885869731,,,,,,,,,,,,,,,,,
trim_stress,37,cbeam_maxabs_normal,0.767589859049871,56.3702633436323,,,,,,,,,,,,,,,,,
trim_stress,37,cbeam_maxabs_normal,0.774730195590011,49.4086531277378,,,,,,,,,,,,,,,,,
trim_stress,37,cbeam_maxabs_normal,0.781870532130151,56.7102630581071,,,,,,,,,,,,,,,,,
trim_stress,37,cbeam_maxabs_normal,0.789010868670292,48.4565309331902,,,,,,,,,,,,,,,,,
trim_stress,37,cbeam_maxabs_normal,0.796151205210431,56.407245959934,,,,,,,,,,,,,,,,,
trim_stress,37,cbeam_maxabs_normal,0.803291541750571,50.9923192111225,,,,,,,,,,,,,,,,,
trim_stress,37,cbeam_maxabs_normal,0.810431878290712,51.7564798565148,,,,,,,,,,,,,,,,,
trim_stress,37,cbeam_maxabs_normal,0.817572214830851,52.6318618294726,,,,,,,,,,,,,,,,,
trim_stress,37,cbeam_maxabs_normal,0.824712551370991,46.381927033377,,,,,,,,,,,,,,,,,
trim_stress,37,cbeam_maxabs_normal,0.831852887911132,58.0503294693194,,,,,,,,,,,,,,,,,
trim_stress,37,cbeam_maxabs_normal,0.838993224451271,52.9773245610928,,,,,,,,,,,,,,,,,
trim_stress,37,cbeam_maxabs_normal,0.846133560991411,62.9696971874071,,,,,,,,,,,,,,,,,
trim_stress,37,cbeam_maxabs_normal,0.853273897531551,47.3328595644054,,,,,,,,,,,,,,,,,
trim_stress,37,cbeam_maxabs_normal,0.860414234071691,65.47213336244,,,,,,,,,,,,,,,,,
trim_stress,37,cbeam_maxabs_normal,0.867554570611831,45.7011487823678,,,,,,,,,,,,,,,,,
trim_stress,37,cbeam_maxabs_normal,0.874694907151971,63.9664613440465,,,,,,,,,,,,,,,,,
trim_stress,37,cbeam_maxabs_normal,0.881835243692111,48.3118893873961,,,,,,,,,,,,,,,,,
trim_stress,37,cbeam_maxabs_normal,0.888975580232252,65.1420993286108,,,,,,,,,,,,,,,,,
trim_stress,37,cbeam_maxabs_normal,0.896115916772391,37.536655804369,,,,,,,,,,,,,,,,,
trim_stress,37,cbeam_maxabs_normal,0.903256253312531,65.6610134265397,,,,,,,,,,,,,,,,,
trim_stress,37,cbeam_maxabs_normal,0.910396589852671,18.6846617240844,,,,,,,,,,,,,,,,,
trim_stress,37,cbeam_maxabs_normal,0.917536926392811,68.5558140697959,,,,,,,,,,,,,,,,,
trim_stress,37,cbeam_maxabs_normal,0.924677262932951,20.9673350448177,,,,,,,,,,,,,,,,,
trim_stress,37,cbeam_maxabs_normal,0.931817599473092,65.7479576895159,,,,,,,,,,,,,,,,,
trim_stress,37,cbeam_maxabs_normal,0.938957936013232,19.9668634449589,,,,,,,,,,,,,,,,,
trim_stress,37,cbeam_maxabs_normal,0.946098272553371,30.5211107498804,,,,,,,,,,,,,,,,,
trim_stress,37,cbeam_maxabs_normal,0.953238609093511,51.6690283229013,,,,,,,,,,,,,,,,,
trim_stress,37,cbeam_maxabs_normal,0.960378945633651,17.2848404553715,,,,,,,,,,,,,,,,,
trim_stress,37,cbeam_maxabs_normal,0.967519282173791,39.4940881537888,,,,,,,,,,,,,,,,,
trim_stress,37,cbeam_maxabs_normal,0.974659618713931,15.8670664821594,,,,,,,,,,,,,,,,,
trim_stress,37,cbeam_maxabs_normal,0.981799955254071,11.7832460808993,,,,,,,,,,,,,,,,,
trim_stress,37,cbeam_maxabs_normal,0.988940291794211,8.24922179784713,,,,,,,,,,,,,,,,,
trim_stress,37,cbeam_maxabs_normal,0.996080628334351,1.06910837357806,,,,,,,,,,,,,,,,,
trim_stress,64,shell_von_mises,0.00356944624199731,40.8955260734999,,,,,,,,,,,,,,,,,
trim_stress,64,shell_von_mises,0.0107123293198245,22.1479555269,,,,,,,,,,,,,,,,,
trim_stress,64,shell_von_mises,0.0178552123976516,22.6050974328259,,,,,,,,,,,,,,,,,
trim_stress,64,shell_von_mises,0.0249980954754788,21.5481326978447,,,,,,,,,,,,,,,,,
trim_stress,64,shell_von_mises,0.0321409785533059,22.1809103154971,,,,,,,,,,,,,,,,,
trim_stress,64,shell_von_mises,0.0392838616311331,22.2298784027933,,,,,,,,,,,,,,,,,
trim_stress,64,shell_von_mises,0.0464267447089602,22.4756655905599,,,,,,,,,,,,,,,,,
trim_stress,64,shell_von_mises,0.0535696277867874,21.8594101753485,,,,,,,,,,,,,,,,,
trim_stress,64,shell_von_mises,0.0607125108646145,22.3351717336859,,,,,,,,,,,,,,,,,
trim_stress,64,shell_von_mises,0.0678553939424417,21.6664098966245,,,,,,,,,,,,,,,,,
trim_stress,64,shell_von_mises,0.0749982770202688,21.7350379713342,,,,,,,,,,,,,,,,,
trim_stress,64,shell_von_mises,0.082141160098096,21.4863889939482,,,,,,,,,,,,,,,,,
trim_stress,64,shell_von_mises,0.0892840431759231,20.7915786853312,,,,,,,,,,,,,,,,,
trim_stress,64,shell_von_mises,0.0964269262537503,21.637752385354,,,,,,,,,,,,,,,,,
trim_stress,64,shell_von_mises,0.103569809331577,21.0386497808027,,,,,,,,,,,,,,,,,
trim_stress,64,shell_von_mises,0.110712692409405,20.6255422291701,,,,,,,,,,,,,,,,,
trim_stress,64,shell_von_mises,0.117855575487232,20.6867581857942,,,,,,,,,,,,,,,,,
trim_stress,64,shell_von_mises,0.124998458565059,20.9383799028581,,,,,,,,,,,,,,,,,
trim_stress,64,shell_von_mises,0.132141341642886,20.5656122794568,,,,,,,,,,,,,,,,,
trim_stress,64,shell_von_mises,0.139284224720713,20.6743370311404,,,,,,,,,,,,,,,,,
trim_stress,64,shell_von_mises,0.14642710779854,21.0114531755975,,,,,,,,,,,,,,,,,
trim_stress,64,shell_von_mises,0.153569990876367,21.0521615148711,,,,,,,,,,,,,,,,,
trim_stress,64,shell_von_mises,0.160712873954195,20.4367378114593,,,,,,,,,,,,,,,,,
trim_stress,64,shell_von_mises,0.167855757032022,20.2091710040189,,,,,,,,,,,,,,,,,
trim_stress,64,shell_von_mises,0.174998640109849,20.441607087176,,,,,,,,,,,,,,,,,
trim_stress,64,shell_von_mises,0.182141523187676,20.0174938712589,,,,,,,,,,,,,,,,,
trim_stress,64,shell_von_mises,0.189284406265503,19.7174184822496,,,,,,,,,,,,,,,,,
trim_stress,64,shell_von_mises,0.19642728934333,19.7585293372416,,,,,,,,,,,,,,,,,
trim_stress,64,shell_von_mises,0.203570172421157,19.3267418421889,,,,,,,,,,,,,,,,,
trim_stress,64,shell_von_mises,0.210713055498985,19.2582932949311,,,,,,,,,,,,,,,,,
trim_stress,64,shell_von_mises,0.217855938576812,18.9162676206623,,,,,,,,,,,,,,,,,
trim_stress,64,shell_von_mises,0.224998821654639,18.5833631783226,,,,,,,,,,,,,,,,,
trim_stress,64,shell_von_mises,0.232141704732466,18.6189188664494,,,,,,,,,,,,,,,,,
trim_stress,64,shell_von_mises,0.239284587810293,18.4239044550318,,,,,,,,,,,,,,,,,
trim_stress,64,shell_von_mises,0.24642747088812,18.4884949459155,,,,,,,,,,,,,,,,,
trim_stress,64,shell_von_mises,0.253570353965948,17.9826744649564,,,,,,,,,,,,,,,,,
trim_stress,64,shell_von_mises,0.260713237043775,18.150107878631,,,,,,,,,,,,,,,,,
trim_stress,64,shell_von_mises,0.267856120121602,17.905512358913,,,,,,,,,,,,,,,,,
trim_stress,64,shell_von_mises,0.274999003199429,17.8224230913053,,,,,,,,,,,,,,,,,
trim_stress,64,shell_von_mises,0.282141886277256,17.1120723698666,,,,,,,,,,,,,,,,,
trim_stress,64,shell_von_mises,0.289284769355083,16.9740129484946,,,,,,,,,,,,,,,,,
trim_stress,64,shell_von_mises,0.29642765243291,16.9329388621543,,,,,,,,,,,,,,,,,
trim_stress,64,shell_von_mises,0.303570535510738,16.8851930378123,,,,,,,,,,,,,,,,,
trim_stress,64,shell_von_mises,0.310713418588565,16.568940106368,,,,,,,,,,,,,,,,,
trim_stress,64,shell_von_mises,0.317856301666392,16.5064834126318,,,,,,,,,,,,,,,,,
trim_stress,64,shell_von_mises,0.324999184744219,16.1920474387012,,,,,,,,,,,,,,,,,
trim_stress,64,shell_von_mises,0.332142067822046,16.224622580151,,,,,,,,,,,,,,,,,
trim_stress,64,shell_von_mises,0.339284950899873,15.9449665543604,,,,,,,,,,,,,,,,,
trim_stress,64,shell_von_mises,0.3464278339777,16.0107520193141,,,,,,,,,,,,,,,,,
trim_stress,64,shell_von_mises,0.353570717055528,15.575550594832,,,,,,,,,,,,,,,,,
trim_stress,64,shell_von_mises,0.360713600133355,15.2761916166594,,,,,,,,,,,,,,,,,
trim_stress,64,shell_von_mises,0.367856483211182,15.2502537889649,,,,,,,,,,,,,,,,,
trim_stress,64,shell_von_mises,0.374999366289009,15.0449094087118,,,,,,,,,,,,,,,,,
trim_stress,64,shell_von_mises,0.382142249366836,14.8155024760693,,,,,,,,,,,,,,,,,
trim_stress,64,shell_von_mises,0.389285132444663,14.7648963297967,,,,,,,,,,,,,,,,,
trim_stress,64,shell_von_mises,0.39642801552249,14.5021528349133,,,,,,,,,,,,,,,,,
trim_stress,64,shell_von_mises,0.403570898600318,14.2673072075421,,,,,,,,,,,,,,,,,
trim_stress,64,shell_von_mises,0.410713781678145,14.2117608875965,,,,,,,,,,,,,,,,,
trim_stress,64,shell_von_mises,0.417856664755972,14.2764193017856,,,,,,,,,,,,,,,,,
trim_stress,64,shell_von_mises,0.424999547833799,14.1034569702092,,,,,,,,,,,,,,,,,
trim_stress,64,shell_von_mises,0.432142430911626,13.9815520815236,,,,,,,,,,,,,,,,,
trim_stress,64,shell_von_mises,0.439285313989453,13.9883487577109,,,,,,,,,,,,,,,,,
trim_stress,64,shell_von_mises,0.446428197067281,13.9293355941981,,,,,,,,,,,,,,,,,
trim_stress,64,shell_von_mises,0.453571080145108,13.3621741610627,,,,,,,,,,,,,,,,,
trim_stress,64,shell_von_mises,0.460713963222935,13.3745761094086,,,,,,,,,,,,,,,,,
trim_stress,64,shell_von_mises,0.467856846300762,13.0556381297656,,,,,,,,,,,,,,,,,
trim_stress,64,shell_von_mises,0.474999729378589,13.2170958361913,,,,,,,,,,,,,,,,,
trim_stress,64,shell_von_mises,0.482142612456416,12.8156091013063,,,,,,,,,,,,,,,,,
trim_stress,64,shell_von_mises,0.489285495534243,12.4205307997327,,,,,,,,,,,,,,,,,
trim_stress,64,shell_von_mises,0.496428378612071,12.3556886753538,,,,,,,,,,,,,,,,,
trim_stress,64,shell_von_mises,0.503571261689898,11.9499470237654,,,,,,,,,,,,,,,,,
trim_stress,64,shell_von_mises,0.510714144767725,11.9378580835948,,,,,,,,,,,,,,,,,
trim_stress,64,shell_von_mises,0.517857027845552,11.6777476718022,,,,,,,,,,,,,,,,,
trim_stress,64,shell_von_mises,0.524999910923379,11.543090216325,,,,,,,,,,,,,,,,,
trim_stress,64,shell_von_mises,0.532142794001206,11.2163489854248,,,,,,,,,,,,,,,,,
trim_stress,64,shell_von_mises,0.539285677079034,10.90819921592,,,,,,,,,,,,,,,,,
trim_stress,64,shell_von_mises,0.546428560156861,11.0221743796387,,,,,,,,,,,,,,,,,
trim_stress,64,shell_von_mises,0.553571443234688,10.5073144016055,,,,,,,,,,,,,,,,,
trim_stress,64,shell_von_mises,0.560714326312515,10.6107717630451,,,,,,,,,,,,,,,,,
trim_stress,64,shell_von_mises,0.567857209390342,10.0629161870499,,,,,,,,,,,,,,,,,
trim_stress,64,shell_von_mises,0.575000092468169,9.74075790871334,,,,,,,,,,,,,,,,,
trim_stress,64,shell_von_mises,0.582142975545996,9.32518251498408,,,,,,,,,,,,,,,,,
trim_stress,64,shell_von_mises,0.589285858623824,9.12473856963983,,,,,,,,,,,,,,,,,
trim_stress,64,shell_von_mises,0.596428741701651,9.10719697638587,,,,,,,,,,,,,,,,,
trim_stress,64,shell_von_mises,0.603571624779478,8.91142343920365,,,,,,,,,,,,,,,,,
trim_stress,64,shell_von_mises,0.610714507857305,8.89274917846406,,,,,,,,,,,,,,,,,
trim_stress,64,shell_von_mises,0.617857390935132,8.723486467167,,,,,,,,,,,,,,,,,
trim_stress,64,shell_von_mises,0.625000274012959,8.61145705711101,,,,,,,,,,,,,,,,,
trim_stress,64,shell_von_mises,0.632143157090787,8.26480630559695,,,,,,,,,,,,,,,,,
trim_stress,64,shell_von_mises,0.639286040168614,8.02778846277434,,,,,,,,,,,,,,,,,
trim_stress,64,shell_von_mises,0.646428923246441,7.871493707944,,,,,,,,,,,,,,,,,
trim_stress,64,shell_von_mises,0.653571806324268,7.58506776057867,,,,,,,,,,,,,,,,,
trim_stress,64,shell_von_mises,0.660714689402095,10.2330261827542,,,,,,,,,,,,,,,,,
trim_stress,64,shell_von_mises,0.667857572479922,7.28392781994244,,,,,,,,,,,,,,,,,
trim_stress,64,shell_von_mises,0.675000455557749,7.15742301476509,,,,,,,,,,,,,,,,,
trim_stress,64,shell_von_mises,0.682143338635576,7.0076747166647,,,,,,,,,,,,,,,,,
trim_stress,64,shell_von_mises,0.689286221713404,6.81009660359583,,,,,,,,,,,,,,,,,
trim_stress,64,shell_von_mises,0.696429104791231,6.6258096866202,,,,,,,,,,,,,,,,,
trim_stress,64,shell_von_mises,0.703571987869058,6.437350990282,,,,,,,,,,,,,,,,,
trim_stress,64,shell_von_mises,0.710714870946885,6.23012701321072,,,,,,,,,,,,,,,,,
trim_stress,64,shell_von_mises,0.717857754024712,6.12006773761516,,,,,,,,,,,,,,,,,
trim_stress,64,shell_von_mises,0.725000637102539,6.26360181525406,,,,,,,,,,,,,,,,,
trim_stress,64,shell_von_mises,0.732143520180367,6.3359565013172,,,,,,,,,,,,,,,,,
trim_stress,64,shell_von_mises,0.739286403258194,5.46222153731679,,,,,,,,,,,,,,,,,
trim_stress,64,shell_von_mises,0.746429286336021,5.37549592695575,,,,,,,,,,,,,,,,,
trim_stress,64,shell_von_mises,0.753572169413848,5.07432920396764,,,,,,,,,,,,,,,,,
trim_stress,64,shell_von_mises,0.760715052491675,4.98929854755602,,,,,,,,,,,,,,,,,
trim_stress,64,shell_von_mises,0.767857935569502,4.72207072646984,,,,,,,,,,,,,,,,,
trim_stress,64,shell_von_mises,0.775000818647329,4.5581864575005,,,,,,,,,,,,,,,,,
trim_stress,64,shell_von_mises,0.782143701725157,4.36487590244878,,,,,,,,,,,,,,,,,
trim_stress,64,shell_von_mises,0.789286584802984,4.15040660661145,,,,,,,,,,,,,,,,,
trim_stress,64,shell_von_mises,0.796429467880811,4.10584888379859,,,,,,,,,,,,,,,,,
trim_stress,64,shell_von_mises,0.803572350958638,4.10937771130553,,,,,,,,,,,,,,,,,
trim_stress,64,shell_von_mises,0.810715234036465,4.08922262633277,,,,,,,,,,,,,,,,,
trim_stress,64,shell_von_mises,0.817858117114292,3.93305197025407,,,,,,,,,,,,,,,,,
trim_stress,64,shell_von_mises,0.825001000192119,3.76410930794248,,,,,,,,,,,,,,,,,
trim_stress,64,shell_von_mises,0.832143883269947,3.85367946055689,,,,,,,,,,,,,,,,,
trim_stress,64,shell_von_mises,0.839286766347774,3.6572919053538,,,,,,,,,,,,,,,,,
trim_stress,64,shell_von_mises,0.846429649425601,3.45441757172617,,,,,,,,,,,,,,,,,
trim_stress,64,shell_von_mises,0.853572532503428,3.51446339437443,,,,,,,,,,,,,,,,,
trim_stress,64,shell_von_mises,0.860715415581255,3.33876194462119,,,,,,,,,,,,,,,,,
trim_stress,64,shell_von_mises,0.867858298659082,2.79646521826273,,,,,,,,,,,,,,,,,
trim_stress,64,shell_von_mises,0.87500118173691,2.89290247691451,,,,,,,,,,,,,,,,,
trim_stress,64,shell_von_mises,0.882144064814737,2.54500311799853,,,,,,,,,,,,,,,,,
trim_stress,64,shell_von_mises,0.889286947892564,3.51180160178962,,,,,,,,,,,,,,,,,
trim_stress,64,shell_von_mises,0.896429830970391,2.45260864790728,,,,,,,,,,,,,,,,,
trim_stress,64,shell_von_mises,0.903572714048218,2.05426714473377,,,,,,,,,,,,,,,,,
trim_stress,64,shell_von_mises,0.910715597126045,2.86956175832574,,,,,,,,,,,,,,,,,
trim_stress,64,shell_von_mises,0.917858480203872,1.76532618292372,,,,,,,,,,,,,,,,,
trim_stress,64,shell_von_mises,0.9250013632817,1.75666988669937,,,,,,,,,,,,,,,,,
trim_stress,64,shell_von_mises,0.932144246359527,1.56085630346656,,,,,,,,,,,,,,,,,
trim_stress,64,shell_von_mises,0.939287129437354,1.57686478691314,,,,,,,,,,,,,,,,,
trim_stress,64,shell_von_mises,0.946430012515181,1.22582109133737,,,,,,,,,,,,,,,,,
trim_stress,64,shell_von_mises,0.953572895593008,1.17779213232909,,,,,,,,,,,,,,,,,
trim_stress,64,shell_von_mises,0.960715778670835,1.05264893957038,,,,,,,,,,,,,,,,,
trim_stress,64,shell_von_mises,0.967858661748662,1.12201065093416,,,,,,,,,,,,,,,,,
trim_stress,64,shell_von_mises,0.975001544826489,0.775779520897354,,,,,,,,,,,,,,,,,
trim_stress,64,shell_von_mises,0.982144427904317,0.613001425371277,,,,,,,,,,,,,,,,,
trim_stress,64,shell_von_mises,0.989287310982144,0.600780894163932,,,,,,,,,,,,,,,,,
trim_stress,64,shell_von_mises,0.996430194059971,1.3965408598068,,,,,,,,,,,,,,,,,
trim_stress,64,cbeam_maxabs_normal,0.00357393722572226,51.0793221438178,,,,,,,,,,,,,,,,,
trim_stress,64,cbeam_maxabs_normal,0.0107144367681032,65.4188872202663,,,,,,,,,,,,,,,,,
trim_stress,64,cbeam_maxabs_normal,0.0178549363104842,59.973537267048,,,,,,,,,,,,,,,,,
trim_stress,64,cbeam_maxabs_normal,0.0249954358528651,55.3209589115002,,,,,,,,,,,,,,,,,
trim_stress,64,cbeam_maxabs_normal,0.0321359353952461,58.0510198020114,,,,,,,,,,,,,,,,,
trim_stress,64,cbeam_maxabs_normal,0.0392764349376271,55.9005271557073,,,,,,,,,,,,,,,,,
trim_stress,64,cbeam_maxabs_normal,0.046416934480008,51.9744888886905,,,,,,,,,,,,,,,,,
trim_stress,64,cbeam_maxabs_normal,0.053557434022389,49.1507284109377,,,,,,,,,,,,,,,,,
trim_stress,64,cbeam_maxabs_normal,0.06069793356477,48.918897324425,,,,,,,,,,,,,,,,,
trim_stress,64,cbeam_maxabs_normal,0.0678384331071509,45.7209374703225,,,,,,,,,,,,,,,,,
trim_stress,64,cbeam_maxabs_normal,0.0749789326495319,43.7545158319879,,,,,,,,,,,,,,,,,
trim_stress,64,cbeam_maxabs_normal,0.0821194321919128,44.8680798337903,,,,,,,,,,,,,,,,,
trim_stress,64,cbeam_maxabs_normal,0.0892599317342938,44.3278582835617,,,,,,,,,,,,,,,,,
trim_stress,64,cbeam_maxabs_normal,0.0964004312766748,42.4842517979325,,,,,,,,,,,,,,,,,
trim_stress,64,cbeam_maxabs_normal,0.103540930819056,42.6292213898309,,,,,,,,,,,,,,,,,
trim_stress,64,cbeam_maxabs_normal,0.110681430361437,42.3240423136873,,,,,,,,,,,,,,,,,
trim_stress,64,cbeam_maxabs_normal,0.117821929903818,41.848480561768,,,,,,,,,,,,,,,,,
trim_stress,64,cbeam_maxabs_normal,0.124962429446199,40.2856576729264,,,,,,,,,,,,,,,,,
trim_stress,64,cbeam_maxabs_normal,0.13210292898858,41.5048237328454,,,,,,,,,,,,,,,,,
trim_stress,64,cbeam_maxabs_normal,0.139243428530961,41.3013694374323,,,,,,,,,,,,,,,,,
trim_stress,64,cbeam_maxabs_normal,0.146383928073341,40.9267214521632,,,,,,,,,,,,,,,,,
trim_stress,64,cbeam_maxabs_normal,0.153524427615722,41.7925259951358,,,,,,,,,,,,,,,,,
trim_stress,64,cbeam_maxabs_normal,0.160664927158103,41.466722570023,,,,,,,,,,,,,,,,,
trim_stress,64,cbeam_maxabs_normal,0.167805426700484,43.8848651438348,,,,,,,,,,,,,,,,,
trim_stress,64,cbeam_maxabs_normal,0.174945926242865,45.0513958477843,,,,,,,,,,,,,,,,,
trim_stress,64,cbeam_maxabs_normal,0.182086425785246,44.1503424298744,,,,,,,,,,,,,,,,,
trim_stress,64,cbeam_maxabs_normal,0.189226925327627,45.4265129396977,,,,,,,,,,,,,,,,,
trim_stress,64,cbeam_maxabs_normal,0.196367424870008,46.4164678196072,,,,,,,,,,,,,,,,,
trim_stress,64,cbeam_maxabs_normal,0.203507924412389,46.0964688972278,,,,,,,,,,,,,,,,,
trim_stress,64,cbeam_maxabs_normal,0.21064842395477,45.5957685454041,,,,,,,,,,,,,,,,,
trim_stress,64,cbeam_maxabs_normal,0.217788923497151,44.8313161171281,,,,,,,,,,,,,,,,,
trim_stress,64,cbeam_maxabs_normal,0.224929423039532,43.9415519621059,,,,,,,,,,,,,,,,,
trim_stress,64,cbeam_maxabs_normal,0.232069922581913,43.7128271791981,,,,,,,,,,,,,,,,,
trim_stress,64,cbeam_maxabs_normal,0.239210422124294,41.9369137801083,,,,,,,,,,,,,,,,,
trim_stress,64,cbeam_maxabs_normal,0.246350921666675,40.9578770081905,,,,,,,,,,,,,,,,,
trim_stress,64,cbeam_maxabs_normal,0.253491421209056,42.4223391944733,,,,,,,,,,,,,,,,,
trim_stress,64,cbeam_maxabs_normal,0.260631920751437,40.3086207770181,,,,,,,,,,,,,,,,,
trim_stress,64,cbeam_maxabs_normal,0.267772420293818,42.2119389571404,,,,,,,,,,,,,,,,,
trim_stress,64,cbeam_maxabs_normal,0.274912919836199,42.4909081401505,,,,,,,,,,,,,,,,,
trim_stress,64,cbeam_maxabs_normal,0.28205341937858,39.8610089897588,,,,,,,,,,,,,,,,,
trim_stress,64,cbeam_maxabs_normal,0.289193918920961,42.1016405539646,,,,,,,,,,,,,,,,,
trim_stress,64,cbeam_maxabs_normal,0.296334418463342,42.538644756369,,,,,,,,,,,,,,,,,
trim_stress,64,cbeam_maxabs_normal,0.303474918005723,41.2994585990234,,,,,,,,,,,,,,,,,
trim_stress,64,cbeam_maxabs_normal,0.310615417548104,41.1936328456635,,,,,,,,,,,,,,,,,
trim_stress,64,cbeam_maxabs_normal,0.317755917090485,38.6891871047707,,,,,,,,,,,,,,,,,
trim_stress,64,cbeam_maxabs_normal,0.324896416632866,39.8367438959933,,,,,,,,,,,,,,,,,
trim_stress,64,cbeam_maxabs_normal,0.332036916175246,38.3945407111809,,,,,,,,,,,,,,,,,
trim_stress,64,cbeam_maxabs_normal,0.339177415717627,37.7338614980354,,,,,,,,,,,,,,,,,
trim_stress,64,cbeam_maxabs_normal,0.346317915260008,36.9217551083788,,,,,,,,,,,,,,,,,
trim_stress,64,cbeam_maxabs_normal,0.353458414802389,35.0713980553771,,,,,,,,,,,,,,,,,
trim_stress,64,cbeam_maxabs_normal,0.36059891434477,36.4701843653386,,,,,,,,,,,,,,,,,
trim_stress,64,cbeam_maxabs_normal,0.367739413887151,36.5016362850626,,,,,,,,,,,,,,,,,
trim_stress,64,cbeam_maxabs_normal,0.374879913429532,37.1906597947099,,,,,,,,,,,,,,,,,
trim_stress,64,cbeam_maxabs_normal,0.382020412971913,38.495209872772,,,,,,,,,,,,,,,,,
trim_stress,64,cbeam_maxabs_normal,0.389160912514294,41.2949075431904,,,,,,,,,,,,,,,,,
trim_stress,64,cbeam_maxabs_normal,0.396301412056675,40.3942171669802,,,,,,,,,,,,,,,,,
trim_stress,64,cbeam_maxabs_normal,0.403441911599056,43.6345973759301,,,,,,,,,,,,,,,,,
trim_stress,64,cbeam_maxabs_normal,0.410582411141437,43.7562241814952,,,,,,,,,,,,,,,,,
trim_stress,64,cbeam_maxabs_normal,0.417722910683818,42.0167129468442,,,,,,,,,,,,,,,,,
trim_stress,64,cbeam_maxabs_normal,0.424863410226199,39.1319552523413,,,,,,,,,,,,,,,,,
trim_stress,64,cbeam_maxabs_normal,0.43200390976858,31.6778005428353,,,,,,,,,,,,,,,,,
trim_stress,64,cbeam_maxabs_normal,0.439144409310961,34.5540552483518,,,,,,,,,,,,,,,,,
trim_stress,64,cbeam_maxabs_normal,0.446284908853342,34.2459504409346,,,,,,,,,,,,,,,,,
trim_stress,64,cbeam_maxabs_normal,0.453425408395723,36.0414391208361,,,,,,,,,,,,,,,,,
trim_stress,64,cbeam_maxabs_normal,0.460565907938104,40.3363915010626,,,,,,,,,,,,,,,,,
trim_stress,64,cbeam_maxabs_normal,0.467706407480485,39.1804619474086,,,,,,,,,,,,,,,,,
trim_stress,64,cbeam_maxabs_normal,0.474846907022866,46.1264262716824,,,,,,,,,,,,,,,,,
trim_stress,64,cbeam_maxabs_normal,0.481987406565247,47.7478607353216,,,,,,,,,,,,,,,,,
trim_stress,64,cbeam_maxabs_normal,0.489127906107628,47.4036815397249,,,,,,,,,,,,,,,,,
trim_stress,64,cbeam_maxabs_normal,0.496268405650009,48.5175203186264,,,,,,,,,,,,,,,,,
trim_stress,64,cbeam_maxabs_normal,0.50340890519239,37.676054225067,,,,,,,,,,,,,,,,,
trim_stress,64,cbeam_maxabs_normal,0.510549404734771,40.3691733124662,,,,,,,,,,,,,,,,,
trim_stress,64,cbeam_maxabs_normal,0.517689904277152,41.7971201267442,,,,,,,,,,,,,,,,,
trim_stress,64,cbeam_maxabs_normal,0.524830403819532,42.3573194378607,,,,,,,,,,,,,,,,,
trim_stress,64,cbeam_maxabs_normal,0.531970903361913,44.7480730489276,,,,,,,,,,,,,,,,,
trim_stress,64,cbeam_maxabs_normal,0.539111402904294,44.6704131885319,,,,,,,,,,,,,,,,,
trim_stress,64,cbeam_maxabs_normal,0.546251902446675,46.7570781583034,,,,,,,,,,,,,,,,,
trim_stress,64,cbeam_maxabs_normal,0.553392401989056,40.103447917701,,,,,,,,,,,,,,,,,
trim_stress,64,cbeam_maxabs_normal,0.560532901531437,41.5880949507973,,,,,,,,,,,,,,,,,
trim_stress,64,cbeam_maxabs_normal,0.567673401073818,42.5131775325389,,,,,,,,,,,,,,,,,
trim_stress,64,cbeam_maxabs_normal,0.574813900616199,42.8319732487431,,,,,,,,,,,,,,,,,
trim_stress,64,cbeam_maxabs_normal,0.58195440015858,42.5911004018966,,,,,,,,,,,,,,,,,
trim_stress,64,cbeam_maxabs_normal,0.589094899700961,42.0759227259083,,,,,,,,,,,,,,,,,
trim_stress,64,cbeam_maxabs_normal,0.596235399243342,41.1632575362861,,,,,,,,,,,,,,,,,
trim_stress,64,cbeam_maxabs_normal,0.603375898785723,39.8095770006856,,,,,,,,,,,,,,,,,
trim_stress,64,cbeam_maxabs_normal,0.610516398328104,40.3325928776111,,,,,,,,,,,,,,,,,
trim_stress,64,cbeam_maxabs_normal,0.617656897870485,40.5801623861831,,,,,,,,,,,,,,,,,
trim_stress,64,cbeam_maxabs_normal,0.624797397412866,40.5314008234909,,,,,,,,,,,,,,,,,
trim_stress,64,cbeam_maxabs_normal,0.631937896955247,40.4135866689499,,,,,,,,,,,,,,,,,
trim_stress,64,cbeam_maxabs_normal,0.639078396497628,38.7924488854945,,,,,,,,,,,,,,,,,
trim_stress,64,cbeam_maxabs_normal,0.646218896040009,39.8114262998196,,,,,,,,,,,,,,,,,
trim_stress,64,cbeam_maxabs_normal,0.65335939558239,38.2763036585375,,,,,,,,,,,,,,,,,
trim_stress,64,cbeam_maxabs_normal,0.660499895124771,38.2551511443925,,,,,,,,,,,,,,,,,
trim_stress,64,cbeam_maxabs_normal,0.667640394667152,37.7746153647708,,,,,,,,,,,,,,,,,
trim_stress,64,cbeam_maxabs_normal,0.674780894209533,37.708611136712,,,,,,,,,,,,,,,,,
trim_stress,64,cbeam_maxabs_normal,0.681921393751914,37.4298678529559,,,,,,,,,,,,,,,,,
trim_stress,64,cbeam_maxabs_normal,0.689061893294295,35.8476054582675,,,,,,,,,,,,,,,,,
trim_stress,64,cbeam_maxabs_normal,0.696202392836676,35.6628759159885,,,,,,,,,,,,,,,,,
trim_stress,64,cbeam_maxabs_normal,0.703342892379057,34.4164224492458,,,,,,,,,,,,,,,,,
trim_stress,64,cbeam_maxabs_normal,0.710483391921438,36.5841881629109,,,,,,,,,,,,,,,,,
trim_stress,64,cbeam_maxabs_normal,0.717623891463818,32.8760791885487,,,,,,,,,,,,,,,,,
trim_stress,64,cbeam_maxabs_normal,0.724764391006199,31.6678058111237,,,,,,,,,,,,,,,,,
trim_stress,64,cbeam_maxabs_normal,0.73190489054858,31.7532416662018,,,,,,,,,,,,,,,,,
trim_stress,64,cbeam_maxabs_normal,0.739045390090961,35.3660255302821,,,,,,,,,,,,,,,,,
trim_stress,64,cbeam_maxabs_normal,0.746185889633342,31.7622800046291,,,,,,,,,,,,,,,,,
trim_stress,64,cbeam_maxabs_normal,0.753326389175723,30.899118533123,,,,,,,,,,,,,,,,,
trim_stress,64,cbeam_maxabs_normal,0.760466888718104,28.9395054753283,,,,,,,,,,,,,,,,,
trim_stress,64,cbeam_maxabs_normal,0.767607388260485,34.433197076746,,,,,,,,,,,,,,,,,
trim_stress,64,cbeam_maxabs_normal,0.774747887802866,33.9949005995875,,,,,,,,,,,,,,,,,
trim_stress,64,cbeam_maxabs_normal,0.781888387345247,38.4793253385582,,,,,,,,,,,,,,,,,
trim_stress,64,cbeam_maxabs_normal,0.789028886887628,36.0556921596177,,,,,,,,,,,,,,,,,
trim_stress,64,cbeam_maxabs_normal,0.796169386430009,40.6301095353331,,,,,,,,,,,,,,,,,
trim_stress,64,cbeam_maxabs_normal,0.80330988597239,41.2530630357231,,,,,,,,,,,,,,,,,
trim_stress,64,cbeam_maxabs_normal,0.810450385514771,42.4148619435774,,,,,,,,,,,,,,,,,
trim_stress,64,cbeam_maxabs_normal,0.817590885057152,45.180159722678,,,,,,,,,,,,,,,,,
trim_stress,64,cbeam_maxabs_normal,0.824731384599533,35.7056585911498,,,,,,,,,,,,,,,,,
trim_stress,64,cbeam_maxabs_normal,0.831871884141914,47.0275308413245,,,,,,,,,,,,,,,,,
trim_stress,64,cbeam_maxabs_normal,0.839012383684295,26.5958581246631,,,,,,,,,,,,,,,,,
trim_stress,64,cbeam_maxabs_normal,0.846152883226676,46.4860314136592,,,,,,,,,,,,,,,,,
trim_stress,64,cbeam_maxabs_normal,0.853293382769057,25.7188794219518,,,,,,,,,,,,,,,,,
trim_stress,64,cbeam_maxabs_normal,0.860433882311438,46.2214875967258,,,,,,,,,,,,,,,,,
trim_stress,64,cbeam_maxabs_normal,0.867574381853819,20.3193414101188,,,,,,,,,,,,,,,,,
trim_stress,64,cbeam_maxabs_normal,0.8747148813962,47.6582128554478,,,,,,,,,,,,,,,,,
trim_stress,64,cbeam_maxabs_normal,0.881855380938581,16.9512836744741,,,,,,,,,,,,,,,,,
trim_stress,64,cbeam_maxabs_normal,0.888995880480962,48.1686381901143,,,,,,,,,,,,,,,,,
trim_stress,64,cbeam_maxabs_normal,0.896136380023343,14.1683980647747,,,,,,,,,,,,,,,,,
trim_stress,64,cbeam_maxabs_normal,0.903276879565723,46.7979422773044,,,,,,,,,,,,,,,,,
trim_stress,64,cbeam_maxabs_normal,0.910417379108104,16.9082146556201,,,,,,,,,,,,,,,,,
trim_stress,64,cbeam_maxabs_normal,0.917557878650485,47.0944064737774,,,,,,,,,,,,,,,,,
trim_stress,64,cbeam_maxabs_normal,0.924698378192866,21.0729047687237,,,,,,,,,,,,,,,,,
trim_stress,64,cbeam_maxabs_normal,0.931838877735247,32.2566066794785,,,,,,,,,,,,,,,,,
trim_stress,64,cbeam_maxabs_normal,0.938979377277628,40.5477715487296,,,,,,,,,,,,,,,,,
trim_stress,64,cbeam_maxabs_normal,0.946119876820009,4.8485268027349,,,,,,,,,,,,,,,,,
trim_stress,64,cbeam_maxabs_normal,0.95326037636239,30.8341362827554,,,,,,,,,,,,,,,,,
trim_stress,64,cbeam_maxabs_normal,0.960400875904771,9.66035373729314,,,,,,,,,,,,,,,,,
trim_stress,64,cbeam_maxabs_normal,0.967541375447152,11.6750988523526,,,,,,,,,,,,,,,,,
trim_stress,64,cbeam_maxabs_normal,0.974681874989533,5.0126431678353,,,,,,,,,,,,,,,,,
trim_stress,64,cbeam_maxabs_normal,0.981822374531914,4.08885980455547,,,,,,,,,,,,,,,,,
trim_stress,64,cbeam_maxabs_normal,0.988962874074295,6.40000888594403,,,,,,,,,,,,,,,,,
trim_stress,64,cbeam_maxabs_normal,0.996103373616676,0.747382190077264,,,,,,,,,,,,,,,,,
trim_stress,65,shell_von_mises,0.00356994292993926,76.1495015048605,,,,,,,,,,,,,,,,,
trim_stress,65,shell_von_mises,0.0107128208182113,40.7820475525239,,,,,,,,,,,,,,,,,
trim_stress,65,shell_von_mises,0.0178556987064833,40.0017002108484,,,,,,,,,,,,,,,,,
trim_stress,65,shell_von_mises,0.0249985765947553,40.4437404778495,,,,,,,,,,,,,,,,,
trim_stress,65,shell_von_mises,0.0321414544830274,40.7427090614871,,,,,,,,,,,,,,,,,
trim_stress,65,shell_von_mises,0.0392843323712994,39.1976807301328,,,,,,,,,,,,,,,,,
trim_stress,65,shell_von_mises,0.0464272102595714,39.040358968065,,,,,,,,,,,,,,,,,
trim_stress,65,shell_von_mises,0.0535700881478435,38.7395339349663,,,,,,,,,,,,,,,,,
trim_stress,65,shell_von_mises,0.0607129660361155,38.3869035969039,,,,,,,,,,,,,,,,,
trim_stress,65,shell_von_mises,0.0678558439243875,38.5717899705664,,,,,,,,,,,,,,,,,
trim_stress,65,shell_von_mises,0.0749987218126596,37.8891801361234,,,,,,,,,,,,,,,,,
trim_stress,65,shell_von_mises,0.0821415997009316,38.3454673359289,,,,,,,,,,,,,,,,,
trim_stress,65,shell_von_mises,0.0892844775892036,36.9216187713041,,,,,,,,,,,,,,,,,
trim_stress,65,shell_von_mises,0.0964273554774756,37.5585537038433,,,,,,,,,,,,,,,,,
trim_stress,65,shell_von_mises,0.103570233365748,36.8598485010816,,,,,,,,,,,,,,,,,
trim_stress,65,shell_von_mises,0.11071311125402,36.5817496347779,,,,,,,,,,,,,,,,,
trim_stress,65,shell_von_mises,0.117855989142292,36.2815386017044,,,,,,,,,,,,,,,,,
trim_stress,65,shell_von_mises,0.124998867030564,36.0379096705297,,,,,,,,,,,,,,,,,
trim_stress,65,shell_von_mises,0.132141744918836,35.0512302161541,,,,,,,,,,,,,,,,,
trim_stress,65,shell_von_mises,0.139284622807108,34.7936063907818,,,,,,,,,,,,,,,,,
trim_stress,65,shell_von_mises,0.14642750069538,34.7593018595337,,,,,,,,,,,,,,,,,
trim_stress,65,shell_von_mises,0.153570378583652,34.1181853795004,,,,,,,,,,,,,,,,,
trim_stress,65,shell_von_mises,0.160713256471924,33.8539209363683,,,,,,,,,,,,,,,,,
trim_stress,65,shell_von_mises,0.167856134360196,33.7397221719508,,,,,,,,,,,,,,,,,
trim_stress,65,shell_von_mises,0.174999012248468,33.2997583420305,,,,,,,,,,,,,,,,,
trim_stress,65,shell_von_mises,0.18214189013674,33.3549827358301,,,,,,,,,,,,,,,,,
trim_stress,65,shell_von_mises,0.189284768025012,33.0026527622334,,,,,,,,,,,,,,,,,
trim_stress,65,shell_von_mises,0.196427645913284,33.4302631388899,,,,,,,,,,,,,,,,,
trim_stress,65,shell_von_mises,0.203570523801556,32.8101210310535,,,,,,,,,,,,,,,,,
trim_stress,65,shell_von_mises,0.210713401689828,32.747165667346,,,,,,,,,,,,,,,,,
trim_stress,65,shell_von_mises,0.2178562795781,32.4149877339351,,,,,,,,,,,,,,,,,
trim_stress,65,shell_von_mises,0.224999157466372,32.712913934587,,,,,,,,,,,,,,,,,
trim_stress,65,shell_von_mises,0.232142035354644,32.5557534852269,,,,,,,,,,,,,,,,,
trim_stress,65,shell_von_mises,0.239284913242916,33.0810819575667,,,,,,,,,,,,,,,,,
trim_stress,65,shell_von_mises,0.246427791131188,32.8186941399384,,,,,,,,,,,,,,,,,
trim_stress,65,shell_von_mises,0.25357066901946,33.2924163466921,,,,,,,,,,,,,,,,,
trim_stress,65,shell_von_mises,0.260713546907732,31.8031948739859,,,,,,,,,,,,,,,,,
trim_stress,65,shell_von_mises,0.267856424796004,33.6273415774361,,,,,,,,,,,,,,,,,
trim_stress,65,shell_von_mises,0.274999302684276,31.9566032337646,,,,,,,,,,,,,,,,,
trim_stress,65,shell_von_mises,0.282142180572548,31.8946680847569,,,,,,,,,,,,,,,,,
trim_stress,65,shell_von_mises,0.28928505846082,30.8696189856248,,,,,,,,,,,,,,,,,
trim_stress,65,shell_von_mises,0.296427936349092,30.8966420110679,,,,,,,,,,,,,,,,,
trim_stress,65,shell_von_mises,0.303570814237364,30.2012929797124,,,,,,,,,,,,,,,,,
trim_stress,65,shell_von_mises,0.310713692125637,29.9935332315537,,,,,,,,,,,,,,,,,
trim_stress,65,shell_von_mises,0.317856570013909,29.7196259884166,,,,,,,,,,,,,,,,,
trim_stress,65,shell_von_mises,0.324999447902181,28.8805013123298,,,,,,,,,,,,,,,,,
trim_stress,65,shell_von_mises,0.332142325790453,28.83887458494,,,,,,,,,,,,,,,,,
trim_stress,65,shell_von_mises,0.339285203678725,28.5873658823615,,,,,,,,,,,,,,,,,
trim_stress,65,shell_von_mises,0.346428081566997,27.4807544573454,,,,,,,,,,,,,,,,,
trim_stress,65,shell_von_mises,0.353570959455269,27.4518078643088,,,,,,,,,,,,,,,,,
trim_stress,65,shell_von_mises,0.360713837343541,27.3695473114834,,,,,,,,,,,,,,,,,
trim_stress,65,shell_von_mises,0.367856715231813,27.0629172050493,,,,,,,,,,,,,,,,,
trim_stress,65,shell_von_mises,0.374999593120085,26.5076063882548,,,,,,,,,,,,,,,,,
trim_stress,65,shell_von_mises,0.382142471008357,25.9089389398927,,,,,,,,,,,,,,,,,
trim_stress,65,shell_von_mises,0.389285348896629,26.2673292871772,,,,,,,,,,,,,,,,,
trim_stress,65,shell_von_mises,0.396428226784901,25.5897969184037,,,,,,,,,,,,,,,,,
trim_stress,65,shell_von_mises,0.403571104673173,24.6080734254087,,,,,,,,,,,,,,,,,
trim_stress,65,shell_von_mises,0.410713982561445,24.5485410563195,,,,,,,,,,,,,,,,,
trim_stress,65,shell_von_mises,0.417856860449717,23.798135039669,,,,,,,,,,,,,,,,,
trim_stress,65,shell_von_mises,0.424999738337989,23.9635389839822,,,,,,,,,,,,,,,,,
trim_stress,65,shell_von_mises,0.432142616226261,23.2210300978445,,,,,,,,,,,,,,,,,
trim_stress,65,shell_von_mises,0.439285494114533,22.8361130231069,,,,,,,,,,,,,,,,,
trim_stress,65,shell_von_mises,0.446428372002805,22.6195217892299,,,,,,,,,,,,,,,,,
trim_stress,65,shell_von_mises,0.453571249891077,22.2219118558065,,,,,,,,,,,,,,,,,
trim_stress,65,shell_von_mises,0.460714127779349,21.8319559918904,,,,,,,,,,,,,,,,,
trim_stress,65,shell_von_mises,0.467857005667621,21.6115408290495,,,,,,,,,,,,,,,,,
trim_stress,65,shell_von_mises,0.474999883555893,21.3766148523197,,,,,,,,,,,,,,,,,
trim_stress,65,shell_von_mises,0.482142761444165,20.9525977698759,,,,,,,,,,,,,,,,,
trim_stress,65,shell_von_mises,0.489285639332437,20.4216998025451,,,,,,,,,,,,,,,,,
trim_stress,65,shell_von_mises,0.496428517220709,20.3598941732262,,,,,,,,,,,,,,,,,
trim_stress,65,shell_von_mises,0.503571395108981,19.8397989240378,,,,,,,,,,,,,,,,,
trim_stress,65,shell_von_mises,0.510714272997253,19.2487878355049,,,,,,,,,,,,,,,,,
trim_stress,65,shell_von_mises,0.517857150885525,19.2494626107617,,,,,,,,,,,,,,,,,
trim_stress,65,shell_von_mises,0.525000028773797,18.5944076782225,,,,,,,,,,,,,,,,,
trim_stress,65,shell_von_mises,0.532142906662069,19.2940173922087,,,,,,,,,,,,,,,,,
trim_stress,65,shell_von_mises,0.539285784550341,18.533527879026,,,,,,,,,,,,,,,,,
trim_stress,65,shell_von_mises,0.546428662438614,18.7912036565315,,,,,,,,,,,,,,,,,
trim_stress,65,shell_von_mises,0.553571540326885,18.3845961184742,,,,,,,,,,,,,,,,,
trim_stress,65,shell_von_mises,0.560714418215158,17.865973294024,,,,,,,,,,,,,,,,,
trim_stress,65,shell_von_mises,0.56785729610343,17.5339642794706,,,,,,,,,,,,,,,,,
trim_stress,65,shell_von_mises,0.575000173991702,17.3856774671862,,,,,,,,,,,,,,,,,
trim_stress,65,shell_von_mises,0.582143051879974,18.3545579394123,,,,,,,,,,,,,,,,,
trim_stress,65,shell_von_mises,0.589285929768246,17.0362991878173,,,,,,,,,,,,,,,,,
trim_stress,65,shell_von_mises,0.596428807656518,16.816954045063,,,,,,,,,,,,,,,,,
trim_stress,65,shell_von_mises,0.60357168554479,17.6180993003153,,,,,,,,,,,,,,,,,
trim_stress,65,shell_von_mises,0.610714563433062,17.111601156942,,,,,,,,,,,,,,,,,
trim_stress,65,shell_von_mises,0.617857441321334,15.7307205042517,,,,,,,,,,,,,,,,,
trim_stress,65,shell_von_mises,0.625000319209606,16.0312219913596,,,,,,,,,,,,,,,,,
trim_stress,65,shell_von_mises,0.632143197097878,15.6522690261449,,,,,,,,,,,,,,,,,
trim_stress,65,shell_von_mises,0.63928607498615,15.6516683123103,,,,,,,,,,,,,,,,,
trim_stress,65,shell_von_mises,0.646428952874422,15.2066213707259,,,,,,,,,,,,,,,,,
trim_stress,65,shell_von_mises,0.653571830762694,14.6511583697594,,,,,,,,,,,,,,,,,
trim_stress,65,shell_von_mises,0.660714708650966,14.421258005357,,,,,,,,,,,,,,,,,
trim_stress,65,shell_von_mises,0.667857586539238,13.8541658045409,,,,,,,,,,,,,,,,,
trim_stress,65,shell_von_mises,0.67500046442751,13.3096612254449,,,,,,,,,,,,,,,,,
trim_stress,65,shell_von_mises,0.682143342315782,12.9342966651723,,,,,,,,,,,,,,,,,
trim_stress,65,shell_von_mises,0.689286220204054,12.3267796428937,,,,,,,,,,,,,,,,,
trim_stress,65,shell_von_mises,0.696429098092326,12.299727115322,,,,,,,,,,,,,,,,,
trim_stress,65,shell_von_mises,0.703571975980598,11.9259818222335,,,,,,,,,,,,,,,,,
trim_stress,65,shell_von_mises,0.71071485386887,11.4263209879737,,,,,,,,,,,,,,,,,
trim_stress,65,shell_von_mises,0.717857731757142,11.0626089064459,,,,,,,,,,,,,,,,,
trim_stress,65,shell_von_mises,0.725000609645414,10.5319373394335,,,,,,,,,,,,,,,,,
trim_stress,65,shell_von_mises,0.732143487533686,10.7418555538365,,,,,,,,,,,,,,,,,
trim_stress,65,shell_von_mises,0.739286365421958,9.6946261767125,,,,,,,,,,,,,,,,,
trim_stress,65,shell_von_mises,0.74642924331023,9.27298673781257,,,,,,,,,,,,,,,,,
trim_stress,65,shell_von_mises,0.753572121198502,8.51322377551609,,,,,,,,,,,,,,,,,
trim_stress,65,shell_von_mises,0.760714999086774,8.14559873383309,,,,,,,,,,,,,,,,,
trim_stress,65,shell_von_mises,0.767857876975046,7.86112118785484,,,,,,,,,,,,,,,,,
trim_stress,65,shell_von_mises,0.775000754863318,7.57590150303226,,,,,,,,,,,,,,,,,
trim_stress,65,shell_von_mises,0.78214363275159,7.35413984475819,,,,,,,,,,,,,,,,,
trim_stress,65,shell_von_mises,0.789286510639863,6.90871651814776,,,,,,,,,,,,,,,,,
trim_stress,65,shell_von_mises,0.796429388528134,6.57336553592255,,,,,,,,,,,,,,,,,
trim_stress,65,shell_von_mises,0.803572266416406,6.17130595184279,,,,,,,,,,,,,,,,,
trim_stress,65,shell_von_mises,0.810715144304679,6.02630613664009,,,,,,,,,,,,,,,,,
trim_stress,65,shell_von_mises,0.817858022192951,5.59694363333019,,,,,,,,,,,,,,,,,
trim_stress,65,shell_von_mises,0.825000900081223,5.32106122852707,,,,,,,,,,,,,,,,,
trim_stress,65,shell_von_mises,0.832143777969495,4.97437470650752,,,,,,,,,,,,,,,,,
trim_stress,65,shell_von_mises,0.839286655857767,4.81903231522816,,,,,,,,,,,,,,,,,
trim_stress,65,shell_von_mises,0.846429533746039,4.38437135681638,,,,,,,,,,,,,,,,,
trim_stress,65,shell_von_mises,0.853572411634311,4.15415509018171,,,,,,,,,,,,,,,,,
trim_stress,65,shell_von_mises,0.860715289522583,3.96704258836253,,,,,,,,,,,,,,,,,
trim_stress,65,shell_von_mises,0.867858167410855,3.51794759268936,,,,,,,,,,,,,,,,,
trim_stress,65,shell_von_mises,0.875001045299127,3.4439869021124,,,,,,,,,,,,,,,,,
trim_stress,65,shell_von_mises,0.882143923187399,2.9545337719407,,,,,,,,,,,,,,,,,
trim_stress,65,shell_von_mises,0.889286801075671,2.90907648657743,,,,,,,,,,,,,,,,,
trim_stress,65,shell_von_mises,0.896429678963943,2.54336187447741,,,,,,,,,,,,,,,,,
trim_stress,65,shell_von_mises,0.903572556852215,2.27497095219004,,,,,,,,,,,,,,,,,
trim_stress,65,shell_von_mises,0.910715434740487,2.07664049552165,,,,,,,,,,,,,,,,,
trim_stress,65,shell_von_mises,0.917858312628759,1.83954702153955,,,,,,,,,,,,,,,,,
trim_stress,65,shell_von_mises,0.925001190517031,1.96225336243803,,,,,,,,,,,,,,,,,
trim_stress,65,shell_von_mises,0.932144068405303,1.72314726324906,,,,,,,,,,,,,,,,,
trim_stress,65,shell_von_mises,0.939286946293575,1.65108371367669,,,,,,,,,,,,,,,,,
trim_stress,65,shell_von_mises,0.946429824181847,1.35382909393995,,,,,,,,,,,,,,,,,
trim_stress,65,shell_von_mises,0.953572702070119,1.16250216544341,,,,,,,,,,,,,,,,,
trim_stress,65,shell_von_mises,0.960715579958391,0.947623681954888,,,,,,,,,,,,,,,,,
trim_stress,65,shell_von_mises,0.967858457846663,0.682911334141673,,,,,,,,,,,,,,,,,
trim_stress,65,shell_von_mises,0.975001335734935,0.697394043401751,,,,,,,,,,,,,,,,,
trim_stress,65,shell_von_mises,0.982144213623207,0.408876665305679,,,,,,,,,,,,,,,,,
trim_stress,65,shell_von_mises,0.989287091511479,0.485527325337015,,,,,,,,,,,,,,,,,
trim_stress,65,shell_von_mises,0.996429969399751,0.638316915779445,,,,,,,,,,,,,,,,,
trim_stress,65,cbeam_maxabs_normal,0.00357520078605858,68.1957703013028,,,,,,,,,,,,,,,,,
trim_stress,65,cbeam_maxabs_normal,0.0107180312398502,70.1345183690037,,,,,,,,,,,,,,,,,
trim_stress,65,cbeam_maxabs_normal,0.0178608616936419,64.848270196574,,,,,,,,,,,,,,,,,
trim_stress,65,cbeam_maxabs_normal,0.0250036921474335,61.6906845529164,,,,,,,,,,,,,,,,,
trim_stress,65,cbeam_maxabs_normal,0.0321465226012251,59.9327226881412,,,,,,,,,,,,,,,,,
trim_stress,65,cbeam_maxabs_normal,0.0392893530550168,56.9630066913878,,,,,,,,,,,,,,,,,
trim_stress,65,cbeam_maxabs_normal,0.0464321835088084,57.3243050928558,,,,,,,,,,,,,,,,,
trim_stress,65,cbeam_maxabs_normal,0.0535750139626001,52.0254246366735,,,,,,,,,,,,,,,,,
trim_stress,65,cbeam_maxabs_normal,0.0607178444163917,48.9978031828538,,,,,,,,,,,,,,,,,
trim_stress,65,cbeam_maxabs_normal,0.0678606748701834,46.8574563360808,,,,,,,,,,,,,,,,,
trim_stress,65,cbeam_maxabs_normal,0.075003505323975,45.8697220057626,,,,,,,,,,,,,,,,,
trim_stress,65,cbeam_maxabs_normal,0.0821463357777666,44.6671161426676,,,,,,,,,,,,,,,,,
trim_stress,65,cbeam_maxabs_normal,0.0892891662315583,42.7871092291918,,,,,,,,,,,,,,,,,
trim_stress,65,cbeam_maxabs_normal,0.0964319966853499,40.8182250756109,,,,,,,,,,,,,,,,,
trim_stress,65,cbeam_maxabs_normal,0.103574827139142,38.5615149900845,,,,,,,,,,,,,,,,,
trim_stress,65,cbeam_maxabs_normal,0.110717657592933,36.5487281044647,,,,,,,,,,,,,,,,,
trim_stress,65,cbeam_maxabs_normal,0.117860488046725,33.9239081861378,,,,,,,,,,,,,,,,,
trim_stress,65,cbeam_maxabs_normal,0.125003318500516,35.369861269567,,,,,,,,,,,,,,,,,
trim_stress,65,cbeam_maxabs_normal,0.132146148954308,34.2005352389569,,,,,,,,,,,,,,,,,
trim_stress,65,cbeam_maxabs_normal,0.1392889794081,33.1312140208713,,,,,,,,,,,,,,,,,
trim_stress,65,cbeam_maxabs_normal,0.146431809861891,32.5734283052681,,,,,,,,,,,,,,,,,
trim_stress,65,cbeam_maxabs_normal,0.153574640315683,28.9104611765869,,,,,,,,,,,,,,,,,
trim_stress,65,cbeam_maxabs_normal,0.160717470769475,28.3679687582285,,,,,,,,,,,,,,,,,
trim_stress,65,cbeam_maxabs_normal,0.167860301223266,29.1244052702868,,,,,,,,,,,,,,,,,
trim_stress,65,cbeam_maxabs_normal,0.175003131677058,27.1196590428526,,,,,,,,,,,,,,,,,
trim_stress,65,cbeam_maxabs_normal,0.18214596213085,26.970848382393,,,,,,,,,,,,,,,,,
trim_stress,65,cbeam_maxabs_normal,0.189288792584641,26.9405864068886,,,,,,,,,,,,,,,,,
trim_stress,65,cbeam_maxabs_normal,0.196431623038433,27.1765636159163,,,,,,,,,,,,,,,,,
trim_stress,65,cbeam_maxabs_normal,0.203574453492225,27.6100882918768,,,,,,,,,,,,,,,,,
trim_stress,65,cbeam_maxabs_normal,0.210717283946016,27.1266234154918,,,,,,,,,,,,,,,,,
trim_stress,65,cbeam_maxabs_normal,0.217860114399808,27.9098859536755,,,,,,,,,,,,,,,,,
trim_stress,65,cbeam_maxabs_normal,0.2250029448536,26.9362557539457,,,,,,,,,,,,,,,,,
trim_stress,65,cbeam_maxabs_normal,0.232145775307391,27.9682882333854,,,,,,,,,,,,,,,,,
trim_stress,65,cbeam_maxabs_normal,0.239288605761183,27.4628963672206,,,,,,,,,,,,,,,,,
trim_stress,65,cbeam_maxabs_normal,0.246431436214974,28.1347917229062,,,,,,,,,,,,,,,,,
trim_stress,65,cbeam_maxabs_normal,0.253574266668766,28.2817600564079,,,,,,,,,,,,,,,,,
trim_stress,65,cbeam_maxabs_normal,0.260717097122558,28.2303524147591,,,,,,,,,,,,,,,,,
trim_stress,65,cbeam_maxabs_normal,0.267859927576349,28.6975268222657,,,,,,,,,,,,,,,,,
trim_stress,65,cbeam_maxabs_normal,0.275002758030141,28.8763629519194,,,,,,,,,,,,,,,,,
trim_stress,65,cbeam_maxabs_normal,0.282145588483933,29.155542113017,,,,,,,,,,,,,,,,,
trim_stress,65,cbeam_maxabs_normal,0.289288418937724,27.9567582186046,,,,,,,,,,,,,,,,,
trim_stress,65,cbeam_maxabs_normal,0.296431249391516,29.6803726442398,,,,,,,,,,,,,,,,,
trim_stress,65,cbeam_maxabs_normal,0.303574079845308,29.8080256804842,,,,,,,,,,,,,,,,,
trim_stress,65,cbeam_maxabs_normal,0.310716910299099,30.0344793673344,,,,,,,,,,,,,,,,,
trim_stress,65,cbeam_maxabs_normal,0.317859740752891,31.1905800232461,,,,,,,,,,,,,,,,,
trim_stress,65,cbeam_maxabs_normal,0.325002571206682,30.9205408109843,,,,,,,,,,,,,,,,,
trim_stress,65,cbeam_maxabs_normal,0.332145401660474,31.0092409329571,,,,,,,,,,,,,,,,,
trim_stress,65,cbeam_maxabs_normal,0.339288232114266,30.5897832033186,,,,,,,,,,,,,,,,,
trim_stress,65,cbeam_maxabs_normal,0.346431062568057,29.7557717717332,,,,,,,,,,,,,,,,,
trim_stress,65,cbeam_maxabs_normal,0.353573893021849,31.4877139098891,,,,,,,,,,,,,,,,,
trim_stress,65,cbeam_maxabs_normal,0.360716723475641,32.2438634988705,,,,,,,,,,,,,,,,,
trim_stress,65,cbeam_maxabs_normal,0.367859553929432,31.5150391065237,,,,,,,,,,,,,,,,,
trim_stress,65,cbeam_maxabs_normal,0.375002384383224,32.9672521919741,,,,,,,,,,,,,,,,,
trim_stress,65,cbeam_maxabs_normal,0.382145214837016,33.0341829872923,,,,,,,,,,,,,,,,,
trim_stress,65,cbeam_maxabs_normal,0.389288045290807,33.3637908528001,,,,,,,,,,,,,,,,,
trim_stress,65,cbeam_maxabs_normal,0.396430875744599,31.5323877168803,,,,,,,,,,,,,,,,,
trim_stress,65,cbeam_maxabs_normal,0.403573706198391,33.5359253731837,,,,,,,,,,,,,,,,,
trim_stress,65,cbeam_maxabs_normal,0.410716536652182,33.0211203307995,,,,,,,,,,,,,,,,,
trim_stress,65,cbeam_maxabs_normal,0.417859367105974,32.5753673620792,,,,,,,,,,,,,,,,,
trim_stress,65,cbeam_maxabs_normal,0.425002197559765,32.4474765626552,,,,,,,,,,,,,,,,,
trim_stress,65,cbeam_maxabs_normal,0.432145028013557,32.5188482275111,,,,,,,,,,,,,,,,,
trim_stress,65,cbeam_maxabs_normal,0.439287858467349,30.7559567427403,,,,,,,,,,,,,,,,,
trim_stress,65,cbeam_maxabs_normal,0.44643068892114,33.080826794094,,,,,,,,,,,,,,,,,
trim_stress,65,cbeam_maxabs_normal,0.453573519374932,33.054597926148,,,,,,,,,,,,,,,,,
trim_stress,65,cbeam_maxabs_normal,0.460716349828724,30.4570185596989,,,,,,,,,,,,,,,,,
trim_stress,65,cbeam_maxabs_normal,0.467859180282515,32.822188421998,,,,,,,,,,,,,,,,,
trim_stress,65,cbeam_maxabs_normal,0.475002010736307,31.5536439976893,,,,,,,,,,,,,,,,,
trim_stress,65,cbeam_maxabs_normal,0.482144841190099,29.6486251690323,,,,,,,,,,,,,,,,,
trim_stress,65,cbeam_maxabs_normal,0.48928767164389,31.4095003405902,,,,,,,,,,,,,,,,,
trim_stress,65,cbeam_maxabs_normal,0.496430502097682,31.057405733796,,,,,,,,,,,,,,,,,
trim_stress,65,cbeam_maxabs_normal,0.503573332551474,30.3229746947218,,,,,,,,,,,,,,,,,
trim_stress,65,cbeam_maxabs_normal,0.510716163005265,30.465004841266,,,,,,,,,,,,,,,,,
trim_stress,65,cbeam_maxabs_normal,0.517858993459057,29.9297722932285,,,,,,,,,,,,,,,,,
trim_stress,65,cbeam_maxabs_normal,0.525001823912848,29.8096579781332,,,,,,,,,,,,,,,,,
trim_stress,65,cbeam_maxabs_normal,0.53214465436664,29.5320986886831,,,,,,,,,,,,,,,,,
trim_stress,65,cbeam_maxabs_normal,0.539287484820432,29.2220144324581,,,,,,,,,,,,,,,,,
trim_stress,65,cbeam_maxabs_normal,0.546430315274223,29.0204094070656,,,,,,,,,,,,,,,,,
trim_stress,65,cbeam_maxabs_normal,0.553573145728015,28.6208587430055,,,,,,,,,,,,,,,,,
trim_stress,65,cbeam_maxabs_normal,0.560715976181807,28.4642928279885,,,,,,,,,,,,,,,,,
trim_stress,65,cbeam_maxabs_normal,0.567858806635598,28.3733379978408,,,,,,,,,,,,,,,,,
trim_stress,65,cbeam_maxabs_normal,0.57500163708939,27.5174849024734,,,,,,,,,,,,,,,,,
trim_stress,65,cbeam_maxabs_normal,0.582144467543182,27.2616847636354,,,,,,,,,,,,,,,,,
trim_stress,65,cbeam_maxabs_normal,0.589287297996973,26.4746690511905,,,,,,,,,,,,,,,,,
trim_stress,65,cbeam_maxabs_normal,0.596430128450765,25.2896950687252,,,,,,,,,,,,,,,,,
trim_stress,65,cbeam_maxabs_normal,0.603572958904557,25.4469110993984,,,,,,,,,,,,,,,,,
trim_stress,65,cbeam_maxabs_normal,0.610715789358348,24.7670788418596,,,,,,,,,,,,,,,,,
trim_stress,65,cbeam_maxabs_normal,0.61785861981214,23.7579654414654,,,,,,,,,,,,,,,,,
trim_stress,65,cbeam_maxabs_normal,0.625001450265931,22.1675089633901,,,,,,,,,,,,,,,,,
trim_stress,65,cbeam_maxabs_normal,0.632144280719723,27.6997361884619,,,,,,,,,,,,,,,,,
trim_stress,65,cbeam_maxabs_normal,0.639287111173515,22.9103590286401,,,,,,,,,,,,,,,,,
trim_stress,65,cbeam_maxabs_normal,0.646429941627306,19.7558347644562,,,,,,,,,,,,,,,,,
trim_stress,65,cbeam_maxabs_normal,0.653572772081098,21.8855749626699,,,,,,,,,,,,,,,,,
trim_stress,65,cbeam_maxabs_normal,0.66071560253489,20.7809091916073,,,,,,,,,,,,,,,,,
trim_stress,65,cbeam_maxabs_normal,0.667858432988681,20.9039724749556,,,,,,,,,,,,,,,,,
trim_stress,65,cbeam_maxabs_normal,0.675001263442473,21.5875144376374,,,,,,,,,,,,,,,,,
trim_stress,65,cbeam_maxabs_normal,0.682144093896265,23.4746471951952,,,,,,,,,,,,,,,,,
trim_stress,65,cbeam_maxabs_normal,0.689286924350056,23.4434278438428,,,,,,,,,,,,,,,,,
trim_stress,65,cbeam_maxabs_normal,0.696429754803848,20.5193482326271,,,,,,,,,,,,,,,,,
trim_stress,65,cbeam_maxabs_normal,0.70357258525764,20.65361653682,,,,,,,,,,,,,,,,,
trim_stress,65,cbeam_maxabs_normal,0.710715415711431,20.5056098202946,,,,,,,,,,,,,,,,,
trim_stress,65,cbeam_maxabs_normal,0.717858246165223,19.7179785253366,,,,,,,,,,,,,,,,,
trim_stress,65,cbeam_maxabs_normal,0.725001076619014,20.2951901177415,,,,,,,,,,,,,,,,,
trim_stress,65,cbeam_maxabs_normal,0.732143907072806,21.0600646638335,,,,,,,,,,,,,,,,,
trim_stress,65,cbeam_maxabs_normal,0.739286737526598,21.1856809881005,,,,,,,,,,,,,,,,,
trim_stress,65,cbeam_maxabs_normal,0.746429567980389,22.3381660964927,,,,,,,,,,,,,,,,,
trim_stress,65,cbeam_maxabs_normal,0.753572398434181,22.9397909550649,,,,,,,,,,,,,,,,,
trim_stress,65,cbeam_maxabs_normal,0.760715228887973,23.0807366460967,,,,,,,,,,,,,,,,,
trim_stress,65,cbeam_maxabs_normal,0.767858059341764,22.0432305648278,,,,,,,,,,,,,,,,,
trim_stress,65,cbeam_maxabs_normal,0.775000889795556,20.7064883664119,,,,,,,,,,,,,,,,,
trim_stress,65,cbeam_maxabs_normal,0.782143720249348,20.6528118179702,,,,,,,,,,,,,,,,,
trim_stress,65,cbeam_maxabs_normal,0.789286550703139,19.4878092024718,,,,,,,,,,,,,,,,,
trim_stress,65,cbeam_maxabs_normal,0.796429381156931,18.818636746972,,,,,,,,,,,,,,,,,
trim_stress,65,cbeam_maxabs_normal,0.803572211610722,17.7461159616339,,,,,,,,,,,,,,,,,
trim_stress,65,cbeam_maxabs_normal,0.810715042064514,17.2883096618752,,,,,,,,,,,,,,,,,
trim_stress,65,cbeam_maxabs_normal,0.817857872518306,16.2917682309215,,,,,,,,,,,,,,,,,
trim_stress,65,cbeam_maxabs_normal,0.825000702972097,14.8708605276861,,,,,,,,,,,,,,,,,
trim_stress,65,cbeam_maxabs_normal,0.832143533425889,14.9424137219393,,,,,,,,,,,,,,,,,
trim_stress,65,cbeam_maxabs_normal,0.839286363879681,13.6106066660882,,,,,,,,,,,,,,,,,
trim_stress,65,cbeam_maxabs_normal,0.846429194333472,13.4981098892396,,,,,,,,,,,,,,,,,
trim_stress,65,cbeam_maxabs_normal,0.853572024787264,12.0947142360125,,,,,,,,,,,,,,,,,
trim_stress,65,cbeam_maxabs_normal,0.860714855241056,11.3178534658973,,,,,,,,,,,,,,,,,
trim_stress,65,cbeam_maxabs_normal,0.867857685694847,10.2047524188958,,,,,,,,,,,,,,,,,
trim_stress,65,cbeam_maxabs_normal,0.875000516148639,7.55784176588329,,,,,,,,,,,,,,,,,
trim_stress,65,cbeam_maxabs_normal,0.882143346602431,7.93777428303909,,,,,,,,,,,,,,,,,
trim_stress,65,cbeam_maxabs_normal,0.889286177056222,6.52423424557552,,,,,,,,,,,,,,,,,
trim_stress,65,cbeam_maxabs_normal,0.896429007510014,6.73467601389669,,,,,,,,,,,,,,,,,
trim_stress,65,cbeam_maxabs_normal,0.903571837963806,5.31677977106911,,,,,,,,,,,,,,,,,
trim_stress,65,cbeam_maxabs_normal,0.910714668417597,5.88786621406847,,,,,,,,,,,,,,,,,
trim_stress,65,cbeam_maxabs_normal,0.917857498871389,4.4126834320466,,,,,,,,,,,,,,,,,
trim_stress,65,cbeam_maxabs_normal,0.92500032932518,5.08938345196906,,,,,,,,,,,,,,,,,
trim_stress,65,cbeam_maxabs_normal,0.932143159778972,4.65032926609792,,,,,,,,,,,,,,,,,
trim_stress,65,cbeam_maxabs_normal,0.939285990232764,4.2940887853571,,,,,,,,,,,,,,,,,
trim_stress,65,cbeam_maxabs_normal,0.946428820686555,2.99160382691371,,,,,,,,,,,,,,,,,
trim_stress,65,cbeam_maxabs_normal,0.953571651140347,2.9172751935269,,,,,,,,,,,,,,,,,
trim_stress,65,cbeam_maxabs_normal,0.960714481594139,2.08912176467029,,,,,,,,,,,,,,,,,
trim_stress,65,cbeam_maxabs_normal,0.96785731204793,2.70631245928359,,,,,,,,,,,,,,,,,
trim_stress,65,cbeam_maxabs_normal,0.975000142501722,1.56880188716735,,,,,,,,,,,,,,,,,
trim_stress,65,cbeam_maxabs_normal,0.982142972955514,1.81674483955314,,,,,,,,,,,,,,,,,
trim_stress,65,cbeam_maxabs_normal,0.989285803409305,0.504892489211348,,,,,,,,,,,,,,,,,
trim_stress,65,cbeam_maxabs_normal,0.996428633863097,0.556209498735454,,,,,,,,,,,,,,,,,
trim_stress,99,shell_von_mises,0.00356932116159497,71.9623432557925,,,,,,,,,,,,,,,,,
trim_stress,99,shell_von_mises,0.0107122000163969,43.2886129106894,,,,,,,,,,,,,,,,,
trim_stress,99,shell_von_mises,0.0178550788711988,44.5635723920746,,,,,,,,,,,,,,,,,
trim_stress,99,shell_von_mises,0.0249979577260008,42.0595714344937,,,,,,,,,,,,,,,,,
trim_stress,99,shell_von_mises,0.0321408365808027,42.2472847209297,,,,,,,,,,,,,,,,,
trim_stress,99,shell_von_mises,0.0392837154356046,42.9692383706103,,,,,,,,,,,,,,,,,
trim_stress,99,shell_von_mises,0.0464265942904066,41.7312151723394,,,,,,,,,,,,,,,,,
trim_stress,99,shell_von_mises,0.0535694731452085,40.5328608387529,,,,,,,,,,,,,,,,,
trim_stress,99,shell_von_mises,0.0607123520000104,40.8493940760792,,,,,,,,,,,,,,,,,
trim_stress,99,shell_von_mises,0.0678552308548124,39.550355369906,,,,,,,,,,,,,,,,,
trim_stress,99,shell_von_mises,0.0749981097096143,40.2455848820291,,,,,,,,,,,,,,,,,
trim_stress,99,shell_von_mises,0.0821409885644162,38.2002732380647,,,,,,,,,,,,,,,,,
trim_stress,99,shell_von_mises,0.0892838674192182,37.9218040426651,,,,,,,,,,,,,,,,,
trim_stress,99,shell_von_mises,0.0964267462740201,38.3223316792676,,,,,,,,,,,,,,,,,
trim_stress,99,shell_von_mises,0.103569625128822,37.4051736598096,,,,,,,,,,,,,,,,,
trim_stress,99,shell_von_mises,0.110712503983624,37.1153330744547,,,,,,,,,,,,,,,,,
trim_stress,99,shell_von_mises,0.117855382838426,37.5028849457058,,,,,,,,,,,,,,,,,
trim_stress,99,shell_von_mises,0.124998261693228,36.7435294502247,,,,,,,,,,,,,,,,,
trim_stress,99,shell_von_mises,0.13214114054803,36.6563616393275,,,,,,,,,,,,,,,,,
trim_stress,99,shell_von_mises,0.139284019402832,36.7366274229401,,,,,,,,,,,,,,,,,
trim_stress,99,shell_von_mises,0.146426898257634,37.2268307123514,,,,,,,,,,,,,,,,,
trim_stress,99,shell_von_mises,0.153569777112436,36.4429903547254,,,,,,,,,,,,,,,,,
trim_stress,99,shell_von_mises,0.160712655967237,37.5949534375889,,,,,,,,,,,,,,,,,
trim_stress,99,shell_von_mises,0.167855534822039,37.7265406041886,,,,,,,,,,,,,,,,,
trim_stress,99,shell_von_mises,0.174998413676841,36.7117703294959,,,,,,,,,,,,,,,,,
trim_stress,99,shell_von_mises,0.182141292531643,36.1213545710022,,,,,,,,,,,,,,,,,
trim_stress,99,shell_von_mises,0.189284171386445,36.1833329094953,,,,,,,,,,,,,,,,,
trim_stress,99,shell_von_mises,0.196427050241247,37.1688180238022,,,,,,,,,,,,,,,,,
trim_stress,99,shell_von_mises,0.203569929096049,36.6730424031912,,,,,,,,,,,,,,,,,
trim_stress,99,shell_von_mises,0.210712807950851,36.5665713043981,,,,,,,,,,,,,,,,,
trim_stress,99,shell_von_mises,0.217855686805653,35.5341709016555,,,,,,,,,,,,,,,,,
trim_stress,99,shell_von_mises,0.224998565660455,36.4748290435445,,,,,,,,,,,,,,,,,
trim_stress,99,shell_von_mises,0.232141444515257,35.8747452700834,,,,,,,,,,,,,,,,,
trim_stress,99,shell_von_mises,0.239284323370059,34.5149865386254,,,,,,,,,,,,,,,,,
trim_stress,99,shell_von_mises,0.246427202224861,35.3886992710523,,,,,,,,,,,,,,,,,
trim_stress,99,shell_von_mises,0.253570081079663,34.6832121985129,,,,,,,,,,,,,,,,,
trim_stress,99,shell_von_mises,0.260712959934465,35.0826620720337,,,,,,,,,,,,,,,,,
trim_stress,99,shell_von_mises,0.267855838789266,33.1896717604315,,,,,,,,,,,,,,,,,
trim_stress,99,shell_von_mises,0.274998717644068,33.0545348738115,,,,,,,,,,,,,,,,,
trim_stress,99,shell_von_mises,0.28214159649887,33.5308231322361,,,,,,,,,,,,,,,,,
trim_stress,99,shell_von_mises,0.289284475353672,32.751014755484,,,,,,,,,,,,,,,,,
trim_stress,99,shell_von_mises,0.296427354208474,33.2503781110272,,,,,,,,,,,,,,,,,
trim_stress,99,shell_von_mises,0.303570233063276,31.3161157580933,,,,,,,,,,,,,,,,,
trim_stress,99,shell_von_mises,0.310713111918078,31.6429446861556,,,,,,,,,,,,,,,,,
trim_stress,99,shell_von_mises,0.31785599077288,31.1077293553574,,,,,,,,,,,,,,,,,
trim_stress,99,shell_von_mises,0.324998869627682,30.9908922309543,,,,,,,,,,,,,,,,,
trim_stress,99,shell_von_mises,0.332141748482484,30.3489536404097,,,,,,,,,,,,,,,,,
trim_stress,99,shell_von_mises,0.339284627337286,29.1419639551202,,,,,,,,,,,,,,,,,
trim_stress,99,shell_von_mises,0.346427506192088,29.4989012597133,,,,,,,,,,,,,,,,,
trim_stress,99,shell_von_mises,0.35357038504689,28.5536079462008,,,,,,,,,,,,,,,,,
trim_stress,99,shell_von_mises,0.360713263901692,29.3686270770391,,,,,,,,,,,,,,,,,
trim_stress,99,shell_von_mises,0.367856142756494,28.0041706725113,,,,,,,,,,,,,,,,,
trim_stress,99,shell_von_mises,0.374999021611296,26.6142098813498,,,,,,,,,,,,,,,,,
trim_stress,99,shell_von_mises,0.382141900466097,27.1091424715692,,,,,,,,,,,,,,,,,
trim_stress,99,shell_von_mises,0.389284779320899,26.68129735046,,,,,,,,,,,,,,,,,
trim_stress,99,shell_von_mises,0.396427658175701,26.0478576301633,,,,,,,,,,,,,,,,,
trim_stress,99,shell_von_mises,0.403570537030503,26.1850378032745,,,,,,,,,,,,,,,,,
trim_stress,99,shell_von_mises,0.410713415885305,25.0468507727658,,,,,,,,,,,,,,,,,
trim_stress,99,shell_von_mises,0.417856294740107,24.9259335554859,,,,,,,,,,,,,,,,,
trim_stress,99,shell_von_mises,0.424999173594909,24.9630968574289,,,,,,,,,,,,,,,,,
trim_stress,99,shell_von_mises,0.432142052449711,24.7374748511598,,,,,,,,,,,,,,,,,
trim_stress,99,shell_von_mises,0.439284931304513,23.8640091713298,,,,,,,,,,,,,,,,,
trim_stress,99,shell_von_mises,0.446427810159315,23.851048957482,,,,,,,,,,,,,,,,,
trim_stress,99,shell_von_mises,0.453570689014117,23.3151754345018,,,,,,,,,,,,,,,,,
trim_stress,99,shell_von_mises,0.460713567868919,22.8321422914016,,,,,,,,,,,,,,,,,
trim_stress,99,shell_von_mises,0.467856446723721,22.4735112980171,,,,,,,,,,,,,,,,,
trim_stress,99,shell_von_mises,0.474999325578523,21.4549729605969,,,,,,,,,,,,,,,,,
trim_stress,99,shell_von_mises,0.482142204433324,21.0161892111264,,,,,,,,,,,,,,,,,
trim_stress,99,shell_von_mises,0.489285083288126,21.6501147431853,,,,,,,,,,,,,,,,,
trim_stress,99,shell_von_mises,0.496427962142928,21.1949988285475,,,,,,,,,,,,,,,,,
trim_stress,99,shell_von_mises,0.50357084099773,21.1106072922258,,,,,,,,,,,,,,,,,
trim_stress,99,shell_von_mises,0.510713719852532,21.1055420263208,,,,,,,,,,,,,,,,,
trim_stress,99,shell_von_mises,0.517856598707334,21.5751444209536,,,,,,,,,,,,,,,,,
trim_stress,99,shell_von_mises,0.524999477562136,20.4999986355492,,,,,,,,,,,,,,,,,
trim_stress,99,shell_von_mises,0.532142356416938,19.9750801758639,,,,,,,,,,,,,,,,,
trim_stress,99,shell_von_mises,0.53928523527174,19.4362928332329,,,,,,,,,,,,,,,,,
trim_stress,99,shell_von_mises,0.546428114126542,19.5695289545291,,,,,,,,,,,,,,,,,
trim_stress,99,shell_von_mises,0.553570992981344,18.9055722984476,,,,,,,,,,,,,,,,,
trim_stress,99,shell_von_mises,0.560713871836146,18.9696504667496,,,,,,,,,,,,,,,,,
trim_stress,99,shell_von_mises,0.567856750690948,18.9417556411825,,,,,,,,,,,,,,,,,
trim_stress,99,shell_von_mises,0.57499962954575,18.4705838669671,,,,,,,,,,,,,,,,,
trim_stress,99,shell_von_mises,0.582142508400552,18.8303792623819,,,,,,,,,,,,,,,,,
trim_stress,99,shell_von_mises,0.589285387255354,17.9819295800677,,,,,,,,,,,,,,,,,
trim_stress,99,shell_von_mises,0.596428266110155,18.5974895971454,,,,,,,,,,,,,,,,,
trim_stress,99,shell_von_mises,0.603571144964957,17.4469776356058,,,,,,,,,,,,,,,,,
trim_stress,99,shell_von_mises,0.610714023819759,17.1212787440661,,,,,,,,,,,,,,,,,
trim_stress,99,shell_von_mises,0.617856902674561,16.9822458500974,,,,,,,,,,,,,,,,,
trim_stress,99,shell_von_mises,0.624999781529363,16.641908659507,,,,,,,,,,,,,,,,,
trim_stress,99,shell_von_mises,0.632142660384165,16.088875994672,,,,,,,,,,,,,,,,,
trim_stress,99,shell_von_mises,0.639285539238967,15.4562921048976,,,,,,,,,,,,,,,,,
trim_stress,99,shell_von_mises,0.646428418093769,15.6899120271949,,,,,,,,,,,,,,,,,
trim_stress,99,shell_von_mises,0.653571296948571,14.8777297390613,,,,,,,,,,,,,,,,,
trim_stress,99,shell_von_mises,0.660714175803373,14.2811401429144,,,,,,,,,,,,,,,,,
trim_stress,99,shell_von_mises,0.667857054658175,14.3641180299613,,,,,,,,,,,,,,,,,
trim_stress,99,shell_von_mises,0.674999933512977,13.457308574655,,,,,,,,,,,,,,,,,
trim_stress,99,shell_von_mises,0.682142812367779,13.3196117876212,,,,,,,,,,,,,,,,,
trim_stress,99,shell_von_mises,0.689285691222581,12.8220502827949,,,,,,,,,,,,,,,,,
trim_stress,99,shell_von_mises,0.696428570077382,12.5713250479229,,,,,,,,,,,,,,,,,
trim_stress,99,shell_von_mises,0.703571448932184,12.0197134488151,,,,,,,,,,,,,,,,,
trim_stress,99,shell_von_mises,0.710714327786986,11.4525685997198,,,,,,,,,,,,,,,,,
trim_stress,99,shell_von_mises,0.717857206641788,11.4925009041747,,,,,,,,,,,,,,,,,
trim_stress,99,shell_von_mises,0.72500008549659,10.7747822483299,,,,,,,,,,,,,,,,,
trim_stress,99,shell_von_mises,0.732142964351392,10.4318561034313,,,,,,,,,,,,,,,,,
trim_stress,99,shell_von_mises,0.739285843206194,9.35450684321263,,,,,,,,,,,,,,,,,
trim_stress,99,shell_von_mises,0.746428722060996,9.18678761805528,,,,,,,,,,,,,,,,,
trim_stress,99,shell_von_mises,0.753571600915798,8.74898343192124,,,,,,,,,,,,,,,,,
trim_stress,99,shell_von_mises,0.7607144797706,8.48155269040013,,,,,,,,,,,,,,,,,
trim_stress,99,shell_von_mises,0.767857358625402,8.25032079837038,,,,,,,,,,,,,,,,,
trim_stress,99,shell_von_mises,0.775000237480204,7.81696874559644,,,,,,,,,,,,,,,,,
trim_stress,99,shell_von_mises,0.782143116335006,7.5148140319273,,,,,,,,,,,,,,,,,
trim_stress,99,shell_von_mises,0.789285995189808,7.11794875632649,,,,,,,,,,,,,,,,,
trim_stress,99,shell_von_mises,0.79642887404461,6.8381704794946,,,,,,,,,,,,,,,,,
trim_stress,99,shell_von_mises,0.803571752899411,6.42220775454355,,,,,,,,,,,,,,,,,
trim_stress,99,shell_von_mises,0.810714631754214,6.17551695885813,,,,,,,,,,,,,,,,,
trim_stress,99,shell_von_mises,0.817857510609015,5.7892399525447,,,,,,,,,,,,,,,,,
trim_stress,99,shell_von_mises,0.825000389463817,5.47716113082237,,,,,,,,,,,,,,,,,
trim_stress,99,shell_von_mises,0.832143268318619,5.13289479697806,,,,,,,,,,,,,,,,,
trim_stress,99,shell_von_mises,0.839286147173421,4.81156081811732,,,,,,,,,,,,,,,,,
trim_stress,99,shell_von_mises,0.846429026028223,4.5272788703615,,,,,,,,,,,,,,,,,
trim_stress,99,shell_von_mises,0.853571904883025,4.24332068060838,,,,,,,,,,,,,,,,,
trim_stress,99,shell_von_mises,0.860714783737827,3.9528754548615,,,,,,,,,,,,,,,,,
trim_stress,99,shell_von_mises,0.867857662592629,3.74241690464092,,,,,,,,,,,,,,,,,
trim_stress,99,shell_von_mises,0.875000541447431,3.26171962499962,,,,,,,,,,,,,,,,,
trim_stress,99,shell_von_mises,0.882143420302233,3.13526748016736,,,,,,,,,,,,,,,,,
trim_stress,99,shell_von_mises,0.889286299157035,2.99412299454241,,,,,,,,,,,,,,,,,
trim_stress,99,shell_von_mises,0.896429178011837,2.69747829986451,,,,,,,,,,,,,,,,,
trim_stress,99,shell_von_mises,0.903572056866639,2.44710405282909,,,,,,,,,,,,,,,,,
trim_stress,99,shell_von_mises,0.910714935721441,2.28882864157969,,,,,,,,,,,,,,,,,
trim_stress,99,shell_von_mises,0.917857814576242,2.09020505214003,,,,,,,,,,,,,,,,,
trim_stress,99,shell_von_mises,0.925000693431044,2.17645506332018,,,,,,,,,,,,,,,,,
trim_stress,99,shell_von_mises,0.932143572285846,1.85386554208641,,,,,,,,,,,,,,,,,
trim_stress,99,shell_von_mises,0.939286451140648,1.88689826466829,,,,,,,,,,,,,,,,,
trim_stress,99,shell_von_mises,0.94642932999545,1.53386009383077,,,,,,,,,,,,,,,,,
trim_stress,99,shell_von_mises,0.953572208850252,1.13709868144501,,,,,,,,,,,,,,,,,
trim_stress,99,shell_von_mises,0.960715087705054,1.05352480563779,,,,,,,,,,,,,,,,,
trim_stress,99,shell_von_mises,0.967857966559856,0.805110972177389,,,,,,,,,,,,,,,,,
trim_stress,99,shell_von_mises,0.975000845414658,0.728467623346221,,,,,,,,,,,,,,,,,
trim_stress,99,shell_von_mises,0.98214372426946,0.479120945281077,,,,,,,,,,,,,,,,,
trim_stress,99,shell_von_mises,0.989286603124262,0.514107465554461,,,,,,,,,,,,,,,,,
trim_stress,99,shell_von_mises,0.996429481979064,0.490124278049528,,,,,,,,,,,,,,,,,
trim_stress,99,cbeam_maxabs_normal,0.00357518548295452,59.7450561179848,,,,,,,,,,,,,,,,,
trim_stress,99,cbeam_maxabs_normal,0.0107180157221435,47.8465827842983,,,,,,,,,,,,,,,,,
trim_stress,99,cbeam_maxabs_normal,0.0178608459613324,42.3638172604136,,,,,,,,,,,,,,,,,
trim_stress,99,cbeam_maxabs_normal,0.0250036762005214,46.9244590417408,,,,,,,,,,,,,,,,,
trim_stress,99,cbeam_maxabs_normal,0.0321465064397104,44.0229166249314,,,,,,,,,,,,,,,,,
trim_stress,99,cbeam_maxabs_normal,0.0392893366788993,41.5497059643527,,,,,,,,,,,,,,,,,
trim_stress,99,cbeam_maxabs_normal,0.0464321669180883,39.5152728543575,,,,,,,,,,,,,,,,,
trim_stress,99,cbeam_maxabs_normal,0.0535749971572773,36.9463301931837,,,,,,,,,,,,,,,,,
trim_stress,99,cbeam_maxabs_normal,0.0607178273964662,34.4463460348543,,,,,,,,,,,,,,,,,
trim_stress,99,cbeam_maxabs_normal,0.0678606576356552,34.6839695269309,,,,,,,,,,,,,,,,,
trim_stress,99,cbeam_maxabs_normal,0.0750034878748442,33.3234640016744,,,,,,,,,,,,,,,,,
trim_stress,99,cbeam_maxabs_normal,0.0821463181140331,31.8371672425513,,,,,,,,,,,,,,,,,
trim_stress,99,cbeam_maxabs_normal,0.0892891483532221,36.2534490786623,,,,,,,,,,,,,,,,,
trim_stress,99,cbeam_maxabs_normal,0.0964319785924111,35.4137367809544,,,,,,,,,,,,,,,,,
trim_stress,99,cbeam_maxabs_normal,0.1035748088316,28.4392613987244,,,,,,,,,,,,,,,,,
trim_stress,99,cbeam_maxabs_normal,0.110717639070789,29.5931621969095,,,,,,,,,,,,,,,,,
trim_stress,99,cbeam_maxabs_normal,0.117860469309978,29.3625018928284,,,,,,,,,,,,,,,,,
trim_stress,99,cbeam_maxabs_normal,0.125003299549167,28.7308812496592,,,,,,,,,,,,,,,,,
trim_stress,99,cbeam_maxabs_normal,0.132146129788356,28.3775799918019,,,,,,,,,,,,,,,,,
trim_stress,99,cbeam_maxabs_normal,0.139288960027545,27.6305979909857,,,,,,,,,,,,,,,,,
trim_stress,99,cbeam_maxabs_normal,0.146431790266734,28.4585351859561,,,,,,,,,,,,,,,,,
trim_stress,99,cbeam_maxabs_normal,0.153574620505923,28.3159996554679,,,,,,,,,,,,,,,,,
trim_stress,99,cbeam_maxabs_normal,0.160717450745112,28.3275044851938,,,,,,,,,,,,,,,,,
trim_stress,99,cbeam_maxabs_normal,0.167860280984301,29.1342699975867,,,,,,,,,,,,,,,,,
trim_stress,99,cbeam_maxabs_normal,0.17500311122349,33.4524447601958,,,,,,,,,,,,,,,,,
trim_stress,99,cbeam_maxabs_normal,0.182145941462679,28.8939268418994,,,,,,,,,,,,,,,,,
trim_stress,99,cbeam_maxabs_normal,0.189288771701868,28.573664096996,,,,,,,,,,,,,,,,,
trim_stress,99,cbeam_maxabs_normal,0.196431601941057,28.6672568741525,,,,,,,,,,,,,,,,,
trim_stress,99,cbeam_maxabs_normal,0.203574432180246,28.3681446343696,,,,,,,,,,,,,,,,,
trim_stress,99,cbeam_maxabs_normal,0.210717262419434,32.997313559987,,,,,,,,,,,,,,,,,
trim_stress,99,cbeam_maxabs_normal,0.217860092658623,34.1881319734827,,,,,,,,,,,,,,,,,
trim_stress,99,cbeam_maxabs_normal,0.225002922897812,29.798026736712,,,,,,,,,,,,,,,,,
trim_stress,99,cbeam_maxabs_normal,0.232145753137001,29.0520242758366,,,,,,,,,,,,,,,,,
trim_stress,99,cbeam_maxabs_normal,0.23928858337619,28.6376157613122,,,,,,,,,,,,,,,,,
trim_stress,99,cbeam_maxabs_normal,0.246431413615379,35.3697287605894,,,,,,,,,,,,,,,,,
trim_stress,99,cbeam_maxabs_normal,0.253574243854568,28.175730330669,,,,,,,,,,,,,,,,,
trim_stress,99,cbeam_maxabs_normal,0.260717074093757,28.3112895542181,,,,,,,,,,,,,,,,,
trim_stress,99,cbeam_maxabs_normal,0.267859904332946,27.7082592134487,,,,,,,,,,,,,,,,,
trim_stress,99,cbeam_maxabs_normal,0.275002734572135,35.5133450057213,,,,,,,,,,,,,,,,,
trim_stress,99,cbeam_maxabs_normal,0.282145564811324,27.2285238610822,,,,,,,,,,,,,,,,,
trim_stress,99,cbeam_maxabs_normal,0.289288395050513,28.6779418939567,,,,,,,,,,,,,,,,,
trim_stress,99,cbeam_maxabs_normal,0.296431225289702,27.1583303002854,,,,,,,,,,,,,,,,,
trim_stress,99,cbeam_maxabs_normal,0.303574055528891,36.2375252986199,,,,,,,,,,,,,,,,,
trim_stress,99,cbeam_maxabs_normal,0.31071688576808,27.2415207981059,,,,,,,,,,,,,,,,,
trim_stress,99,cbeam_maxabs_normal,0.317859716007269,27.1772571946477,,,,,,,,,,,,,,,,,
trim_stress,99,cbeam_maxabs_normal,0.325002546246458,27.6872896516632,,,,,,,,,,,,,,,,,
trim_stress,99,cbeam_maxabs_normal,0.332145376485647,28.0432186022561,,,,,,,,,,,,,,,,,
trim_stress,99,cbeam_maxabs_normal,0.339288206724836,27.401498357947,,,,,,,,,,,,,,,,,
trim_stress,99,cbeam_maxabs_normal,0.346431036964025,28.7552284829109,,,,,,,,,,,,,,,,,
trim_stress,99,cbeam_maxabs_normal,0.353573867203214,29.253515231814,,,,,,,,,,,,,,,,,
trim_stress,99,cbeam_maxabs_normal,0.360716697442403,29.2139642723083,,,,,,,,,,,,,,,,,
trim_stress,99,cbeam_maxabs_normal,0.367859527681592,27.9600190780436,,,,,,,,,,,,,,,,,
trim_stress,99,cbeam_maxabs_normal,0.375002357920781,28.8936955031996,,,,,,,,,,,,,,,,,
trim_stress,99,cbeam_maxabs_normal,0.38214518815997,29.4554779039489,,,,,,,,,,,,,,,,,
trim_stress,99,cbeam_maxabs_normal,0.389288018399159,29.0894371145239,,,,,,,,,,,,,,,,,
trim_stress,99,cbeam_maxabs_normal,0.396430848638348,29.5776970694073,,,,,,,,,,,,,,,,,
trim_stress,99,cbeam_maxabs_normal,0.403573678877536,29.3626937983679,,,,,,,,,,,,,,,,,
trim_stress,99,cbeam_maxabs_normal,0.410716509116726,28.7604343679393,,,,,,,,,,,,,,,,,
trim_stress,99,cbeam_maxabs_normal,0.417859339355915,29.5212410689715,,,,,,,,,,,,,,,,,
trim_stress,99,cbeam_maxabs_normal,0.425002169595103,30.2437815307672,,,,,,,,,,,,,,,,,
trim_stress,99,cbeam_maxabs_normal,0.432144999834292,28.5593817195185,,,,,,,,,,,,,,,,,
trim_stress,99,cbeam_maxabs_normal,0.439287830073481,29.7457196510326,,,,,,,,,,,,,,,,,
trim_stress,99,cbeam_maxabs_normal,0.44643066031267,29.2955085972454,,,,,,,,,,,,,,,,,
trim_stress,99,cbeam_maxabs_normal,0.453573490551859,29.1326103670256,,,,,,,,,,,,,,,,,
trim_stress,99,cbeam_maxabs_normal,0.460716320791048,29.6375999198299,,,,,,,,,,,,,,,,,
trim_stress,99,cbeam_maxabs_normal,0.467859151030237,29.5385048888434,,,,,,,,,,,,,,,,,
trim_stress,99,cbeam_maxabs_normal,0.475001981269426,29.1387370905332,,,,,,,,,,,,,,,,,
trim_stress,99,cbeam_maxabs_normal,0.482144811508615,29.6333416067322,,,,,,,,,,,,,,,,,
trim_stress,99,cbeam_maxabs_normal,0.489287641747804,29.3146688576146,,,,,,,,,,,,,,,,,
trim_stress,99,cbeam_maxabs_normal,0.496430471986993,29.186622028643,,,,,,,,,,,,,,,,,
trim_stress,99,cbeam_maxabs_normal,0.503573302226182,28.9718883566529,,,,,,,,,,,,,,,,,
trim_stress,99,cbeam_maxabs_normal,0.510716132465371,28.7347927700314,,,,,,,,,,,,,,,,,
trim_stress,99,cbeam_maxabs_normal,0.51785896270456,28.8375347171922,,,,,,,,,,,,,,,,,
trim_stress,99,cbeam_maxabs_normal,0.525001792943749,28.6915415179036,,,,,,,,,,,,,,,,,
trim_stress,99,cbeam_maxabs_normal,0.532144623182938,28.6588779036725,,,,,,,,,,,,,,,,,
trim_stress,99,cbeam_maxabs_normal,0.539287453422127,28.6627712175944,,,,,,,,,,,,,,,,,
trim_stress,99,cbeam_maxabs_normal,0.546430283661316,28.2190884792721,,,,,,,,,,,,,,,,,
trim_stress,99,cbeam_maxabs_normal,0.553573113900505,28.3085886101867,,,,,,,,,,,,,,,,,
trim_stress,99,cbeam_maxabs_normal,0.560715944139694,27.0787278805889,,,,,,,,,,,,,,,,,
trim_stress,99,cbeam_maxabs_normal,0.567858774378883,26.7396797306587,,,,,,,,,,,,,,,,,
trim_stress,99,cbeam_maxabs_normal,0.575001604618072,26.0301780801131,,,,,,,,,,,,,,,,,
trim_stress,99,cbeam_maxabs_normal,0.582144434857261,25.9438650089297,,,,,,,,,,,,,,,,,
trim_stress,99,cbeam_maxabs_normal,0.58928726509645,25.5667741210643,,,,,,,,,,,,,,,,,
trim_stress,99,cbeam_maxabs_normal,0.596430095335639,23.4093906749008,,,,,,,,,,,,,,,,,
trim_stress,99,cbeam_maxabs_normal,0.603572925574828,22.684284992372,,,,,,,,,,,,,,,,,
trim_stress,99,cbeam_maxabs_normal,0.610715755814016,24.1362511796343,,,,,,,,,,,,,,,,,
trim_stress,99,cbeam_maxabs_normal,0.617858586053206,26.1312509548806,,,,,,,,,,,,,,,,,
trim_stress,99,cbeam_maxabs_normal,0.625001416292394,27.2728426494146,,,,,,,,,,,,,,,,,
trim_stress,99,cbeam_maxabs_normal,0.632144246531583,25.9737135898296,,,,,,,,,,,,,,,,,
trim_stress,99,cbeam_maxabs_normal,0.639287076770772,25.524588685654,,,,,,,,,,,,,,,,,
trim_stress,99,cbeam_maxabs_normal,0.646429907009961,22.3403449428754,,,,,,,,,,,,,,,,,
trim_stress,99,cbeam_maxabs_normal,0.65357273724915,22.0197147890431,,,,,,,,,,,,,,,,,
trim_stress,99,cbeam_maxabs_normal,0.660715567488339,23.7703202468182,,,,,,,,,,,,,,,,,
trim_stress,99,cbeam_maxabs_normal,0.667858397727528,22.4133999362112,,,,,,,,,,,,,,,,,
trim_stress,99,cbeam_maxabs_normal,0.675001227966717,23.3097782573502,,,,,,,,,,,,,,,,,
trim_stress,99,cbeam_maxabs_normal,0.682144058205906,22.8128001143331,,,,,,,,,,,,,,,,,
trim_stress,99,cbeam_maxabs_normal,0.689286888445095,23.0629971599618,,,,,,,,,,,,,,,,,
trim_stress,99,cbeam_maxabs_normal,0.696429718684284,23.683769280289,,,,,,,,,,,,,,,,,
trim_stress,99,cbeam_maxabs_normal,0.703572548923473,24.0015001160695,,,,,,,,,,,,,,,,,
trim_stress,99,cbeam_maxabs_normal,0.710715379162662,24.2536460493556,,,,,,,,,,,,,,,,,
trim_stress,99,cbeam_maxabs_normal,0.717858209401851,23.9493282753679,,,,,,,,,,,,,,,,,
trim_stress,99,cbeam_maxabs_normal,0.72500103964104,25.4748024246609,,,,,,,,,,,,,,,,,
trim_stress,99,cbeam_maxabs_normal,0.732143869880229,26.0245478342887,,,,,,,,,,,,,,,,,
trim_stress,99,cbeam_maxabs_normal,0.739286700119418,26.3835077936074,,,,,,,,,,,,,,,,,
trim_stress,99,cbeam_maxabs_normal,0.746429530358607,26.3681068255629,,,,,,,,,,,,,,,,,
trim_stress,99,cbeam_maxabs_normal,0.753572360597796,25.577298046013,,,,,,,,,,,,,,,,,
trim_stress,99,cbeam_maxabs_normal,0.760715190836985,25.7217176455046,,,,,,,,,,,,,,,,,
trim_stress,99,cbeam_maxabs_normal,0.767858021076174,24.2678565584691,,,,,,,,,,,,,,,,,
trim_stress,99,cbeam_maxabs_normal,0.775000851315363,23.3848870183072,,,,,,,,,,,,,,,,,
trim_stress,99,cbeam_maxabs_normal,0.782143681554552,22.4138607562635,,,,,,,,,,,,,,,,,
trim_stress,99,cbeam_maxabs_normal,0.789286511793741,21.3086881796488,,,,,,,,,,,,,,,,,
trim_stress,99,cbeam_maxabs_normal,0.79642934203293,21.0510451269478,,,,,,,,,,,,,,,,,
trim_stress,99,cbeam_maxabs_normal,0.803572172272119,19.8788566625507,,,,,,,,,,,,,,,,,
trim_stress,99,cbeam_maxabs_normal,0.810715002511308,19.645698089305,,,,,,,,,,,,,,,,,
trim_stress,99,cbeam_maxabs_normal,0.817857832750496,18.5192546630286,,,,,,,,,,,,,,,,,
trim_stress,99,cbeam_maxabs_normal,0.825000662989686,17.4623761626067,,,,,,,,,,,,,,,,,
trim_stress,99,cbeam_maxabs_normal,0.832143493228874,17.2764550664571,,,,,,,,,,,,,,,,,
trim_stress,99,cbeam_maxabs_normal,0.839286323468063,14.7146979687647,,,,,,,,,,,,,,,,,
trim_stress,99,cbeam_maxabs_normal,0.846429153707252,15.4409869230164,,,,,,,,,,,,,,,,,
trim_stress,99,cbeam_maxabs_normal,0.853571983946441,12.9489043035404,,,,,,,,,,,,,,,,,
trim_stress,99,cbeam_maxabs_normal,0.86071481418563,12.9218195896843,,,,,,,,,,,,,,,,,
trim_stress,99,cbeam_maxabs_normal,0.867857644424819,9.51601633273207,,,,,,,,,,,,,,,,,
trim_stress,99,cbeam_maxabs_normal,0.875000474664008,9.51970513224562,,,,,,,,,,,,,,,,,
trim_stress,99,cbeam_maxabs_normal,0.882143304903197,8.44999718658148,,,,,,,,,,,,,,,,,
trim_stress,99,cbeam_maxabs_normal,0.889286135142386,8.14255514097485,,,,,,,,,,,,,,,,,
trim_stress,99,cbeam_maxabs_normal,0.896428965381575,6.86962542664326,,,,,,,,,,,,,,,,,
trim_stress,99,cbeam_maxabs_normal,0.903571795620764,7.58880898882375,,,,,,,,,,,,,,,,,
trim_stress,99,cbeam_maxabs_normal,0.910714625859953,6.91006528677172,,,,,,,,,,,,,,,,,
trim_stress,99,cbeam_maxabs_normal,0.917857456099142,6.52717612341387,,,,,,,,,,,,,,,,,
trim_stress,99,cbeam_maxabs_normal,0.925000286338331,4.96420827479088,,,,,,,,,,,,,,,,,
trim_stress,99,cbeam_maxabs_normal,0.93214311657752,5.33713570418093,,,,,,,,,,,,,,,,,
trim_stress,99,cbeam_maxabs_normal,0.939285946816709,4.61963106410757,,,,,,,,,,,,,,,,,
trim_stress,99,cbeam_maxabs_normal,0.946428777055898,4.70875414237537,,,,,,,,,,,,,,,,,
trim_stress,99,cbeam_maxabs_normal,0.953571607295087,2.82450237333089,,,,,,,,,,,,,,,,,
trim_stress,99,cbeam_maxabs_normal,0.960714437534276,4.59096467971894,,,,,,,,,,,,,,,,,
trim_stress,99,cbeam_maxabs_normal,0.967857267773465,2.1763719434066,,,,,,,,,,,,,,,,,
trim_stress,99,cbeam_maxabs_normal,0.975000098012654,3.222529621313,,,,,,,,,,,,,,,,,
trim_stress,99,cbeam_maxabs_normal,0.982142928251842,1.37953919725242,,,,,,,,,,,,,,,,,
trim_stress,99,cbeam_maxabs_normal,0.989285758491032,1.48195623043605,,,,,,,,,,,,,,,,,
trim_stress,99,cbeam_maxabs_normal,0.996428588730221,1.10109078507137,,,,,,,,,,,,,,,,,
strain_energy,4,,,,-4,1.002402,,,,,,,,,,,,,,,
strain_energy,4,,,,-2,0.2057019,,,,,,,,,,,,,,,
strain_energy,4,,,,0,0.01344691,,,,,,,,,,,,,,,
strain_energy,4,,,,2,0.4257806,,,,,,,,,,,,,,,
strain_energy,4,,,,4,1.442764,,,,,,,,,,,,,,,
strain_energy,4,,,,6,3.064457,,,,,,,,,,,,,,,
strain_energy,4,,,,8,5.291054,,,,,,,,,,,,,,,
strain_energy,4,,,,10,8.121546,,,,,,,,,,,,,,,
strain_energy,4,,,,12,11.55755,,,,,,,,,,,,,,,
strain_energy,37,,,,-4,1.492448,,,,,,,,,,,,,,,
strain_energy,37,,,,-2,0.2248606,,,,,,,,,,,,,,,
strain_energy,37,,,,0,0.09459617,,,,,,,,,,,,,,,
strain_energy,37,,,,2,1.101971,,,,,,,,,,,,,,,
strain_energy,37,,,,4,3.247048,,,,,,,,,,,,,,,
strain_energy,37,,,,6,6.52995,,,,,,,,,,,,,,,
strain_energy,37,,,,8,10.95106,,,,,,,,,,,,,,,
strain_energy,37,,,,10,16.50839,,,,,,,,,,,,,,,
strain_energy,37,,,,12,23.20513,,,,,,,,,,,,,,,
strain_energy,64,,,,-4,2.139294,,,,,,,,,,,,,,,
strain_energy,64,,,,-2,0.3142003,,,,,,,,,,,,,,,
strain_energy,64,,,,0,0.13793,,,,,,,,,,,,,,,
strain_energy,64,,,,2,1.610944,,,,,,,,,,,,,,,
strain_energy,64,,,,4,4.733329,,,,,,,,,,,,,,,
strain_energy,64,,,,6,9.505265,,,,,,,,,,,,,,,
strain_energy,64,,,,8,15.92731,,,,,,,,,,,,,,,
strain_energy,64,,,,10,23.99657,,,,,,,,,,,,,,,
strain_energy,64,,,,12,33.71768,,,,,,,,,,,,,,,
strain_energy,65,,,,-4,6.885318,,,,,,,,,,,,,,,
strain_energy,65,,,,-2,0.9776378,,,,,,,,,,,,,,,
strain_energy,65,,,,0,0.4463359,,,,,,,,,,,,,,,
strain_energy,65,,,,2,5.292923,,,,,,,,,,,,,,,
strain_energy,65,,,,4,15.51768,,,,,,,,,,,,,,,
strain_energy,65,,,,6,31.12118,,,,,,,,,,,,,,,
strain_energy,65,,,,8,52.10525,,,,,,,,,,,,,,,
strain_energy,65,,,,10,78.46046,,,,,,,,,,,,,,,
strain_energy,65,,,,12,110.2019,,,,,,,,,,,,,,,
strain_energy,99,,,,-4,7.351875,,,,,,,,,,,,,,,
strain_energy,99,,,,-2,1.040514,,,,,,,,,,,,,,,
strain_energy,99,,,,0,0.4791863,,,,,,,,,,,,,,,
strain_energy,99,,,,2,5.669508,,,,,,,,,,,,,,,
strain_energy,99,,,,4,16.61177,,,,,,,,,,,,,,,
strain_energy,99,,,,6,33.30661,,,,,,,,,,,,,,,
strain_energy,99,,,,8,55.75596,,,,,,,,,,,,,,,
strain_energy,99,,,,10,83.94974,,,,,,,,,,,,,,,
strain_energy,99,,,,12,117.9041,,,,,,,,,,,,,,,
flutter_envelope,4,,,,,,30,-5.5916975e-06,true,,,,,,,,,,,,
flutter_envelope,4,,,,,,33.5294,-6.4496632e-06,true,,,,,,,,,,,,
flutter_envelope,4,,,,,,37.0588,-7.2709329e-06,true,,,,,,,,,,,,
flutter_envelope,4,,,,,,40.5882,-8.0580013e-06,true,,,,,,,,,,,,
flutter_envelope,4,,,,,,44.1176,-8.8150129e-06,true,,,,,,,,,,,,
flutter_envelope,4,,,,,,47.6471,-9.5459199e-06,true,,,,,,,,,,,,
flutter_envelope,4,,,,,,51.1765,-1.0254064e-05,true,,,,,,,,,,,,
flutter_envelope,4,,,,,,54.7059,-1.094219e-05,true,,,,,,,,,,,,
flutter_envelope,4,,,,,,58.2353,-1.1612266e-05,true,,,,,,,,,,,,
flutter_envelope,4,,,,,,60,-1.1939007e-05,true,,,,,,,,,,,,
flutter_envelope,4,,,,,,61.7647,-1.225663e-05,true,,,,,,,,,,,,
flutter_envelope,4,,,,,,65.2941,-1.2855706e-05,true,,,,,,,,,,,,
flutter_envelope,4,,,,,,68.8235,-1.33971e-05,true,,,,,,,,,,,,
flutter_envelope,4,,,,,,72.3529,-1.3874659e-05,true,,,,,,,,,,,,
flutter_envelope,4,,,,,,75.8824,-1.4286241e-05,true,,,,,,,,,,,,
flutter_envelope,4,,,,,,79.4118,-1.463222e-05,true,,,,,,,,,,,,
flutter_envelope,4,,,,,,82.9412,-1.4914604e-05,true,,,,,,,,,,,,
flutter_envelope,4,,,,,,86.4706,-1.5136356e-05,true,,,,,,,,,,,,
flutter_envelope,4,,,,,,90,-1.5300994e-05,true,,,,,,,,,,,,
flutter_envelope,4,,,,,,93.5294,-1.5412315e-05,true,,,,,,,,,,,,
flutter_envelope,4,,,,,,97.0588,-1.547441e-05,true,,,,,,,,,,,,
flutter_envelope,4,,,,,,100.5882,-1.5497352e-05,true,,,,,,,,,,,,
flutter_envelope,4,,,,,,104.1176,-1.5496132e-05,true,,,,,,,,,,,,
flutter_envelope,4,,,,,,107.6471,-1.5482606e-05,true,,,,,,,,,,,,
flutter_envelope,4,,,,,,111.1765,-1.5465762e-05,true,,,,,,,,,,,,
flutter_envelope,4,,,,,,114.7059,-1.545235e-05,true,,,,,,,,,,,,
flutter_envelope,4,,,,,,118.2353,-1.544738e-05,true,,,,,,,,,,,,
flutter_envelope,4,,,,,,120,-1.5449249e-05,true,,,,,,,,,,,,
flutter_envelope,4,,,,,,121.7647,-1.5454514e-05,true,,,,,,,,,,,,
flutter_envelope,4,,,,,,125.2941,-1.5476372e-05,true,,,,,,,,,,,,
flutter_envelope,4,,,,,,128.8235,-1.551478e-05,true,,,,,,,,,,,,
flutter_envelope,4,,,,,,132.3529,-1.5570961e-05,true,,,,,,,,,,,,
flutter_envelope,4,,,,,,135.8824,-1.5645695e-05,true,,,,,,,,,,,,
flutter_envelope,4,,,,,,139.4118,-1.5739424e-05,true,,,,,,,,,,,,
flutter_envelope,4,,,,,,142.9412,-1.585237e-05,true,,,,,,,,,,,,
flutter_envelope,4,,,,,,146.4706,-1.5983869e-05,true,,,,,,,,,,,,
flutter_envelope,4,,,,,,150,-1.6129366e-05,true,,,,,,,,,,,,
flutter_envelope,37,,,,,,30,-6.3389419e-07,true,,,,,,,,,,,,
flutter_envelope,37,,,,,,33.5294,-6.9259345e-07,true,,,,,,,,,,,,
flutter_envelope,37,,,,,,37.0588,-7.2274115e-07,true,,,,,,,,,,,,
flutter_envelope,37,,,,,,40.5882,-7.3005664e-07,true,,,,,,,,,,,,
flutter_envelope,37,,,,,,44.1176,-7.2292117e-07,true,,,,,,,,,,,,
flutter_envelope,37,,,,,,47.6471,-7.0747167e-07,true,,,,,,,,,,,,
flutter_envelope,37,,,,,,51.1765,-6.8749208e-07,true,,,,,,,,,,,,
flutter_envelope,37,,,,,,54.7059,-6.6584649e-07,true,,,,,,,,,,,,
flutter_envelope,37,,,,,,58.2353,-6.4413812e-07,true,,,,,,,,,,,,
flutter_envelope,37,,,,,,60,-6.335553e-07,true,,,,,,,,,,,,
flutter_envelope,37,,,,,,61.7647,-6.2328782e-07,true,,,,,,,,,,,,
flutter_envelope,37,,,,,,65.2941,-6.0333472e-07,true,,,,,,,,,,,,
flutter_envelope,37,,,,,,68.8235,-5.844573e-07,true,,,,,,,,,,,,
flutter_envelope,37,,,,,,72.3529,-5.6648805e-07,true,,,,,,,,,,,,
flutter_envelope,37,,,,,,75.8824,-5.4925223e-07,true,,,,,,,,,,,,
flutter_envelope,37,,,,,,79.4118,-5.3282188e-07,true,,,,,,,,,,,,
flutter_envelope,37,,,,,,82.9412,-5.1532662e-07,true,,,,,,,,,,,,
flutter_envelope,37,,,,,,86.4706,-5.0147831e-07,true,,,,,,,,,,,,
flutter_envelope,37,,,,,,90,-6.3082558e-07,true,,,,,,,,,,,,
flutter_envelope,37,,,,,,93.5294,-4.7184241e-07,true,,,,,,,,,,,,
flutter_envelope,37,,,,,,97.0588,-4.575797e-07,true,,,,,,,,,,,,
flutter_envelope,37,,,,,,100.5882,-4.4364742e-07,true,,,,,,,,,,,,
flutter_envelope,37,,,,,,104.1176,-4.3020733e-07,true,,,,,,,,,,,,
flutter_envelope,37,,,,,,107.6471,-4.1719428e-07,true,,,,,,,,,,,,
flutter_envelope,37,,,,,,111.1765,-4.0465742e-07,true,,,,,,,,,,,,
flutter_envelope,37,,,,,,114.7059,-3.9264612e-07,true,,,,,,,,,,,,
flutter_envelope,37,,,,,,118.2353,-3.8111873e-07,true,,,,,,,,,,,,
flutter_envelope,37,,,,,,120,-3.7556008e-07,true,,,,,,,,,,,,
flutter_envelope,37,,,,,,121.7647,-3.7007776e-07,true,,,,,,,,,,,,
flutter_envelope,37,,,,,,125.2941,-3.5953094e-07,true,,,,,,,,,,,,
flutter_envelope,37,,,,,,128.8235,-3.4942415e-07,true,,,,,,,,,,,,
flutter_envelope,37,,,,,,132.3529,-3.3968367e-07,true,,,,,,,,,,,,
flutter_envelope,37,,,,,,135.8824,-3.3041229e-07,true,,,,,,,,,,,,
flutter_envelope,37,,,,,,139.4118,-3.2146165e-07,true,,,,,,,,,,,,
flutter_envelope,37,,,,,,142.9412,-3.1247227e-07,true,,,,,,,,,,,,
flutter_envelope,37,,,,,,146.4706,-3.0459311e-07,true,,,,,,,,,,,,
flutter_envelope,37,,,,,,150,-2.9661421e-07,true,,,,,,,,,,,,
flutter_envelope,64,,,,,,30,-1.0702218e-05,true,,,,,,,,,,,,
flutter_envelope,64,,,,,,33.5294,-1.2061575e-05,true,,,,,,,,,,,,
flutter_envelope,64,,,,,,37.0588,-1.3178083e-05,true,,,,,,,,,,,,
flutter_envelope,64,,,,,,40.5882,-1.4031765e-05,true,,,,,,,,,,,,
flutter_envelope,64,,,,,,44.1176,-1.4583288e-05,true,,,,,,,,,,,,
flutter_envelope,64,,,,,,47.6471,-1.4164273e-05,true,,,,,,,,,,,,
flutter_envelope,64,,,,,,51.1765,-1.48886e-05,true,,,,,,,,,,,,
flutter_envelope,64,,,,,,54.7059,-1.4724867e-05,true,,,,,,,,,,,,
flutter_envelope,64,,,,,,58.2353,-1.4392915e-05,true,,,,,,,,,,,,
flutter_envelope,64,,,,,,60,-1.1341957e-05,true,,,,,,,,,,,,
flutter_envelope,64,,,,,,61.7647,-1.3977933e-05,true,,,,,,,,,,,,
flutter_envelope,64,,,,,,65.2941,-1.3450295e-05,true,,,,,,,,,,,,
flutter_envelope,64,,,,,,68.8235,-1.2878826e-05,true,,,,,,,,,,,,
flutter_envelope,64,,,,,,72.3529,-1.2282219e-05,true,,,,,,,,,,,,
flutter_envelope,64,,,,,,75.8824,-1.1678604e-05,true,,,,,,,,,,,,
flutter_envelope,64,,,,,,79.4118,-1.1068455e-05,true,,,,,,,,,,,,
flutter_envelope,64,,,,,,82.9412,-1.0493747e-05,true,,,,,,,,,,,,
flutter_envelope,64,,,,,,86.4706,-9.9319994e-06,true,,,,,,,,,,,,
flutter_envelope,64,,,,,,90,-9.3823812e-06,true,,,,,,,,,,,,
flutter_envelope,64,,,,,,93.5294,-8.8627965e-06,true,,,,,,,,,,,,
flutter_envelope,64,,,,,,97.0588,-8.3683137e-06,true,,,,,,,,,,,,
flutter_envelope,64,,,,,,100.5882,-6.215335e-06,true,,,,,,,,,,,,
flutter_envelope,64,,,,,,104.1176,-7.4511418e-06,true,,,,,,,,,,,,
flutter_envelope,64,,,,,,107.6471,-7.0332661e-06,true,,,,,,,,,,,,
flutter_envelope,64,,,,,,111.1765,-6.6406475e-06,true,,,,,,,,,,,,
flutter_envelope,64,,,,,,114.7059,-6.2988135e-06,true,,,,,,,,,,,,
flutter_envelope,64,,,,,,118.2353,-5.9412908e-06,true,,,,,,,,,,,,
flutter_envelope,64,,,,,,120,-5.7988618e-06,true,,,,,,,,,,,,
flutter_envelope,64,,,,,,121.7647,-5.653321e-06,true,,,,,,,,,,,,
flutter_envelope,64,,,,,,125.2941,-5.3864431e-06,true,,,,,,,,,,,,
flutter_envelope,64,,,,,,128.8235,-5.153009e-06,true,,,,,,,,,,,,
flutter_envelope,64,,,,,,132.3529,-4.9499562e-06,true,,,,,,,,,,,,
flutter_envelope,64,,,,,,135.8824,-4.7778551e-06,true,,,,,,,,,,,,
flutter_envelope,64,,,,,,139.4118,-4.6400249e-06,true,,,,,,,,,,,,
flutter_envelope,64,,,,,,142.9412,-4.523963e-06,true,,,,,,,,,,,,
flutter_envelope,64,,,,,,146.4706,-4.3677947e-06,true,,,,,,,,,,,,
flutter_envelope,64,,,,,,150,-4.3860459e-06,true,,,,,,,,,,,,
flutter_envelope,65,,,,,,30,-3.7427949e-07,true,,,,,,,,,,,,
flutter_envelope,65,,,,,,33.5294,-4.2846871e-07,true,,,,,,,,,,,,
flutter_envelope,65,,,,,,37.0588,-4.8027195e-07,true,,,,,,,,,,,,
flutter_envelope,65,,,,,,40.5882,-5.3255222e-07,true,,,,,,,,,,,,
flutter_envelope,65,,,,,,44.1176,-5.8705247e-07,true,,,,,,,,,,,,
flutter_envelope,65,,,,,,47.6471,-6.444872e-07,true,,,,,,,,,,,,
flutter_envelope,65,,,,,,51.1765,-7.0508308e-07,true,,,,,,,,,,,,
flutter_envelope,65,,,,,,54.7059,-7.6884277e-07,true,,,,,,,,,,,,
flutter_envelope,65,,,,,,58.2353,-8.3422071e-07,true,,,,,,,,,,,,
flutter_envelope,65,,,,,,60,-8.6650575e-07,true,,,,,,,,,,,,
flutter_envelope,65,,,,,,61.7647,-8.9811124e-07,true,,,,,,,,,,,,
flutter_envelope,65,,,,,,65.2941,-9.584299e-07,true,,,,,,,,,,,,
flutter_envelope,65,,,,,,68.8235,-1.0139067e-06,true,,,,,,,,,,,,
flutter_envelope,65,,,,,,72.3529,-1.0637974e-06,true,,,,,,,,,,,,
flutter_envelope,65,,,,,,75.8824,-1.1077086e-06,true,,,,,,,,,,,,
flutter_envelope,65,,,,,,79.4118,-1.1454838e-06,true,,,,,,,,,,,,
flutter_envelope,65,,,,,,82.9412,-1.1771421e-06,true,,,,,,,,,,,,
flutter_envelope,65,,,,,,86.4706,-1.2028295e-06,true,,,,,,,,,,,,
flutter_envelope,65,,,,,,90,-1.222791e-06,true,,,,,,,,,,,,
flutter_envelope,65,,,,,,93.5294,-1.2376046e-06,true,,,,,,,,,,,,
flutter_envelope,65,,,,,,97.0588,-1.2483501e-06,true,,,,,,,,,,,,
flutter_envelope,65,,,,,,100.5882,-1.2559554e-06,true,,,,,,,,,,,,
flutter_envelope,65,,,,,,104.1176,-1.2611385e-06,true,,,,,,,,,,,,
flutter_envelope,65,,,,,,107.6471,-1.2644464e-06,true,,,,,,,,,,,,
flutter_envelope,65,,,,,,111.1765,-1.2662889e-06,true,,,,,,,,,,,,
flutter_envelope,65,,,,,,114.7059,-1.2669697e-06,true,,,,,,,,,,,,
flutter_envelope,65,,,,,,118.2353,-1.2667114e-06,true,,,,,,,,,,,,
flutter_envelope,65,,,,,,120,-1.2662829e-06,true,,,,,,,,,,,,
flutter_envelope,65,,,,,,121.7647,-1.265677e-06,true,,,,,,,,,,,,
flutter_envelope,65,,,,,,125.2941,-1.2639875e-06,true,,,,,,,,,,,,
flutter_envelope,65,,,,,,128.8235,-1.2617352e-06,true,,,,,,,,,,,,
flutter_envelope,65,,,,,,132.3529,-1.2589944e-06,true,,,,,,,,,,,,
flutter_envelope,65,,,,,,135.8824,-1.2558396e-06,true,,,,,,,,,,,,
flutter_envelope,65,,,,,,139.4118,-1.252509e-06,true,,,,,,,,,,,,
flutter_envelope,65,,,,,,142.9412,-1.2493499e-06,true,,,,,,,,,,,,
flutter_envelope,65,,,,,,146.4706,-1.2466577e-06,true,,,,,,,,,,,,
flutter_envelope,65,,,,,,150,-1.2446749e-06,true,,,,,,,,,,,,
flutter_envelope,99,,,,,,30,-6.6222155e-07,true,,,,,,,,,,,,
flutter_envelope,99,,,,,,33.5294,-7.5731428e-07,true,,,,,,,,,,,,
flutter_envelope,99,,,,,,37.0588,-8.5045474e-07,true,,,,,,,,,,,,
flutter_envelope,99,,,,,,40.5882,-9.4455531e-07,true,,,,,,,,,,,,
flutter_envelope,99,,,,,,44.1176,-1.0413109e-06,true,,,,,,,,,,,,
flutter_envelope,99,,,,,,47.6471,-1.1416077e-06,true,,,,,,,,,,,,
flutter_envelope,99,,,,,,51.1765,-1.2460123e-06,true,,,,,,,,,,,,
flutter_envelope,99,,,,,,54.7059,-1.3547257e-06,true,,,,,,,,,,,,
flutter_envelope,99,,,,,,58.2353,-1.4635647e-06,true,,,,,,,,,,,,
flutter_envelope,99,,,,,,60,-1.5161592e-06,true,,,,,,,,,,,,
flutter_envelope,99,,,,,,61.7647,-1.566825e-06,true,,,,,,,,,,,,
flutter_envelope,99,,,,,,65.2941,-1.6608566e-06,true,,,,,,,,,,,,
flutter_envelope,99,,,,,,68.8235,-1.7433403e-06,true,,,,,,,,,,,,
flutter_envelope,99,,,,,,72.3529,-1.8127968e-06,true,,,,,,,,,,,,
flutter_envelope,99,,,,,,75.8824,-1.868296e-06,true,,,,,,,,,,,,
flutter_envelope,99,,,,,,79.4118,-1.9092804e-06,true,,,,,,,,,,,,
flutter_envelope,99,,,,,,82.9412,-1.9354689e-06,true,,,,,,,,,,,,
flutter_envelope,99,,,,,,86.4706,-1.9467936e-06,true,,,,,,,,,,,,
flutter_envelope,99,,,,,,90,-1.9435585e-06,true,,,,,,,,,,,,
flutter_envelope,99,,,,,,93.5294,-1.9284057e-06,true,,,,,,,,,,,,
flutter_envelope,99,,,,,,97.0588,-1.9049478e-06,true,,,,,,,,,,,,
flutter_envelope,99,,,,,,100.5882,-1.8761215e-06,true,,,,,,,,,,,,
flutter_envelope,99,,,,,,104.1176,-1.8442823e-06,true,,,,,,,,,,,,
flutter_envelope,99,,,,,,107.6471,-1.8113075e-06,true,,,,,,,,,,,,
flutter_envelope,99,,,,,,111.1765,-1.7786835e-06,true,,,,,,,,,,,,
flutter_envelope,99,,,,,,114.7059,-1.7475707e-06,true,,,,,,,,,,,,
flutter_envelope,99,,,,,,118.2353,-1.7188649e-06,true,,,,,,,,,,,,
flutter_envelope,99,,,,,,120,-1.7056344e-06,true,,,,,,,,,,,,
flutter_envelope,99,,,,,,121.7647,-1.693246e-06,true,,,,,,,,,,,,
flutter_envelope,99,,,,,,125.2941,-1.6712186e-06,true,,,,,,,,,,,,
flutter_envelope,99,,,,,,128.8235,-1.6531462e-06,true,,,,,,,,,,,,
flutter_envelope,99,,,,,,132.3529,-1.639279e-06,true,,,,,,,,,,,,
flutter_envelope,99,,,,,,135.8824,-1.6295953e-06,true,,,,,,,,,,,,
flutter_envelope,99,,,,,,139.4118,-1.6236759e-06,true,,,,,,,,,,,,
flutter_envelope,99,,,,,,142.9412,-1.6211049e-06,true,,,,,,,,,,,,
flutter_envelope,99,,,,,,146.4706,-1.6215182e-06,true,,,,,,,,,,,,
flutter_envelope,99,,,,,,150,-1.6245966e-06,true,,,,,,,,,,,,
case_summary,4,,,,,,,,,6.0,0.2,0.4,0.5,0.013097431856977027,9.3272810223876,true,30.940487990325,13.507793867937,28.54969,28.54969,-5.5916975e-06
case_summary,37,,,,,,,,,6.6867697591199855,0.2000609402952201,0.050016507764657894,0.1500014908700283,0.009408487020013451,14.658171321975804,true,39.4999959779275,71.4998582034653,31.34843,31.34843,-2.9661421e-07
case_summary,64,,,,,,,,,7.4866938414473925,0.200010195282354,0.06067474807034154,0.1500250203032064,0.008382788694924672,19.582807292172536,true,40.8955260734999,65.4188872202663,26.62973,26.62973,-4.3677947e-06
case_summary,65,,,,,,,,,10.632015193320802,0.20001983614738497,0.0818403779676036,0.4999990841025972,0.006101881485528542,53.9161801689085,true,76.1495015048605,70.1345183690037,15.56842,15.56842,-3.7427949e-07
case_summary,99,,,,,,,,,10.872100508239818,0.20006706595792395,0.10420093658526437,0.2527922991074786,0.006018267636853877,57.59844160185831,true,71.9623432557925,59.7450561179848,15.21548,15.21548,-6.6222155e-07
