x_over_c,z_upper_over_c,z_lower_over_c,z_camber_over_c,dzc_dx_fine,box_j_zero_based,control_x_over_c,control_z_camber_over_c,control_dzc_dx,control_W2GJ
0,0,0,0,1.0340421279887395,-1,nan,nan,nan,nan
0.00025000000000000001,0.0020423248920765796,-0.0015253038280822098,0.0002585105319971849,0.71400582918588684,-1,nan,nan,nan,nan
0.00050000000000000001,0.0028624128552345333,-0.0021484070260486465,0.00035700291459294341,0.34168064798529896,-1,nan,nan,nan,nan
0.00075000000000000002,0.0034813237450126008,-0.0026226220330329321,0.00042935085598983435,0.26264192773908968,-1,nan,nan,nan,nan
0.001,0.0039968760612743223,-0.0030202283043493459,0.00048832387846248822,0.21899328397477713,-1,nan,nan,nan,nan
0.00125,0.0044469718234570492,-0.0033692768275026034,0.00053884749797722289,0.19008673462738179,-1,nan,nan,nan,nan
0.0015,0.0048502464542053919,-0.0036835119626530337,0.00058336724577617914,0.16906735858590105,-1,nan,nan,nan,nan
0.00175,0.0052181105785416865,-0.0039713482240013396,0.00062338117727017348,0.15303441540758977,-1,nan,nan,nan,nan
0.002,0.005558454238097847,-0.0042386853311378991,0.00065988445347997396,0.14024103767780005,-1,nan,nan,nan,nan
0.0022500000000000003,0.0058758595516366294,-0.0044888561594184822,0.00069350169610907361,0.12975221708789775,-1,nan,nan,nan,nan
0.0025000000000000001,0.0061746076528608855,-0.0047250865288130401,0.0007247605620239227,0.12097474193148883,-1,nan,nan,nan,nan
0.0027499999999999998,0.006457050326481425,-0.0049490721923317891,0.00075398906707481797,0.11348067280870522,-1,nan,nan,nan,nan
0.0030000000000000001,0.0067257790157914501,-0.0051627772189348992,0.00078150089842827543,0.10701878119602481,-1,nan,nan,nan,nan
0.0032500000000000003,0.0069822304023192533,-0.0053672334869735924,0.00080749845767283043,0.10134640287235519,-1,nan,nan,nan,nan
0.0035000000000000001,0.0072279829472896755,-0.0055636347475607698,0.00083217409986445284,0.096446915157362367,-1,nan,nan,nan,nan
0.0037499999999999999,0.0074642846883947464,-0.0057528408578917233,0.00085572191525151156,0.092025116690960473,-1,nan,nan,nan,nan
0.0040000000000000001,0.0076918282153105397,-0.0059354548988906734,0.00087818665820993316,0.087794652767968495,-1,nan,nan,nan,nan
0.0042500000000000003,0.0079115077698548447,-0.006112269286583853,0.00089961924163549584,0.084360278820971857,-1,nan,nan,nan,nan
0.0045000000000000005,0.0081243858311489912,-0.0062836522359081531,0.00092036679762041908,0.080483027925329464,-1,nan,nan,nan,nan
0.0047499999999999999,0.0083298014135585255,-0.0064500799023622041,0.00093986075559816069,0.074186134656139435,-1,nan,nan,nan,nan
0.0050000000000000001,0.0085269675544456872,-0.0066120478245487099,0.00095745986494848861,0.067252042475772322,-1,nan,nan,nan,nan
0.0052500000000000003,0.0087167257617805378,-0.0067697522081084441,0.00097348677683604685,0.061757258830658968,-1,nan,nan,nan,nan
0.0054999999999999997,0.0089002383954115312,-0.0069235614066838948,0.00098833849436381817,0.057595255511285748,-1,nan,nan,nan,nan
0.0057499999999999999,0.0090784451812144611,-0.0070738763720310819,0.0010022844045916896,0.053625052032896026,-1,nan,nan,nan,nan
0.0060000000000000001,0.0092512152599603416,-0.0072209132191998092,0.0010151510203802662,0.050172028111573841,-1,nan,nan,nan,nan
0.0062500000000000003,0.0094194487211671785,-0.0073647078838722253,0.0010273704186474766,0.04874139703455338,-1,nan,nan,nan,nan
0.0065000000000000006,0.0095843359297592638,-0.0075052924919641779,0.0010395217188975429,0.04835936616987091,-1,nan,nan,nan,nan
0.0067499999999999999,0.0097461732589436325,-0.0076430730554788084,0.001051550101732412,0.047718378720056798,-1,nan,nan,nan,nan
0.0070000000000000001,0.0099048025168177629,-0.0077780407003026205,0.0010633809082575712,0.047567317656456165,-1,nan,nan,nan,nan
0.0072500000000000004,0.010060451835335851,-0.0079097843142145706,0.00107533376056064,0.048526999856092878,-1,nan,nan,nan,nan
0.0074999999999999997,0.010213340514732142,-0.0080380516983609065,0.0010876444081856177,0.049508552830296093,-1,nan,nan,nan,nan
0.0077499999999999999,0.010363578269646869,-0.0081634021956952935,0.0011000880369757878,0.050155388088962916,-1,nan,nan,nan,nan
0.0080000000000000002,0.010511212717847612,-0.0082857685133874131,0.0011127221022300994,0.051162045024842229,-1,nan,nan,nan,nan
0.0082500000000000004,0.010656292161662011,-0.0084049540426855938,0.0011256690594882088,0.052597083762356167,-1,nan,nan,nan,nan
0.0085000000000000006,0.010798874500947648,-0.008520833212725093,0.0011390206441112775,0.054043683647660767,-1,nan,nan,nan,nan
0.0087500000000000008,0.010939075270529685,-0.0086336934679056062,0.0011526909013120394,0.055048860093493079,-1,nan,nan,nan,nan
0.0090000000000000011,0.011077027342464527,-0.0087439371941484788,0.0011665450741580241,0.055517286856275216,-1,nan,nan,nan,nan
0.0092499999999999995,0.011212863285700737,-0.0088519641962203841,0.0011804495447401767,0.055545677158194362,-1,nan,nan,nan,nan
0.0094999999999999998,0.011346683172481428,-0.0089580473470071854,0.0011943179127371214,0.055527318293229655,-1,nan,nan,nan,nan
0.00975,0.011478513431688708,-0.009062087023915125,0.0012082132038867916,0.055644131977670597,-1,nan,nan,nan,nan
0.01,0.011608450602359521,-0.0091641706449076075,0.0012221399787259567,0.055767137900387453,-1,nan,nan,nan,nan
0.01025,0.011736596209816192,-0.0092644026641422218,0.0012360967728369853,0.055879076248738002,-1,nan,nan,nan,nan
0.010500000000000001,0.0118630415466334,-0.0093628825129327478,0.0012500795168503259,0.055949497926151004,-1,nan,nan,nan,nan
0.010750000000000001,0.011987806124629245,-0.0094596630810291227,0.0012640715218000609,0.055991485111063,-1,nan,nan,nan,nan
0.010999999999999999,0.012110947850277214,-0.0095547973314654994,0.0012780752594058571,0.056050957087969699,-1,nan,nan,nan,nan
0.01125,0.012232536600817807,-0.0096483426001297157,0.0012920970003440458,0.056135511770208257,-1,nan,nan,nan,nan
0.0115,0.01235264225349153,-0.0097403562229096078,0.0013061430152909613,0.056270858426378911,-1,nan,nan,nan,nan
0.01175,0.012471360040320421,-0.0098308951812059505,0.0013202324295572354,0.056418700233538566,-1,nan,nan,nan,nan
0.012,0.012588712494451934,-0.0099200077636364733,0.0013343523654077306,0.056456044987919451,-1,nan,nan,nan,nan
0.01225,0.012704659115817514,-0.010007738211715123,0.0013484604520511952,0.056323905501025173,-1,nan,nan,nan,nan
0.012500000000000001,0.012819159403225781,-0.010094130766909295,0.0013625143181582432,0.056025136629028527,-1,nan,nan,nan,nan
0.012750000000000001,0.012932177635253065,-0.010179231594521646,0.0013764730203657096,0.055642212272007274,-1,nan,nan,nan,nan
0.013000000000000001,0.013043776439278659,-0.010263105590690165,0.0013903354242942468,0.055308877049173866,-1,nan,nan,nan,nan
0.01325,0.013154029912131689,-0.010345774994351097,0.0014041274588902962,0.055074272888864684,-1,nan,nan,nan,nan
0.0135,0.013262993619228787,-0.010427248497751429,0.0014178725607386792,0.054933415067832669,-1,nan,nan,nan,nan
0.01375,0.013370723125986585,-0.01050753479313816,0.0014315941664242125,0.054873301359420257,-1,nan,nan,nan,nan
0.014,0.01347726545526731,-0.010586647032430532,0.0014453092114183894,0.054761754694102383,-1,nan,nan,nan,nan
0.014250000000000001,0.013582594715966248,-0.01066464462842372,0.0014589750437712639,0.054583622862102832,-1,nan,nan,nan,nan
0.014500000000000001,0.013686763919880395,-0.010741561874181514,0.0014726010228494407,0.05447906174804551,-1,nan,nan,nan,nan
0.014750000000000001,0.013789850922703378,-0.010817421773412805,0.0014862145746452867,0.054484204603451047,-1,nan,nan,nan,nan
0.014999999999999999,0.013891933580128819,-0.010892247329826486,0.0014998431251511662,0.054595622943130362,0,0.014999999999999999,0.0014998431251511662,0.054595622943130362,-0.054595622943130362
0.01525,0.013993085066255583,-0.010966060294021879,0.0015135123861168519,0.054713183502251184,-1,nan,nan,nan,nan
0.0155,0.014093260431667093,-0.011038860997862509,0.0015271997169022918,0.054757565348102499,-1,nan,nan,nan,nan
0.01575,0.014192474307949694,-0.011110691970367887,0.0015408911687909031,0.05477968903787156,-1,nan,nan,nan,nan
0.016,0.014290792577466327,-0.011181613454623872,0.0015545895614212275,0.054813091281798787,-1,nan,nan,nan,nan
0.016250000000000001,0.014388281122579921,-0.011251685693716316,0.0015682977144318025,0.054857772079882849,-1,nan,nan,nan,nan
0.016500000000000001,0.014485005825653412,-0.011320968930731075,0.001582018447461169,0.054901673215857816,-1,nan,nan,nan,nan
0.016750000000000001,0.014580969931524366,-0.011389472829444903,0.0015957485510397313,0.054923147055218724,-1,nan,nan,nan,nan
0.017000000000000001,0.014676128328527726,-0.011457168286550169,0.0016094800209887784,0.05493156257290055,-1,nan,nan,nan,nan
0.017250000000000001,0.014770535449334418,-0.011524106784682055,0.0016232143323261818,0.054946193682629207,-1,nan,nan,nan,nan
0.017500000000000002,0.01486424737395918,-0.011590341138298994,0.0016369531178300929,0.054967355904945503,-1,nan,nan,nan,nan
0.017750000000000002,0.014957320182416741,-0.011655924161859432,0.0016506980102786546,0.054994329267648467,-1,nan,nan,nan,nan
0.018000000000000002,0.015049804419949757,-0.011720903855021923,0.0016644502824639173,0.055012426203916664,-1,nan,nan,nan,nan
0.018249999999999999,0.015141644401342916,-0.011785235954581691,0.0016782042233806126,0.055015350350922088,-1,nan,nan,nan,nan
0.018499999999999999,0.015232846176316877,-0.011848930261038121,0.0016919579576393784,0.055016171674977521,-1,nan,nan,nan,nan
0.018749999999999999,0.015323457684023281,-0.011912033065587078,0.0017057123092181015,0.055020288910573534,-1,nan,nan,nan,nan
0.019,0.015413526863613773,-0.011974590659424442,0.0017194681020946652,0.055027702057701244,-1,nan,nan,nan,nan
0.01925,0.015503101654239985,-0.012036649333746081,0.001733226160246952,0.055037234212287789,-1,nan,nan,nan,nan
0.0195,0.015592215200738857,-0.012098241762337239,0.001746986719200809,0.055039699513698359,-1,nan,nan,nan,nan
0.01975,0.015680802650041268,-0.012159310630033665,0.0017607460100038013,0.055033385383242095,-1,nan,nan,nan,nan
0.02,0.015768882900100863,-0.012219876076316003,0.0017745034118924301,0.055026323328507765,-1,nan,nan,nan,nan
0.020250000000000001,0.015856497050660476,-0.012279978707324366,0.0017882591716680551,0.055020248479217493,-1,nan,nan,nan,nan
0.020500000000000001,0.015943686201462942,-0.012339659129198864,0.0018020135361320388,0.055015160835369503,-1,nan,nan,nan,nan
0.020750000000000001,0.016030491452251092,-0.012398957948079612,0.0018157667520857399,0.055010638648069321,-1,nan,nan,nan,nan
0.021000000000000001,0.016116942519206558,-0.012457904808294411,0.0018295188554560736,0.055002663402808238,-1,nan,nan,nan,nan
0.021250000000000002,0.016202977052487792,-0.012516440884913504,0.0018432680837871442,0.054990035035973772,-1,nan,nan,nan,nan
0.021500000000000002,0.016288606673915483,-0.012574578927967362,0.0018570138729740605,0.054975994492272307,-1,nan,nan,nan,nan
0.021750000000000002,0.016373866680202763,-0.012632354518136202,0.0018707560810332802,0.054961386014400926,-1,nan,nan,nan,nan
0.021999999999999999,0.016458792368062771,-0.01268980323610025,0.0018844945659812606,0.054946209602356522,-1,nan,nan,nan,nan
0.022249999999999999,0.01654341903420864,-0.012746960662539723,0.0018982291858344585,0.054930497081663976,-1,nan,nan,nan,nan
0.022499999999999999,0.016627780664845541,-0.012803861035801356,0.0019119598145220925,0.054915664604492154,-1,nan,nan,nan,nan
0.022749999999999999,0.016711834619933027,-0.012860460583659618,0.0019256870181367045,0.05490099099497181,-1,nan,nan,nan,nan
0.023,0.016795565866242413,-0.012916745246203256,0.0019394103100195785,0.054883042155244866,-1,nan,nan,nan,nan
0.02325,0.016879003196216019,-0.012972746117787365,0.001953128539214327,0.054860489489966024,-1,nan,nan,nan,nan
0.0235,0.016962175402296154,-0.013028494292767031,0.0019668405547645616,0.054833332999130846,-1,nan,nan,nan,nan
0.02375,0.017045111276925134,-0.013084020865497349,0.0019805452057138923,0.054801572682734889,-1,nan,nan,nan,nan
0.024,0.017127839612545267,-0.013139356930333409,0.001994241341105929,0.054783698118745949,-1,nan,nan,nan,nan
0.024250000000000001,0.017210381751669463,-0.013194507642122932,0.0020079370547732654,0.054823275200175825,-1,nan,nan,nan,nan
0.024500000000000001,0.017292722878685319,-0.013249416921273285,0.0020216529787060169,0.054870161223116831,-1,nan,nan,nan,nan
0.024750000000000001,0.017374849135482293,-0.013304104864712646,0.0020353721353848237,0.054843697771523203,-1,nan,nan,nan,nan
0.025000000000000001,0.017456747792172343,-0.013358598136988786,0.0020490748275917786,0.05473844544830353,-1,nan,nan,nan,nan
0.025250000000000002,0.017538406118867422,-0.013412923402649471,0.0020627413581089755,0.054554404253456923,-1,nan,nan,nan,nan
0.025500000000000002,0.017619811385679487,-0.013467107326242473,0.0020763520297185072,0.054291574186985159,-1,nan,nan,nan,nan
0.025750000000000002,0.017700950862720503,-0.013521176572315566,0.0020898871452024684,0.053994955733416283,-1,nan,nan,nan,nan
0.026000000000000002,0.017781839989242994,-0.013575140974072563,0.0021033495075852152,0.053744693018494161,-1,nan,nan,nan,nan
0.026249999999999999,0.017862501121910932,-0.013628982138487502,0.0021167594917117149,0.053539191359022631,-1,nan,nan,nan,nan
0.026499999999999999,0.017942925178603263,-0.01368268697207381,0.0021301191032647264,0.053341649598634078,-1,nan,nan,nan,nan
0.026749999999999999,0.01802310303192969,-0.013736242398907627,0.0021434303165110318,0.05315200490538885,-1,nan,nan,nan,nan
0.027,0.018103025554499937,-0.013789635343065095,0.0021566951057174211,0.052970257279297606,-1,nan,nan,nan,nan
0.02725,0.018182683618923716,-0.013842852728622354,0.0021699154451506808,0.052796374920137445,-1,nan,nan,nan,nan
0.0275,0.018262068120212263,-0.013895881533857284,0.0021830932931774898,0.052609718101762404,-1,nan,nan,nan,nan
0.02775,0.018341187783065253,-0.013948747174662129,0.002196220304201562,0.052400670708777852,-1,nan,nan,nan,nan
0.028000000000000001,0.018420055859574607,-0.01400146860251085,0.0022092936285318786,0.052201589184194042,-1,nan,nan,nan,nan
0.028250000000000001,0.018498673388184107,-0.014054031190596788,0.0022223210987936592,0.05203383816048035,-1,nan,nan,nan,nan
0.028500000000000001,0.018577041407337531,-0.014106420312113293,0.0022353105476121187,0.05189741763764566,-1,nan,nan,nan,nan
0.028750000000000001,0.018655160955478672,-0.014158621340253709,0.0022482698076124819,0.051792327615679312,-1,nan,nan,nan,nan
0.029000000000000001,0.0187330330710513,-0.014210619648211383,0.0022612067114199585,0.051718568094575978,-1,nan,nan,nan,nan
0.029250000000000002,0.018810658792499199,-0.01426240060917966,0.0022741290916597698,0.051660531814500033,-1,nan,nan,nan,nan
0.029500000000000002,0.01888804153715061,-0.014313967582496192,0.0022870369773272088,0.051585316401687287,-1,nan,nan,nan,nan
0.029750000000000002,0.018965185682505974,-0.014365342182784747,0.0022999217498606136,0.051491740034031785,-1,nan,nan,nan,nan
0.029999999999999999,0.019042092038361377,-0.014416526343672928,0.0023127828473442245,0.051396090007171047,-1,nan,nan,nan,nan
0.030249999999999999,0.019118761383112678,-0.014467521793384281,0.0023256197948641989,0.051298540324938635,-1,nan,nan,nan,nan
0.030499999999999999,0.019195194495155745,-0.014518330260142357,0.0023384321175066941,0.05119909098733455,-1,nan,nan,nan,nan
0.03075,0.019271392152886428,-0.014568953472170696,0.0023512193403578659,0.051097741994353463,-1,nan,nan,nan,nan
0.031,0.019347355134700588,-0.014619393157692846,0.0023639809885038707,0.050995343581258901,-1,nan,nan,nan,nan
0.03125,0.019423085137471759,-0.014669651113174769,0.0023767170121484953,0.050896318975807375,-1,nan,nan,nan,nan
0.0315,0.019498587597994537,-0.014719729302010988,0.0023894291479917744,0.050800523850941914,-1,nan,nan,nan,nan
0.03175,0.019573863764196661,-0.014769629216048729,0.0024021172740739663,0.050703619212149498,-1,nan,nan,nan,nan
0.032000000000000001,0.019648914201646845,-0.014819352286451147,0.0024147809575978492,0.050604983384459068,-1,nan,nan,nan,nan
0.032250000000000001,0.019723739475913795,-0.014868899944381403,0.0024274197657661962,0.05050461636786796,-1,nan,nan,nan,nan
0.032500000000000001,0.019798340152566221,-0.014918273621002655,0.0024400332657817832,0.050402518162384169,-1,nan,nan,nan,nan
0.032750000000000001,0.01987271679717284,-0.014967474747478064,0.0024526210248473884,0.050298688768006805,-1,nan,nan,nan,nan
0.033000000000000002,0.019946869975302359,-0.015016504754970786,0.0024651826101657866,0.050195777490102955,-1,nan,nan,nan,nan
0.033250000000000002,0.020020803323999668,-0.015065365496814788,0.0024777189135924398,0.050096900683167966,-1,nan,nan,nan,nan
0.033500000000000002,0.020094520856673157,-0.015114058735658416,0.0024902310605073707,0.049999483718155879,-1,nan,nan,nan,nan
0.033750000000000002,0.020168022968198751,-0.015162585657295715,0.0025027186554515178,0.049900480818796389,-1,nan,nan,nan,nan
0.034000000000000002,0.02024131004863957,-0.015210947446806032,0.0025151813009167689,0.04979988788699341,-1,nan,nan,nan,nan
0.034250000000000003,0.020314382488058742,-0.015259145289268713,0.0025276185993950142,0.04969770492274872,-1,nan,nan,nan,nan
0.034500000000000003,0.020387240676519383,-0.015307180369763097,0.0025400301533781431,0.049593931926052548,-1,nan,nan,nan,nan
0.034750000000000003,0.020459885004084619,-0.015355053873368538,0.0025524155653580405,0.049488648834156379,-1,nan,nan,nan,nan
0.035000000000000003,0.020532315960391359,-0.015402767004800916,0.0025647744777952215,0.049385441942262354,1,0.035000000000000003,0.0025647744777952215,0.049385441942262354,-0.049385441942262354
0.035250000000000004,0.020604538352726912,-0.015450321780068568,0.002577108286329172,0.049286208361826844,-1,nan,nan,nan,nan
0.035500000000000004,0.020676554839522441,-0.015497719675570171,0.0025894175819761349,0.049187421732105108,-1,nan,nan,nan,nan
0.035750000000000004,0.020748365665902001,-0.015544961671511552,0.0026017019971952245,0.049087164938831584,-1,nan,nan,nan,nan
0.036000000000000004,0.02081997107698963,-0.015592048748098528,0.0026139611644455506,0.048985437982004498,-1,nan,nan,nan,nan
0.036249999999999998,0.020891371317909371,-0.015638981885536918,0.0026261947161862267,0.048882240861630066,-1,nan,nan,nan,nan
0.036499999999999998,0.020962566633785273,-0.015685762064032542,0.0026384022848763653,0.04877757357770296,-1,nan,nan,nan,nan
0.036749999999999998,0.02103355726974138,-0.015732390263791224,0.002650583502975078,0.048671506966770473,-1,nan,nan,nan,nan
0.036999999999999998,0.021104343563769636,-0.015778867487050135,0.0026627380383597507,0.048567522600572843,-1,nan,nan,nan,nan
0.037249999999999998,0.02117493028336577,-0.015825195754815041,0.0026748672642753647,0.048467517461864951,-1,nan,nan,nan,nan
0.037499999999999999,0.021245320088375905,-0.015871376494194539,0.0026869717970906832,0.048368060739830021,-1,nan,nan,nan,nan
0.037749999999999999,0.021315513103404984,-0.015917410514114425,0.0026990512946452796,0.048267235376067141,-1,nan,nan,nan,nan
0.037999999999999999,0.021385509453057946,-0.015963298623500512,0.0027111054147787167,0.048165041370569206,-1,nan,nan,nan,nan
0.038249999999999999,0.021455309261939733,-0.016009041631278604,0.0027231338153305643,0.048061478723347761,-1,nan,nan,nan,nan
0.0385,0.021524912654655289,-0.016054640346374507,0.0027351361541403905,0.047956547434394814,-1,nan,nan,nan,nan
0.03875,0.021594319755809548,-0.016100095577714024,0.0027471120890477617,0.047850247503717469,-1,nan,nan,nan,nan
0.039,0.021663530690007461,-0.016145408134222963,0.0027590612778922493,0.047744945338924261,-1,nan,nan,nan,nan
0.03925,0.021732548801065718,-0.016190579677631271,0.0027709845617172237,0.047643669717326809,-1,nan,nan,nan,nan
0.0395,0.021801378234116649,-0.016235612008614824,0.0027828831127509127,0.047544107941440039,-1,nan,nan,nan,nan
0.039750000000000001,0.021870019027580283,-0.016280505796204395,0.002794756615687944,0.047443274659143775,-1,nan,nan,nan,nan
0.040000000000000001,0.021938471205783384,-0.016325261705622415,0.0028066047500804846,0.047341159585511328,-1,nan,nan,nan,nan
0.040250000000000001,0.022006734793052707,-0.016369880402091308,0.0028184271954806994,0.047237762720534704,-1,nan,nan,nan,nan
0.040500000000000001,0.022074809813715009,-0.016414362550833506,0.0028302236314407519,0.047133084064211239,-1,nan,nan,nan,nan
0.040750000000000001,0.022142696292097041,-0.01645870881707143,0.0028419937375128053,0.047027123616538269,-1,nan,nan,nan,nan
0.041000000000000002,0.022210394252525564,-0.016502919866027522,0.0028537371932490212,0.046920546007466868,-1,nan,nan,nan,nan
0.041250000000000002,0.022277904659724651,-0.016546996638691573,0.0028654540105165389,0.046817331153806485,-1,nan,nan,nan,nan
0.041500000000000002,0.022345233117970171,-0.016590941400318322,0.0028771458588259247,0.046717507365318767,-1,nan,nan,nan,nan
0.041750000000000002,0.022412380501126216,-0.01663475497272782,0.002888812764199198,0.04661713182614946,-1,nan,nan,nan,nan
0.042000000000000003,0.022479346749438918,-0.016678437899960919,0.0029004544247389994,0.046515548697535714,-1,nan,nan,nan,nan
0.042250000000000003,0.022546131803154387,-0.016721990726058455,0.0029120705385479659,0.046412757979483743,-1,nan,nan,nan,nan
0.042500000000000003,0.022612735602518759,-0.016765413995061276,0.0029236608037287413,0.046308759671986444,-1,nan,nan,nan,nan
0.042750000000000003,0.022679158087778147,-0.016808708251010229,0.0029352249183839593,0.046203553775038486,-1,nan,nan,nan,nan
0.043000000000000003,0.022745399199178677,-0.016851874037946156,0.0029467625806162603,0.046097140288657634,-1,nan,nan,nan,nan
0.043250000000000004,0.022811458876966478,-0.016894911899909902,0.0029582734885282881,0.045991413365392475,-1,nan,nan,nan,nan
0.043500000000000004,0.022877339819233563,-0.01693782324463565,0.0029697582872989566,0.045889660412440136,-1,nan,nan,nan,nan
0.043750000000000004,0.022943046685752349,-0.016980610048283332,0.0029812183187345083,0.045790076299363491,-1,nan,nan,nan,nan
0.043999999999999997,0.023008579429816631,-0.017023272778919355,0.0029926533254486382,0.045689405459942378,-1,nan,nan,nan,nan
0.044249999999999998,0.023073937921037707,-0.017065811878108749,0.003004063021464479,0.045587590713051185,-1,nan,nan,nan,nan
0.044499999999999998,0.023139122029026873,-0.017108227787416545,0.0030154471208051637,0.045484632058709451,-1,nan,nan,nan,nan
0.044749999999999998,0.023204131623395421,-0.017150520948407754,0.0030268053374938337,0.045380529496909183,-1,nan,nan,nan,nan
0.044999999999999998,0.02326896657375465,-0.017192691802647413,0.0030381373855536183,0.045275283027640612,-1,nan,nan,nan,nan
0.045249999999999999,0.023333626749715848,-0.01723474079170054,0.0030494429790076539,0.0451688926509064,-1,nan,nan,nan,nan
0.045499999999999999,0.023398112020890309,-0.017276668357132166,0.0030607218318790715,0.045063890036958654,-1,nan,nan,nan,nan
0.045749999999999999,0.023462426037218122,-0.017318476189165856,0.0030719749240261333,0.044962923062843885,-1,nan,nan,nan,nan
0.045999999999999999,0.023526572555822446,-0.017360165969001459,0.0030832032934104935,0.044863487850387074,-1,nan,nan,nan,nan
0.046249999999999999,0.023590551387349161,-0.017401738051446507,0.0030944066679513271,0.044762964079025025,-1,nan,nan,nan,nan
0.0465,0.023654362342090812,-0.0174431927911908,0.0031055847754500061,0.044661351513160419,-1,nan,nan,nan,nan
0.04675,0.023718005230339959,-0.017484530542924145,0.0031167373437079073,0.044558650152803025,-1,nan,nan,nan,nan
0.047,0.023781479862389151,-0.017525751661336336,0.0031278641005264077,0.044454859997951068,-1,nan,nan,nan,nan
0.04725,0.023844786048530943,-0.017566856501117178,0.0031389647737068826,0.044349981048599219,-1,nan,nan,nan,nan
0.047500000000000001,0.023907923599057888,-0.017607845416956473,0.0031500390910507072,0.044244013304748364,-1,nan,nan,nan,nan
0.047750000000000001,0.023970892324262544,-0.017648718763544031,0.0031610867803592568,0.044137776346542701,-1,nan,nan,nan,nan
0.048000000000000001,0.024033693988551843,-0.017689478030103886,0.0031721079792239783,0.044033099568945744,-1,nan,nan,nan,nan
0.048250000000000001,0.024096331734395095,-0.017730125074107636,0.0031831033301437297,0.043930328016756448,-1,nan,nan,nan,nan
0.048500000000000001,0.024158806471658176,-0.017770660185193462,0.0031940731432323569,0.043828791697556824,-1,nan,nan,nan,nan
0.048750000000000002,0.024221119095879279,-0.017811083643894263,0.0032050177259925084,0.043728485388944804,-1,nan,nan,nan,nan
0.049000000000000002,0.024283270502596578,-0.01785139573074292,0.003215937385926829,0.043629409090927496,-1,nan,nan,nan,nan
0.049250000000000002,0.024345261587348267,-0.017891596726272323,0.0032268324305379723,0.043531562803504009,-1,nan,nan,nan,nan
0.049500000000000002,0.024407093245672522,-0.017931686911015359,0.0032377031673285813,0.043434946526675233,-1,nan,nan,nan,nan
0.049750000000000003,0.02446876637310753,-0.017971666565504911,0.0032485499038013097,0.043339560260438503,-1,nan,nan,nan,nan
0.050000000000000003,0.024530281865191468,-0.018011535970273867,0.0032593729474588006,0.043239499450012708,-1,nan,nan,nan,nan
0.050250000000000003,0.024591634958715532,-0.018051295651662899,0.0032701696535263163,0.043117482072433155,-1,nan,nan,nan,nan
0.050500000000000003,0.024652810370838642,-0.018090946993848608,0.003280931688495017,0.042986425465800338,-1,nan,nan,nan,nan
0.050750000000000003,0.024713816560264862,-0.01813049082774643,0.0032916628662592162,0.042872762378523888,-1,nan,nan,nan,nan
0.051000000000000004,0.024774664053668932,-0.018169927914300374,0.0033023680696842792,0.042778630752692948,-1,nan,nan,nan,nan
0.051250000000000004,0.024835363377725586,-0.01820925901445446,0.0033130521816355629,0.04270403058829686,-1,nan,nan,nan,nan
0.051500000000000004,0.02489592505910956,-0.018248484889152705,0.0033237200849784276,0.042648961885334735,-1,nan,nan,nan,nan
0.051750000000000004,0.024956359624495581,-0.018287606299339121,0.0033343766625782301,0.042613424643795916,-1,nan,nan,nan,nan
0.052000000000000005,0.025016677600558382,-0.018326624005957731,0.0033450267973003257,0.042597418863699055,-1,nan,nan,nan,nan
0.052249999999999998,0.025076889513972699,-0.01836553876995254,0.0033556753720100797,0.042600658443841866,-1,nan,nan,nan,nan
0.052499999999999998,0.02513700550523703,-0.018404351252192537,0.0033663271265222464,0.042603694296684758,-1,nan,nan,nan,nan
0.052749999999999998,0.025197011293674455,-0.01844305685535761,0.0033769772191584221,0.042587099250520843,-1,nan,nan,nan,nan
0.052999999999999999,0.025256896605661692,-0.018481655253366678,0.0033876206761475069,0.042559240921661967,-1,nan,nan,nan,nan
0.053249999999999999,0.0253166636250278,-0.018520149945789294,0.0033982568396192531,0.042528751111793994,-1,nan,nan,nan,nan
0.053499999999999999,0.025376314535601827,-0.018558544432195019,0.0034088850517034041,0.042495629820928471,-1,nan,nan,nan,nan
0.053749999999999999,0.025435851521212836,-0.018596842212153401,0.0034195046545297172,0.042459877049070727,-1,nan,nan,nan,nan
0.053999999999999999,0.02549527676568987,-0.018635046785233991,0.0034301149902279393,0.042421492796210103,-1,nan,nan,nan,nan
0.05425,0.025554592452861988,-0.018673161651006343,0.0034407154009278226,0.042380477062345712,-1,nan,nan,nan,nan
0.0545,0.025613800766558247,-0.018711190309040022,0.0034513052287591123,0.042336829847479329,-1,nan,nan,nan,nan
0.05475,0.025672903890607692,-0.018749136258904568,0.0034618838158515623,0.04229145108107879,-1,nan,nan,nan,nan
0.055,0.025731903770876072,-0.018787001862276768,0.0034724509542996516,0.042251081241874822,2,0.055,0.0034724509542996516,0.042251081241874822,-0.042251081241874822
0.05525,0.025790799867269957,-0.018824781154324958,0.0034830093564724995,0.042216143156855956,-1,nan,nan,nan,nan
0.055500000000000001,0.025849591449579899,-0.01886247339782374,0.0034935590258780794,0.042179824774876806,-1,nan,nan,nan,nan
0.055750000000000001,0.025908278017951033,-0.018900079480231157,0.0035040992688599379,0.042140731767059236,-1,nan,nan,nan,nan
0.056000000000000001,0.025966859072528475,-0.018937600289005256,0.0035146293917616093,0.042098864133400582,-1,nan,nan,nan,nan
0.056250000000000001,0.026025334113457355,-0.018975036711604078,0.0035251487009266384,0.04205422187393193,-1,nan,nan,nan,nan
0.056500000000000002,0.026083702640882809,-0.019012389635485658,0.0035356565026985753,0.042006804988622193,-1,nan,nan,nan,nan
0.056750000000000002,0.026141964154949949,-0.01904965994810805,0.0035461521034209492,0.041956613477476701,-1,nan,nan,nan,nan
0.057000000000000002,0.026200118155803913,-0.019086848536929286,0.0035566348094373135,0.041903647340509664,-1,nan,nan,nan,nan
0.057250000000000002,0.026258164143589825,-0.019123956289407416,0.0035671039270912044,0.041849051453903385,-1,nan,nan,nan,nan
0.057500000000000002,0.026316102589098937,-0.019160983918770406,0.0035775593351642654,0.041798934912463004,-1,nan,nan,nan,nan
0.057750000000000003,0.026373937979120684,-0.019197931190025812,0.0035880033945474357,0.041753553197514393,-1,nan,nan,nan,nan
0.058000000000000003,0.026431670530618932,-0.019234798307092887,0.0035984361117630224,0.041707387960051356,-1,nan,nan,nan,nan
0.058250000000000003,0.026489299756961501,-0.019271585579906578,0.0036088570885274614,0.041659629588329139,-1,nan,nan,nan,nan
0.058500000000000003,0.026546825171516211,-0.019308293318401837,0.0036192659265571869,0.041610278082353069,-1,nan,nan,nan,nan
0.058750000000000004,0.026604246287650891,-0.019344921832513615,0.0036296622275686381,0.041559333442120483,-1,nan,nan,nan,nan
0.059000000000000004,0.026661562618733359,-0.019381471432176865,0.0036400455932782474,0.041506795667618945,-1,nan,nan,nan,nan
0.059250000000000004,0.026718773678131438,-0.019417942427326543,0.0036504156254024474,0.041452664758852897,-1,nan,nan,nan,nan
0.059500000000000004,0.026775878979212946,-0.019454335127897598,0.0036607719256576739,0.041396940715833885,-1,nan,nan,nan,nan
0.059750000000000004,0.02683287803534571,-0.019490649843824981,0.0036711140957603645,0.041340160924749902,-1,nan,nan,nan,nan
0.059999999999999998,0.02688977096533432,-0.019526886953094222,0.003681442006120049,0.041286702320516788,-1,nan,nan,nan,nan
0.060249999999999998,0.026946562196791292,-0.019563047302950047,0.0036917574469206224,0.041237034050008781,-1,nan,nan,nan,nan
0.060499999999999998,0.027003252329950041,-0.019599131283659935,0.0037020605231450534,0.041186833439229353,-1,nan,nan,nan,nan
0.060749999999999998,0.027059840889471016,-0.019635139162190542,0.0037123508636402371,0.0411351482160347,-1,nan,nan,nan,nan
0.060999999999999999,0.02711632740001467,-0.019671071205508529,0.0037226280972530706,0.041081978380430151,-1,nan,nan,nan,nan
0.061249999999999999,0.027172711386241444,-0.019706927680580539,0.0037328918528304524,0.041027323932425475,-1,nan,nan,nan,nan
0.061499999999999999,0.027228992372811799,-0.019742708854373233,0.0037431417592192831,0.040971184872001132,-1,nan,nan,nan,nan
0.061749999999999999,0.027285169884386173,-0.019778414993853268,0.0037533774452664526,0.040913561199170445,-1,nan,nan,nan,nan
0.062,0.027341243445625028,-0.019814046365987291,0.0037635985398188684,0.040854452913938744,-1,nan,nan,nan,nan
0.06225,0.027397212581188803,-0.019849603237741958,0.0037738046717234221,0.040793896173291877,-1,nan,nan,nan,nan
0.0625,0.027453076857138461,-0.019885085881327431,0.0037839954879055147,0.040735326383801507,-1,nan,nan,nan,nan
0.06275,0.027508839722553732,-0.019920495052723086,0.0037941723349153231,0.040680997541776343,-1,nan,nan,nan,nan
0.063,0.027564503285657054,-0.019955831312304249,0.0038043359866764027,0.040627521803327404,-1,nan,nan,nan,nan
0.063250000000000001,0.02762006708100901,-0.019991094889375036,0.0038144860958169869,0.04057265657780551,-1,nan,nan,nan,nan
0.063500000000000001,0.027675530643170174,-0.020026286013239563,0.0038246223149653053,0.040516401865205331,-1,nan,nan,nan,nan
0.063750000000000001,0.027730893506701125,-0.020061404913201946,0.0038347442967495895,0.040458757665544631,-1,nan,nan,nan,nan
0.064000000000000001,0.027786155206162452,-0.020096451818566296,0.0038448516937980778,0.040399723978825186,-1,nan,nan,nan,nan
0.064250000000000002,0.027841315276114723,-0.020131426958636719,0.0038549441587390019,0.040339300805027456,-1,nan,nan,nan,nan
0.064500000000000002,0.027896373251118524,-0.020166330562717341,0.0038650213442005914,0.040277488144151441,-1,nan,nan,nan,nan
0.064750000000000002,0.02795132866573443,-0.020201162860112275,0.0038750829028110778,0.040214285996219346,-1,nan,nan,nan,nan
0.065000000000000002,0.028006181054523027,-0.020235924080125624,0.0038851284871987014,0.040150679536301581,-1,nan,nan,nan,nan
0.065250000000000002,0.028060931094612163,-0.020270614609453706,0.0038951582425792285,0.040090839968823566,-1,nan,nan,nan,nan
0.065500000000000003,0.028115583141512232,-0.020305235327146006,0.003905173907183113,0.040034286268433306,-1,nan,nan,nan,nan
0.065750000000000003,0.028170137276199537,-0.020339786504772646,0.0039151753857134455,0.039976888479987593,-1,nan,nan,nan,nan
0.066000000000000003,0.028224593041709978,-0.020374268338863764,0.003925162351423107,0.039918183703039567,-1,nan,nan,nan,nan
0.066250000000000003,0.028278949981079431,-0.020408681025949501,0.0039351344775649649,0.039858171937589226,-1,nan,nan,nan,nan
0.066500000000000004,0.028333207637343795,-0.020443024762559991,0.0039450914373919017,0.039796853183656999,-1,nan,nan,nan,nan
0.066750000000000004,0.028387365553538959,-0.020477299745225372,0.0039550329041567935,0.039734227441218906,-1,nan,nan,nan,nan
0.067000000000000004,0.02844142327270081,-0.020511506170475789,0.0039649585511125109,0.039670294710278498,-1,nan,nan,nan,nan
0.067250000000000004,0.028495380337865243,-0.020545644234841377,0.0039748680515119331,0.039605054990853539,-1,nan,nan,nan,nan
0.067500000000000004,0.028549236292068146,-0.020579714134852271,0.0039847610786079377,0.03953850828292893,-1,nan,nan,nan,nan
0.067750000000000005,0.028602990678345409,-0.020613716067038615,0.0039946373056533972,0.039472745743222681,-1,nan,nan,nan,nan
0.068000000000000005,0.028656645493550653,-0.020647650590591555,0.0040044974514795491,0.03941116216193663,-1,nan,nan,nan,nan
0.068250000000000005,0.028710204243830542,-0.020681518470361811,0.0040143428867343654,0.039351748096670747,-1,nan,nan,nan,nan
0.068500000000000005,0.028763666533203457,-0.020715319882147688,0.0040241733255278848,0.039291144849160631,-1,nan,nan,nan,nan
0.068750000000000006,0.028817031912056462,-0.02074905499373857,0.0040339884591589457,0.039229306797009755,-1,nan,nan,nan,nan
0.069000000000000006,0.028870299930776624,-0.020782723972923845,0.0040437879789263897,0.039166233940214568,-1,nan,nan,nan,nan
0.069250000000000006,0.028923470139751006,-0.0208163269874929,0.0040535715761290531,0.039101926278782173,-1,nan,nan,nan,nan
0.069500000000000006,0.028976542089366675,-0.020849864205235113,0.004063338942065781,0.039036383812719677,-1,nan,nan,nan,nan
0.069750000000000006,0.029029515330010702,-0.020883335793939875,0.0040730897680354133,0.038969606542014645,-1,nan,nan,nan,nan
0.070000000000000007,0.029082389412070146,-0.020916741921396569,0.0040828237453367881,0.038901594466674183,-1,nan,nan,nan,nan
0.070250000000000007,0.029135163885932083,-0.020950082755394582,0.0040925405652687506,0.03883234758669829,-1,nan,nan,nan,nan
0.070500000000000007,0.029187838301983574,-0.0209833584637233,0.0041022399191301372,0.038764307918226493,-1,nan,nan,nan,nan
0.070750000000000007,0.029240415107091945,-0.021016569668636218,0.0041119227192278635,0.038700478126221682,-1,nan,nan,nan,nan
0.071000000000000008,0.02929289739338678,-0.021049717077000284,0.0041215901581932481,0.038638454983138004,-1,nan,nan,nan,nan
0.071250000000000008,0.02934528472609603,-0.021082800832657164,0.0041312419467194328,0.038575267344208797,-1,nan,nan,nan,nan
0.071500000000000008,0.029397576661812634,-0.02111582107808193,0.0041408777918653522,0.03851090794100287,-1,nan,nan,nan,nan
0.071750000000000008,0.029449772757129518,-0.02114877795574965,0.0041504974006899339,0.038445376773509565,-1,nan,nan,nan,nan
0.072000000000000008,0.029501872568639616,-0.021181671608135402,0.0041601004802521071,0.038378673841771516,-1,nan,nan,nan,nan
0.072249999999999995,0.029553875652935869,-0.021214502177714232,0.0041696867376108185,0.038310799145747865,-1,nan,nan,nan,nan
0.072499999999999995,0.0296057815666112,-0.021247269806961237,0.0041792558798249817,0.038241752685445718,-1,nan,nan,nan,nan
0.072749999999999995,0.029657589866258549,-0.021279974638351466,0.0041888076139535418,0.038171534460884615,-1,nan,nan,nan,nan
0.072999999999999995,0.029709300108470844,-0.021312616814359996,0.0041983416470554244,0.038100144472041464,-1,nan,nan,nan,nan
0.073249999999999996,0.029760911849841018,-0.021345196477461893,0.0042078576861895624,0.038028609356924647,-1,nan,nan,nan,nan
0.073499999999999996,0.029812426034937826,-0.021377714131470053,0.0042173559517338869,0.037959259576375359,-1,nan,nan,nan,nan
0.073749999999999996,0.029863845221899731,-0.021410170589944232,0.0042268373159777498,0.037891810863513342,-1,nan,nan,nan,nan
0.073999999999999996,0.029915169703750012,-0.021442565989418724,0.0042363018571656436,0.037824632698665539,-1,nan,nan,nan,nan
0.074249999999999997,0.029966399714782304,-0.021474900450128138,0.0042457496323270831,0.037757682651864855,-1,nan,nan,nan,nan
0.074499999999999997,0.030017535489290228,-0.021507174092307076,0.0042551806984915761,0.037690960723114841,-1,nan,nan,nan,nan
0.074749999999999997,0.03006857726156743,-0.021539387036190148,0.0042645951126886409,0.0376244669124155,-1,nan,nan,nan,nan
0.074999999999999997,0.030119525265907526,-0.021571539402011959,0.0042739929319477836,0.037558201219750842,3,0.074999999999999997,0.0042739929319477836,0.037558201219750842,-0.037558201219750842
0.075249999999999997,0.030170379736604146,-0.021603631310007115,0.0042833742132985155,0.037492163645135079,-1,nan,nan,nan,nan
0.075499999999999998,0.03022114090795093,-0.021635662880410227,0.0042927390137703515,0.037426354188580646,-1,nan,nan,nan,nan
0.075749999999999998,0.030271809014241507,-0.021667634233455895,0.0043020873903928062,0.037360772850066226,-1,nan,nan,nan,nan
0.075999999999999998,0.030322384289769501,-0.021699545489378733,0.0043114194001953841,0.037293555297718939,-1,nan,nan,nan,nan
0.076249999999999998,0.030372864850760031,-0.021731396514676701,0.0043207341680416653,0.037215203515488682,-1,nan,nan,nan,nan
0.076499999999999999,0.030423240244807925,-0.021763186240901667,0.0043300270019531288,0.037129649423324196,-1,nan,nan,nan,nan
0.076749999999999999,0.030473513319840956,-0.021794915334334301,0.0043392989927533276,0.037050434488849149,-1,nan,nan,nan,nan
0.076999999999999999,0.030523689179895695,-0.02182658474150059,0.0043485522191975528,0.036979534575538153,-1,nan,nan,nan,nan
0.077249999999999999,0.030573772929008716,-0.021858195408926522,0.0043577887600410974,0.036916949683391209,-1,nan,nan,nan,nan
0.077499999999999999,0.030623769671216581,-0.021889748283138083,0.004367010694039249,0.036862679812413646,-1,nan,nan,nan,nan
0.07775,0.030673684510555865,-0.021921244310661257,0.004376220099947304,0.036816724962598357,-1,nan,nan,nan,nan
0.078,0.030723522551063136,-0.021952684438022039,0.0043854190565205484,0.036779085133952449,-1,nan,nan,nan,nan
0.07825,0.030773288896774963,-0.021984069611746402,0.0043946096425142803,0.036749760326472369,-1,nan,nan,nan,nan
0.0785,0.030822988651727914,-0.022015400778360346,0.004403793936683784,0.036728750540147459,-1,nan,nan,nan,nan
0.078750000000000001,0.030872626919958564,-0.022046678884389857,0.0044129740177843539,0.036716055774997258,-1,nan,nan,nan,nan
0.079000000000000001,0.030922208805503476,-0.02207790487636091,0.0044221519645712831,0.036707274222916197,-1,nan,nan,nan,nan
0.079250000000000001,0.03097172955312746,-0.022109074243335837,0.0044313276548958117,0.036693528959307997,-1,nan,nan,nan,nan
0.079500000000000001,0.031021180621228907,-0.022140183163127033,0.004440498729050937,0.036672824518559466,-1,nan,nan,nan,nan
0.079750000000000001,0.031070562285960047,-0.022171234151649864,0.0044496640671550913,0.036647641373718898,-1,nan,nan,nan,nan
0.080000000000000002,0.031119874825689377,-0.022202229726213784,0.0044588225497377964,0.036617980346958845,-1,nan,nan,nan,nan
0.080250000000000002,0.031169118518785399,-0.022233172404128258,0.0044679730573285708,0.036583841438289966,-1,nan,nan,nan,nan
0.080500000000000002,0.031218293643616616,-0.022264064702702733,0.0044771144704569416,0.036545224647701602,-1,nan,nan,nan,nan
0.080750000000000002,0.031267400478551519,-0.022294909139246675,0.0044862456696524219,0.036502129975188424,-1,nan,nan,nan,nan
0.081000000000000003,0.031316439301958612,-0.022325708231069542,0.0044953655354445354,0.036454557420757538,-1,nan,nan,nan,nan
0.081250000000000003,0.031365410392206396,-0.022356464495480795,0.0045044729483628004,0.036402506984410721,-1,nan,nan,nan,nan
0.081500000000000003,0.03141431402766337,-0.022387180449789889,0.0045135667889367407,0.036345978666144418,-1,nan,nan,nan,nan
0.081750000000000003,0.031463150486698024,-0.022417858611306279,0.0045226459376958728,0.036285371827364798,-1,nan,nan,nan,nan
0.082000000000000003,0.031511920216311724,-0.022448501266610878,0.004531709474850423,0.03622886242278156,-1,nan,nan,nan,nan
0.082250000000000004,0.031560626387248103,-0.022479105649433576,0.0045407603689072637,0.036180696925971034,-1,nan,nan,nan,nan
0.082500000000000004,0.031609269339822457,-0.022509669693195639,0.004549799823313409,0.036134572205554605,-1,nan,nan,nan,nan
0.082750000000000004,0.031657848057868185,-0.022540192747848103,0.0045588276550100407,0.036087715249852437,-1,nan,nan,nan,nan
0.083000000000000004,0.03170636152521869,-0.022570674163342019,0.0045678436809383355,0.036040126058885846,-1,nan,nan,nan,nan
0.083250000000000005,0.031754808725707385,-0.022601113289628418,0.004576847718039484,0.035991804632640623,-1,nan,nan,nan,nan
0.083500000000000005,0.031803188643167661,-0.022631509476658349,0.0045858395832546559,0.035942750971111437,-1,nan,nan,nan,nan
0.083750000000000005,0.031851500261432929,-0.022661862074382848,0.0045948190935250401,0.035892965074319605,-1,nan,nan,nan,nan
0.084000000000000005,0.031899742564336593,-0.022692170432752963,0.004603786065791815,0.035842446942234929,-1,nan,nan,nan,nan
0.084250000000000005,0.031947914535712045,-0.02272243390171973,0.0046127403169961573,0.03579119657489116,-1,nan,nan,nan,nan
0.084500000000000006,0.031996015159392717,-0.022752651831234195,0.0046216816640792611,0.035739213972266981,-1,nan,nan,nan,nan
0.084750000000000006,0.032044043419211979,-0.022782823571247397,0.0046306099239822908,0.035686663124330664,-1,nan,nan,nan,nan
0.085000000000000006,0.032091998935801565,-0.022812948944518713,0.004639524995641426,0.035635485741307704,-1,nan,nan,nan,nan
0.085250000000000006,0.032139887919740193,-0.022843032586034304,0.0046484276668529445,0.035586296084588298,-1,nan,nan,nan,nan
0.085500000000000007,0.032187711429174586,-0.022873075141807146,0.00465731814368372,0.035537427098288887,-1,nan,nan,nan,nan
0.085750000000000007,0.032235468497053908,-0.02290307573624973,0.0046661963804020892,0.035488375185350307,-1,nan,nan,nan,nan
0.086000000000000007,0.032283158156327332,-0.022933033493774541,0.0046750623312763959,0.035439140345769005,-1,nan,nan,nan,nan
0.086250000000000007,0.032330779439944016,-0.022962947538794069,0.0046839159505749732,0.035389722579521887,-1,nan,nan,nan,nan
0.086500000000000007,0.032378331380853109,-0.022992816995720797,0.0046927571925661563,0.035340121886640929,-1,nan,nan,nan,nan
0.086750000000000008,0.032425813012003805,-0.023022640988967218,0.0047015860115182939,0.03529033826711192,-1,nan,nan,nan,nan
0.087000000000000008,0.032473223366345241,-0.023052418642945816,0.0047104023616997125,0.035240371720943742,-1,nan,nan,nan,nan
0.087250000000000008,0.032520561476826616,-0.023082149082069084,0.0047192061973787662,0.035190222248134617,-1,nan,nan,nan,nan
0.087500000000000008,0.03256782637639706,-0.023111831430749501,0.0047279974728237795,0.035139889848659678,-1,nan,nan,nan,nan
0.087750000000000009,0.032615017098005752,-0.02314146481339956,0.0047367761423030962,0.035089420537653737,-1,nan,nan,nan,nan
0.087999999999999995,0.032662132992049703,-0.023171048625864492,0.0047455421830926055,0.035039789828674728,-1,nan,nan,nan,nan
0.088249999999999995,0.032709179827657232,-0.023200587753222365,0.0047542960372174339,0.034991345826615117,-1,nan,nan,nan,nan
0.088499999999999995,0.032756159378601733,-0.023230083666589907,0.0047630378560059132,0.034943115619235243,-1,nan,nan,nan,nan
0.088749999999999996,0.03280307071988646,-0.023259535529832356,0.0047717675950270516,0.034894707687929127,-1,nan,nan,nan,nan
0.088999999999999996,0.032849912926514672,-0.023288942506814916,0.004780485209849878,0.034846122032702098,-1,nan,nan,nan,nan
0.089249999999999996,0.03289668507348964,-0.023318303761402835,0.0047891906560434024,0.03479735865352751,-1,nan,nan,nan,nan
0.089499999999999996,0.032943386235814609,-0.023347618457461326,0.0047978838891766414,0.034748417550421351,-1,nan,nan,nan,nan
0.089749999999999996,0.032990015488492841,-0.023376885758855614,0.0048065648648186136,0.034699298723401384,-1,nan,nan,nan,nan
0.089999999999999997,0.033036571906527604,-0.023406104829450918,0.0048152335385383428,0.034650002172453398,-1,nan,nan,nan,nan
0.090249999999999997,0.033083054564922144,-0.023435274833112463,0.0048238898659048405,0.034600527897564959,-1,nan,nan,nan,nan
0.090499999999999997,0.033129462538679738,-0.023464394933705487,0.0048325338024871253,0.034550875898748501,-1,nan,nan,nan,nan
0.090749999999999997,0.033175794902803625,-0.023493464295095197,0.0048411653038542141,0.034501046175993366,-1,nan,nan,nan,nan
0.090999999999999998,0.033222050732297073,-0.02352248208114683,0.0048497843255751218,0.034451678761671545,-1,nan,nan,nan,nan
0.091249999999999998,0.033268233547041254,-0.023551451260571152,0.0048583911432350507,0.034403525822721548,-1,nan,nan,nan,nan
0.091499999999999998,0.033314347655998201,-0.023580375479025237,0.0048669860884864823,0.034355951314100963,-1,nan,nan,nan,nan
0.091749999999999998,0.033360392178009998,-0.023609253940225797,0.0048755691188921008,0.034308205893355037,-1,nan,nan,nan,nan
0.091999999999999998,0.033406366223847142,-0.023638085840980823,0.0048841401914331596,0.034260288397602423,-1,nan,nan,nan,nan
0.092249999999999999,0.033452268904280123,-0.02366687037809832,0.0048926992630909018,0.034212198826830686,-1,nan,nan,nan,nan
0.092499999999999999,0.033498099330079432,-0.023695606748386281,0.0049012462908465757,0.034163937181045156,-1,nan,nan,nan,nan
0.092749999999999999,0.033543856612015567,-0.023724294148652719,0.0049097812316814243,0.034115503460229846,-1,nan,nan,nan,nan
0.092999999999999999,0.033589539860859011,-0.02375293177570563,0.0049183040425766905,0.034066897664395412,-1,nan,nan,nan,nan
0.09325,0.033635148187380261,-0.023781518826353015,0.0049268146805136227,0.034018119793550738,-1,nan,nan,nan,nan
0.0935,0.033680680702349808,-0.023810054497402876,0.0049353131024734657,0.033969169847708258,-1,nan,nan,nan,nan
0.09375,0.033726136516538163,-0.023838537985663211,0.0049437992654374763,0.03392004782683955,-1,nan,nan,nan,nan
0.094,0.033771514740715797,-0.023866968487942026,0.0049522731263868854,0.033870905747068747,-1,nan,nan,nan,nan
0.09425,0.033816815555683243,-0.023895346119061221,0.004960734718311011,0.033822767123863784,-1,nan,nan,nan,nan
0.094500000000000001,0.033862045279536804,-0.023923676259639169,0.0049691845099488173,0.03377567316443475,-1,nan,nan,nan,nan
0.094750000000000001,0.033907204390732644,-0.023951959280946188,0.0049776225548932278,0.033728603525863932,-1,nan,nan,nan,nan
0.095000000000000001,0.033952292030343924,-0.023980194406920424,0.0049860488117117498,0.03368136815737266,4,0.095000000000000001,0.0049860488117117498,0.03368136815737266,-0.03368136815737266
0.095250000000000001,0.033997307339443818,-0.024008380861499989,0.0049944632389719145,0.033633967058936065,-1,nan,nan,nan,nan
0.095500000000000002,0.034042249459105466,-0.024036517868623031,0.0050028657952412171,0.033586400230541713,-1,nan,nan,nan,nan
0.095750000000000002,0.034087117530402042,-0.024064604652227671,0.0050112564390871854,0.033538667672207367,-1,nan,nan,nan,nan
0.096000000000000002,0.034131910694406686,-0.024092640436252043,0.0050196351290773215,0.03349076938392237,-1,nan,nan,nan,nan
0.096250000000000002,0.034176628092192581,-0.024120624444634288,0.0050280018237791463,0.033442705365695602,-1,nan,nan,nan,nan
0.096500000000000002,0.034221268864832864,-0.024148555901312527,0.0050363564817601687,0.033394475617512853,-1,nan,nan,nan,nan
0.096750000000000003,0.034265832153400705,-0.024176434030224899,0.0050446990615879029,0.033346080139391887,-1,nan,nan,nan,nan
0.097000000000000003,0.034310317098969263,-0.024204258055309534,0.0050530295218298646,0.033297518931329151,-1,nan,nan,nan,nan
0.097250000000000003,0.0343547228426117,-0.024232027200504564,0.0050613478210535679,0.033249213877859063,-1,nan,nan,nan,nan
0.097500000000000003,0.034399051558463969,-0.024259743300926381,0.0050696541287687941,0.033202050772670688,-1,nan,nan,nan,nan
0.097750000000000004,0.034443308756591857,-0.024287411063712051,0.0050779488464399031,0.033155638965528311,-1,nan,nan,nan,nan
0.098000000000000004,0.034487493803987336,-0.024315029907484218,0.005086231948251559,0.033109095991578741,-1,nan,nan,nan,nan
0.098250000000000004,0.034531605867030829,-0.024342599078159444,0.0050945033944356927,0.033062393945384017,-1,nan,nan,nan,nan
0.098500000000000004,0.034575644112102802,-0.0243701178216543,0.0051027631452242508,0.033015532826967231,-1,nan,nan,nan,nan
0.098750000000000004,0.034619607705583699,-0.024397585383885347,0.0051110111608491764,0.032968512636314173,-1,nan,nan,nan,nan
0.099000000000000005,0.034663495813853952,-0.024425001010769137,0.0051192474015424073,0.032921333373403527,-1,nan,nan,nan,nan
0.099250000000000005,0.034707307603294005,-0.024452363948222249,0.0051274718275358781,0.032873995038254833,-1,nan,nan,nan,nan
0.099500000000000005,0.034751042240284309,-0.024479673442161239,0.0051356843990615353,0.03282649763088763,-1,nan,nan,nan,nan
0.099750000000000005,0.03479469889120531,-0.024506928738502666,0.0051438850763513219,0.03277884115127172,-1,nan,nan,nan,nan
0.10000000000000001,0.034838276722437445,-0.024534129083163103,0.0051520738196371707,0.032731025599405328,-1,nan,nan,nan,nan
0.10025000000000001,0.034881774900361158,-0.024561273722059108,0.0051602505891510247,0.03268305097531865,-1,nan,nan,nan,nan
0.10050000000000001,0.034925192591356902,-0.02458836190110724,0.0051684153451248306,0.032630803508647332,-1,nan,nan,nan,nan
0.10075000000000001,0.034968528236764697,-0.024615396254954,0.0051765659909053484,0.032570580418115114,-1,nan,nan,nan,nan
0.10100000000000001,0.035011781804155255,-0.024642380533487478,0.0051847006353338883,0.032509147199954569,-1,nan,nan,nan,nan
0.10125000000000001,0.035054955265882967,-0.024669314136872317,0.0051928205645053252,0.032452883454766379,-1,nan,nan,nan,nan
0.10150000000000001,0.035098050600608291,-0.024696196446485748,0.0052009270770612716,0.032401814275990759,-1,nan,nan,nan,nan
0.10175000000000001,0.035141069786991649,-0.024723026843705007,0.0052090214716433211,0.032355939663625932,-1,nan,nan,nan,nan
0.10200000000000001,0.035184014803693493,-0.024749804709907324,0.0052171050468930846,0.032315259617693215,-1,nan,nan,nan,nan
0.10225000000000001,0.035226887629374273,-0.024776529426469938,0.0052251791014521678,0.032279774138190831,-1,nan,nan,nan,nan
0.10250000000000001,0.03526969024269444,-0.02480320037477008,0.0052332449339621799,0.032249483225101017,-1,nan,nan,nan,nan
0.10275000000000001,0.035312424622314424,-0.024829816936184988,0.005241303843064718,0.032224386878429101,-1,nan,nan,nan,nan
0.10300000000000001,0.035355092746894676,-0.024856378492091886,0.0052493571274013946,0.032204485098191071,-1,nan,nan,nan,nan
0.10325000000000001,0.035397696595095653,-0.024882884423868025,0.0052574060856138138,0.032189777884367388,-1,nan,nan,nan,nan
0.10350000000000001,0.035440238145577778,-0.024909334112890622,0.0052654520163435779,0.032180265236961603,-1,nan,nan,nan,nan
0.10375000000000001,0.035482719377001509,-0.024935726940536921,0.0052734962182322941,0.032169974752614294,-1,nan,nan,nan,nan
0.10400000000000001,0.035525133831390839,-0.024962059823951069,0.0052815370037198849,0.032148486903523121,-1,nan,nan,nan,nan
0.10425,0.035567471163341399,-0.024988330239973291,0.0052895704616840542,0.032119894168019414,-1,nan,nan,nan,nan
0.1045,0.035609734755823963,-0.025014540854216172,0.0052975969508038956,0.032092845216268984,-1,nan,nan,nan,nan
0.10475,0.035651928155826559,-0.025040694387242182,0.0053056168842921889,0.032067449115686486,-1,nan,nan,nan,nan
0.105,0.035694054910337239,-0.025066793559613762,0.0053136306753617385,0.032043705866275474,-1,nan,nan,nan,nan
0.10525,0.035736118566344038,-0.025092841091893386,0.005321638737225326,0.032021615468027065,-1,nan,nan,nan,nan
0.1055,0.035778122670835015,-0.025118839704643511,0.0053296414830957522,0.032001177920937707,-1,nan,nan,nan,nan
0.10575,0.035820070770798192,-0.025144792118426601,0.0053376393261857953,0.031982393224989636,-1,nan,nan,nan,nan
0.106,0.035861966413221605,-0.02517070105380511,0.0053456326797082475,0.031965261380221932,-1,nan,nan,nan,nan
0.10625,0.035903813145093312,-0.0251965692313415,0.005353621956875906,0.031949782386623937,-1,nan,nan,nan,nan
0.1065,0.03594561451340135,-0.025222399371598231,0.0053616075709015595,0.031935956244177888,-1,nan,nan,nan,nan
0.10675,0.035987374065133762,-0.025248194195137772,0.005369589934997995,0.031923782952887336,-1,nan,nan,nan,nan
0.107,0.036029095347278578,-0.025273956422522573,0.0053775694623780027,0.031913818160308693,-1,nan,nan,nan,nan
0.10725,0.036070779001251579,-0.025299685313095281,0.0053855468440781491,0.031906969633370252,-1,nan,nan,nan,nan
0.1075,0.036112416570823966,-0.025325370676434589,0.0053935229471946886,0.031900544796906516,-1,nan,nan,nan,nan
0.10775,0.036154006972924015,-0.025351012739970809,0.0054014971164766026,0.031891275638873395,-1,nan,nan,nan,nan
0.108,0.036195549947149769,-0.02537661277712152,0.0054094685850141246,0.031878938841776616,-1,nan,nan,nan,nan
0.10825,0.036237045233099285,-0.025402172061304303,0.0054174365858974914,0.031863534405648153,-1,nan,nan,nan,nan
0.1085,0.036278492570370628,-0.025427691865936731,0.0054254003522169487,0.031845062330470242,-1,nan,nan,nan,nan
0.10875,0.036319891698561833,-0.025453173464436381,0.0054333591170627263,0.031823522616237554,-1,nan,nan,nan,nan
0.109,0.036361242357270972,-0.025478618130220836,0.0054413121135250681,0.031798915262987393,-1,nan,nan,nan,nan
0.10925,0.036402544286096107,-0.025504027136707668,0.0054492585746942195,0.031771240270678902,-1,nan,nan,nan,nan
0.1095,0.036443797224635276,-0.025529401757314461,0.0054571977336604072,0.031740497639310306,-1,nan,nan,nan,nan
0.10975,0.036485000912486541,-0.025554743265458792,0.0054651288235138748,0.031706687368920683,-1,nan,nan,nan,nan
0.11,0.036526155089247968,-0.025580052934558232,0.005473051077344868,0.031669809459472731,-1,nan,nan,nan,nan
0.11025,0.036567259494517591,-0.025605332038030369,0.0054809637282436114,0.031630059769465646,-1,nan,nan,nan,nan
0.1105,0.036608313958036598,-0.025630581743577397,0.0054888661072296004,0.031593165936108392,-1,nan,nan,nan,nan
0.11075,0.036649320691491016,-0.025655800069067685,0.0054967603112116657,0.031562594088097029,-1,nan,nan,nan,nan
0.111,0.036690280526556714,-0.025680985718009416,0.0055046474042736489,0.031533985740354709,-1,nan,nan,nan,nan
0.11125,0.03673119317289341,-0.025706138564729725,0.0055125273040818427,0.031505048057871576,-1,nan,nan,nan,nan
0.1115,0.03677205834016091,-0.02573125848355574,0.0055203999283025846,0.031475781040672501,-1,nan,nan,nan,nan
0.11175,0.036812875738018953,-0.025756345348814595,0.0055282651946021791,0.031446184688737944,-1,nan,nan,nan,nan
0.112,0.036853645076127317,-0.02578139903483341,0.0055361230206469533,0.031416259002082114,-1,nan,nan,nan,nan
0.11225,0.036894366064145763,-0.025806419415939322,0.0055439733241032206,0.031386003980683697,-1,nan,nan,nan,nan
0.1125,0.036935038411734046,-0.025831406366459454,0.0055518160226372959,0.03135541962456756,-1,nan,nan,nan,nan
0.11275,0.036975661828551949,-0.02585635976072094,0.0055596510339155046,0.031324505933721269,-1,nan,nan,nan,nan
0.113,0.037016236024259221,-0.025881279473050908,0.0055674782756041565,0.031293262908125286,-1,nan,nan,nan,nan
0.11325,0.037056760708515622,-0.025906165377776489,0.0055752976653695666,0.031261690547815135,-1,nan,nan,nan,nan
0.1135,0.037097235590980937,-0.025931017349224809,0.0055831091208780638,0.031229788852785489,-1,nan,nan,nan,nan
0.11375,0.03713766038131492,-0.025955835261723001,0.0055909125597959596,0.031197900937810275,-1,nan,nan,nan,nan
0.114,0.037178035522114142,-0.025980619379420204,0.0055987080713469691,0.031167353359402128,-1,nan,nan,nan,nan
0.11425,0.037218363553870121,-0.026005371080918799,0.005606496236475661,0.031137941203658315,-1,nan,nan,nan,nan
0.1145,0.037258644475057064,-0.026030090391159468,0.0056142770419487977,0.031108344974246194,-1,nan,nan,nan,nan
0.11475,0.037298878003856235,-0.026054777185930668,0.0056220504089627837,0.031078433530412397,-1,nan,nan,nan,nan
0.115,0.03733906385844888,-0.026079431341020871,0.0056298162587140044,0.03104820687216403,5,0.115,0.0056298162587140044,0.03104820687216403,-0.03104820687216403
0.11525000000000001,0.037379201757016256,-0.026104052732218525,0.0056375745123988658,0.031017664999529515,-1,nan,nan,nan,nan
0.11550000000000001,0.037419291417739628,-0.02612864123531209,0.0056453250912137688,0.030986807912473324,-1,nan,nan,nan,nan
0.11575000000000001,0.03745933255880024,-0.026153196726090035,0.0056530679163551024,0.030955635611013221,-1,nan,nan,nan,nan
0.11600000000000001,0.037499324898379365,-0.026177719080340812,0.005660802909019276,0.030924148095149206,-1,nan,nan,nan,nan
0.11625000000000001,0.037539268154658231,-0.026202208173852878,0.0056685299904026768,0.030892345364867069,-1,nan,nan,nan,nan
0.11650000000000001,0.037579162045818119,-0.026226663882414701,0.0056762490817017092,0.030860227420193453,-1,nan,nan,nan,nan
0.11675000000000001,0.03761900629004028,-0.026251086081814732,0.005683960104112774,0.030827794261119479,-1,nan,nan,nan,nan
0.11700000000000001,0.037658800605505971,-0.026275474647841433,0.0056916629788322688,0.030795045887620276,-1,nan,nan,nan,nan
0.11725000000000001,0.037698544710396437,-0.026299829456283268,0.0056993576270565841,0.030762599534435608,-1,nan,nan,nan,nan
0.11750000000000001,0.037738239650067534,-0.026324151092868561,0.0057070442785994869,0.030731593240192367,-1,nan,nan,nan,nan
0.11775000000000001,0.03777788758650881,-0.026348440739155449,0.0057147234236766802,0.030701440369172772,-1,nan,nan,nan,nan
0.11800000000000001,0.037817488298018349,-0.026372698300450203,0.0057223949987840732,0.030671008915989617,-1,nan,nan,nan,nan
0.11825000000000001,0.037857041510046659,-0.026396923653777309,0.0057300589281346747,0.030640274314832183,-1,nan,nan,nan,nan
0.11850000000000001,0.037896546948044216,-0.026421116676161236,0.0057377151359414898,0.030609236565680931,-1,nan,nan,nan,nan
0.11875000000000001,0.037936004337461512,-0.026445277244626482,0.0057453635464175153,0.030577895668541188,-1,nan,nan,nan,nan
0.11900000000000001,0.037975413403749041,-0.026469405236197521,0.0057530040837757597,0.030546251623400522,-1,nan,nan,nan,nan
0.11925000000000001,0.038014773872357271,-0.026493500527898839,0.0057606366722292163,0.030514304430278472,-1,nan,nan,nan,nan
0.11950000000000001,0.038054085468736717,-0.02651756299675492,0.0057682612359908989,0.030482054089191024,-1,nan,nan,nan,nan
0.11975000000000001,0.038093347918337864,-0.026541592519790241,0.0057758776992738112,0.030449500600107982,-1,nan,nan,nan,nan
0.12,0.038132560946611188,-0.026565588974029285,0.0057834859862909514,0.030416643963027568,-1,nan,nan,nan,nan
0.12025,0.03817172427900719,-0.02658955223649654,0.0057910860212553247,0.030383484177969322,-1,nan,nan,nan,nan
0.1205,0.038210837640976367,-0.026613482184216494,0.0057986777283799366,0.030350021244924363,-1,nan,nan,nan,nan
0.12075,0.038249900757969184,-0.02663737869421361,0.0058062610318777869,0.030316921055037582,-1,nan,nan,nan,nan
0.121,0.038288914795558689,-0.026661242417743779,0.005813836188907455,0.030285265641138537,-1,nan,nan,nan,nan
0.12125,0.038327881816179882,-0.026685074486783169,0.0058214036646983564,0.030254409480589217,-1,nan,nan,nan,nan
0.1215,0.038366801583983097,-0.026708874796687598,0.0058289633936477493,0.030223276052645076,-1,nan,nan,nan,nan
0.12175,0.038405673830973569,-0.026732643225524211,0.0058365153027246791,0.030191850500870032,-1,nan,nan,nan,nan
0.122,0.038444498289156526,-0.026756379651360157,0.0058440593188981843,0.030160132825287178,-1,nan,nan,nan,nan
0.12225,0.038483274690537222,-0.026780083952262577,0.0058515953691373225,0.030128123025891185,-1,nan,nan,nan,nan
0.1225,0.038522002767120887,-0.026803756006298626,0.0058591233804111305,0.030095821102655407,-1,nan,nan,nan,nan
0.12275,0.038560682250912748,-0.026827395691535447,0.0058666432796886502,0.030063227055611819,-1,nan,nan,nan,nan
0.123,0.03859931287391806,-0.026851002886040188,0.0058741549939389359,0.030030340884763973,-1,nan,nan,nan,nan
0.12325,0.038637894368142058,-0.026874577467879992,0.0058816584501310328,0.029997162590094106,-1,nan,nan,nan,nan
0.1235,0.038676426465589976,-0.02689811931512201,0.0058891535752339831,0.029963692171586231,-1,nan,nan,nan,nan
0.12375,0.038714908898267043,-0.026921628305833393,0.0058966402962168252,0.029929929629263441,-1,nan,nan,nan,nan
0.124,0.038753341398178515,-0.026945104318081285,0.0059041185400486151,0.029895874963138169,-1,nan,nan,nan,nan
0.12425,0.038791723697329618,-0.026968547229932829,0.0059115882336983946,0.029861991572573743,-1,nan,nan,nan,nan
0.1245,0.038830056535154901,-0.026991957463485098,0.0059190495358349016,0.029829500448611768,-1,nan,nan,nan,nan
0.12475,0.038868342295761422,-0.027015336327916022,0.0059265029839227004,0.029798007219859812,-1,nan,nan,nan,nan
0.125,0.038906580856598968,-0.027038683777709304,0.0059339485394448322,0.029766295606002302,-1,nan,nan,nan,nan
0.12525,0.038944771955234214,-0.027061999691782811,0.0059413861317257014,0.029734301289741083,-1,nan,nan,nan,nan
0.1255,0.038982915329233814,-0.02708528394905441,0.0059488156900897021,0.029702024271079708,-1,nan,nan,nan,nan
0.12575,0.039021010716164435,-0.027108536428441951,0.005956237143861242,0.029669464550025282,-1,nan,nan,nan,nan
0.126,0.039059057853592739,-0.027131757008863309,0.0059636504223647153,0.029636622126583134,-1,nan,nan,nan,nan
0.12625,0.039097056479085408,-0.027154945569236342,0.0059710554549245332,0.02960349700074616,-1,nan,nan,nan,nan
0.1265,0.039135006330209096,-0.02717810198847892,0.0059784521708650881,0.029570089172509029,-1,nan,nan,nan,nan
0.12675,0.039172907144530471,-0.027201226145508895,0.0059858404995107879,0.029536398641880623,-1,nan,nan,nan,nan
0.127,0.039210758659616193,-0.027224317919244137,0.0059932203701860282,0.029502425408848509,-1,nan,nan,nan,nan
0.12725,0.039248560613032932,-0.027247377188602508,0.0060005917122152117,0.029468169473425121,-1,nan,nan,nan,nan
0.1275,0.039286312742347354,-0.027270403832501872,0.0060079544549227412,0.029433630835614011,-1,nan,nan,nan,nan
0.12775,0.039324014785126128,-0.02729339772986009,0.0060153085276330193,0.029398956003401366,-1,nan,nan,nan,nan
0.128,0.039361666798843072,-0.027316358932994188,0.0060226539329244419,0.029365435725015487,-1,nan,nan,nan,nan
0.12825,0.039399271338059649,-0.027339288847068596,0.0060299912454955269,0.029333229210740441,-1,nan,nan,nan,nan
0.1285,0.039436828803872823,-0.027362187708813199,0.006037320547529812,0.02930104989435911,-1,nan,nan,nan,nan
0.12875,0.039474338938713854,-0.027385055397828442,0.0060446417704427061,0.029268596239667488,-1,nan,nan,nan,nan
0.129,0.039511801485014042,-0.02740789179371475,0.0060519548456496458,0.029235868246663799,-1,nan,nan,nan,nan
0.12925,0.039549216185204641,-0.027430696776072565,0.0060592597045660383,0.029202865915332055,-1,nan,nan,nan,nan
0.1295,0.03958658278171695,-0.027453470224502327,0.0060665562786073116,0.029169589245679362,-1,nan,nan,nan,nan
0.12975,0.039623901016982231,-0.027476212018604475,0.0060738444991888779,0.029136038237703943,-1,nan,nan,nan,nan
0.13,0.039661170633431761,-0.027498922037979434,0.0060811242977261634,0.029102212891432444,-1,nan,nan,nan,nan
0.13025,0.039698391373496837,-0.027521600162227648,0.0060883956056345945,0.029068113206822233,-1,nan,nan,nan,nan
0.1305,0.039735562979608702,-0.027544246270949552,0.0060956583543295747,0.029033739183903506,-1,nan,nan,nan,nan
0.13075000000000001,0.039772685194198673,-0.027566860243745581,0.0061029124752265459,0.028999090822678042,-1,nan,nan,nan,nan
0.13100000000000001,0.039809757759698,-0.027589441960216173,0.0061101578997409135,0.02896416812310143,-1,nan,nan,nan,nan
0.13125000000000001,0.039846780418537966,-0.027611991299961773,0.0061173945592880967,0.028928971085219857,-1,nan,nan,nan,nan
0.13150000000000001,0.039883752913149849,-0.027634508142582802,0.0061246223852835235,0.02889423021893478,-1,nan,nan,nan,nan
0.13175000000000001,0.039920676586594303,-0.027656993237799174,0.0061318416743975646,0.028860944959802737,-1,nan,nan,nan,nan
0.13200000000000001,0.039957553368840638,-0.027679447653313788,0.0061390528577634253,0.028828394263484824,-1,nan,nan,nan,nan
0.13225000000000001,0.039994383019251838,-0.027701871276193224,0.0061462558715293068,0.028795582341791359,-1,nan,nan,nan,nan
0.13250000000000001,0.040031165284438328,-0.027724263986569686,0.0061534506489343208,0.028762503376537296,-1,nan,nan,nan,nan
0.13275000000000001,0.040067899911010535,-0.027746625664575385,0.0061606371232175751,0.028729157367717306,-1,nan,nan,nan,nan
0.13300000000000001,0.04010458664557888,-0.02776895619034252,0.0061678152276181796,0.028695544315350929,-1,nan,nan,nan,nan
0.13325000000000001,0.040141225234753802,-0.0277912554440033,0.0061749848953752511,0.028661664219418626,-1,nan,nan,nan,nan
0.13350000000000001,0.040177815425145709,-0.027813523305689931,0.0061821460597278888,0.028627517079920395,-1,nan,nan,nan,nan
0.13375000000000001,0.04021435696336504,-0.027835759655534618,0.0061892986539152112,0.028593102896858014,-1,nan,nan,nan,nan
0.13400000000000001,0.040250849596022202,-0.027857964373669566,0.0061964426111763178,0.02855842167024214,-1,nan,nan,nan,nan
0.13425000000000001,0.040287293069727642,-0.027880137340226978,0.0062035778647503322,0.028523473400081656,-1,nan,nan,nan,nan
0.13450000000000001,0.04032368713109178,-0.027902278435339063,0.0062107043478763588,0.028488258086348139,-1,nan,nan,nan,nan
0.13475000000000001,0.040360031526725036,-0.027924387539138024,0.0062178219937935059,0.028452775729041591,-1,nan,nan,nan,nan
0.13500000000000001,0.04039632600323783,-0.02794646453175607,0.0062249307357408797,0.028417081428717239,6,0.13500000000000001,0.0062249307357408797,0.028417081428717239,-0.028417081428717239
0.13525000000000001,0.040432570428367835,-0.027968509359352106,0.0062320305345078646,0.028382368509848988,-1,nan,nan,nan,nan
0.13550000000000001,0.040468767171093489,-0.027990523331101882,0.0062391219199958037,0.02834906883121846,-1,nan,nan,nan,nan
0.13575000000000001,0.04050491704534466,-0.028012506907497712,0.006246205068923474,0.02831599221319081,-1,nan,nan,nan,nan
0.13600000000000001,0.040541019801159352,-0.028034459968954553,0.0062532799161023993,0.028282654841227384,-1,nan,nan,nan,nan
0.13625000000000001,0.040577075188575548,-0.028056382395887373,0.0062603463963440877,0.028249056715321075,-1,nan,nan,nan,nan
0.13650000000000001,0.040613082957631254,-0.028078274068711134,0.0062674044444600598,0.028215197835475436,-1,nan,nan,nan,nan
0.13675000000000001,0.040649042858364459,-0.028100134867840808,0.0062744539952618254,0.028181078201669152,-1,nan,nan,nan,nan
0.13700000000000001,0.040684954640813141,-0.028121964673691352,0.0062814949835608945,0.028146697813919985,-1,nan,nan,nan,nan
0.13725000000000001,0.040720818055015304,-0.028143763366677732,0.0062885273441687858,0.028112056672219055,-1,nan,nan,nan,nan
0.13750000000000001,0.040756632851008931,-0.028165530827214923,0.0062955510118970041,0.0280771547765859,-1,nan,nan,nan,nan
0.13775000000000001,0.040792398778832034,-0.028187266935717877,0.0063025659215570785,0.028041992127004534,-1,nan,nan,nan,nan
0.13800000000000001,0.040828115588522583,-0.02820897157260157,0.0063095720079605067,0.02800656872345364,-1,nan,nan,nan,nan
0.13825000000000001,0.040863783030118568,-0.028230644618280957,0.0063165692059188056,0.027970884565975851,-1,nan,nan,nan,nan
0.13850000000000001,0.040899400853658001,-0.028252285953171013,0.006323557450243494,0.027934939654549851,-1,nan,nan,nan,nan
0.13875000000000001,0.040934968809178858,-0.028273895457686698,0.0063305366757460801,0.027898883278517417,-1,nan,nan,nan,nan
0.13900000000000001,0.040970486975674181,-0.028295473191908675,0.0063375068918827531,0.027864004528035835,-1,nan,nan,nan,nan
0.13925000000000001,0.041005957942656927,-0.028317020586636731,0.0063444686780100984,0.027830453513573161,-1,nan,nan,nan,nan
0.13950000000000001,0.041041382117057476,-0.028338537879778396,0.0063514221186395398,0.027796943854834666,-1,nan,nan,nan,nan
0.13975000000000001,0.041076759251886835,-0.028360024952011804,0.0063583671499375157,0.027763178861883731,-1,nan,nan,nan,nan
0.14000000000000001,0.041112089100156061,-0.028381481684015098,0.0063653037080704817,0.027729158534734566,-1,nan,nan,nan,nan
0.14025000000000001,0.041147371414876177,-0.028402907956466411,0.006372231729204883,0.027694882873356974,-1,nan,nan,nan,nan
0.14050000000000001,0.041182605949058211,-0.028424303650043892,0.0063791511495071597,0.027660351877768719,-1,nan,nan,nan,nan
0.14075000000000001,0.041217792455713213,-0.028445668645425679,0.0063860619051437674,0.02762556554796447,-1,nan,nan,nan,nan
0.14100000000000001,0.041252930687852192,-0.028467002823289907,0.0063929639322811427,0.027590523883951334,-1,nan,nan,nan,nan
0.14125000000000001,0.041288020398486204,-0.028488306064314718,0.0063998571670857429,0.027555226885734641,-1,nan,nan,nan,nan
0.14150000000000001,0.041323061340626265,-0.028509578249178245,0.0064067415457240099,0.027519674553291296,-1,nan,nan,nan,nan
0.14175000000000001,0.041358053267283416,-0.028530819258558639,0.0064136170043623889,0.027483866886647945,-1,nan,nan,nan,nan
0.14200000000000002,0.041392995931468696,-0.028552028973134028,0.0064204834791673337,0.027447803885785049,-1,nan,nan,nan,nan
0.14225000000000002,0.041427889086193125,-0.028573207273582563,0.006427340906305281,0.02741148555071149,-1,nan,nan,nan,nan
0.14250000000000002,0.041462732484467753,-0.028594354040582373,0.0064341892219426898,0.027375056457907831,-1,nan,nan,nan,nan
0.14275000000000002,0.041497526198432187,-0.028615469329363718,0.0064410284345342347,0.027339807609600086,-1,nan,nan,nan,nan
0.14300000000000002,0.041532272829873894,-0.028636554578378916,0.006447859125747489,0.027305901871436333,-1,nan,nan,nan,nan
0.14325000000000002,0.041566972807874372,-0.028657610036934466,0.0064546813854699531,0.027272050515755097,-1,nan,nan,nan,nan
0.14350000000000002,0.041601625887749571,-0.028678635585738837,0.0064614951510053673,0.027237948375010035,-1,nan,nan,nan,nan
0.14375000000000002,0.041636231824815413,-0.028699631105500497,0.0064683003596574581,0.027203595449172724,-1,nan,nan,nan,nan
0.14400000000000002,0.041670790374387832,-0.028720596476927925,0.0064750969487299536,0.027168991738271586,-1,nan,nan,nan,nan
0.14424999999999999,0.041705301291782765,-0.028741531580729576,0.0064818848555265943,0.027134137242304845,-1,nan,nan,nan,nan
0.14449999999999999,0.041739764332316145,-0.028762436297613936,0.0064886640173511048,0.027099031961245856,-1,nan,nan,nan,nan
0.14474999999999999,0.041774179251303903,-0.028783310508289469,0.0064954343715072169,0.027063675895121264,-1,nan,nan,nan,nan
0.14499999999999999,0.041808545804061979,-0.028804154093464648,0.0065021958552986658,0.027028069043922187,-1,nan,nan,nan,nan
0.14524999999999999,0.041842863745906289,-0.028824966933847933,0.0065089484060291778,0.026992211407648625,-1,nan,nan,nan,nan
0.14549999999999999,0.041877132832152789,-0.028845748910147809,0.0065156919610024899,0.026956102986297026,-1,nan,nan,nan,nan
0.14574999999999999,0.041911352818117392,-0.028866499903072738,0.0065224264575223269,0.026919743779874494,-1,nan,nan,nan,nan
0.14599999999999999,0.041945523459116042,-0.028887219793331188,0.0065291518328924273,0.026883133788382807,-1,nan,nan,nan,nan
0.14624999999999999,0.041979644510464674,-0.028907908461631639,0.0065358680244165177,0.026846320102812626,-1,nan,nan,nan,nan
0.14649999999999999,0.042013715831572471,-0.028928565845684803,0.0065425749929438337,0.026810489349340827,-1,nan,nan,nan,nan
0.14674999999999999,0.042047739800132343,-0.028949193261949967,0.0065492732690911881,0.026776111889416754,-1,nan,nan,nan,nan
0.14699999999999999,0.042081717313046392,-0.028969791215269308,0.0065559630488885422,0.026742003040382656,-1,nan,nan,nan,nan
0.14724999999999999,0.042115648127456898,-0.028990359586234138,0.0065626442706113799,0.026707647293346071,-1,nan,nan,nan,nan
0.14749999999999999,0.042149532000506189,-0.02901089825543576,0.0065693168725352146,0.026673044648342525,-1,nan,nan,nan,nan
0.14774999999999999,0.042183368689336573,-0.029031407103465471,0.0065759807929355509,0.026638195105347151,-1,nan,nan,nan,nan
0.14799999999999999,0.042217157951090351,-0.029051886010914574,0.0065826359700878884,0.026603098664354619,-1,nan,nan,nan,nan
0.14824999999999999,0.04225089954290983,-0.029072334858374373,0.0065892823422677282,0.026567755325375586,-1,nan,nan,nan,nan
0.14849999999999999,0.042284593221937318,-0.029092753526436164,0.0065959198477505768,0.026532165088417159,-1,nan,nan,nan,nan
0.14874999999999999,0.042318238745315123,-0.029113141895691249,0.0066025484248119371,0.026496327953472232,-1,nan,nan,nan,nan
0.14899999999999999,0.04235183587018556,-0.029133499846730936,0.0066091680117273122,0.026460243920539028,-1,nan,nan,nan,nan
0.14924999999999999,0.042385384353690929,-0.029153827260146516,0.0066157785467722066,0.026423912989617548,-1,nan,nan,nan,nan
0.14949999999999999,0.042418883952973545,-0.029174124016529301,0.0066223799682221217,0.026387335160697134,-1,nan,nan,nan,nan
0.14974999999999999,0.042452334425175701,-0.029194389996470591,0.0066289722143525551,0.026350510433800878,-1,nan,nan,nan,nan
0.14999999999999999,0.042485735527439721,-0.029214625080561676,0.0066355552234390221,0.026313438808927003,-1,nan,nan,nan,nan
0.15024999999999999,0.04251908701690791,-0.029234829149393873,0.0066421289337570185,0.026276517071819327,-1,nan,nan,nan,nan
0.15049999999999999,0.042552389892724883,-0.029255002928775021,0.0066486934819749311,0.026240438205514138,-1,nan,nan,nan,nan
0.15075,0.042585645881551733,-0.029275147575832182,0.0066552491528597754,0.02620496852434151,-1,nan,nan,nan,nan
0.151,0.04261885491637369,-0.029295262983899485,0.0066617959662371024,0.02616957238389972,-1,nan,nan,nan,nan
0.15125,0.042652016911463544,-0.029315349033360093,0.0066683339390517255,0.026134244022758324,-1,nan,nan,nan,nan
0.1515,0.042685131781094142,-0.02933540560459718,0.0066748630882484811,0.02609898344091377,-1,nan,nan,nan,nan
0.15175,0.042718199439538286,-0.029355432577993921,0.0066813834307721826,0.026063790638332307,-1,nan,nan,nan,nan
0.152,0.042751219801068781,-0.029375429833933486,0.0066878949835676473,0.026028665615056568,-1,nan,nan,nan,nan
0.15225,0.042784192779958471,-0.029395397252799049,0.0066943977635797111,0.025993608371081223,-1,nan,nan,nan,nan
0.1525,0.042817118290480155,-0.029415334714973779,0.0067008917877531878,0.025958618906374298,-1,nan,nan,nan,nan
0.15275,0.042849996246906649,-0.029435242100840853,0.0067073770730328979,0.02592369722095178,-1,nan,nan,nan,nan
0.153,0.042882826563510772,-0.029455119290783444,0.0067138536363636637,0.025888843314847421,-1,nan,nan,nan,nan
0.15325,0.042915609154565354,-0.029474966165184711,0.0067203214946903213,0.02585405718801681,-1,nan,nan,nan,nan
0.1535,0.042948343934343186,-0.029494782604427842,0.0067267806649576722,0.025819338840472383,-1,nan,nan,nan,nan
0.15375,0.042981030817117113,-0.029514568488895998,0.0067332311641105577,0.025784688272231904,-1,nan,nan,nan,nan
0.154,0.043013669717159933,-0.029534323698972357,0.0067396730090937881,0.025749596999625979,-1,nan,nan,nan,nan
0.15425,0.04304625997173029,-0.029554048046509549,0.0067461059626103704,0.025709394559198628,-1,nan,nan,nan,nan
0.1545,0.043078796328754138,-0.029573740916007361,0.0067525277063733881,0.025664564962948333,-1,nan,nan,nan,nan
0.15475,0.043111279067312665,-0.029593402577128974,0.0067589382450918452,0.025621165274943181,-1,nan,nan,nan,nan
0.155,0.043143710094359286,-0.029613033516337567,0.0067653382890108596,0.025580606567370268,7,0.15500000000000003,0.0067653382890108605,0.025580606567370264,-0.025580606567370264
0.15525,0.043176091316847395,-0.029632634220096335,0.0067717285483755302,0.025542888840249134,-1,nan,nan,nan,nan
0.1555,0.043208424641730435,-0.029652205174868468,0.0067781097334309835,0.02550801209359399,-1,nan,nan,nan,nan
0.15575,0.043240711975961812,-0.029671746867117158,0.0067844825544223272,0.025475976327372862,-1,nan,nan,nan,nan
0.156,0.043272955226494936,-0.029691259783305595,0.0067908477215946703,0.025446781541607066,-1,nan,nan,nan,nan
0.15625,0.043305156300283233,-0.029710744409896971,0.006797205945193131,0.025420427736296602,-1,nan,nan,nan,nan
0.1565,0.043337317104280113,-0.029730201233354476,0.0068035579354628183,0.025396914911425483,-1,nan,nan,nan,nan
0.15675,0.043369439545438988,-0.029749630740141302,0.0068099044026488434,0.025376243067011472,-1,nan,nan,nan,nan
0.157,0.043401525530713282,-0.029769033416720634,0.0068162460569963241,0.025358412203052794,-1,nan,nan,nan,nan
0.15725,0.043433576967056416,-0.029788409749555676,0.0068225836087503697,0.025343422319537012,-1,nan,nan,nan,nan
0.1575,0.043465595761421789,-0.029807760225109604,0.0068289177681560929,0.025331273416465905,-1,nan,nan,nan,nan
0.15775,0.043497583820762825,-0.029827085329845619,0.0068352492454586029,0.025321965493850129,-1,nan,nan,nan,nan
0.158,0.043529543052032944,-0.029846385550226909,0.0068415787509030178,0.025314473899682,-1,nan,nan,nan,nan
0.15825,0.043561472414494817,-0.02986565944967793,0.0068479064824084439,0.025304909292161781,-1,nan,nan,nan,nan
0.1585,0.043593364894557653,-0.029884902483459454,0.0068542312055490991,0.025292026105457666,-1,nan,nan,nan,nan
0.15875,0.043625220445931895,-0.029904115455009549,0.0068605524954611728,0.025277581210511713,-1,nan,nan,nan,nan
0.159,0.043657039482629702,-0.029923299490320993,0.0068668699961543546,0.025261712354323507,-1,nan,nan,nan,nan
0.15925,0.043688822418663224,-0.029942455715386555,0.0068731833516383345,0.025244419536937457,-1,nan,nan,nan,nan
0.1595,0.043720569668044634,-0.029961585256198988,0.0068794922059228231,0.025225702758314483,-1,nan,nan,nan,nan
0.15975,0.043752281644786062,-0.029980689238751079,0.0068857962030174913,0.025205562018456362,-1,nan,nan,nan,nan
0.16,0.043783958762899686,-0.029999768789035583,0.0068920949869320514,0.025183997317375528,-1,nan,nan,nan,nan
0.16025,0.043815601436397636,-0.030018825033045277,0.0068983882016761793,0.025161008655057771,-1,nan,nan,nan,nan
0.1605,0.043847210079292077,-0.030037859096772916,0.0069046754912595806,0.025136596031520853,-1,nan,nan,nan,nan
0.16075,0.043878785105595168,-0.030056872106211288,0.00691095649969194,0.025110759446747011,-1,nan,nan,nan,nan
0.161,0.043910326929319052,-0.030075865187353144,0.0069172308709829541,0.025083498900766443,-1,nan,nan,nan,nan
0.16125,0.0439418359644759,-0.030094839466191254,0.0069234982491423232,0.025054814393545399,-1,nan,nan,nan,nan
0.1615,0.043973312625077851,-0.030113796068718397,0.0069297582781797269,0.025024705925080326,-1,nan,nan,nan,nan
0.16175,0.044004757325137062,-0.030132736120927334,0.0069360106021048636,0.024993173495410304,-1,nan,nan,nan,nan
0.16200000000000001,0.044036170478665697,-0.030151660748810833,0.0069422548649274319,0.024962019185363005,-1,nan,nan,nan,nan
0.16225000000000001,0.044067552419888495,-0.030170569196493406,0.0069484916116975444,0.024934432888132463,-1,nan,nan,nan,nan
0.16250000000000001,0.04409890303834154,-0.030189458875598544,0.0069547220813714981,0.024909280610998508,-1,nan,nan,nan,nan
0.16275000000000001,0.044130222069667983,-0.030208329565661895,0.0069609462520030443,0.024884008788705003,-1,nan,nan,nan,nan
0.16300000000000001,0.044161509249365863,-0.030227181077834162,0.0069671640857658507,0.024858585661075239,-1,nan,nan,nan,nan
0.16325000000000001,0.044192764312933196,-0.030246013223266033,0.0069733755448335814,0.024833011228141189,-1,nan,nan,nan,nan
0.16350000000000001,0.044223986995868034,-0.030264825813108191,0.0069795805913799216,0.024807285489909958,-1,nan,nan,nan,nan
0.16375000000000001,0.044255177033668408,-0.030283618658511334,0.006985779187578537,0.024781408446340691,-1,nan,nan,nan,nan
0.16400000000000001,0.044286334161832336,-0.030302391570626152,0.006991971295603092,0.024755380097445823,-1,nan,nan,nan,nan
0.16425000000000001,0.044317458115857862,-0.030321144360603344,0.0069981568776272592,0.024729200443253774,-1,nan,nan,nan,nan
0.16450000000000001,0.044348548631243025,-0.030339876839593587,0.0070043358958247186,0.024702869483739676,-1,nan,nan,nan,nan
0.16475000000000001,0.044379605443485841,-0.030358588818747582,0.0070105083123691292,0.024676387218910634,-1,nan,nan,nan,nan
0.16500000000000001,0.044410628288084363,-0.030377280109216014,0.0070166740894341741,0.024649753648759543,-1,nan,nan,nan,nan
0.16525000000000001,0.0444416169005366,-0.030395950522149582,0.007022833189193509,0.024622968773279297,-1,nan,nan,nan,nan
0.16550000000000001,0.044472571016340605,-0.030414599868698978,0.0070289855738208135,0.024596032592512529,-1,nan,nan,nan,nan
0.16575000000000001,0.044503490370994409,-0.030433227960014877,0.0070351312054897659,0.024568945106425488,-1,nan,nan,nan,nan
0.16600000000000001,0.044534374699996042,-0.030451834607247989,0.0070412700463740267,0.024542051831433653,-1,nan,nan,nan,nan
0.16625000000000001,0.044565225164007009,-0.030470420701196044,0.0070474022314054828,0.024515905676523175,-1,nan,nan,nan,nan
0.16650000000000001,0.044596043663759313,-0.030488987665334737,0.007053527999212288,0.024490214862627369,-1,nan,nan,nan,nan
0.16675000000000001,0.044626829962743329,-0.030507535285069737,0.0070596473388367959,0.024464474892692323,-1,nan,nan,nan,nan
0.16700000000000001,0.04465758380208238,-0.030526063328765111,0.0070657602366586345,0.024438680441283722,-1,nan,nan,nan,nan
0.16725000000000001,0.044688304922899803,-0.030544571564784927,0.0070718666790574383,0.024412831508437094,-1,nan,nan,nan,nan
0.16750000000000001,0.044718993066318935,-0.03056305976149323,0.0070779666524128527,0.024386928094131122,-1,nan,nan,nan,nan
0.16775000000000001,0.044749647973463091,-0.030581527687254084,0.0070840601431045036,0.024360970198353371,-1,nan,nan,nan,nan
0.16800000000000001,0.044780269385455616,-0.030599975110431558,0.0070901471375120293,0.024334957821128711,-1,nan,nan,nan,nan
0.16825000000000001,0.04481085704341984,-0.030618401799389704,0.007096227622015068,0.024308890962435825,-1,nan,nan,nan,nan
0.16850000000000001,0.044841410688479078,-0.030636807522492582,0.0071023015829932475,0.024282769622280043,-1,nan,nan,nan,nan
0.16875000000000001,0.044871930061756674,-0.030655192048104258,0.0071083690068262078,0.024256593800672022,-1,nan,nan,nan,nan
0.16900000000000001,0.044902414904375951,-0.030673555144588784,0.0071144298798935836,0.02423036349760288,-1,nan,nan,nan,nan
0.16925000000000001,0.044932864957460246,-0.030691896580310227,0.0071204841885750096,0.024204078713070842,-1,nan,nan,nan,nan
0.16950000000000001,0.044963279962132875,-0.030710216123632637,0.0071265319192501189,0.024177739447077684,-1,nan,nan,nan,nan
0.16975000000000001,0.044993659659517182,-0.030728513542920086,0.007132573058298548,0.02415134569963584,-1,nan,nan,nan,nan
0.17000000000000001,0.045024003790736504,-0.030746788606536631,0.0071386075920999367,0.024125061819084692,-1,nan,nan,nan,nan
0.17025000000000001,0.045054313084157561,-0.030765041905741381,0.0071446355892080902,0.024099305031635154,-1,nan,nan,nan,nan
0.17050000000000001,0.04508458978935178,-0.030783275300120271,0.0071506572446157542,0.024073931581185093,-1,nan,nan,nan,nan
0.17075000000000001,0.045114833775383584,-0.030801488665386217,0.0071566725549986835,0.024048524309538521,-1,nan,nan,nan,nan
0.17100000000000001,0.045145044788076925,-0.030819681774535878,0.0071626815067705237,0.024023062692489106,-1,nan,nan,nan,nan
0.17125000000000001,0.045175222573255763,-0.030837854400565908,0.0071686840863449276,0.023997546730047503,-1,nan,nan,nan,nan
0.17150000000000001,0.04520536687674407,-0.030856006316472975,0.0071746802801355477,0.02397197642220128,-1,nan,nan,nan,nan
0.17175000000000001,0.04523547744436579,-0.030874137295253734,0.0071806700745560281,0.023946351768945107,-1,nan,nan,nan,nan
0.17200000000000001,0.045265554021944876,-0.030892247109904836,0.0071866534560200198,0.0239206727703003,-1,nan,nan,nan,nan
0.17225000000000001,0.045295596355305306,-0.030910335533422949,0.0071926304109411789,0.023894939426245543,-1,nan,nan,nan,nan
0.17250000000000001,0.045325604190271013,-0.030928402338804728,0.0071986009257331424,0.02386915173679327,-1,nan,nan,nan,nan
0.17275000000000001,0.045355577272665981,-0.030946447299046831,0.0072045649868095751,0.023843309701947035,-1,nan,nan,nan,nan
0.17300000000000001,0.045385515348314143,-0.030964470187145911,0.007210522580584116,0.02381741332169085,-1,nan,nan,nan,nan
0.17325000000000002,0.045415418163039477,-0.030982470776098635,0.007216473693470421,0.023791462596046031,-1,nan,nan,nan,nan
0.17350000000000002,0.045445285462665935,-0.031000448838901656,0.0072224183118821395,0.023765457524985933,-1,nan,nan,nan,nan
0.17375000000000002,0.045475116993017463,-0.031018404148551636,0.0072283564222329136,0.023739398108537202,-1,nan,nan,nan,nan
0.17400000000000002,0.045504912499918046,-0.03103633647804523,0.0072342880109364082,0.023713340552490081,-1,nan,nan,nan,nan
0.17425000000000002,0.04553467206941457,-0.031054245884396252,0.0072402130925091589,0.023687732185106114,-1,nan,nan,nan,nan
0.17450000000000002,0.045564398156067484,-0.031072134402009562,0.007246131877028961,0.023662613457283044,-1,nan,nan,nan,nan
0.17475000000000002,0.045594091093503132,-0.031090002295027532,0.0072520443992378,0.023637537216805171,-1,nan,nan,nan,nan
0.17500000000000002,0.045623750631489275,-0.031107849340214547,0.0072579506456373639,0.023612406983122725,8,0.17499999999999999,0.0072579506456373639,0.023612406983122728,-0.023612406983122728
0.17525000000000002,0.04565337651979369,-0.031125675314334966,0.0072638506027293617,0.023587222756246362,-1,nan,nan,nan,nan
0.17550000000000002,0.045682968508184152,-0.031143479994153178,0.0072697442570154869,0.023561984536149438,-1,nan,nan,nan,nan
0.17575000000000002,0.045712526346428431,-0.031161263156433559,0.0072756315949974362,0.023536692322821295,-1,nan,nan,nan,nan
0.17599999999999999,0.045742049784294275,-0.03117902457794048,0.0072815126031768977,0.023511346116304566,-1,nan,nan,nan,nan
0.17624999999999999,0.045771538571549496,-0.031196764035438321,0.0072873872680555875,0.023485945916561946,-1,nan,nan,nan,nan
0.17649999999999999,0.04580099245796182,-0.031214481305691464,0.007293255576135178,0.023460491723598764,-1,nan,nan,nan,nan
0.17674999999999999,0.045830411193299052,-0.031232176165464278,0.0072991175139173869,0.023434983537427456,-1,nan,nan,nan,nan
0.17699999999999999,0.045859794527328926,-0.031249848391521142,0.0073049730679038919,0.023409421358030258,-1,nan,nan,nan,nan
0.17724999999999999,0.045889142209819246,-0.031267497760626442,0.007310822224596402,0.023383805185451578,-1,nan,nan,nan,nan
0.17749999999999999,0.045918453990537768,-0.031285124049544533,0.0073166649704966176,0.02335813501965589,-1,nan,nan,nan,nan
0.17774999999999999,0.045947729619252267,-0.031302727035039807,0.0073225012921062302,0.023332410860630759,-1,nan,nan,nan,nan
0.17799999999999999,0.045976968845730506,-0.03132030649387664,0.0073283311759269332,0.023306632708372632,-1,nan,nan,nan,nan
0.17824999999999999,0.046006171419740248,-0.031337862202819415,0.0073341546084604164,0.023281082374760231,-1,nan,nan,nan,nan
0.17849999999999999,0.04603533881887293,-0.031355395384644304,0.0073399717171143131,0.023256074147596451,-1,nan,nan,nan,nan
0.17874999999999999,0.046064472720755784,-0.031372907429687354,0.007345782645534215,0.023231326737787938,-1,nan,nan,nan,nan
0.17899999999999999,0.046093572879783211,-0.031390398118816797,0.0073515873804832071,0.023206526152501183,-1,nan,nan,nan,nan
0.17924999999999999,0.046122639048952717,-0.031407867231731786,0.0073573859086104657,0.023181672163842038,-1,nan,nan,nan,nan
0.17949999999999999,0.046151670981261772,-0.031425314548131515,0.0073631782165651284,0.023156764771812277,-1,nan,nan,nan,nan
0.17974999999999999,0.046180668429707854,-0.031442739847715111,0.0073689642909963715,0.023131803976415455,-1,nan,nan,nan,nan
0.17999999999999999,0.04620963114728846,-0.031460142910181788,0.0073747441185533363,0.023106789777662229,-1,nan,nan,nan,nan
0.18024999999999999,0.046238558887001069,-0.031477523515230664,0.0073805176858852024,0.023081722175570363,-1,nan,nan,nan,nan
0.18049999999999999,0.046267451401843164,-0.031494881442560921,0.0073862849796411216,0.023056601170086566,-1,nan,nan,nan,nan
0.18074999999999999,0.04629630844481223,-0.031512216471871739,0.0073920459864702456,0.023031426761244589,-1,nan,nan,nan,nan
0.18099999999999999,0.046325129768905751,-0.031529528382862264,0.0073978006930217437,0.023006198949042655,-1,nan,nan,nan,nan
0.18124999999999999,0.046353915127121205,-0.03154681695523167,0.0074035490859447675,0.022980917733471884,-1,nan,nan,nan,nan
0.18149999999999999,0.046382664272456089,-0.031564081968679131,0.0074092911518884794,0.022955583114526945,-1,nan,nan,nan,nan
0.18174999999999999,0.046411376957907868,-0.031581323202903806,0.007415026877502031,0.022930195092216721,-1,nan,nan,nan,nan
0.182,0.046440052936474033,-0.031598540437604856,0.0074207562494345881,0.022904753666571409,-1,nan,nan,nan,nan
0.18225,0.046468691961152081,-0.031615733452481448,0.0074264792543353164,0.022879296914455338,-1,nan,nan,nan,nan
0.1825,0.046497294022592173,-0.031632902226808542,0.0074321958978918155,0.02285425600596902,-1,nan,nan,nan,nan
0.18275,0.046525861564871658,-0.031650048800195056,0.007437906382338301,0.022829714460845807,-1,nan,nan,nan,nan
0.183,0.046554395099861125,-0.031667173589616647,0.0074436107551222389,0.022805241517140473,-1,nan,nan,nan,nan
0.18325,0.046582894383043263,-0.031684276376849521,0.0074493090030968712,0.022780715986437272,-1,nan,nan,nan,nan
0.1835,0.046611359169900793,-0.031701356943669878,0.0074550011131154573,0.022756137868769954,-1,nan,nan,nan,nan
0.18375,0.046639789215916411,-0.031718415071853898,0.0074606870720312565,0.022731507164106546,-1,nan,nan,nan,nan
0.184,0.046668184276572808,-0.031735450543177786,0.007466366866697511,0.022706823872475468,-1,nan,nan,nan,nan
0.18425,0.04669654410735271,-0.031752463139417722,0.0074720404839674938,0.022682087993873168,-1,nan,nan,nan,nan
0.1845,0.046724868463738807,-0.031769452642349913,0.007477707910694447,0.02265729952829254,-1,nan,nan,nan,nan
0.18475,0.046753157101213819,-0.031786418833750538,0.0074833691337316405,0.022632458475730033,-1,nan,nan,nan,nan
0.185,0.046781409775260428,-0.031803361495395803,0.0074890241399323126,0.02260756483617854,-1,nan,nan,nan,nan
0.18525,0.046809626241361361,-0.031820280409061902,0.0074946729161497298,0.022582618609671812,-1,nan,nan,nan,nan
0.1855,0.046837806254999309,-0.031837175356525013,0.0075003154492371479,0.02255761979616544,-1,nan,nan,nan,nan
0.18575,0.046865949571656976,-0.031854046119561351,0.0075059517260478124,0.022532568395675412,-1,nan,nan,nan,nan
0.186,0.046894055946817073,-0.031870892479947101,0.0075115817334349862,0.022507464408217714,-1,nan,nan,nan,nan
0.18625,0.046922125135962299,-0.031887714219458456,0.0075172054582519215,0.02248230783377636,-1,nan,nan,nan,nan
0.1865,0.046950156894575358,-0.031904511119871609,0.0075228228873518745,0.022457201909583446,-1,nan,nan,nan,nan
0.18675,0.04697815163731122,-0.031921283518897794,0.007528434059206713,0.022432578786370172,-1,nan,nan,nan,nan
0.187,0.047006111878419091,-0.031938033524928973,0.0075340391767450589,0.022408383478195404,-1,nan,nan,nan,nan
0.18725,0.047034037680258989,-0.031954761178367368,0.0075396382509458106,0.02238418431997502,-1,nan,nan,nan,nan
0.1875,0.047061928800172417,-0.031971466262362323,0.007545231268905047,0.022359933546129085,-1,nan,nan,nan,nan
0.18775,0.047089784995500913,-0.031988148560063163,0.007550818217718875,0.02233563115664694,-1,nan,nan,nan,nan
0.188,0.04711760602358598,-0.03200480785461924,0.0075563990844833701,0.022311277151514375,-1,nan,nan,nan,nan
0.18825,0.047145391641769147,-0.032021443929179882,0.007561973856294632,0.022286871530781127,-1,nan,nan,nan,nan
0.1885,0.047173141607391937,-0.032038056566894416,0.0075675425202487608,0.022262414294413446,-1,nan,nan,nan,nan
0.18875,0.047200855677795868,-0.032054645550912191,0.0075731050634418387,0.022237905442416661,-1,nan,nan,nan,nan
0.189,0.047228533610322469,-0.032071210664382531,0.0075786614729699692,0.022213344974776561,-1,nan,nan,nan,nan
0.18925,0.047256175162313244,-0.032087751690454788,0.0075842117359292277,0.022188732891477159,-1,nan,nan,nan,nan
0.1895,0.047283780091109714,-0.0321042684122783,0.0075897558394157072,0.022164069192580627,-1,nan,nan,nan,nan
0.18975,0.047311348154053412,-0.032120760613002376,0.0075952937705255179,0.022139353878062096,-1,nan,nan,nan,nan
0.19,0.04733887910848586,-0.032137228075776382,0.0076008255163547388,0.022114586947896697,-1,nan,nan,nan,nan
0.19025,0.047366372711748574,-0.032153670583749641,0.0076063510639994662,0.022089768402102195,-1,nan,nan,nan,nan
0.1905,0.047393828721183064,-0.032170087920071484,0.0076118704005557897,0.022064898240664377,-1,nan,nan,nan,nan
0.19075,0.047421246894130853,-0.032186479867891256,0.0076173835131197985,0.022040109900332894,-1,nan,nan,nan,nan
0.191,0.04744862786416363,-0.032202846953151718,0.0076228904555059561,0.022015814885424589,-1,nan,nan,nan,nan
0.19125,0.047475974089415167,-0.032219191248290147,0.0076283914205625102,0.021991909377675256,-1,nan,nan,nan,nan
0.1915,0.047503285518787908,-0.032235512698398319,0.0076338864101947942,0.021967982513553252,-1,nan,nan,nan,nan
0.19175,0.047530561910848292,-0.032251811087209717,0.0076393754118192873,0.021944005315328141,-1,nan,nan,nan,nan
0.192,0.047557803024162702,-0.032268086198457786,0.007644858412852458,0.021919977783023015,-1,nan,nan,nan,nan
0.19225,0.047585008617297586,-0.032284337815875988,0.007650335400710799,0.021895899916669848,-1,nan,nan,nan,nan
0.1925,0.047612178448819348,-0.032300565723197762,0.0076558063628107929,0.021871771716218902,-1,nan,nan,nan,nan
0.19275,0.047639312277294399,-0.032316769704156582,0.0076612712865689082,0.021847593181682612,-1,nan,nan,nan,nan
0.193,0.047666409861289151,-0.032332949542485882,0.0076667301594016343,0.02182336431306986,-1,nan,nan,nan,nan
0.19325000000000001,0.047693470959370036,-0.03234910502191915,0.0076721829687254432,0.021799085110380645,-1,nan,nan,nan,nan
0.19350000000000001,0.047720495330103453,-0.032365235926189805,0.0076776297019568243,0.021774755573620297,-1,nan,nan,nan,nan
0.19375000000000001,0.047747482732055833,-0.032381342039031327,0.0076830703465122531,0.021750375702753288,-1,nan,nan,nan,nan
0.19400000000000001,0.047774432923793575,-0.032397423144177172,0.0076885048898082016,0.021725945497825805,-1,nan,nan,nan,nan
0.19425000000000001,0.04780134566388311,-0.032413479025360778,0.0076939333192611661,0.021701464958841399,-1,nan,nan,nan,nan
0.19450000000000001,0.047828220710890851,-0.032429509466315606,0.0076993556222876222,0.021676934085757438,-1,nan,nan,nan,nan
0.19475000000000001,0.047855057823383208,-0.032445514250775118,0.0077047717863040453,0.02165235287858458,-1,nan,nan,nan,nan
0.19500000000000001,0.047881856759926601,-0.032461493162472772,0.0077101817987269144,0.021627830060330311,9,0.19500000000000001,0.0077101817987269144,0.021627830060330311,-0.021627830060330311
0.19525000000000001,0.047908618017478859,-0.032477446614810439,0.00771558570133421,0.021603779290703784,-1,nan,nan,nan,nan
0.19550000000000001,0.047935344162136566,-0.032493376785392034,0.0077209836883722661,0.021580132732470503,-1,nan,nan,nan,nan
0.19575000000000001,0.047962035226051872,-0.032509283690650981,0.0077263757677004455,0.021556477432515209,-1,nan,nan,nan,nan
0.19600000000000001,0.047988690968400444,-0.032525167114223395,0.0077317619270885242,0.021532773211639267,-1,nan,nan,nan,nan
0.19625000000000001,0.04801531114835797,-0.032541026839745441,0.0077371421543062646,0.02150902006986577,-1,nan,nan,nan,nan
0.19650000000000001,0.048041895525100145,-0.032556862650853231,0.0077425164371234569,0.021485218007189388,-1,nan,nan,nan,nan
0.19675000000000001,0.04806844385780263,-0.03257267433118291,0.0077478847633098598,0.021461367023599465,-1,nan,nan,nan,nan
0.19700000000000001,0.048094955905641126,-0.032588461664370613,0.0077532471206352566,0.021437467119127973,-1,nan,nan,nan,nan
0.19725000000000001,0.048121431427791309,-0.032604224434052462,0.0077586034968694234,0.021413518293725176,-1,nan,nan,nan,nan
0.19750000000000001,0.048147870183428844,-0.032619962423864605,0.0077639538797821192,0.021389520547414165,-1,nan,nan,nan,nan
0.19775000000000001,0.048174271931729434,-0.032635675417443173,0.0077692982571431306,0.021365473880228691,-1,nan,nan,nan,nan
0.19800000000000001,0.048200636431868761,-0.032651363198424294,0.0077746366167222337,0.021341378292120794,-1,nan,nan,nan,nan
0.19825000000000001,0.048226963443022491,-0.032667025550444109,0.0077799689462891911,0.021317233783097578,-1,nan,nan,nan,nan
0.19850000000000001,0.048253252724366313,-0.032682662257138749,0.0077852952336137822,0.021293040353198123,-1,nan,nan,nan,nan
0.19875000000000001,0.048279504035075922,-0.032698273102144342,0.0077906154664657903,0.021268798002370914,-1,nan,nan,nan,nan
0.19900000000000001,0.048305717134326978,-0.032713857869097043,0.0077959296326149674,0.021244506730640822,-1,nan,nan,nan,nan
0.19925000000000001,0.048331891781295183,-0.032729416341632962,0.0078012377198311104,0.021220214112855018,-1,nan,nan,nan,nan
0.19950000000000001,0.048358028071323833,-0.032744948591981043,0.0078065397396713948,0.0211963282142964,-1,nan,nan,nan,nan
0.19975000000000001,0.048384128644972685,-0.032760456877096167,0.007811835883938259,0.021172895742305187,-1,nan,nan,nan,nan
0.20000000000000001,0.048410193921873311,-0.032775941546788215,0.0078171261875425481,0.021149509495298702,-1,nan,nan,nan,nan
0.20025000000000001,0.048436223661209525,-0.032791402383837709,0.0078224106386859081,0.02112607605493011,-1,nan,nan,nan,nan
0.20050000000000001,0.048462217622165175,-0.03280683917102515,0.0078276892255700128,0.021102595421186976,-1,nan,nan,nan,nan
0.20075000000000001,0.048488175563924089,-0.032822251691131087,0.0078329619363965014,0.02107906759405509,-1,nan,nan,nan,nan
0.20100000000000001,0.048514097245670081,-0.032837639726935999,0.0078382287593670406,0.021055492573555767,-1,nan,nan,nan,nan
0.20125000000000001,0.048539982426586983,-0.032853003061220423,0.0078434896826832801,0.02103187035966414,-1,nan,nan,nan,nan
0.20150000000000001,0.048565830865858625,-0.03286834147676488,0.0078487446945468727,0.021008200952417511,-1,nan,nan,nan,nan
0.20175000000000001,0.048591642322668847,-0.03288365475634987,0.0078539937831594887,0.020984484351803445,-1,nan,nan,nan,nan
0.20200000000000001,0.048617416556201463,-0.032898942682755915,0.0078592369367227743,0.020960720557773982,-1,nan,nan,nan,nan
0.20225000000000001,0.048643153325640294,-0.032914205038763543,0.0078644741434383755,0.020936909570391293,-1,nan,nan,nan,nan
0.20250000000000001,0.048668852390169187,-0.032929441607153248,0.0078697053915079695,0.020913051389634063,-1,nan,nan,nan,nan
0.20275000000000001,0.048694513508971957,-0.032944652170705573,0.007874930669133192,0.020889146015500515,-1,nan,nan,nan,nan
0.20300000000000001,0.048720136441232437,-0.032959836512200996,0.0078801499645157203,0.020865193447987096,-1,nan,nan,nan,nan
0.20325000000000001,0.048745720946134455,-0.032974994414420082,0.0078853632658571864,0.020841193687095583,-1,nan,nan,nan,nan
0.20350000000000001,0.048771266782861845,-0.03299012566014331,0.0078905705613592676,0.020817140507334742,-1,nan,nan,nan,nan
0.20375000000000001,0.048796773711362429,-0.033005230039140722,0.0078957718361108535,0.020791601749634125,-1,nan,nan,nan,nan
0.20400000000000001,0.048822241797640768,-0.033020309073172598,0.0079009663622340853,0.020763876655047753,-1,nan,nan,nan,nan
0.20425000000000001,0.048847671477725521,-0.033035363928848767,0.0079061537744383771,0.020735960910554851,-1,nan,nan,nan,nan
0.20450000000000002,0.048873063131742958,-0.033050394446364234,0.007911334342689362,0.02070912502862754,-1,nan,nan,nan,nan
0.20475000000000002,0.048898417139819364,-0.033065400465913983,0.0079165083369526906,0.020683369009267594,-1,nan,nan,nan,nan
0.20500000000000002,0.048923733882081002,-0.03308038182769301,0.0079216760271939961,0.020658692852482119,-1,nan,nan,nan,nan
0.20525000000000002,0.048949013738654165,-0.0330953383718963,0.0079268376833789324,0.020635096558272892,-1,nan,nan,nan,nan
0.20550000000000002,0.048974257089665116,-0.03311026993871885,0.0079319935754731327,0.02061258012663103,-1,nan,nan,nan,nan
0.20575000000000002,0.048999464315240139,-0.033125176368355644,0.0079371439734422476,0.020591143557547653,-1,nan,nan,nan,nan
0.20600000000000002,0.049024635795505499,-0.033140057501001685,0.0079422891472519068,0.020570786851047629,-1,nan,nan,nan,nan
0.20625000000000002,0.049049771910587479,-0.033154913176851937,0.0079474293668677712,0.02055151000713451,-1,nan,nan,nan,nan
0.20650000000000002,0.049074873040612366,-0.033169743236101418,0.007952564902255474,0.020533313025767441,-1,nan,nan,nan,nan
0.20675000000000002,0.049099939565706414,-0.033184547518945104,0.0079576960233806553,0.020516195906969514,-1,nan,nan,nan,nan
0.20700000000000002,0.049124971865995917,-0.033199325865578,0.0079628230002089587,0.020500158650751388,-1,nan,nan,nan,nan
0.20725000000000002,0.049149970321607138,-0.033214078116195075,0.0079679461027060312,0.020485201257102403,-1,nan,nan,nan,nan
0.20750000000000002,0.049174935312666361,-0.033228804110991342,0.0079730656008375096,0.020471323726033219,-1,nan,nan,nan,nan
0.20775000000000002,0.049199867219299864,-0.033243503690161769,0.0079781817645690478,0.02045852605751719,-1,nan,nan,nan,nan
0.20800000000000002,0.049224766421633911,-0.033258176693901374,0.0079832948638662686,0.020445849312322295,-1,nan,nan,nan,nan
0.20824999999999999,0.049249631524641985,-0.033272822146191566,0.0079884046892252092,0.020428973443095799,-1,nan,nan,nan,nan
0.20849999999999999,0.049274455501352565,-0.033287436800176935,0.0079935093505878151,0.020408260330290418,-1,nan,nan,nan,nan
0.20874999999999999,0.049299239007534211,-0.033302021368753501,0.007998608819390355,0.020387945459344081,-1,nan,nan,nan,nan
0.20899999999999999,0.049323983690099368,-0.033316577043464392,0.0080037033233174883,0.020368541326984513,-1,nan,nan,nan,nan
0.20924999999999999,0.049348691195960449,-0.033331105015852756,0.0080087930900538465,0.020350047933181514,-1,nan,nan,nan,nan
0.20949999999999999,0.049373363172029887,-0.03334560647746173,0.0080138783472840786,0.020332465277974165,-1,nan,nan,nan,nan
0.20974999999999999,0.049398001265220107,-0.03336008261983444,0.0080189593226928334,0.020315793361355361,-1,nan,nan,nan,nan
0.20999999999999999,0.049422607122443535,-0.033374534634514022,0.0080240362439647564,0.020300032183303784,-1,nan,nan,nan,nan
0.21024999999999999,0.04944718239061259,-0.033388963713043618,0.0080291093387844861,0.020285181743844305,-1,nan,nan,nan,nan
0.21049999999999999,0.049471728716639712,-0.033403371046966356,0.0080341788348366784,0.020271242042969817,-1,nan,nan,nan,nan
0.21074999999999999,0.049496247747437327,-0.033417757827825384,0.0080392449598059718,0.020258213080673215,-1,nan,nan,nan,nan
0.21099999999999999,0.049520741129917854,-0.033432125247163824,0.0080443079413770151,0.020246094856965158,-1,nan,nan,nan,nan
0.21124999999999999,0.049545210510993719,-0.033446474496524811,0.0080493680072344538,0.020234887371831434,-1,nan,nan,nan,nan
0.21149999999999999,0.049569657537577354,-0.033460806767451494,0.0080544253850629299,0.020224590625279149,-1,nan,nan,nan,nan
0.21174999999999999,0.049594083856581185,-0.033475123251487,0.0080594803025470924,0.020215204617333171,-1,nan,nan,nan,nan
0.21199999999999999,0.049618491114917646,-0.033489425140174452,0.0080645329873715969,0.020206729347950869,-1,nan,nan,nan,nan
0.21224999999999999,0.049642880959499147,-0.033503713625057011,0.0080695836672210683,0.020199164817142901,-1,nan,nan,nan,nan
0.21249999999999999,0.049667255037238137,-0.033517989897677798,0.0080746325697801692,0.020192677341718479,-1,nan,nan,nan,nan
0.21274999999999999,0.049691611200626873,-0.033532251188843017,0.0080796800058919281,0.020186828087368269,-1,nan,nan,nan,nan
0.21299999999999999,0.049715945264867695,-0.033546493297219988,0.0080847259838238532,0.020180434393974878,-1,nan,nan,nan,nan
0.21325,0.049740257001917344,-0.033560716555739514,0.008089770223088915,0.020172917759339271,-1,nan,nan,nan,nan
0.2135,0.049764546194698542,-0.033574921309291496,0.008094812442703523,0.020164277190307445,-1,nan,nan,nan,nan
0.21375,0.04978881262613398,-0.033589107902765841,0.0080998523616840692,0.020154512686868742,-1,nan,nan,nan,nan
0.214,0.049813056079146364,-0.033603276681052452,0.0081048896990469563,0.02014362424903382,-1,nan,nan,nan,nan
0.21425,0.049837276336658416,-0.033617427989041243,0.0081099241738085866,0.020131611876799127,-1,nan,nan,nan,nan
0.2145,0.049861473181592834,-0.033631562171622123,0.0081149555049853557,0.02011847557017532,-1,nan,nan,nan,nan
0.21475,0.049885646396872332,-0.033645679573684986,0.0081199834115936731,0.0201042153291624,-1,nan,nan,nan,nan
0.215,0.049909795765419609,-0.033659780540119734,0.0081250076126499378,0.020088831153728393,10,0.21500000000000002,0.0081250076126499378,0.020088831153728389,-0.020088831153728389
0.21525,0.049933921070157372,-0.033673865415816295,0.0081300278271705384,0.020072323043901719,-1,nan,nan,nan,nan
0.2155,0.049958022094008334,-0.033687934545664558,0.0081350437741718878,0.020054690999685931,-1,nan,nan,nan,nan
0.21575,0.0499820986198952,-0.033701988274554437,0.0081400551726703817,0.020035935021059714,-1,nan,nan,nan,nan
0.216,0.050006150430740672,-0.033716026947375834,0.0081450617416824189,0.020016055108047937,-1,nan,nan,nan,nan
0.21625,0.050030177309467468,-0.033730050909018656,0.0081500632002244056,0.019995051260629282,-1,nan,nan,nan,nan
0.2165,0.050054179038998281,-0.033744060504372814,0.0081550592673127337,0.019972923478821514,-1,nan,nan,nan,nan
0.21675,0.050078155402255839,-0.033758056078328207,0.0081600496619638162,0.019949738940784556,-1,nan,nan,nan,nan
0.217,0.050102106246194343,-0.033772037972628094,0.0081650341367831246,0.019928303153907478,-1,nan,nan,nan,nan
0.21725,0.050126033894193955,-0.033786006267112416,0.0081700138135407697,0.019910358096083769,-1,nan,nan,nan,nan
0.2175,0.050149939341891943,-0.033799960710229608,0.0081749893158311673,0.019893554561633664,-1,nan,nan,nan,nan
0.21775,0.050173822230764838,-0.033813901049121665,0.0081799605908215861,0.019876539696191742,-1,nan,nan,nan,nan
0.218,0.050197682202289123,-0.033827827030930596,0.0081849275856792636,0.019859313499708264,-1,nan,nan,nan,nan
0.21825,0.050221518897941284,-0.033841738402798402,0.0081898902475714408,0.019841875972218759,-1,nan,nan,nan,nan
0.2185,0.05024533195919783,-0.033855634911867084,0.0081948485236653726,0.019824227113726778,-1,nan,nan,nan,nan
0.21875,0.050269121027535252,-0.033869516305278645,0.0081998023611283034,0.019806366924225216,-1,nan,nan,nan,nan
0.219,0.050292885744430041,-0.033883382330175071,0.0082047517071274847,0.019788295403714073,-1,nan,nan,nan,nan
0.21925,0.050316625751358694,-0.033897232733698372,0.008209696508830161,0.019770012552189797,-1,nan,nan,nan,nan
0.2195,0.050340340689797716,-0.033911067262990556,0.0082146367134035801,0.019751518369659493,-1,nan,nan,nan,nan
0.21975,0.05036403020122359,-0.03392488566519361,0.0082195722680149901,0.019732812856112503,-1,nan,nan,nan,nan
0.22,0.050387693927112814,-0.033938687687449544,0.0082245031198316353,0.019713896011552379,-1,nan,nan,nan,nan
0.22025,0.050411331508941892,-0.033952473076900358,0.0082294292160207672,0.019694767835996885,-1,nan,nan,nan,nan
0.2205,0.050434942588187301,-0.033966241580688034,0.0082343505037496337,0.01967542832943181,-1,nan,nan,nan,nan
0.22075,0.050458526806325558,-0.033979992945954593,0.0082392669301854828,0.019655877491850049,-1,nan,nan,nan,nan
0.221,0.050482083804833149,-0.033993726919842031,0.0082441784424955589,0.019636115323255154,-1,nan,nan,nan,nan
0.22125,0.050505613225186562,-0.034007443249492342,0.0082490849878471099,0.01961619732739095,-1,nan,nan,nan,nan
0.2215,0.050529114895815783,-0.034021141813497274,0.0082539865411592542,0.01959714286984493,-1,nan,nan,nan,nan
0.22175,0.050552591891013292,-0.034034824772449228,0.008258883559282032,0.019579279720300491,-1,nan,nan,nan,nan
0.222,0.050576045140822937,-0.034048492778784127,0.0082637761810194048,0.019561590625450265,-1,nan,nan,nan,nan
0.22225,0.050599474291190792,-0.034062145582001276,0.0082686643545947583,0.019543694424200453,-1,nan,nan,nan,nan
0.2225,0.050622878988062947,-0.034075782931599935,0.008273548028231506,0.019525591116551055,-1,nan,nan,nan,nan
0.22275,0.050646258877385442,-0.034089404577079374,0.0082784271501530338,0.019507280702455887,-1,nan,nan,nan,nan
0.223,0.050669613605104358,-0.034103010267938889,0.0082833016685827342,0.019488763181939817,-1,nan,nan,nan,nan
0.22325,0.050692942817165756,-0.03411659975367775,0.0082881715317440034,0.019470038555020608,-1,nan,nan,nan,nan
0.2235,0.05071624615951572,-0.03413017278379523,0.0082930366878602446,0.019451106821701813,-1,nan,nan,nan,nan
0.22375,0.050739523278100308,-0.0341437291077906,0.0082978970851548539,0.019431967981940801,-1,nan,nan,nan,nan
0.224,0.050762773818865591,-0.034157268475163163,0.0083027526718512136,0.019412622035773097,-1,nan,nan,nan,nan
0.22425,0.050785997427757641,-0.03417079063541216,0.0083076033961727407,0.019393068983191597,-1,nan,nan,nan,nan
0.22450000000000001,0.050809193750722514,-0.034184295338036894,0.0083124492063428104,0.019373308824192748,-1,nan,nan,nan,nan
0.22475000000000001,0.050832362433706299,-0.034197782332536626,0.0083172900505848364,0.019353341558794313,-1,nan,nan,nan,nan
0.22500000000000001,0.050855503122655056,-0.03421125136841064,0.0083221258771222079,0.019333167186953659,-1,nan,nan,nan,nan
0.22525000000000001,0.050878615463514854,-0.034224702195158226,0.008326956634178314,0.019312785708709868,-1,nan,nan,nan,nan
0.22550000000000001,0.050901699102231759,-0.034238134562278637,0.0083317822699765613,0.019292197124048727,-1,nan,nan,nan,nan
0.22575000000000001,0.050924753684751835,-0.034251548219271157,0.0083366027327403391,0.019271443130151056,-1,nan,nan,nan,nan
0.22600000000000001,0.050947778999058509,-0.034264943015975234,0.0083414179915416373,0.019251519025154096,-1,nan,nan,nan,nan
0.22625000000000001,0.050970778080638802,-0.03427832109613297,0.0083462284922529162,0.019232807069357705,-1,nan,nan,nan,nan
0.22650000000000001,0.050993752016625329,-0.034291683226472698,0.0083510343950763156,0.019214313766038771,-1,nan,nan,nan,nan
0.22675000000000001,0.051016700455798654,-0.034305029157526784,0.0083558356491359349,0.01919561695907035,-1,nan,nan,nan,nan
0.22700000000000001,0.051039623046939354,-0.034318358639827649,0.0083606322035558525,0.019176716648459546,-1,nan,nan,nan,nan
0.22725000000000001,0.051062519438827982,-0.034331671423907653,0.0083654240074601642,0.019157612834234783,-1,nan,nan,nan,nan
0.22750000000000001,0.051085389280245128,-0.034344967260299189,0.0083702110099729693,0.019138305516385401,-1,nan,nan,nan,nan
0.22775000000000001,0.051108232219971343,-0.03435824589953463,0.0083749931602183567,0.019118794694893637,-1,nan,nan,nan,nan
0.22800000000000001,0.051131047906787207,-0.034371507092146376,0.0083797704073204152,0.019099080369752386,-1,nan,nan,nan,nan
0.22825000000000001,0.051153835989473276,-0.034384750588666808,0.0083845427004032337,0.019079162540997174,-1,nan,nan,nan,nan
0.22850000000000001,0.051176596116810136,-0.034397976139628306,0.008389309988590915,0.019059041208606686,-1,nan,nan,nan,nan
0.22875000000000001,0.051199327937578344,-0.034411183495563269,0.0083940722210075376,0.019038716372588027,-1,nan,nan,nan,nan
0.22900000000000001,0.051222031100558479,-0.034424372407004064,0.0083988293467772077,0.019018188032948302,-1,nan,nan,nan,nan
0.22925000000000001,0.051244705254531106,-0.034437542624483085,0.0084035813150240106,0.018997456189651984,-1,nan,nan,nan,nan
0.22950000000000001,0.051267350048276789,-0.034450693898532718,0.0084083280748720353,0.018976520842745259,-1,nan,nan,nan,nan
0.22975000000000001,0.051289965130576105,-0.034463825979685336,0.0084130695754453845,0.018955381992203257,-1,nan,nan,nan,nan
0.23000000000000001,0.051312550150209614,-0.034476938618473341,0.0084178057658681367,0.018934039638008215,-1,nan,nan,nan,nan
0.23025000000000001,0.051335104755957893,-0.034490031565429118,0.0084225365952643877,0.018912497398090977,-1,nan,nan,nan,nan
0.23050000000000001,0.051357628609087873,-0.034503104579953509,0.0084272620145671821,0.018891583999113948,-1,nan,nan,nan,nan
0.23075000000000001,0.051380124217815598,-0.03451615944328771,0.0084319823872639442,0.018871930454931629,-1,nan,nan,nan,nan
0.23100000000000001,0.051402593417941685,-0.034529197458352388,0.0084366979797946481,0.01885270953802376,-1,nan,nan,nan,nan
0.23125000000000001,0.051425035859600711,-0.034542218375534797,0.0084414087420329569,0.018833288115772007,-1,nan,nan,nan,nan
0.23150000000000001,0.051447451192927235,-0.034555221945222168,0.0084461146238525332,0.018813666188147948,-1,nan,nan,nan,nan
0.23175000000000001,0.051469839068055787,-0.034568207917801727,0.0084508155751270297,0.018793843755144479,-1,nan,nan,nan,nan
0.23200000000000001,0.051492199135120931,-0.034581176043660719,0.0084555115457301058,0.018773820816786468,-1,nan,nan,nan,nan
0.23225000000000001,0.051514531044257225,-0.034594126073186376,0.0084602024855354244,0.018753597373070363,-1,nan,nan,nan,nan
0.23250000000000001,0.051536834445599214,-0.034607057756765931,0.0084648883444166413,0.018733173423985505,-1,nan,nan,nan,nan
0.23275000000000001,0.051559108989281448,-0.034619970844786616,0.0084695690722474161,0.018712548969535447,-1,nan,nan,nan,nan
0.23300000000000001,0.051581354325438492,-0.034632865087635675,0.0084742446189014081,0.01869172400972019,-1,nan,nan,nan,nan
0.23325000000000001,0.051603570104204896,-0.034645740235700342,0.0084789149342522768,0.018670698544539732,-1,nan,nan,nan,nan
0.23350000000000001,0.051625755975715198,-0.034658596039367842,0.0084835799681736782,0.018649472574004733,-1,nan,nan,nan,nan
0.23375000000000001,0.051647911590103977,-0.03467143224902542,0.0084882396705392785,0.018628046098097428,-1,nan,nan,nan,nan
0.23400000000000001,0.051670036597505763,-0.034684248615060309,0.0084928939912227268,0.01860641911680716,-1,nan,nan,nan,nan
0.23425000000000001,0.051692130648055119,-0.034697044887859754,0.0084975428800976825,0.018584591630169456,-1,nan,nan,nan,nan
0.23450000000000001,0.051714193391886598,-0.034709820817810974,0.008502186287037812,0.01856256363817721,-1,nan,nan,nan,nan
0.23475000000000001,0.051736224479134743,-0.034722576155301201,0.0085068241619167713,0.018540335140809105,-1,nan,nan,nan,nan
0.23500000000000001,0.051758223559934119,-0.034735310650717686,0.0085114564546082162,0.018518345421533411,11,0.23499999999999999,0.0085114564546082162,0.018518345421533411,-0.018518345421533411
0.23525000000000001,0.051780191822906635,-0.034748025153651559,0.0085160833346275382,0.018497592759949555,-1,nan,nan,nan,nan
0.23550000000000001,0.051802132412049236,-0.034760721910072852,0.008520705250988192,0.018477677575852169,-1,nan,nan,nan,nan
0.23575000000000002,0.051824045112042076,-0.034773400765211147,0.0085253221734154644,0.018457602849444754,-1,nan,nan,nan,nan
0.23600000000000002,0.051845929572886681,-0.034786061468060854,0.0085299340524129137,0.018437330137338392,-1,nan,nan,nan,nan
0.23625000000000002,0.051867785444584633,-0.034798703767616367,0.008534540838484133,0.018416859439518873,-1,nan,nan,nan,nan
0.23650000000000002,0.051889612377137448,-0.034811327412872101,0.0085391424821326736,0.018396190755954223,-1,nan,nan,nan,nan
0.23675000000000002,0.051911410020546687,-0.034823932152822465,0.0085437389338621113,0.018375324086676414,-1,nan,nan,nan,nan
0.23700000000000002,0.051933178024813891,-0.034836517736461868,0.0085483301441760112,0.018354259431692554,-1,nan,nan,nan,nan
0.23725000000000002,0.05195491603994061,-0.034849083912784698,0.0085529160635779561,0.018332996790991984,-1,nan,nan,nan,nan
0.23750000000000002,0.051976623715928393,-0.034861630430785377,0.0085574966425715077,0.018311536164564046,-1,nan,nan,nan,nan
0.23775000000000002,0.051998300702778777,-0.034874157039458301,0.0085620718316602382,0.018289877552426503,-1,nan,nan,nan,nan
0.23800000000000002,0.052019946650493316,-0.034886663487797877,0.0085666415813477198,0.01826802095455804,-1,nan,nan,nan,nan
0.23825000000000002,0.052041561209073557,-0.034899149524798521,0.0085712058421375178,0.018245966370962208,-1,nan,nan,nan,nan
0.23850000000000002,0.052063144028521031,-0.034911614899454629,0.008575764564533201,0.018223713801667429,-1,nan,nan,nan,nan
0.23875000000000002,0.052084694758837313,-0.034924059360760609,0.008580317699038352,0.018201263246655941,-1,nan,nan,nan,nan
0.23900000000000002,0.052106213050023928,-0.03493648265771087,0.0085848651961565291,0.018178614705913532,-1,nan,nan,nan,nan
0.23925000000000002,0.052127698552082422,-0.034948884539299806,0.0085894070063913079,0.018155768179468623,-1,nan,nan,nan,nan
0.23950000000000002,0.052149150915014361,-0.034961264754521833,0.0085939430802462642,0.018132812367955609,-1,nan,nan,nan,nan
0.23975000000000002,0.052170570104782765,-0.034973623279632195,0.0085984734125752853,0.018110827653721628,-1,nan,nan,nan,nan
0.23999999999999999,0.052191959618254673,-0.034985962630108419,0.0086029984940731268,0.018090045042775671,-1,nan,nan,nan,nan
0.24024999999999999,0.052213320239413531,-0.034998283369220187,0.008607518435096672,0.018069385161940232,-1,nan,nan,nan,nan
0.24049999999999999,0.052234651616634487,-0.035010585243326293,0.0086120331866540965,0.018048529313738015,-1,nan,nan,nan,nan
0.24074999999999999,0.05225595339829265,-0.035022867998785567,0.0086165426997535412,0.01802747749816902,-1,nan,nan,nan,nan
0.24099999999999999,0.052277225232763166,-0.035035131381956804,0.0086210469254031814,0.018006229715275879,-1,nan,nan,nan,nan
0.24124999999999999,0.052298466768421176,-0.035047375139198818,0.0086255458146111789,0.017984785965001748,-1,nan,nan,nan,nan
0.24149999999999999,0.052319677653641788,-0.035059599016870426,0.0086300393183856815,0.01796314624733597,-1,nan,nan,nan,nan
0.24174999999999999,0.052340857536800144,-0.035071802761330449,0.0086345273877348472,0.017941310562346047,-1,nan,nan,nan,nan
0.24199999999999999,0.05236200606627138,-0.03508398611893767,0.0086390099736668551,0.017919278910003555,-1,nan,nan,nan,nan
0.24224999999999999,0.052383122890430622,-0.035096148836050924,0.0086434870271898494,0.01789705129028718,-1,nan,nan,nan,nan
0.24249999999999999,0.05240420765765301,-0.035108290659029012,0.0086479584993119987,0.017874627703211132,-1,nan,nan,nan,nan
0.24274999999999999,0.052425260016313667,-0.035120411334230758,0.0086524243410414543,0.017852008148778964,-1,nan,nan,nan,nan
0.24299999999999999,0.052446279614787733,-0.035132510608014957,0.0086568845033863882,0.017829192627001333,-1,nan,nan,nan,nan
0.24324999999999999,0.052467266101450333,-0.035144588226740422,0.0086613389373549551,0.017806181137856925,-1,nan,nan,nan,nan
0.24349999999999999,0.052488219124676605,-0.035156643936765972,0.0086657875939553167,0.017782973681338632,-1,nan,nan,nan,nan
0.24374999999999999,0.052509138332841675,-0.035168677484450427,0.0086702304241956241,0.017759570257457113,-1,nan,nan,nan,nan
0.24399999999999999,0.052530023374320674,-0.035180688616152582,0.0086746673790840459,0.017735970866244344,-1,nan,nan,nan,nan
0.24424999999999999,0.052550873897488741,-0.035192677078231246,0.0086790984096287473,0.017712648311743351,-1,nan,nan,nan,nan
0.2445,0.0525716912663678,-0.035204643859887967,0.0086835237032399162,0.017690600844229465,-1,nan,nan,nan,nan
0.24475,0.05259247874847725,-0.035216591328375527,0.0086879437100508619,0.017669388548689824,-1,nan,nan,nan,nan
0.245,0.052613236105663347,-0.035228519310634823,0.0086923583975142618,0.017648013952239694,-1,nan,nan,nan,nan
0.24525,0.052633962983207702,-0.035240427549153741,0.0086967677170269805,0.017626444943200426,-1,nan,nan,nan,nan
0.2455,0.05265465902639193,-0.035252315786420206,0.0087011716199858619,0.017604681521522281,-1,nan,nan,nan,nan
0.24575,0.052675323880497602,-0.035264183764922116,0.0087055700577877426,0.017582723687230128,-1,nan,nan,nan,nan
0.246,0.052695957190806338,-0.035276031227147384,0.008709962981829477,0.01756057144033818,-1,nan,nan,nan,nan
0.24625,0.052716558602599745,-0.03528785791558392,0.0087143503435079123,0.017538224780828671,-1,nan,nan,nan,nan
0.2465,0.052737127761159408,-0.035299663572719624,0.0087187320942198922,0.017515683708726471,-1,nan,nan,nan,nan
0.24675,0.052757664311766948,-0.0353114479410424,0.0087231081853622744,0.017492948223988947,-1,nan,nan,nan,nan
0.247,0.052778167899703944,-0.035323210763040173,0.0087274785683318853,0.017470018326644521,-1,nan,nan,nan,nan
0.24725,0.052798638170252023,-0.03533495178120083,0.0087318431945255966,0.017446894016696746,-1,nan,nan,nan,nan
0.2475,0.052819074768692763,-0.035346670738012294,0.0087362020153402345,0.017423575294127858,-1,nan,nan,nan,nan
0.24775,0.052839477340307771,-0.03535836737596245,0.0087405549821726602,0.017400062158952068,-1,nan,nan,nan,nan
0.248,0.052859845530378653,-0.035370041437539232,0.0087449020464197107,0.017376354611172928,-1,nan,nan,nan,nan
0.24825,0.052880178984187017,-0.035381692665230523,0.0087492431594782469,0.017352452650783334,-1,nan,nan,nan,nan
0.2485,0.052900477347014453,-0.035393320801524249,0.0087535782727451023,0.017328356277758417,-1,nan,nan,nan,nan
0.24875,0.052920740264142563,-0.035404925588908308,0.0087579073376171275,0.01730407597771233,-1,nan,nan,nan,nan
0.249,0.052940967419711632,-0.035416506798243715,0.0087622303107339587,0.017280529386386689,-1,nan,nan,nan,nan
0.24925,0.052961161858246446,-0.035428066653625807,0.0087665476023103192,0.017258298450251175,-1,nan,nan,nan,nan
0.2495,0.052981325414526721,-0.035439606494608554,0.0087708594599590836,0.017236466145533313,-1,nan,nan,nan,nan
0.24975,0.053001457729201867,-0.035451126058435693,0.0087751658353830871,0.017214440652104201,-1,nan,nan,nan,nan
0.25,0.053021558442921279,-0.035462625082351006,0.0087794666802851369,0.01719222196993897,-1,nan,nan,nan,nan
0.25025000000000003,0.053041627196334359,-0.035474103303598244,0.0087837619463680579,0.017169810099098015,-1,nan,nan,nan,nan
0.2505,0.053061663630090523,-0.035485560459421153,0.0087880515853346851,0.017147205039520941,-1,nan,nan,nan,nan
0.25075000000000003,0.053081667384839153,-0.035496996287063515,0.008792335548887819,0.017124406791193536,-1,nan,nan,nan,nan
0.251,0.053101638101229656,-0.035508410523769095,0.0087966137887302807,0.017101415354151328,-1,nan,nan,nan,nan
0.25125000000000003,0.053121575419911429,-0.035519802906781639,0.0088008862565648951,0.017078230728415633,-1,nan,nan,nan,nan
0.2515,0.053141478981533881,-0.035531173173344907,0.0088051529040944869,0.017054852913940266,-1,nan,nan,nan,nan
0.25175000000000003,0.053161348426746406,-0.035542521060702673,0.0088094136830218668,0.017031281910764307,-1,nan,nan,nan,nan
0.252,0.053181183396198414,-0.035553846306098681,0.0088136685450498665,0.01700751771885578,-1,nan,nan,nan,nan
0.25225000000000003,0.053200983530539293,-0.035565148646776699,0.0088179174418812969,0.016983560338236003,-1,nan,nan,nan,nan
0.2525,0.053220748470418459,-0.035576427819980494,0.0088221603252189827,0.016959409768876554,-1,nan,nan,nan,nan
0.25275000000000003,0.053240477856485294,-0.035587683562953824,0.0088263971467657347,0.016935066010795197,-1,nan,nan,nan,nan
0.253,0.053260171329389212,-0.03559891561294045,0.0088306278582243811,0.016910529064023905,-1,nan,nan,nan,nan
0.25325000000000003,0.053279828529779617,-0.035610123707184124,0.0088348524112977465,0.016885798928516493,-1,nan,nan,nan,nan
0.2535,0.053299449098305897,-0.03562130758292862,0.0088390707576886385,0.016860938587214491,-1,nan,nan,nan,nan
0.25375000000000003,0.053319032958686501,-0.035632467197503792,0.0088432828805913542,0.016836845290448821,-1,nan,nan,nan,nan
0.254,0.053338583731180507,-0.035643605370512782,0.0088474891803338625,0.016813786828688393,-1,nan,nan,nan,nan
0.25425000000000003,0.05335810237470992,-0.035654722826698522,0.0088516897740056992,0.016790916245202681,-1,nan,nan,nan,nan
0.2545,0.053377588573558121,-0.035665819296645196,0.0088558846384564627,0.016767953060156771,-1,nan,nan,nan,nan
0.25475000000000003,0.053397042012008511,-0.035676894510936953,0.0088600737505357789,0.016744897273596848,-1,nan,nan,nan,nan
0.255,0.053416462374344498,-0.035687948200157978,0.0088642570870932601,0.016721748885490939,12,0.255,0.0088642570870932601,0.016721748885490939,-0.016721748885490939
0.25525000000000003,0.05343584934484949,-0.035698980094892439,0.0088684346249785252,0.016698507895849701,-1,nan,nan,nan,nan
0.2555,0.053455202607806861,-0.035709989925724495,0.008872606341041183,0.016675174304658924,-1,nan,nan,nan,nan
0.25575000000000003,0.053474521847500046,-0.035720977423238334,0.0088767722121308561,0.016651748111929265,-1,nan,nan,nan,nan
0.25600000000000001,0.053493806748212414,-0.035731942318018121,0.0088809322150971461,0.016628229317646515,-1,nan,nan,nan,nan
0.25624999999999998,0.053513056994227391,-0.035742884340648033,0.008885086326789679,0.016604617921831988,-1,nan,nan,nan,nan
0.25650000000000001,0.053532272269828374,-0.035753803221712246,0.0088892345240580636,0.016580913924489238,-1,nan,nan,nan,nan
0.25674999999999998,0.053551452259298749,-0.035764698691794904,0.0088933767837519224,0.016557117325596948,-1,nan,nan,nan,nan
0.25700000000000001,0.053570596646921931,-0.035775570481480203,0.0088975130827208641,0.016533228125172883,-1,nan,nan,nan,nan
0.25724999999999998,0.053589705116981322,-0.035786418321352306,0.0089016433978145078,0.016509246323199278,-1,nan,nan,nan,nan
0.25750000000000001,0.053608777353760316,-0.035797241941995385,0.0089057677058824655,0.016485171919693897,-1,nan,nan,nan,nan
0.25774999999999998,0.053627813041542322,-0.035808041073993616,0.008909885983774353,0.01646100491464253,-1,nan,nan,nan,nan
0.25800000000000001,0.05364681186461074,-0.035818815447931161,0.0089139982083397892,0.016436745308045175,-1,nan,nan,nan,nan
0.25824999999999998,0.053665773507248951,-0.035829564794392206,0.0089181043564283725,0.016411913490443908,-1,nan,nan,nan,nan
0.25850000000000001,0.053684697096474034,-0.035840288766304011,0.0089222041650850112,0.016382494970933692,-1,nan,nan,nan,nan
0.25874999999999998,0.053703577879838364,-0.035850986672010685,0.0089262956039138398,0.016348948798135865,-1,nan,nan,nan,nan
0.25900000000000001,0.053722416170797808,-0.035861658891829649,0.0089303786394840795,0.016316386767634583,-1,nan,nan,nan,nan
0.25924999999999998,0.053741213622920579,-0.035872306028325265,0.0089344537972976569,0.016285926744867396,-1,nan,nan,nan,nan
0.25950000000000001,0.053759971889774945,-0.03588292868406192,0.0089385216028565126,0.016257568729823646,-1,nan,nan,nan,nan
0.25974999999999998,0.053778692624929104,-0.035893527461603965,0.0089425825816625698,0.016231312722521096,-1,nan,nan,nan,nan
0.26000000000000001,0.053797377481951326,-0.035904102963515781,0.0089466372592177726,0.016207158722934878,-1,nan,nan,nan,nan
0.26024999999999998,0.053816028114409817,-0.035914655792361742,0.0089506861610240372,0.016185106731075649,-1,nan,nan,nan,nan
0.26050000000000001,0.053834646175872858,-0.035925186550706235,0.0089547298125833112,0.016165156746968279,-1,nan,nan,nan,nan
0.26074999999999998,0.053853233319908642,-0.035935695841113599,0.0089587687393975213,0.016147308770595004,-1,nan,nan,nan,nan
0.26100000000000001,0.053871791200085443,-0.035946184266148228,0.008962803466968608,0.016131562801941612,-1,nan,nan,nan,nan
0.26124999999999998,0.053890321469971469,-0.035956652428374487,0.0089668345207984911,0.016117918840997447,-1,nan,nan,nan,nan
0.26150000000000001,0.053908825783134981,-0.035967100930356766,0.0089708624263891076,0.016106376887819351,-1,nan,nan,nan,nan
0.26174999999999998,0.053927305793144212,-0.035977530374659408,0.0089748877092424018,0.016096936942357587,-1,nan,nan,nan,nan
0.26200000000000001,0.053945763153567382,-0.035987941363846809,0.0089789108948602862,0.016089599004615707,-1,nan,nan,nan,nan
0.26224999999999998,0.053964199517972752,-0.035998334500483335,0.0089829325087447086,0.01608436307461858,-1,nan,nan,nan,nan
0.26250000000000001,0.053982616539928543,-0.036008710387133352,0.0089869530763975955,0.016081229152344889,-1,nan,nan,nan,nan
0.26274999999999998,0.054001015873003003,-0.036019069626361241,0.0089909731233208806,0.016080197237812399,-1,nan,nan,nan,nan
0.26300000000000001,0.054019399170764371,-0.036029412820731369,0.008994993175016501,0.016081072959405418,-1,nan,nan,nan,nan
0.26324999999999998,0.054037767136854667,-0.036039739817253502,0.0089990136598005824,0.016081231748973579,-1,nan,nan,nan,nan
0.26350000000000001,0.054056110851381352,-0.036050043269599374,0.0090030337908909887,0.016078722989345096,-1,nan,nan,nan,nan
0.26374999999999998,0.054074428224711223,-0.036060322182120713,0.0090070530212952547,0.016074485395492388,-1,nan,nan,nan,nan
0.26400000000000001,0.054092719891062548,-0.036070577823885078,0.0090110710335887349,0.016068978103056963,-1,nan,nan,nan,nan
0.26424999999999998,0.054110986484653553,-0.036080811463959986,0.0090150875103467837,0.016062201112035268,-1,nan,nan,nan,nan
0.26450000000000001,0.054129228639702522,-0.036091024371413018,0.0090191021341447519,0.016054154422427303,-1,nan,nan,nan,nan
0.26474999999999999,0.054147446990427665,-0.03610121781531167,0.0090231145875579975,0.016044838034233067,-1,nan,nan,nan,nan
0.26500000000000001,0.054165642171047267,-0.036111393064723531,0.009027124553161868,0.016034251947441902,-1,nan,nan,nan,nan
0.26524999999999999,0.054183814815779552,-0.036121551388716117,0.0090311317135317176,0.016022396162071573,-1,nan,nan,nan,nan
0.26550000000000001,0.054201965558842782,-0.036131694056356974,0.0090351357512429044,0.016009270678129184,-1,nan,nan,nan,nan
0.26574999999999999,0.054220095034455212,-0.036141822336713647,0.0090391363488707827,0.015994875495596972,-1,nan,nan,nan,nan
0.26600000000000001,0.054238203876835089,-0.036151937498853683,0.0090431331889907034,0.01597921061447849,-1,nan,nan,nan,nan
0.26624999999999999,0.054256292720200654,-0.036162040811844612,0.0090471259541780209,0.015962276034766631,-1,nan,nan,nan,nan
0.26650000000000001,0.05427436219877016,-0.036172133544753987,0.0090511143270080863,0.015944071756468503,-1,nan,nan,nan,nan
0.26674999999999999,0.054292412946761869,-0.036182216966649361,0.0090550979900562538,0.015924597779598315,-1,nan,nan,nan,nan
0.26700000000000002,0.054310445598394028,-0.036192292346598258,0.0090590766258978848,0.015903854104131199,-1,nan,nan,nan,nan
0.26724999999999999,0.05432846078788487,-0.036202360953668231,0.0090630499171083199,0.015881840730077812,-1,nan,nan,nan,nan
0.26750000000000002,0.054346459149452658,-0.03621242405692681,0.0090670175462629239,0.015858557657463024,-1,nan,nan,nan,nan
0.26774999999999999,0.054364441317315645,-0.036222482925441543,0.0090709791959370512,0.015834120716913702,-1,nan,nan,nan,nan
0.26800000000000002,0.05438240790175778,-0.036232538688515017,0.0090749346066213814,0.01581192300626455,-1,nan,nan,nan,nan
0.26824999999999999,0.054400358604412148,-0.03624258828953178,0.0090788851574401842,0.015793826935698974,-1,nan,nan,nan,nan
0.26850000000000002,0.054418292810493568,-0.036252629770315105,0.0090828315200892316,0.015776990781183997,-1,nan,nan,nan,nan
0.26874999999999999,0.054436210104813275,-0.036262662799151725,0.0090867736528307749,0.015759987675643572,-1,nan,nan,nan,nan
0.26900000000000002,0.054454110072182482,-0.036272687044328372,0.009090711513927055,0.01574281761910612,-1,nan,nan,nan,nan
0.26924999999999999,0.054471992297412432,-0.036282702174131778,0.0090946450616403267,0.015725480611543219,-1,nan,nan,nan,nan
0.26950000000000002,0.054489856365314351,-0.036292707856848697,0.0090985742542328274,0.015707976652961975,-1,nan,nan,nan,nan
0.26974999999999999,0.054507701860699469,-0.036302703760765852,0.0091024990499668085,0.015690305743373045,-1,nan,nan,nan,nan
0.27000000000000002,0.054525528368379025,-0.036312689554169997,0.0091064194071045143,0.015672467882755114,-1,nan,nan,nan,nan
0.27024999999999999,0.054543335473164235,-0.036322664905347864,0.0091103352839081858,0.015654463071111735,-1,nan,nan,nan,nan
0.27050000000000002,0.05456112275986634,-0.036332629482586198,0.0091142466386400708,0.015636291308478434,-1,nan,nan,nan,nan
0.27074999999999999,0.054578889813296567,-0.036342582954171719,0.0091181534295624242,0.015617952594819684,-1,nan,nan,nan,nan
0.27100000000000002,0.054596636218266145,-0.036352524988391186,0.0091220556149374799,0.015599446930135485,-1,nan,nan,nan,nan
0.27124999999999999,0.054614361559586308,-0.036362455253531323,0.0091259531530274926,0.015580774314436496,-1,nan,nan,nan,nan
0.27150000000000002,0.054632065422068277,-0.036372373417878877,0.0091298460020946999,0.015561934747722717,-1,nan,nan,nan,nan
0.27174999999999999,0.054649747390523286,-0.03638227914972058,0.0091337341204013531,0.015542928230004804,-1,nan,nan,nan,nan
0.27200000000000002,0.054667407049762584,-0.036392172117343177,0.0091376174662097034,0.015523754761257891,-1,nan,nan,nan,nan
0.27224999999999999,0.054685043984597372,-0.036402051989033408,0.0091414959977819815,0.015504414341478423,-1,nan,nan,nan,nan
0.27250000000000002,0.054702657779838897,-0.036411918433078005,0.0091453696733804456,0.015484906970741008,-1,nan,nan,nan,nan
0.27274999999999999,0.054720248020298394,-0.036421771117763693,0.0091492384512673504,0.015465732559224676,-1,nan,nan,nan,nan
0.27300000000000002,0.05473781698731197,-0.036431611907991851,0.0091531025396600595,0.015447509667307457,-1,nan,nan,nan,nan
0.27324999999999999,0.054755367475455265,-0.036441443063253261,0.009156962206101002,0.015429776440740284,-1,nan,nan,nan,nan
0.27350000000000002,0.054772899075906607,-0.036451264220145746,0.0091608174278804307,0.015411951282924718,-1,nan,nan,nan,nan
0.27374999999999999,0.054790411373886079,-0.036461075010401155,0.0091646681817424622,0.015394033101618021,-1,nan,nan,nan,nan
0.27400000000000002,0.054807903954613775,-0.036470875065751293,0.0091685144444312409,0.015376021896909009,-1,nan,nan,nan,nan
0.27424999999999999,0.054825376403309797,-0.036480664017927968,0.0091723561926909149,0.015357917668744392,-1,nan,nan,nan,nan
0.27450000000000002,0.054842828305194241,-0.036490441498663012,0.0091761934032656145,0.015339720417113512,-1,nan,nan,nan,nan
0.27474999999999999,0.054860259245487181,-0.03650020713968824,0.0091800260528994704,0.015321430142037684,-1,nan,nan,nan,nan
0.27500000000000002,0.054877668809408739,-0.036509960572735471,0.0091838541183366339,0.015303046843520463,13,0.27500000000000002,0.0091838541183366339,0.015303046843520463,-0.015303046843520463
0.27524999999999999,0.054895056582178983,-0.036519701429536526,0.0091876775763212286,0.015284570521536978,-1,nan,nan,nan,nan
0.27550000000000002,0.054912422149018029,-0.036529429341823225,0.0091914964035974024,0.015266001176115651,-1,nan,nan,nan,nan
0.27575,0.054929765095145945,-0.036539143941327373,0.0091953105769092859,0.015247338807228061,-1,nan,nan,nan,nan
0.27600000000000002,0.054947085005782839,-0.036548844859780806,0.0091991200730010166,0.015228583414913288,-1,nan,nan,nan,nan
0.27625,0.054964381466148807,-0.036558531728915322,0.0092029248686167422,0.015209734999153568,-1,nan,nan,nan,nan
0.27650000000000002,0.05498165406146395,-0.036568204180462763,0.0092067249405005935,0.015190793559924032,-1,nan,nan,nan,nan
0.27675,0.054998902376948336,-0.036577861846154927,0.0092105202653967044,0.015171759097245996,-1,nan,nan,nan,nan
0.27700000000000002,0.055016125997822081,-0.036587504357723649,0.0092143108200492159,0.015152631611123013,-1,nan,nan,nan,nan
0.27725,0.05503332450930528,-0.036597131346900749,0.0092180965812022654,0.015133411101555083,-1,nan,nan,nan,nan
0.27750000000000002,0.055050497496618007,-0.03660674244541802,0.0092218775255999939,0.01511424075463097,-1,nan,nan,nan,nan
0.27775,0.055067645569191873,-0.036616338166032714,0.0092256537015795795,0.015095752623821568,-1,nan,nan,nan,nan
0.27800000000000002,0.0550847728300011,-0.036625922026177288,0.009229425401911906,0.01507787903107527,-1,nan,nan,nan,nan
0.27825,0.055101879396611375,-0.036635494114421144,0.0092331926410951157,0.015059988713701955,-1,nan,nan,nan,nan
0.27850000000000003,0.055118964851901091,-0.036645054059363573,0.0092369553962687589,0.015042006954530507,-1,nan,nan,nan,nan
0.27875,0.055136028778748611,-0.036654601489603852,0.0092407136445723792,0.015023933753539609,-1,nan,nan,nan,nan
0.27900000000000003,0.055153070760032299,-0.036664136033741239,0.0092444673631455303,0.015005769110757683,-1,nan,nan,nan,nan
0.27925,0.055170090378630521,-0.03667365732037501,0.0092482165291277556,0.014987513026166965,-1,nan,nan,nan,nan
0.27950000000000003,0.05518708721742166,-0.036683164978104428,0.0092519611196586159,0.01496916549978522,-1,nan,nan,nan,nan
0.27975,0.055204060859284081,-0.036692658635528785,0.0092557011118776476,0.014950726531562708,-1,nan,nan,nan,nan
0.28000000000000003,0.055221010887096141,-0.036702137921247345,0.0092594364829243977,0.01493219612153851,-1,nan,nan,nan,nan
0.28025,0.055237936883736218,-0.036711602463859384,0.0092631672099384166,0.014913574269733942,-1,nan,nan,nan,nan
0.28050000000000003,0.05525483843208269,-0.03672105189196416,0.0092668932700592649,0.01489486097611703,-1,nan,nan,nan,nan
0.28075,0.055271715115013907,-0.036730485834160956,0.0092706146404264757,0.014876056240673563,-1,nan,nan,nan,nan
0.28100000000000003,0.055288566515408248,-0.036739903919049043,0.0092743312981796028,0.014857160063435515,-1,nan,nan,nan,nan
0.28125,0.055305392216144084,-0.036749305775227697,0.0092780432204581931,0.014838172444395781,-1,nan,nan,nan,nan
0.28150000000000003,0.055322191800099792,-0.036758691031296191,0.0092817503844018004,0.014819093383540149,-1,nan,nan,nan,nan
0.28175,0.055338964850153716,-0.036768059315853793,0.0092854527671499612,0.014799922880875727,-1,nan,nan,nan,nan
0.28200000000000003,0.055355710949184248,-0.036777410257499768,0.0092891503458422398,0.014780660936430934,-1,nan,nan,nan,nan
0.28225,0.055372429680069744,-0.036786743484833392,0.009292843097618176,0.014761311462667237,-1,nan,nan,nan,nan
0.28250000000000003,0.055389120655235664,-0.036796058652088515,0.0092965310015735748,0.014742364293656607,-1,nan,nan,nan,nan
0.28275,0.055405787152925705,-0.036805358593395697,0.0093002142797650039,0.014724156837900182,-1,nan,nan,nan,nan
0.28300000000000003,0.055422431317171006,-0.036814645157185952,0.0093038930799925271,0.0147062011151462,-1,nan,nan,nan,nan
0.28325,0.055439052725779585,-0.036823917965134435,0.0093075673803225747,0.014688157658156342,-1,nan,nan,nan,nan
0.28350000000000003,0.055455650956559535,-0.036833176638916325,0.0093112371588216052,0.014670026466991004,-1,nan,nan,nan,nan
0.28375,0.055472225587318916,-0.036842420800206777,0.0093149023935560696,0.014651807541600448,-1,nan,nan,nan,nan
0.28400000000000003,0.055488776195865779,-0.036851650070680968,0.0093185630625924054,0.014633500882002437,-1,nan,nan,nan,nan
0.28425,0.055505302360008196,-0.036860864072014055,0.0093222191439970709,0.014615106488186314,-1,nan,nan,nan,nan
0.28450000000000003,0.055521803657554235,-0.036870062425881235,0.0093258706158364998,0.014596624360148525,-1,nan,nan,nan,nan
0.28475,0.055538279666311939,-0.036879244753957652,0.0093295174561771436,0.014578054497906834,-1,nan,nan,nan,nan
0.28500000000000003,0.055554729964089396,-0.036888410677918489,0.0093331596430854535,0.014559396901457689,-1,nan,nan,nan,nan
0.28525,0.055571154128694643,-0.036897559819438902,0.0093367971546278704,0.014540651570804641,-1,nan,nan,nan,nan
0.28550000000000003,0.055587551737935774,-0.036906691800194062,0.0093404299688708559,0.014521818505922823,-1,nan,nan,nan,nan
0.28575,0.05560392236962082,-0.03691580624185916,0.00934405806388083,0.01450289770681934,-1,nan,nan,nan,nan
0.28600000000000003,0.055620265601557868,-0.036924902766109338,0.0093476814177242649,0.014483889173533271,-1,nan,nan,nan,nan
0.28625,0.055636581011554963,-0.036933980994619774,0.0093513000084675946,0.014464792906014878,-1,nan,nan,nan,nan
0.28650000000000003,0.055652868177420191,-0.036943040549065644,0.0093549138141772736,0.014445608904285479,-1,nan,nan,nan,nan
0.28675,0.055669126676961576,-0.036952081051122104,0.0093585228129197361,0.014426337168341519,-1,nan,nan,nan,nan
0.28700000000000003,0.055685356087987234,-0.036961102122464347,0.0093621269827614435,0.014406977698193657,-1,nan,nan,nan,nan
0.28725000000000001,0.055701555988305174,-0.036970103384767507,0.0093657263017688334,0.014387632354203816,-1,nan,nan,nan,nan
0.28750000000000003,0.055717726795766885,-0.03697908519788979,0.0093693207989385477,0.014368898258528162,-1,nan,nan,nan,nan
0.28775000000000001,0.055733873000225267,-0.036988051498429077,0.0093729107508980954,0.01435077329163903,-1,nan,nan,nan,nan
0.28800000000000003,0.055749994970526726,-0.036997002599357988,0.0093764961855843688,0.01433266335338601,-1,nan,nan,nan,nan
0.28825000000000001,0.05576609227654114,-0.037005938111391565,0.0093800770825747878,0.014314471724848232,-1,nan,nan,nan,nan
0.28849999999999998,0.055782164488138393,-0.037014857645244807,0.0093836534214467929,0.014296198406043459,-1,nan,nan,nan,nan
0.28875000000000001,0.05579821117518835,-0.037023760811632729,0.0093872251817778106,0.01427784339693261,-1,nan,nan,nan,nan
0.28899999999999998,0.055814231907560879,-0.037032647221270365,0.0093907923431452572,0.014259406697551213,-1,nan,nan,nan,nan
0.28925000000000001,0.055830226255125882,-0.037041516484872708,0.0093943548851265872,0.014240888307906374,-1,nan,nan,nan,nan
0.28949999999999998,0.055846193787753212,-0.037050368213154793,0.0093979127872992098,0.014222288227948354,-1,nan,nan,nan,nan
0.28975000000000001,0.055862134075312757,-0.037059202016831633,0.009401466029240562,0.014203606457730444,-1,nan,nan,nan,nan
0.28999999999999998,0.055878046687674383,-0.037068017506618235,0.0094050145905280741,0.014184842997227776,-1,nan,nan,nan,nan
0.29025000000000001,0.055893931194707973,-0.037076814293229621,0.009408558450739176,0.014165997846433243,-1,nan,nan,nan,nan
0.29049999999999998,0.055909787166283399,-0.037085591987380817,0.0094120975894512911,0.014147071005361056,-1,nan,nan,nan,nan
0.29075000000000001,0.055925614172270544,-0.037094350199786831,0.0094156319862418562,0.014128062474000558,-1,nan,nan,nan,nan
0.29099999999999998,0.055941411782539266,-0.037103088541162683,0.0094191616206882912,0.014108972252365959,-1,nan,nan,nan,nan
0.29125000000000001,0.055957179566959461,-0.037111806622223381,0.0094226864723680401,0.014089800340457259,-1,nan,nan,nan,nan
0.29149999999999998,0.05597291709540099,-0.037120504053683952,0.009426206520858519,0.01407054673824959,-1,nan,nan,nan,nan
0.29175000000000001,0.055988623937733739,-0.037129180446259409,0.009429721745737165,0.014051211445760714,-1,nan,nan,nan,nan
0.29199999999999998,0.05600429966382757,-0.037137835410664774,0.0094332321265813979,0.014031794462983527,-1,nan,nan,nan,nan
0.29225000000000001,0.056019943843552376,-0.03714646855761506,0.0094367376429686581,0.014012535946367422,-1,nan,nan,nan,nan
0.29249999999999998,0.056035558305321108,-0.037155081516211948,0.0094402383945545801,0.013993915541504975,-1,nan,nan,nan,nan
0.29275000000000001,0.056051147101067879,-0.037163677899589055,0.0094437346007394118,0.013975710551612508,-1,nan,nan,nan,nan
0.29299999999999998,0.056066709912577291,-0.037172257412916521,0.0094472262498303851,0.013957445757611708,-1,nan,nan,nan,nan
0.29325000000000001,0.056082246298752143,-0.037180819651515706,0.0094507133236182185,0.013939108126503896,-1,nan,nan,nan,nan
0.29349999999999998,0.056097755818495208,-0.037189364210707933,0.0094541958038936377,0.013920697658342363,-1,nan,nan,nan,nan
0.29375000000000001,0.056113238030709306,-0.037197890685814528,0.0094576736724473892,0.013902214353084474,-1,nan,nan,nan,nan
0.29399999999999998,0.056128692494297201,-0.037206398672156846,0.0094611469110701778,0.013883658210712468,-1,nan,nan,nan,nan
0.29425000000000001,0.056144118768161715,-0.037214887765056222,0.0094646155015527464,0.013865029231286741,-1,nan,nan,nan,nan
0.29449999999999998,0.056159516411205618,-0.037223357559833976,0.0094680794256858207,0.013846327414750448,-1,nan,nan,nan,nan
0.29475000000000001,0.056174884982331717,-0.037231807651811472,0.0094715386652601229,0.013827552761124906,-1,nan,nan,nan,nan
0.29499999999999998,0.056190224040442778,-0.037240237636310014,0.009474993202066382,0.013808705270417221,14,0.29500000000000004,0.009474993202066382,0.013808705270417217,-0.013808705270417217
0.29525000000000001,0.056205533144441627,-0.037248647108650966,0.0094784430178953306,0.013789784942627392,-1,nan,nan,nan,nan
0.29549999999999998,0.056220811853231037,-0.037257035664155648,0.0094818880945376945,0.013770791777741209,-1,nan,nan,nan,nan
0.29575000000000001,0.056236059725713806,-0.037265402898145401,0.0094853284137842026,0.013751725775762225,-1,nan,nan,nan,nan
0.29599999999999999,0.056251276320792708,-0.037273748405941561,0.0094887639574255736,0.013732586936686886,-1,nan,nan,nan,nan
0.29625000000000001,0.056266461197370568,-0.037282071782865474,0.0094921947072525471,0.013713375260543614,-1,nan,nan,nan,nan
0.29649999999999999,0.056281613914350152,-0.037290372624238462,0.0094956206450558453,0.013694090747303989,-1,nan,nan,nan,nan
0.29675000000000001,0.056296734030634274,-0.037298650525381873,0.0094990417526262007,0.013674733396975114,-1,nan,nan,nan,nan
0.29699999999999999,0.056311821105125698,-0.037306905081617034,0.009502458011754332,0.013655303261700169,-1,nan,nan,nan,nan
0.29725000000000001,0.056326874697324864,-0.03731513588881076,0.0095058694042570516,0.013636125684406863,-1,nan,nan,nan,nan
0.29749999999999999,0.05634189807997917,-0.037323345930786102,0.0095092760745965343,0.013617513960365812,-1,nan,nan,nan,nan
0.29775000000000001,0.056356894331960325,-0.037331538009485854,0.0095126781612372355,0.013599148886729751,-1,nan,nan,nan,nan
0.29799999999999999,0.056371862997908959,-0.037339711699829164,0.0095160756490398971,0.013580723256058747,-1,nan,nan,nan,nan
0.29825000000000002,0.056386803622465703,-0.037347866576735174,0.0095194685228652647,0.0135622370683528,-1,nan,nan,nan,nan
0.29849999999999999,0.05640171575027119,-0.037356002215123044,0.0095228567675740734,0.013543690323629676,-1,nan,nan,nan,nan
0.29875000000000002,0.056416598925966066,-0.037364118189911907,0.0095262403680270794,0.013525083021903583,-1,nan,nan,nan,nan
0.29899999999999999,0.056431452694190955,-0.037372214076020906,0.0095296193090850245,0.013506415163160312,-1,nan,nan,nan,nan
0.29925000000000002,0.056446276599586509,-0.037380289448369186,0.0095329935756086615,0.013487686747389205,-1,nan,nan,nan,nan
0.29949999999999999,0.05646107018679334,-0.037388343881875903,0.0095363631524587184,0.013468897774583155,-1,nan,nan,nan,nan
0.29975000000000002,0.056475833000452107,-0.037396376951460197,0.0095397280244959547,0.013450048244781243,-1,nan,nan,nan,nan
0.29999999999999999,0.056490564585203434,-0.037404388232041216,0.009543088176581109,0.013431138157933731,-1,nan,nan,nan,nan
0.30025000000000002,0.056505264485687948,-0.037412377298538101,0.0095464435935749235,0.013412167514061935,-1,nan,nan,nan,nan
0.30049999999999999,0.056519932246546292,-0.037420343725870012,0.0095497942603381403,0.013393136313194276,-1,nan,nan,nan,nan
0.30075000000000002,0.056534567412419114,-0.037428287088956069,0.0095531401617315222,0.01337404455532365,-1,nan,nan,nan,nan
0.30099999999999999,0.056549169527947037,-0.037436206962715435,0.0095564812826158009,0.01335489224038966,-1,nan,nan,nan,nan
0.30125000000000002,0.056563738137770693,-0.037444102922067256,0.0095598176078517186,0.013335679368438491,-1,nan,nan,nan,nan
0.30149999999999999,0.056578272786530721,-0.03745197454193068,0.0095631491223000208,0.013316405939459486,-1,nan,nan,nan,nan
0.30175000000000002,0.056592773018867754,-0.037459821397224854,0.0095664758108214495,0.013297071953495276,-1,nan,nan,nan,nan
0.30199999999999999,0.056607238379422435,-0.037467643062868899,0.0095697976582767678,0.013277680648034362,-1,nan,nan,nan,nan
0.30225000000000002,0.056621668463072893,-0.037475439160781956,0.009573114651145468,0.013258531753194802,-1,nan,nan,nan,nan
0.30249999999999999,0.056636067434817333,-0.037483213586510605,0.0095764269241533639,0.013239823726422628,-1,nan,nan,nan,nan
0.30275000000000002,0.056650437840394981,-0.037490968714377619,0.0095797345630086808,0.01322126522239131,-1,nan,nan,nan,nan
0.30299999999999999,0.056664779206554869,-0.037498704093025755,0.0095830375567645572,0.013202662930947184,-1,nan,nan,nan,nan
0.30325000000000002,0.056679091060046066,-0.037506419271097755,0.0095863358944741558,0.013184016852164859,-1,nan,nan,nan,nan
0.30349999999999999,0.056693372927617634,-0.037514113797236355,0.0095896295651906396,0.013165326986001702,-1,nan,nan,nan,nan
0.30375000000000002,0.056707624336018621,-0.037521787220084306,0.0095929185579671575,0.013146593332475476,-1,nan,nan,nan,nan
0.30399999999999999,0.056721844811998094,-0.037529439088284343,0.0095962028618568757,0.013127815891554206,-1,nan,nan,nan,nan
0.30425000000000002,0.056736033882305109,-0.037537068950479237,0.0095994824659129362,0.013108994663287632,-1,nan,nan,nan,nan
0.30449999999999999,0.05675019107368872,-0.037544676355311682,0.0096027573591885192,0.013090129647675752,-1,nan,nan,nan,nan
0.30475000000000002,0.056764315912898003,-0.037552260851424456,0.0096060275307367736,0.013071220844658171,-1,nan,nan,nan,nan
0.30499999999999999,0.056778407926681991,-0.037559821987460294,0.0096092929696108484,0.013052268254270416,-1,nan,nan,nan,nan
0.30525000000000002,0.05679246664178976,-0.03756735931206194,0.0096125536648639098,0.013033271876519592,-1,nan,nan,nan,nan
0.30549999999999999,0.056806491584970351,-0.037574872373872137,0.0096158096055491069,0.013014231711398594,-1,nan,nan,nan,nan
0.30575000000000002,0.056820482282972845,-0.037582360721533627,0.0096190607807196092,0.012995147758921632,-1,nan,nan,nan,nan
0.30599999999999999,0.056834438262546284,-0.037589823903689153,0.0096223071794285658,0.012976020019060286,-1,nan,nan,nan,nan
0.30625000000000002,0.05684835905043973,-0.037597261468981451,0.0096255487907291395,0.012956848491835871,-1,nan,nan,nan,nan
0.30649999999999999,0.056862244173402243,-0.037604672966053278,0.0096287856036744827,0.01293763317722707,-1,nan,nan,nan,nan
0.30675000000000002,0.056876093158182886,-0.037612057943547376,0.0096320176073177548,0.012918374075244543,-1,nan,nan,nan,nan
0.307,0.056889905531530692,-0.037619415950106483,0.0096352447907121046,0.012899057445938666,-1,nan,nan,nan,nan
0.30725000000000002,0.056903680858149577,-0.037626746586068127,0.0096384671360407251,0.012878555046079043,-1,nan,nan,nan,nan
0.3075,0.056917422066290156,-0.037634053929819868,0.0096416840682351443,0.012856414975868091,-1,nan,nan,nan,nan
0.30775000000000002,0.056931131160113682,-0.03764134047305636,0.0096448953435286609,0.012834121800924692,-1,nan,nan,nan,nan
0.308,0.056944808050915063,-0.037648605792643855,0.0096481011291356042,0.012812497483309926,-1,nan,nan,nan,nan
0.30825000000000002,0.056958452649989187,-0.037655849465448553,0.0096513015922703171,0.012791542023073532,-1,nan,nan,nan,nan
0.3085,0.056972064868630941,-0.037663071068336662,0.0096544969001471394,0.012771255420158667,-1,nan,nan,nan,nan
0.30875000000000002,0.056985644618135191,-0.037670270178174398,0.0096576872199803966,0.012751637674607963,-1,nan,nan,nan,nan
0.309,0.056999191809796866,-0.037677446371827981,0.0096608727189844423,0.012732688786403656,-1,nan,nan,nan,nan
0.30925000000000002,0.057012706354910826,-0.037684599226163629,0.0096640535643735988,0.012714408755527984,-1,nan,nan,nan,nan
0.3095,0.057026188164771958,-0.037691728318047547,0.0096672299233622055,0.012696797582005814,-1,nan,nan,nan,nan
0.30975000000000003,0.057039637150675164,-0.03769883322434596,0.0096704019631646022,0.012679855265844253,-1,nan,nan,nan,nan
0.31,0.05705305322391533,-0.037705913521925073,0.0096735698509951284,0.01266358180702909,-1,nan,nan,nan,nan
0.31025000000000003,0.057066436295787344,-0.03771296878765111,0.0096767337540681168,0.012647977205556771,-1,nan,nan,nan,nan
0.3105,0.057079786277586086,-0.037719998598390272,0.009679893839597907,0.012633041461427297,-1,nan,nan,nan,nan
0.31075000000000003,0.057093103080606451,-0.037727002531008788,0.0096830502747988316,0.012618774574654879,-1,nan,nan,nan,nan
0.311,0.057106386616143333,-0.037733980162372865,0.0096862032268852337,0.012605176545221752,-1,nan,nan,nan,nan
0.31125000000000003,0.057119636795491605,-0.03774093106934872,0.0096893528630714425,0.012592247373120813,-1,nan,nan,nan,nan
0.3115,0.057132853529946161,-0.037747854828802573,0.0096924993505717941,0.012579987058376929,-1,nan,nan,nan,nan
0.31175000000000003,0.057146036730801902,-0.037754751017600639,0.0096956428566006315,0.012568395601007865,-1,nan,nan,nan,nan
0.312,0.05715918630935371,-0.037761619212609114,0.009698783548372298,0.012557471529230924,-1,nan,nan,nan,nan
0.31225000000000003,0.057172302172387814,-0.037768458987657322,0.0097019215923652459,0.012544653189820565,-1,nan,nan,nan,nan
0.3125,0.057185376834282167,-0.037775265084347753,0.009705055874967207,0.012527635301417206,-1,nan,nan,nan,nan
0.31275000000000003,0.057198405307460468,-0.037782034487428555,0.0097081854100159563,0.012509008246549769,-1,nan,nan,nan,nan
0.313,0.057211390167739802,-0.037788769409558838,0.009711310379090482,0.012491107507610621,-1,nan,nan,nan,nan
0.31325000000000003,0.057224333990937251,-0.037795472063397728,0.0097144309637697615,0.012473933084628186,-1,nan,nan,nan,nan
0.3135,0.057237239352869909,-0.037802144661604316,0.0097175473456327967,0.012457484977584699,-1,nan,nan,nan,nan
0.31375000000000003,0.057250108829354843,-0.037808789416837733,0.0097206597062585547,0.012441763186469501,-1,nan,nan,nan,nan
0.314,0.057262944996209153,-0.037815408541757092,0.0097237682272260303,0.012426767711300357,-1,nan,nan,nan,nan
0.31425000000000003,0.057275750429249914,-0.037822004249021504,0.0097268730901142048,0.012412498552070161,-1,nan,nan,nan,nan
0.3145,0.057288527704294205,-0.037828578751290073,0.0097299744765020658,0.012398955708782466,-1,nan,nan,nan,nan
0.31475000000000003,0.057301279397159129,-0.037835134261221932,0.0097330725679685981,0.012386139181451483,-1,nan,nan,nan,nan
0.315,0.057314008083661751,-0.037841672991476172,0.0097361675460927895,0.012374048970031026,15,0.315,0.0097361675460927895,0.012374048970031026,-0.012374048970031026
0.31525000000000003,0.057326716339619166,-0.037848197154711938,0.0097392595924536141,0.012362685074549518,-1,nan,nan,nan,nan
0.3155,0.057339406740848441,-0.037854708963588314,0.0097423488886300633,0.012352047495035379,-1,nan,nan,nan,nan
0.31575000000000003,0.057352081863166683,-0.037861210630764419,0.009745435616201132,0.012342136231477951,-1,nan,nan,nan,nan
0.316,0.057364744282390974,-0.037867704368899371,0.0097485199567458013,0.012332951283802629,-1,nan,nan,nan,nan
0.31625000000000003,0.057377396574338366,-0.037874192390652296,0.0097516020918430348,0.012324492652094676,-1,nan,nan,nan,nan
0.3165,0.057390041314825981,-0.037880676908682284,0.0097546822030718482,0.012316760336339883,-1,nan,nan,nan,nan
0.31675000000000003,0.057402681079670892,-0.037887160135648482,0.0097577604720112052,0.012309754336506273,-1,nan,nan,nan,nan
0.317,0.057415318444690167,-0.037893644284209965,0.0097608370802401007,0.012303474652618718,-1,nan,nan,nan,nan
0.31725000000000003,0.057427955985700906,-0.037900131567025874,0.0097639122093375157,0.012298798016225021,-1,nan,nan,nan,nan
0.3175,0.057440589979495041,-0.037906617020998616,0.0097669864792482124,0.012296677580888371,-1,nan,nan,nan,nan
0.31775000000000003,0.057453210156016857,-0.037913089059760936,0.0097700605481279602,0.012295144279050874,-1,nan,nan,nan,nan
0.318,0.057465816329586014,-0.03791954822681054,0.0097731340513877371,0.012292114729874015,-1,nan,nan,nan,nan
0.31825000000000003,0.057478408539953972,-0.037925995328968176,0.009776206605492898,0.012287551042131639,-1,nan,nan,nan,nan
0.31850000000000001,0.057490986826872183,-0.03793243117305458,0.0097792778269088013,0.012281453215827298,-1,nan,nan,nan,nan
0.31875000000000003,0.057503551230092098,-0.037938856565890473,0.0097823473321008124,0.012273821250953887,-1,nan,nan,nan,nan
0.31900000000000001,0.057516101789365157,-0.037945272314296598,0.0097854147375342794,0.012264655147493642,-1,nan,nan,nan,nan
0.31925000000000003,0.057528638544442831,-0.03795167922509371,0.0097884796596745607,0.012253954905474984,-1,nan,nan,nan,nan
0.31950000000000001,0.057541161535076553,-0.037958078105102523,0.0097915417149870149,0.012241720524890809,-1,nan,nan,nan,nan
0.31975000000000003,0.057553670801017781,-0.037964469761143767,0.0097946005199370072,0.0122279520057198,-1,nan,nan,nan,nan
0.32000000000000001,0.057566166382017954,-0.037970855000038203,0.0097976556909898753,0.012212649347969062,-1,nan,nan,nan,nan
0.32024999999999998,0.057578648317828537,-0.037977234628606554,0.0098007068446109916,0.012195812551670571,-1,nan,nan,nan,nan
0.32050000000000001,0.057591116648200977,-0.037983609453669555,0.009803753597265711,0.012177441616795903,-1,nan,nan,nan,nan
0.32074999999999998,0.057603571412886724,-0.037989980282047947,0.0098067955654193885,0.012157536543348613,-1,nan,nan,nan,nan
0.32100000000000001,0.057616012651637231,-0.037996347920562459,0.0098098323655373861,0.012136097331321594,-1,nan,nan,nan,nan
0.32124999999999998,0.05762844040420393,-0.038002713176033834,0.0098128636140850482,0.012113123980707741,-1,nan,nan,nan,nan
0.32150000000000001,0.057640854710338293,-0.038009076855282813,0.0098158889275277404,0.012088616491546134,-1,nan,nan,nan,nan
0.32174999999999998,0.057653255609791752,-0.03801543976513011,0.0098189079223308211,0.012062574863808351,-1,nan,nan,nan,nan
0.32200000000000001,0.05766564314231578,-0.038021802712396489,0.0098219202149596452,0.012034999097515708,-1,nan,nan,nan,nan
0.32224999999999998,0.057678017347661821,-0.038028166503902665,0.0098249254218795781,0.012006713373590827,-1,nan,nan,nan,nan
0.32250000000000001,0.057690378927315281,-0.038034531784022399,0.0098279235716464408,0.011981985439952325,-1,nan,nan,nan,nan
0.32274999999999998,0.057702730808915435,-0.038040897979716326,0.0098309164145995546,0.011961295727413557,-1,nan,nan,nan,nan
0.32300000000000001,0.057715072793160911,-0.038047264354140617,0.0098339042195101471,0.011941195208237332,-1,nan,nan,nan,nan
0.32324999999999998,0.05772740424755695,-0.038053630223149608,0.0098368870122036711,0.011921197990840682,-1,nan,nan,nan,nan
0.32350000000000001,0.057739724539608774,-0.038059994902597635,0.0098398648185055691,0.011901304075212948,-1,nan,nan,nan,nan
0.32374999999999998,0.057752033036821603,-0.038066357708339049,0.0098428376642412767,0.011881513461354132,-1,nan,nan,nan,nan
0.32400000000000001,0.057764329106700665,-0.038072717956228172,0.0098458055752362467,0.011861826149264232,-1,nan,nan,nan,nan
0.32424999999999998,0.05777661211675119,-0.038079074962119375,0.0098487685773159077,0.011842242138943249,-1,nan,nan,nan,nan
0.32450000000000001,0.057788881434478405,-0.038085428041866966,0.0098517266963057196,0.011822761430416051,-1,nan,nan,nan,nan
0.32474999999999998,0.057801136427387524,-0.038091776511325295,0.0098546799580311144,0.011803384023629349,-1,nan,nan,nan,nan
0.32500000000000001,0.05781337646298379,-0.038098119686348721,0.0098576283883175346,0.011784109918618668,-1,nan,nan,nan,nan
0.32524999999999998,0.057825600908772416,-0.038104456882791571,0.0098605720129904227,0.01176493911538401,-1,nan,nan,nan,nan
0.32550000000000001,0.057837809132258632,-0.038110787416508175,0.0098635108578752281,0.011745871613921821,-1,nan,nan,nan,nan
0.32574999999999998,0.057850000500947664,-0.038117110603352898,0.0098664449487973829,0.011726907414232102,-1,nan,nan,nan,nan
0.32600000000000001,0.057862174382344748,-0.038123425759180062,0.0098693743115823435,0.011708046516304194,-1,nan,nan,nan,nan
0.32624999999999998,0.057874330143955093,-0.038129732199844023,0.0098722989720555349,0.011689288920145202,-1,nan,nan,nan,nan
0.32650000000000001,0.057886467153283931,-0.038136029241199097,0.009875218956042417,0.011670634625765786,-1,nan,nan,nan,nan
0.32674999999999998,0.057898584777836493,-0.038142316199099656,0.0098781342893684183,0.011652083633133969,-1,nan,nan,nan,nan
0.32700000000000001,0.057910682385117991,-0.038148592389400021,0.009881044997858985,0.011633635942306597,-1,nan,nan,nan,nan
0.32724999999999999,0.057922759342633676,-0.038154857127954536,0.0098839511073395697,0.011615285094134009,-1,nan,nan,nan,nan
0.32750000000000001,0.0579348151863441,-0.038161109905531995,0.0098868526404060526,0.011596798705475919,-1,nan,nan,nan,nan
0.32774999999999999,0.057946855318655614,-0.038167356305271002,0.0098897495066923059,0.011578064160950419,-1,nan,nan,nan,nan
0.32800000000000001,0.057958882115647085,-0.038173598770674028,0.0098926416724865289,0.011559310037629444,-1,nan,nan,nan,nan
0.32824999999999999,0.057970894935298591,-0.03817983661187635,0.0098955291617111203,0.01154065160389095,-1,nan,nan,nan,nan
0.32850000000000001,0.057982893135590213,-0.038186069139013262,0.0098984119982884755,0.011522088859745594,-1,nan,nan,nan,nan
0.32874999999999999,0.057994876074502009,-0.038192295662220023,0.0099012902061409933,0.011503621805161401,-1,nan,nan,nan,nan
0.32900000000000001,0.058006843110014049,-0.038198515491631932,0.0099041638091910585,0.011485250440198769,-1,nan,nan,nan,nan
0.32924999999999999,0.058018793600106422,-0.03820472793738424,0.0099070328313610907,0.0114669747647973,-1,nan,nan,nan,nan
0.32950000000000002,0.058030726902759171,-0.038210932309612256,0.0099098972965734576,0.011448794778974758,-1,nan,nan,nan,nan
0.32974999999999999,0.058042642375952386,-0.038217127918451235,0.0099127572287505752,0.011430710482745354,-1,nan,nan,nan,nan
0.33000000000000002,0.058054539377666137,-0.038223314074036473,0.009915612651814832,0.011412721876098431,-1,nan,nan,nan,nan
0.33024999999999999,0.058066417265880486,-0.03822949008650324,0.0099184635896886232,0.011394828959023329,-1,nan,nan,nan,nan
0.33050000000000002,0.058078275398575498,-0.038235655265986809,0.0099213100662943442,0.011377031731562681,-1,nan,nan,nan,nan
0.33074999999999999,0.058090113133731275,-0.038241808922622467,0.0099241521055544041,0.011359330193663197,-1,nan,nan,nan,nan
0.33100000000000002,0.058101929829327839,-0.038247950366545484,0.0099269897313911774,0.011341724345346194,-1,nan,nan,nan,nan
0.33124999999999999,0.058113724843345309,-0.038254078907891155,0.0099298229677270769,0.011324214186636539,-1,nan,nan,nan,nan
0.33150000000000002,0.058125497533763726,-0.03826019385679473,0.0099326518384844978,0.011306799717498706,-1,nan,nan,nan,nan
0.33174999999999999,0.058137247258563174,-0.038266294523391524,0.009935476367585825,0.011289480937918484,-1,nan,nan,nan,nan
0.33200000000000002,0.058148973375723709,-0.038272380217816794,0.0099382965789534573,0.011272257847966927,-1,nan,nan,nan,nan
0.33224999999999999,0.058160675243225421,-0.038278450250205806,0.0099411124965098074,0.011255130447583639,-1,nan,nan,nan,nan
0.33250000000000002,0.058172352219048366,-0.038284503930693867,0.0099439241441772498,0.011237983774311289,-1,nan,nan,nan,nan
0.33274999999999999,0.058184006295160143,-0.038290543318366219,0.0099467314883969621,0.011220527176654116,-1,nan,nan,nan,nan
0.33300000000000002,0.058195643574187467,-0.038296574758656311,0.0099495344077655777,0.011202868974354629,-1,nan,nan,nan,nan
0.33324999999999999,0.058207263734214705,-0.038302597888446428,0.0099523329228841384,0.011185308078800915,-1,nan,nan,nan,nan
0.33350000000000002,0.058218866113857279,-0.038308611990247321,0.0099551270618049789,0.01116785939262499,-1,nan,nan,nan,nan
0.33374999999999999,0.058230450051730616,-0.038314616346569713,0.0099579168525804514,0.011150522915787775,-1,nan,nan,nan,nan
0.33400000000000002,0.058242014886450137,-0.038320610239924391,0.0099607023232628732,0.011133298648292822,-1,nan,nan,nan,nan
0.33424999999999999,0.058253559956631264,-0.038326592952822071,0.0099634835019045964,0.011116186590172106,-1,nan,nan,nan,nan
0.33450000000000002,0.058265084600889444,-0.038332563767773525,0.0099662604165579594,0.011099186741400757,-1,nan,nan,nan,nan
0.33474999999999999,0.058276588157840065,-0.038338521967289471,0.0099690330952752967,0.011082299101971671,-1,nan,nan,nan,nan
0.33500000000000002,0.058288069966098581,-0.038344466833880687,0.0099718015661089468,0.011065523671909716,16,0.33500000000000002,0.0099718015661089468,0.011065523671909716,-0.011065523671909716
0.33524999999999999,0.058299529364280407,-0.038350397650057905,0.0099745658571112512,0.011048860451186471,-1,nan,nan,nan,nan
0.33550000000000002,0.058310965691000964,-0.038356313698331881,0.0099773259963345413,0.011032309439819699,-1,nan,nan,nan,nan
0.33574999999999999,0.05832237828487568,-0.038362214261213362,0.0099800820118311588,0.011015870637805847,-1,nan,nan,nan,nan
0.33600000000000002,0.058333766484519968,-0.038368098621213077,0.0099828339316534453,0.010999544045155574,-1,nan,nan,nan,nan
0.33624999999999999,0.058345129628549271,-0.038373966060841799,0.0099855817838537357,0.01098332966184401,-1,nan,nan,nan,nan
0.33650000000000002,0.058356467055579002,-0.038379815862610266,0.0099883255964843681,0.010967227487906683,-1,nan,nan,nan,nan
0.33674999999999999,0.058367778104224596,-0.038385647309029221,0.0099910653975976878,0.010951237523300961,-1,nan,nan,nan,nan
0.33700000000000002,0.058379062113101461,-0.038391459682609423,0.009993801215246019,0.010935359768051711,-1,nan,nan,nan,nan
0.33724999999999999,0.058390318420825031,-0.03839725226586161,0.0099965330774817104,0.010919594222148277,-1,nan,nan,nan,nan
0.33750000000000002,0.058401546366010727,-0.038403024341296541,0.0099992610123570934,0.010903926275709352,-1,nan,nan,nan,nan
0.33774999999999999,0.058412745487233797,-0.038408775405994668,0.010001985040619565,0.010887859608867956,-1,nan,nan,nan,nan
0.33800000000000002,0.058423921981698698,-0.03841451209737564,0.010004704942161529,0.010871181930884433,-1,nan,nan,nan,nan
0.33825,0.058435078539382887,-0.038420237276212875,0.010007420631585006,0.010854411896826122,-1,nan,nan,nan,nan
0.33850000000000002,0.058446214468788865,-0.03842595017256898,0.010010132148109942,0.010837798742542759,-1,nan,nan,nan,nan
0.33875,0.058457329078419121,-0.038431650016506565,0.010012839530956278,0.010821342468023687,-1,nan,nan,nan,nan
0.33900000000000002,0.058468421676776142,-0.03843733603808823,0.010015542819343956,0.010805043073283116,-1,nan,nan,nan,nan
0.33925,0.058479491572362409,-0.038443007467376569,0.01001824205249292,0.010788900558328152,-1,nan,nan,nan,nan
0.33950000000000002,0.058490538073680431,-0.038448663534434192,0.01002093726962312,0.010772914923137478,-1,nan,nan,nan,nan
0.33975,0.058501560489232676,-0.0384543034693237,0.010023628509954488,0.010757086167703989,-1,nan,nan,nan,nan
0.34000000000000002,0.058512558127521645,-0.038459926502107701,0.010026315812706972,0.010741414292066764,-1,nan,nan,nan,nan
0.34025,0.058523530297049826,-0.038465531862848783,0.010028999217100522,0.010725899296186725,-1,nan,nan,nan,nan
0.34050000000000002,0.058534476306319701,-0.038471118781609567,0.010031678762355067,0.010710541180099398,-1,nan,nan,nan,nan
0.34075,0.058545395463833784,-0.038476686488452642,0.010034354487690571,0.010695339943765703,-1,nan,nan,nan,nan
0.34100000000000003,0.058556287078094529,-0.03848223421344063,0.01003702643232695,0.010680295587196298,-1,nan,nan,nan,nan
0.34125,0.058567150457604439,-0.038487761186636105,0.010039694635484167,0.010665408110416053,-1,nan,nan,nan,nan
0.34150000000000003,0.058577984910866014,-0.038493266638101695,0.01004235913638216,0.010650677513414308,-1,nan,nan,nan,nan
0.34175,0.058588789746381743,-0.038498749797899995,0.010045019974240874,0.010636103796169749,-1,nan,nan,nan,nan
0.34200000000000003,0.058599564272654087,-0.038504209896093593,0.010047677188280247,0.010621686958710796,-1,nan,nan,nan,nan
0.34225,0.058610307798185567,-0.038509646162745111,0.010050330817720228,0.010607427001019687,-1,nan,nan,nan,nan
0.34250000000000003,0.058621019631478664,-0.03851505782791715,0.010052980901780757,0.010593323923092868,-1,nan,nan,nan,nan
0.34275,0.058631699081035861,-0.038520444121672312,0.010055627479681774,0.010579143531522561,-1,nan,nan,nan,nan
0.34300000000000003,0.058642347322650175,-0.038525806375557137,0.010058270473546519,0.010563839311640066,-1,nan,nan,nan,nan
0.34325,0.058652972125941324,-0.038531153327266136,0.010060909399337594,0.010547554792619707,-1,nan,nan,nan,nan
0.34350000000000003,0.05866357379738335,-0.038536485295497691,0.01006354425094283,0.010531377409023435,-1,nan,nan,nan,nan
0.34375,0.058674151602924787,-0.038541801426840577,0.010066175088042105,0.010515438745031247,-1,nan,nan,nan,nan
0.34400000000000003,0.058684704808514225,-0.038547100867883537,0.010068801970315344,0.010499738800643144,-1,nan,nan,nan,nan
0.34425,0.058695232680100198,-0.038552382765215346,0.010071424957442426,0.010484277575830703,-1,nan,nan,nan,nan
0.34450000000000003,0.058705734483631276,-0.038557646265424753,0.010074044109103262,0.010469055070636557,-1,nan,nan,nan,nan
0.34475,0.058716209485056001,-0.038562890515100513,0.010076659484977744,0.01045407128503939,-1,nan,nan,nan,nan
0.34500000000000003,0.058726656950322954,-0.03856811466083139,0.010079271144745782,0.010439326219032097,-1,nan,nan,nan,nan
0.34525,0.058737076145380658,-0.038573317849206139,0.01008187914808726,0.010424819872614677,-1,nan,nan,nan,nan
0.34550000000000003,0.058747466336177695,-0.038578499226813515,0.01008448355468209,0.010410552245822657,-1,nan,nan,nan,nan
0.34575,0.05875782678866262,-0.03858365794024228,0.01008708442421017,0.010396523338613406,-1,nan,nan,nan,nan
0.34600000000000003,0.05876815676878399,-0.038588793136081198,0.010089681816351396,0.010382733150997581,-1,nan,nan,nan,nan
0.34625,0.058778455542490352,-0.038593903960919017,0.010092275790785667,0.010369181682982287,-1,nan,nan,nan,nan
0.34650000000000003,0.058788722375730268,-0.038598989561344492,0.010094866407192888,0.010355868934578183,-1,nan,nan,nan,nan
0.34675,0.058798956534452315,-0.0386040490839464,0.010097453725252958,0.0103427949057604,-1,nan,nan,nan,nan
0.34700000000000003,0.058809157284605014,-0.038609081675313475,0.010100037804645769,0.010329959596525384,-1,nan,nan,nan,nan
0.34725,0.058819323892136934,-0.038614086482034495,0.01010261870505122,0.010317363006905111,-1,nan,nan,nan,nan
0.34750000000000003,0.058829455622996664,-0.03861906265069822,0.010105196486149222,0.010305005136888923,-1,nan,nan,nan,nan
0.34775,0.058839551743132712,-0.038624009327893387,0.010107771207619663,0.010292885986462608,-1,nan,nan,nan,nan
0.34800000000000003,0.058849611518493675,-0.038628925660208764,0.010110342929142455,0.01028003818168699,-1,nan,nan,nan,nan
0.34825,0.058859638977338286,-0.038633816523917272,0.010112911226710507,0.010264930662788885,-1,nan,nan,nan,nan
0.34850000000000003,0.058869641086001311,-0.038638690297053607,0.010115475394473852,0.010248577310697726,-1,nan,nan,nan,nan
0.34875,0.058879617160727107,-0.038643546129995397,0.010118035515365855,0.010232577752930183,-1,nan,nan,nan,nan
0.34900000000000003,0.05888956640995327,-0.038648383043252639,0.010120591683350316,0.010216954050335403,-1,nan,nan,nan,nan
0.34925,0.058899488042117372,-0.03865320005733533,0.010123143992391021,0.01020170620294536,-1,nan,nan,nan,nan
0.34950000000000003,0.058909381265657007,-0.038657996192753431,0.010125692536451788,0.010186834210777818,-1,nan,nan,nan,nan
0.34975000000000001,0.058919245289009763,-0.038662770470016948,0.010128237409496407,0.010172338073775933,-1,nan,nan,nan,nan
0.35000000000000003,0.058929079320613219,-0.038667521909635863,0.010130778705488678,0.010158217791989443,-1,nan,nan,nan,nan
0.35025000000000001,0.058938882568904956,-0.038672249532120152,0.010133316518392402,0.010144473365389928,-1,nan,nan,nan,nan
0.35050000000000003,0.058948654242322568,-0.03867695235797982,0.010135850942171374,0.010131104793991597,-1,nan,nan,nan,nan
0.35075000000000001,0.058958393549303628,-0.038681629407724835,0.010138382070789397,0.010118112077787345,-1,nan,nan,nan,nan
0.35100000000000003,0.058968099698285731,-0.038686279701865195,0.010140909998210268,0.010105495216770066,-1,nan,nan,nan,nan
0.35125000000000001,0.058977771897706449,-0.038690902260910889,0.01014343481839778,0.010093254210968183,-1,nan,nan,nan,nan
0.35150000000000003,0.058987409356003384,-0.038695496105371881,0.010145956625315752,0.010081389060367485,-1,nan,nan,nan,nan
0.35175000000000001,0.058997011281614109,-0.038700060255758187,0.010148475512927961,0.010069899764928891,-1,nan,nan,nan,nan
0.35199999999999998,0.059006576882976204,-0.03870459373257977,0.010150991575198217,0.010058786324705693,-1,nan,nan,nan,nan
0.35225000000000001,0.05901610536852727,-0.038709095556346641,0.010153504906090315,0.010048048739687232,-1,nan,nan,nan,nan
0.35249999999999998,0.059025595946704874,-0.038713564747568756,0.010156015599568059,0.010037687009880614,-1,nan,nan,nan,nan
0.35275000000000001,0.059035047825946631,-0.038718000326756118,0.010158523749595257,0.0100277011352361,-1,nan,nan,nan,nan
0.35299999999999998,0.059044460214690078,-0.038722401314418724,0.010161029450135677,0.010018073929316529,-1,nan,nan,nan,nan
0.35325000000000001,0.059053832375934666,-0.038726766802814831,0.010163532786559917,0.010006234594616359,-1,nan,nan,nan,nan
0.35349999999999998,0.059063171736143859,-0.03873110660127789,0.010166032567432984,0.0099904379903250629,-1,nan,nan,nan,nan
0.35375000000000001,0.05907248334548193,-0.038735427334371769,0.01016852800555508,0.0099733692839549803,-1,nan,nan,nan,nan
0.35399999999999998,0.05908176633592515,-0.038739727831775227,0.010171019252074961,0.0099569051726646762,-1,nan,nan,nan,nan
0.35425000000000001,0.059091019839449817,-0.038744006923166992,0.010173506458141413,0.0099410456564648086,-1,nan,nan,nan,nan
0.35449999999999998,0.05910024298803223,-0.038748263438225843,0.010175989774903194,0.009925790735337614,-1,nan,nan,nan,nan
0.35475000000000001,0.059109434913648687,-0.038752496206630523,0.010178469353509082,0.0099111404092901978,-1,nan,nan,nan,nan
0.35499999999999998,0.059118594748275466,-0.038756704058059789,0.010180945345107838,0.0098970946783047964,17,0.35500000000000004,0.010180945345107838,0.0098970946783047929,-0.0098970946783047929
0.35525000000000001,0.059127721623888865,-0.038760885822192392,0.010183417900848236,0.0098836535424169369,-1,nan,nan,nan,nan
0.35549999999999998,0.059136814672465177,-0.038765040328707083,0.010185887171879047,0.0098708170015910923,-1,nan,nan,nan,nan
0.35575000000000001,0.059145873025980691,-0.038769166407282625,0.010188353309349033,0.0098585850558485788,-1,nan,nan,nan,nan
0.35599999999999998,0.059154895816411708,-0.038773262887597769,0.01019081646440697,0.0098469577052000545,-1,nan,nan,nan,nan
0.35625000000000001,0.059163882175734518,-0.038777328599331251,0.010193276788201634,0.0098359349496135451,-1,nan,nan,nan,nan
0.35649999999999998,0.059172831235925399,-0.03878136237216185,0.010195734431881775,0.0098255167890854977,-1,nan,nan,nan,nan
0.35675000000000001,0.059181742128960657,-0.038785363035768301,0.010198189546596178,0.0098157032236549924,-1,nan,nan,nan,nan
0.35699999999999998,0.059190613986816583,-0.038789329419829377,0.010200642283493603,0.00980649425329716,-1,nan,nan,nan,nan
0.35725000000000001,0.059199445941469468,-0.038793260354023813,0.010203092793722827,0.0097978898780262114,-1,nan,nan,nan,nan
0.35749999999999998,0.059208237124895605,-0.038797154668030374,0.010205541228432615,0.0097898900978137249,-1,nan,nan,nan,nan
0.35775000000000001,0.059216986669071284,-0.038801011191527811,0.010207987738771736,0.0097824949127023331,-1,nan,nan,nan,nan
0.35799999999999998,0.059225693705972797,-0.038804828754194866,0.010210432475888966,0.0097757043226458507,-1,nan,nan,nan,nan
0.35825000000000001,0.059234357367576436,-0.038808606185710318,0.010212875590933059,0.0097692806624394279,-1,nan,nan,nan,nan
0.35849999999999999,0.059242977181287355,-0.038812342948846987,0.010215317116220184,0.0097572434554606957,-1,nan,nan,nan,nan
0.35875000000000001,0.0592515624133556,-0.038816053988034019,0.010217754212660791,0.009737519100539771,-1,nan,nan,nan,nan
0.35899999999999999,0.059260116698476695,-0.03881974494693579,0.010220185875770452,0.0097164750243656783,-1,nan,nan,nan,nan
0.35925000000000001,0.059268639254076841,-0.038823414353730892,0.010222612450172974,0.0096968094434188856,-1,nan,nan,nan,nan
0.35949999999999999,0.059277129297582172,-0.038827060736597849,0.010225034280492162,0.0096785223577171564,-1,nan,nan,nan,nan
0.35975000000000001,0.059285586046418884,-0.038830682623715217,0.010227451711351834,0.0096616137672604907,-1,nan,nan,nan,nan
0.35999999999999999,0.059294008718013116,-0.038834278543261533,0.010229865087375792,0.0096460836720346776,-1,nan,nan,nan,nan
0.36025000000000001,0.059302396529791065,-0.038837847023415362,0.010232274753187852,0.0096319320720574808,-1,nan,nan,nan,nan
0.36049999999999999,0.059310748699178871,-0.038841386592355233,0.010234681053411819,0.0096191589673146893,-1,nan,nan,nan,nan
0.36075000000000002,0.059319064443602722,-0.038844895778259704,0.010237084332671509,0.0096077643577920924,-1,nan,nan,nan,nan
0.36099999999999999,0.059327342980488765,-0.03884837310930734,0.010239484935590713,0.0095977482434932426,-1,nan,nan,nan,nan
0.36125000000000002,0.059335583527263182,-0.038851817113676669,0.010241883206793256,0.0095891106244856417,-1,nan,nan,nan,nan
0.36149999999999999,0.059343785301352134,-0.038855226319546229,0.010244279490902952,0.0095818515007017879,-1,nan,nan,nan,nan
0.36175000000000002,0.059351947520181803,-0.038858599255094585,0.010246674132543609,0.0095759708721239178,-1,nan,nan,nan,nan
0.36199999999999999,0.059360069401178321,-0.038861934448500293,0.010249067476339014,0.0095714687387875586,-1,nan,nan,nan,nan
0.36225000000000002,0.059368150161767892,-0.038865230427941884,0.010251459866913004,0.009568345100717579,-1,nan,nan,nan,nan
0.36249999999999999,0.059376189019376656,-0.038868485721597915,0.010253851648889371,0.0095665999578535832,-1,nan,nan,nan,nan
0.36275000000000002,0.059384185191430801,-0.038871698857646936,0.010256243166891933,0.0095662333102488617,-1,nan,nan,nan,nan
0.36299999999999999,0.059392137895356474,-0.038874868364267484,0.010258634765544495,0.0095672451578749929,-1,nan,nan,nan,nan
0.36325000000000002,0.059400046348579864,-0.038877992769638124,0.01026102678947087,0.0095696355007532929,-1,nan,nan,nan,nan
0.36349999999999999,0.059407909768527119,-0.038881070601937379,0.01026341958329487,0.0095719320227836135,-1,nan,nan,nan,nan
0.36375000000000002,0.059415726318375529,-0.038884100807411004,0.010265812755482263,0.0095515333493167986,-1,nan,nan,nan,nan
0.36399999999999999,0.059423480048593359,-0.038887089348654306,0.010268195349969526,0.0095043611683642837,-1,nan,nan,nan,nan
0.36425000000000002,0.059431169521462705,-0.038890039649329813,0.010270564936066446,0.0094557911867241273,-1,nan,nan,nan,nan
0.36449999999999999,0.059438799556503961,-0.038892953065378183,0.010272923245562889,0.0094141483645060475,-1,nan,nan,nan,nan
0.36475000000000002,0.05944637497323748,-0.038895830952740081,0.0102752720102487,0.0093794327016816226,-1,nan,nan,nan,nan
0.36499999999999999,0.059453900591183655,-0.038898674667356192,0.010277612961913731,0.0093516441982863796,-1,nan,nan,nan,nan
0.36525000000000002,0.059461381229862872,-0.038901485565167183,0.010279947832347845,0.0093307828543309768,-1,nan,nan,nan,nan
0.36549999999999999,0.059468821708795493,-0.038904265002113698,0.010282278353340897,0.0093168486697869923,-1,nan,nan,nan,nan
0.36575000000000002,0.059476226847501909,-0.038907014334136431,0.010284606256682739,0.0093098416446508736,-1,nan,nan,nan,nan
0.36599999999999999,0.059483601465502488,-0.038909734917176045,0.010286933274163221,0.009309761778929726,-1,nan,nan,nan,nan
0.36625000000000002,0.059490950382317609,-0.0389124281071732,0.010289261137572205,0.0093166090726448658,-1,nan,nan,nan,nan
0.36649999999999999,0.059498278417467666,-0.038915095260068581,0.010291591578699542,0.0093303835257607659,-1,nan,nan,nan,nan
0.36675000000000002,0.059505590390473012,-0.038917737731802841,0.010293926329335085,0.0093510851382987425,-1,nan,nan,nan,nan
0.36699999999999999,0.05951289112085404,-0.038920356878316659,0.010296267121268691,0.0093787139102587957,-1,nan,nan,nan,nan
0.36725000000000002,0.059520185428131131,-0.038922954055550699,0.010298615686290216,0.0094132698416515836,-1,nan,nan,nan,nan
0.36749999999999999,0.059527478131824657,-0.038925530619445627,0.010300973756189515,0.00945475293245579,-1,nan,nan,nan,nan
0.36775000000000002,0.059534774051455006,-0.038928087925942115,0.010303343062756445,0.0095031631826785201,-1,nan,nan,nan,nan
0.36799999999999999,0.059542078006542543,-0.038930627330980835,0.010305725337780854,0.0095585005923020105,-1,nan,nan,nan,nan
0.36825000000000002,0.059549394816607648,-0.038933150190502454,0.010308122313052597,0.0096207651613617884,-1,nan,nan,nan,nan
0.36849999999999999,0.059556729301170702,-0.038935657860447635,0.010310535720361533,0.0096899568898400901,-1,nan,nan,nan,nan
0.36875000000000002,0.059564086279752085,-0.038938151696757052,0.010312967291497516,0.0097650849902350956,-1,nan,nan,nan,nan
0.36899999999999999,0.059571468676755543,-0.038940632151042244,0.010315418262856649,0.0098289869060756985,-1,nan,nan,nan,nan
0.36925000000000002,0.05957884975609793,-0.038943086186196824,0.010317881784950553,0.0098732012011097936,-1,nan,nan,nan,nan
0.3695,0.059586220423621966,-0.038945510696707562,0.010320354863457202,0.0099106731026488148,-1,nan,nan,nan,nan
0.36975000000000002,0.059593581972783749,-0.03894790772977999,0.010322837121501879,0.0099466375052834621,-1,nan,nan,nan,nan
0.37,0.05960093569703933,-0.038950279332619644,0.010325328182209843,0.0099810944089782083,-1,nan,nan,nan,nan
0.37025000000000002,0.059608282889844794,-0.038952627552432055,0.010327827668706369,0.010014043813736606,-1,nan,nan,nan,nan
0.3705,0.059615624844656198,-0.03895495443642278,0.010330335204116709,0.010045485719540892,-1,nan,nan,nan,nan
0.37075000000000002,0.059622962854929629,-0.038957262031797349,0.01033285041156614,0.010075420126440804,-1,nan,nan,nan,nan
0.371,0.05963029821412115,-0.038959552385761292,0.010335372914179929,0.010103847034425684,-1,nan,nan,nan,nan
0.37125000000000002,0.059637632215686853,-0.038961827545520147,0.010337902335083353,0.01013076644346711,-1,nan,nan,nan,nan
0.3715,0.05964496615308279,-0.038964089558279472,0.010340438297401659,0.010156178353554424,-1,nan,nan,nan,nan
0.37175000000000002,0.059652301319765039,-0.038966340471244774,0.010342980424260132,0.010180082764740916,-1,nan,nan,nan,nan
0.372,0.05965963900918967,-0.038968582331621614,0.010345528338784028,0.010202479676969745,-1,nan,nan,nan,nan
0.37225000000000003,0.05966698051481277,-0.038970817186615533,0.010348081664098618,0.010223369090290646,-1,nan,nan,nan,nan
0.3725,0.059674327130090396,-0.03897304708343205,0.010350640023329173,0.01024275100468941,-1,nan,nan,nan,nan
0.37275000000000003,0.059681680148478633,-0.038975274069276707,0.010353203039600963,0.010260625420126956,-1,nan,nan,nan,nan
0.373,0.059689040863433539,-0.038977500191355069,0.010355770336039235,0.010276992336645918,-1,nan,nan,nan,nan
0.37325000000000003,0.059696410568411205,-0.038979727496872632,0.010358341535769287,0.010291851754260506,-1,nan,nan,nan,nan
0.3735,0.059703790556867684,-0.038981958033034954,0.010360916261916365,0.010305203672913876,-1,nan,nan,nan,nan
0.37375000000000003,0.059711182122259072,-0.038984193847047585,0.010363494137605744,0.010317048092630898,-1,nan,nan,nan,nan
0.374,0.059718586558041416,-0.038986436986116056,0.01036607478596268,0.010327752828157344,-1,nan,nan,nan,nan
0.37425000000000003,0.059726005219589005,-0.03898868919154936,0.010368658014019823,0.01034698794352451,-1,nan,nan,nan,nan
0.3745,0.059733440314925453,-0.038990943755056573,0.01037124827993444,0.010378245733924985,-1,nan,nan,nan,nan
0.37475000000000003,0.05974089122024711,-0.038993196946473539,0.010373847136886785,0.010411287214502352,-1,nan,nan,nan,nan
0.375,0.059748356280469046,-0.03899544843338567,0.010376453923541688,0.010441683354390108,18,0.375,0.010376453923541688,0.010441683354390108,-0.010441683354390108
0.37525000000000003,0.059755833840506312,-0.038997697883378347,0.010379067978563982,0.010469434153637991,-1,nan,nan,nan,nan
0.3755,0.059763322245273982,-0.03899994496403697,0.010381688640618506,0.010494539612221132,-1,nan,nan,nan,nan
0.37575000000000003,0.059770819839687128,-0.039002189342946941,0.010384315248370093,0.010516999730128873,-1,nan,nan,nan,nan
0.376,0.059778324968660784,-0.039004430687693645,0.01038694714048357,0.010536814507357661,-1,nan,nan,nan,nan
0.37625000000000003,0.059785835977110034,-0.039006668665862491,0.010389583655623771,0.010553983943939471,-1,nan,nan,nan,nan
0.3765,0.059793351209949948,-0.039008902945038872,0.010392224132455538,0.010568508039867197,-1,nan,nan,nan,nan
0.37675000000000003,0.059800869012095581,-0.039011133192808169,0.010394867909643706,0.01058038679511597,-1,nan,nan,nan,nan
0.377,0.05980838772846199,-0.039013359076755801,0.010397514325853095,0.010589620209689343,-1,nan,nan,nan,nan
0.37725000000000003,0.059815905703964251,-0.039015580264467144,0.010400162719748553,0.010596208283615738,-1,nan,nan,nan,nan
0.3775,0.059823421283517413,-0.039017796423527609,0.010402812429994902,0.01060015101686318,-1,nan,nan,nan,nan
0.37775000000000003,0.059830932812036559,-0.039020007221522587,0.010405462795256986,0.010601448409477854,-1,nan,nan,nan,nan
0.378,0.05983843863443674,-0.039022212326037461,0.010408113154199639,0.010600100461395812,-1,nan,nan,nan,nan
0.37825000000000003,0.059845937095633024,-0.039024411404657657,0.010410762845487684,0.010596107172649027,-1,nan,nan,nan,nan
0.3785,0.059853426540540468,-0.039026604124968542,0.010413411207785963,0.010589468543248159,-1,nan,nan,nan,nan
0.37875000000000003,0.059860905314074141,-0.039028790154555522,0.010416057579759309,0.010580184573175444,-1,nan,nan,nan,nan
0.379,0.059868371761149099,-0.039030969161004,0.010418701300072549,0.010568255262437987,-1,nan,nan,nan,nan
0.37925000000000003,0.059875824226680426,-0.039033140811899368,0.010421341707390529,0.010553748740303348,-1,nan,nan,nan,nan
0.3795,0.059883261143028339,-0.039035304794142939,0.0104239781744427,0.01054720785297647,-1,nan,nan,nan,nan
0.37975000000000003,0.059890694380500535,-0.0390374637578665,0.010426615311317017,0.01055618732759811,-1,nan,nan,nan,nan
0.38,0.059898132039443205,-0.039039619503230205,0.0104292562681065,0.010570181492617792,-1,nan,nan,nan,nan
0.38025000000000003,0.059905572479211126,-0.03904177167508447,0.010431900402063328,0.010581604666352717,-1,nan,nan,nan,nan
0.3805,0.059913014059159039,-0.039043919918279685,0.010434547070439677,0.010590456848778018,-1,nan,nan,nan,nan
0.38075000000000003,0.059920455138641707,-0.039046063877666272,0.010437195630487717,0.010596738039904352,-1,nan,nan,nan,nan
0.38100000000000001,0.059927894077013884,-0.039048203198094628,0.010439845439459628,0.010600448239713955,-1,nan,nan,nan,nan
0.38125000000000003,0.059935329233630333,-0.039050337524415182,0.010442495854607575,0.01060158744823525,-1,nan,nan,nan,nan
0.38150000000000001,0.059942758967845809,-0.039052466501478318,0.010445146233183746,0.010600155665429156,-1,nan,nan,nan,nan
0.38175000000000003,0.059950181639015047,-0.039054589774134466,0.010447795932440291,0.010596152891334754,-1,nan,nan,nan,nan
0.38200000000000001,0.059957595606492844,-0.03905670698723402,0.010450444309629412,0.010589579125937831,-1,nan,nan,nan,nan
0.38225000000000003,0.059964999229633914,-0.039058817785627392,0.010453090722003261,0.010580434369220626,-1,nan,nan,nan,nan
0.38250000000000001,0.059972390867793039,-0.039060921814164998,0.010455734526814021,0.010568718621204454,-1,nan,nan,nan,nan
0.38275000000000003,0.059979768880324975,-0.039063018717697247,0.010458375081313864,0.010554431881889315,-1,nan,nan,nan,nan
0.38300000000000001,0.059987131626584464,-0.039065108141074535,0.010461011742754964,0.010537574151260998,-1,nan,nan,nan,nan
0.38325000000000004,0.059994477465926274,-0.039067189729147279,0.010463643868389497,0.010518145429351478,-1,nan,nan,nan,nan
0.38350000000000001,0.060001804757705161,-0.039069263126765882,0.010466270815469639,0.010496145716118122,-1,nan,nan,nan,nan
0.38375000000000004,0.060009111861275874,-0.039071327978780761,0.010468891941247557,0.010471575011582246,-1,nan,nan,nan,nan
0.38400000000000001,0.060016397135993181,-0.039073383930042324,0.010471506602975428,0.01044443331572964,-1,nan,nan,nan,nan
0.38424999999999998,0.060023658941211817,-0.039075430625400975,0.010474114157905421,0.010414720628592278,-1,nan,nan,nan,nan
0.38450000000000001,0.060030895636286573,-0.039077467709707124,0.010476713963289724,0.010382436950148843,-1,nan,nan,nan,nan
0.38474999999999998,0.060038105580572168,-0.03907949482781118,0.010479305376380494,0.010354931282922308,-1,nan,nan,nan,nan
0.38500000000000001,0.060045296794907159,-0.039081513937044787,0.010481891428931186,0.010343509440204457,-1,nan,nan,nan,nan
0.38524999999999998,0.060052482488189285,-0.039083528225988096,0.010484477131100595,0.010340892308203564,-1,nan,nan,nan,nan
0.38550000000000001,0.060059661088331925,-0.03908553733816135,0.010487061875085288,0.010335716877371226,-1,nan,nan,nan,nan
0.38574999999999998,0.060066830856121425,-0.039087540877042866,0.01048964498953928,0.010327856062666285,-1,nan,nan,nan,nan
0.38600000000000001,0.060073990052344158,-0.039089538446110912,0.010492225803116623,0.010317309864042556,-1,nan,nan,nan,nan
0.38624999999999998,0.060081136937786418,-0.039091529648843819,0.0104948036444713,0.010304078281475171,-1,nan,nan,nan,nan
0.38650000000000001,0.060088269773234594,-0.039093514088719875,0.01049737784225736,0.010288161315010314,-1,nan,nan,nan,nan
0.38674999999999998,0.060095386819474989,-0.039095491369217382,0.010499947725128803,0.01026955896461601,-1,nan,nan,nan,nan
0.38700000000000001,0.060102486337293974,-0.039097461093814637,0.010502512621739669,0.010248271230313577,-1,nan,nan,nan,nan
0.38724999999999998,0.060109566587477882,-0.039099422865989962,0.01050507186074396,0.01022429811207104,-1,nan,nan,nan,nan
0.38750000000000001,0.060116625830813043,-0.039101376289221633,0.010507624770795705,0.010197639609941689,-1,nan,nan,nan,nan
0.38774999999999998,0.060123662328085817,-0.039103320966987959,0.010510170680548929,0.01016829572389355,-1,nan,nan,nan,nan
0.38800000000000001,0.060130674340082547,-0.039105256502767242,0.010512708918657653,0.010136266453923071,-1,nan,nan,nan,nan
0.38824999999999998,0.060137660127589559,-0.039107182500037779,0.01051523881377589,0.010101551800019593,-1,nan,nan,nan,nan
0.38850000000000001,0.060144617951393212,-0.039109098562277886,0.010517759694557663,0.010064151762207985,-1,nan,nan,nan,nan
0.38874999999999998,0.060151546072279835,-0.039111004292965851,0.010520270889656992,0.010024066340477589,-1,nan,nan,nan,nan
0.38900000000000001,0.060158442751035782,-0.039112899295579977,0.010522771727727902,0.0099812955348319576,-1,nan,nan,nan,nan
0.38924999999999998,0.060165306248447382,-0.039114783173598566,0.010525261537424408,0.0099358393452675386,-1,nan,nan,nan,nan
0.38950000000000001,0.060172134825300989,-0.039116655530499915,0.010527739647400537,0.0098876977717878844,-1,nan,nan,nan,nan
0.38974999999999999,0.06017892674238294,-0.039118515969762339,0.010530205386310301,0.009836870814392995,-1,nan,nan,nan,nan
0.39000000000000001,0.060185680260479588,-0.039120364094864121,0.010532658082807733,0.0097874885554105617,-1,nan,nan,nan,nan
0.39024999999999999,0.060192399142477128,-0.039122200881301118,0.010535099130588005,0.0097553386853199697,-1,nan,nan,nan,nan
0.39050000000000001,0.060199102676287579,-0.039124031171986789,0.010537535752150395,0.0097376919916705162,-1,nan,nan,nan,nan
0.39074999999999999,0.0602057909772074,-0.039125855024039723,0.010539967976583839,0.009718593484702609,-1,nan,nan,nan,nan
0.39100000000000001,0.060212462071125905,-0.039127671973340411,0.010542395048892747,0.0096964749954011609,-1,nan,nan,nan,nan
0.39124999999999999,0.060219113983932392,-0.039129481555769313,0.010544816214081539,0.0096713365237626192,-1,nan,nan,nan,nan
0.39150000000000001,0.060225744741516173,-0.039131283307206916,0.010547230717154629,0.009643178069762115,-1,nan,nan,nan,nan
0.39174999999999999,0.060232352369766547,-0.039133076763533704,0.010549637803116421,0.0096119996333925428,-1,nan,nan,nan,nan
0.39200000000000002,0.060238934894572806,-0.039134861460630152,0.010552036716971327,0.0095778012146894298,-1,nan,nan,nan,nan
0.39224999999999999,0.060245490341824276,-0.039136636934376745,0.010554426703723765,0.0095405828136385651,-1,nan,nan,nan,nan
0.39250000000000002,0.060252016737410249,-0.039138402720653956,0.010556807008378147,0.0095003444302328433,-1,nan,nan,nan,nan
0.39274999999999999,0.060258512107220039,-0.039140158355342278,0.01055917687593888,0.009457086064475817,-1,nan,nan,nan,nan
0.39300000000000002,0.060264974477142942,-0.039141903374322169,0.010561535551410386,0.0094108077163639337,-1,nan,nan,nan,nan
0.39324999999999999,0.060271401873068252,-0.039143637313474131,0.010563882279797061,0.0093615093858936405,-1,nan,nan,nan,nan
0.39350000000000002,0.060277792320885294,-0.039145359708678627,0.010566216306103333,0.0093091910730862537,-1,nan,nan,nan,nan
0.39374999999999999,0.060284143846483361,-0.039147070095816153,0.010568536875333604,0.0092538527779311153,-1,nan,nan,nan,nan
0.39400000000000002,0.060290454475751772,-0.039148768010767172,0.0105708432324923,0.0091954945004246724,-1,nan,nan,nan,nan
0.39424999999999999,0.060296722234579804,-0.039150452989412172,0.010573134622583816,0.0091341162405491616,-1,nan,nan,nan,nan
0.39450000000000002,0.060302945148856785,-0.039152124567631633,0.010575410290612576,0.0090697179983436627,-1,nan,nan,nan,nan
0.39474999999999999,0.060309121244471998,-0.039153782281306025,0.010577669481582987,0.0090022997737797539,-1,nan,nan,nan,nan
0.39500000000000002,0.060315248547314779,-0.039155425666315843,0.010579911440499468,0.0089318615668716461,19,0.39500000000000002,0.010579911440499468,0.0089318615668716461,-0.0089318615668716461
0.39524999999999999,0.06032132508327441,-0.039157054258541567,0.010582135412366422,0.0088595794235359904,-1,nan,nan,nan,nan
0.39550000000000002,0.060327350449659235,-0.039158667989236763,0.010584341230211236,0.008804556283994458,-1,nan,nan,nan,nan
0.39574999999999999,0.060333348197617646,-0.039160272816600811,0.010586537690508418,0.0087720645500972694,-1,nan,nan,nan,nan
0.39600000000000002,0.060339324969809253,-0.039161870444836683,0.010588727262486285,0.0087426733563731318,-1,nan,nan,nan,nan
0.39624999999999999,0.060345278354420745,-0.03916346030004754,0.010590909027186603,0.0087096063297096293,-1,nan,nan,nan,nan
0.39650000000000002,0.060351205939638823,-0.039165041808336541,0.010593082065651141,0.0086728634701458418,-1,nan,nan,nan,nan
0.39674999999999999,0.060357105313650204,-0.039166614395806855,0.010595245458921675,0.0086324447776426894,-1,nan,nan,nan,nan
0.39700000000000002,0.06036297406464157,-0.039168177488561641,0.010597398288039964,0.0085883502522321464,-1,nan,nan,nan,nan
0.39724999999999999,0.060368809780799643,-0.039169730512704067,0.010599539634047788,0.0085405798939035549,-1,nan,nan,nan,nan
0.39750000000000002,0.060374610050311119,-0.039171272894337285,0.010601668577986917,0.0084891337026498093,-1,nan,nan,nan,nan
0.39774999999999999,0.0603803724613627,-0.039172804059564477,0.010603784200899111,0.0084340116784638042,-1,nan,nan,nan,nan
0.39800000000000002,0.060386094602141095,-0.039174323434488796,0.01060588558382615,0.0083752138213704086,-1,nan,nan,nan,nan
0.39824999999999999,0.060391774060832994,-0.039175830445213403,0.010607971807809796,0.0083127401313340954,-1,nan,nan,nan,nan
0.39850000000000002,0.060397408425625104,-0.039177324517841471,0.010610041953891817,0.0082465906083903917,-1,nan,nan,nan,nan
0.39874999999999999,0.060402995284704143,-0.03917880507847616,0.010612095103113992,0.0081767652525250867,-1,nan,nan,nan,nan
0.39900000000000002,0.060408532226256792,-0.039180271553220632,0.01061413033651808,0.0081032640637310749,-1,nan,nan,nan,nan
0.39924999999999999,0.060414016838469767,-0.039181723368178052,0.010616146735145857,0.0080260870420332253,-1,nan,nan,nan,nan
0.39950000000000002,0.060419446709529777,-0.039183159949451582,0.010618143380039097,0.0079452341873960108,-1,nan,nan,nan,nan
0.39974999999999999,0.060424819427623504,-0.039184580723144395,0.010620119352239554,0.0078607054998265369,-1,nan,nan,nan,nan
0.40000000000000002,0.060430132580937664,-0.039185985115359638,0.010622073732789013,0.0077725009793603306,-1,nan,nan,nan,nan
0.40024999999999999,0.060435383757658952,-0.039187372552200485,0.010624005602729233,0.0076806206259476539,-1,nan,nan,nan,nan
0.40050000000000002,0.060440570545974077,-0.039188742459770103,0.010625914043101987,0.0075850644396346922,-1,nan,nan,nan,nan
0.40075,0.06044569053406975,-0.039190094264171652,0.010627798134949049,0.0075013191802497659,-1,nan,nan,nan,nan
0.40100000000000002,0.060450761910036475,-0.039191432504652249,0.010629664702692113,0.007450571013585261,-1,nan,nan,nan,nan
0.40125,0.060455810452828551,-0.03919276361191687,0.010631523420455841,0.0074168531921188219,-1,nan,nan,nan,nan
0.40150000000000002,0.060460833128109591,-0.039194086869533247,0.010633373129288172,0.0073783565187426348,-1,nan,nan,nan,nan
0.40175,0.060465826711292255,-0.039195401513861833,0.010635212598715211,0.0073349379497997802,-1,nan,nan,nan,nan
0.40200000000000002,0.060470787977789209,-0.039196706781263066,0.010637040598263071,0.0072865974852796001,-1,nan,nan,nan,nan
0.40225,0.060475713703013106,-0.039198001908097406,0.01063885589745785,0.0072333351251643307,-1,nan,nan,nan,nan
0.40250000000000002,0.060480600662376614,-0.039199286130725305,0.010640657265825654,0.0071751508694966049,-1,nan,nan,nan,nan
0.40275,0.060485445631292399,-0.039200558685507203,0.010642443472892598,0.0071120447182480007,-1,nan,nan,nan,nan
0.40300000000000002,0.060490245385173121,-0.039201818808803565,0.010644213288184778,0.00704401667140786,-1,nan,nan,nan,nan
0.40325,0.060494996699431439,-0.039203065736974838,0.010645965481228301,0.0069710667290081574,-1,nan,nan,nan,nan
0.40350000000000003,0.060499696349480027,-0.039204298706381459,0.010647698821549284,0.0068931948910488927,-1,nan,nan,nan,nan
0.40375,0.060504341110731545,-0.039205516953383895,0.010649412078673825,0.0068104011574980916,-1,nan,nan,nan,nan
0.40400000000000003,0.06050892775859866,-0.039206719714342593,0.010651104022128034,0.0067226855283770703,-1,nan,nan,nan,nan
0.40425,0.060513453068494025,-0.039207906225617997,0.010652773421438014,0.0066300480036822762,-1,nan,nan,nan,nan
0.40450000000000003,0.060517913815830313,-0.039209075723570561,0.010654419046129876,0.0065324885834066038,-1,nan,nan,nan,nan
0.40475,0.060522306776020177,-0.039210227444560743,0.010656039665729717,0.0064300072675678166,-1,nan,nan,nan,nan
0.40500000000000003,0.06052662872447629,-0.039211360624948968,0.010657634049763661,0.0063226040561659147,-1,nan,nan,nan,nan
0.40525,0.060530876436611307,-0.039212474501095711,0.010659200967757798,0.0062102789491547128,-1,nan,nan,nan,nan
0.40550000000000003,0.060535046687837893,-0.039213568309361416,0.010660739189238239,0.006093031946594607,-1,nan,nan,nan,nan
0.40575,0.060539136253568722,-0.039214641286106536,0.010662247483731093,0.0059708630484429648,-1,nan,nan,nan,nan
0.40600000000000003,0.06054314190921644,-0.039215692667691517,0.010663724620762462,0.0058502854475008803,-1,nan,nan,nan,nan
0.40625,0.060547069002936285,-0.039216723750026598,0.010665172626454843,0.0057739793393558614,-1,nan,nan,nan,nan
0.40650000000000003,0.060550970503087137,-0.039217747282222853,0.010666611610432142,0.0057420606606193303,-1,nan,nan,nan,nan
0.40675,0.060554851954493068,-0.039218764640922762,0.010668043656785153,0.0057104924523123657,-1,nan,nan,nan,nan
0.40700000000000003,0.060558708392967835,-0.039219774679651237,0.010669466856658299,0.0056712888217091972,-1,nan,nan,nan,nan
0.40725,0.060562534854325202,-0.039220776251933188,0.010670879301196007,0.0056244497688346939,-1,nan,nan,nan,nan
0.40750000000000003,0.060566326374378948,-0.039221768211293515,0.010672279081542717,0.0055699752936497759,-1,nan,nan,nan,nan
0.40775,0.06057007798894281,-0.039222749411257148,0.010673664288842831,0.0055078653961366797,-1,nan,nan,nan,nan
0.40800000000000003,0.060573784733830564,-0.039223718705348992,0.010675033014240786,0.0054381200763451432,-1,nan,nan,nan,nan
0.40825,0.060577441644855963,-0.03922467494709396,0.010676383348881002,0.0053607393342396392,-1,nan,nan,nan,nan
0.40850000000000003,0.060581043757832777,-0.039225616990016962,0.010677713383907907,0.0052757231698663531,-1,nan,nan,nan,nan
0.40875,0.060584586108574777,-0.03922654368764291,0.010679021210465933,0.0051830715831755469,-1,nan,nan,nan,nan
0.40900000000000003,0.060588063732895707,-0.039227453893496717,0.010680304919699495,0.0050827845741672206,-1,nan,nan,nan,nan
0.40925,0.060591471666609338,-0.039228346461103306,0.010681562602753016,0.0049748621428520323,-1,nan,nan,nan,nan
0.40950000000000003,0.060594804945529421,-0.039229220243987575,0.010682792350770923,0.0048593042892584037,-1,nan,nan,nan,nan
0.40975,0.060598058605469733,-0.039230074095674444,0.010683992254897644,0.0047361110133614659,-1,nan,nan,nan,nan
0.41000000000000003,0.060601227682244026,-0.039230906869688817,0.010685160406277604,0.0046052823151718769,-1,nan,nan,nan,nan
0.41025,0.060604307211666077,-0.039231717419555619,0.010686294896055229,0.004466818194675426,-1,nan,nan,nan,nan
0.41050000000000003,0.060607292229549629,-0.039232504598799747,0.010687393815374941,0.0043207186518579022,-1,nan,nan,nan,nan
0.41075,0.060610177771708441,-0.039233267260946128,0.010688455255381157,0.0041669836867477272,-1,nan,nan,nan,nan
0.41100000000000003,0.060612958873956298,-0.039234004259519666,0.010689477307218316,0.004005613299359112,-1,nan,nan,nan,nan
0.41125,0.060615630572106942,-0.039234714448045271,0.010690458062030835,0.003836607489649424,-1,nan,nan,nan,nan
0.41150000000000003,0.060618187901974152,-0.039235396680047871,0.010691395610963141,0.003711093910460761,-1,nan,nan,nan,nan
0.41175,0.060620693357111767,-0.039236066139139637,0.010692313608986065,0.0036808917689903353,-1,nan,nan,nan,nan
0.41200000000000003,0.060623210231164619,-0.039236738117469347,0.010693236056847636,0.0036914286808560348,-1,nan,nan,nan,nan
0.41225000000000001,0.060625728844038392,-0.039237410197385407,0.010694159323326492,0.0036874299387470444,-1,nan,nan,nan,nan
0.41250000000000003,0.060628239501424978,-0.03923807995779096,0.010695079771817009,0.0036688847740862229,-1,nan,nan,nan,nan
0.41275000000000001,0.060630732509016287,-0.039238744977589217,0.010695993765713535,0.0036357931868700177,-1,nan,nan,nan,nan
0.41300000000000003,0.060633198172504212,-0.039239402835683321,0.010696897668410445,0.0035881551771339559,-1,nan,nan,nan,nan
0.41325000000000001,0.060635626797580666,-0.039240051110976462,0.010697787843302102,0.0035259707448211941,-1,nan,nan,nan,nan
0.41350000000000003,0.060638008689937524,-0.039240687382371811,0.010698660653782856,0.0034492398899814702,-1,nan,nan,nan,nan
0.41375000000000001,0.06064033415526672,-0.039241309228772538,0.010699512463247091,0.0033579626125792572,-1,nan,nan,nan,nan
0.41400000000000003,0.060642593499260121,-0.039241914229081826,0.010700339635089148,0.0032521389126500821,-1,nan,nan,nan,nan
0.41425000000000001,0.060644777027609655,-0.039242499962202824,0.010701138532703415,0.0031317687901726288,-1,nan,nan,nan,nan
0.41450000000000004,0.060646875046007201,-0.039243064007038732,0.010701905519484235,0.0029968522451326862,-1,nan,nan,nan,nan
0.41475000000000001,0.060648877860144675,-0.039243603942492718,0.010702636958825978,0.0028473892775551235,-1,nan,nan,nan,nan
0.41500000000000004,0.060650775775713962,-0.039244117347467938,0.010703329214123012,0.0026833798874292825,20,0.41500000000000004,0.010703329214123012,0.0026833798874292825,-0.0026833798874292825
0.41525000000000001,0.060652559098406965,-0.039244601800867578,0.010703978648769694,0.0025048240747622685,-1,nan,nan,nan,nan
0.41550000000000004,0.060654218133915597,-0.039245054881594806,0.010704581626160396,0.0023117218395611872,-1,nan,nan,nan,nan
0.41575000000000001,0.060655743187931752,-0.039245474168552806,0.010705134509689473,0.002104073181779853,-1,nan,nan,nan,nan
0.41600000000000004,0.060657124566147316,-0.039245857240644742,0.010705633662751287,0.0018818781014786623,-1,nan,nan,nan,nan
0.41625000000000001,0.060658352574254212,-0.039246201676773791,0.010706075448740211,0.0016451365986149824,-1,nan,nan,nan,nan
0.41649999999999998,0.06065941751794432,-0.03924650505584313,0.010706456231050595,0.0013938486732101296,-1,nan,nan,nan,nan
0.41675000000000001,0.060660309702909553,-0.039246764956755921,0.010706772373076816,0.0011411752284260501,-1,nan,nan,nan,nan
0.41699999999999998,0.060661037061431611,-0.039246983424101996,0.010707026818664808,0.00098821128154824578,-1,nan,nan,nan,nan
0.41725000000000001,0.060661725196164265,-0.039247192238729085,0.01070726647871759,0.00094785664579788431,-1,nan,nan,nan,nan
0.41749999999999998,0.060662399040993666,-0.039247397547018253,0.010707500746987706,0.00092502295992957784,-1,nan,nan,nan,nan
0.41775000000000001,0.060663056656249506,-0.039247598675854395,0.010707728990197556,0.0008996561636500644,-1,nan,nan,nan,nan
0.41799999999999998,0.060663696102261466,-0.039247794952122404,0.010707950575069531,0.00087175625694868586,-1,nan,nan,nan,nan
0.41825000000000001,0.060664315439359226,-0.039247985702707162,0.010708164868326032,0.0008413232398467585,-1,nan,nan,nan,nan
0.41849999999999998,0.060664912727872458,-0.03924817025449355,0.010708371236689454,0.00080835711233362417,-1,nan,nan,nan,nan
0.41875000000000001,0.060665486028130863,-0.039248347934366462,0.010708569046882201,0.00077285787444481002,-1,nan,nan,nan,nan
0.41899999999999998,0.060666033400464135,-0.039248518069210786,0.010708757665626675,0.00073482552611281449,-1,nan,nan,nan,nan
0.41925000000000001,0.060666552905201926,-0.03924867998591141,0.010708936459645258,0.00069426006739092827,-1,nan,nan,nan,nan
0.41949999999999998,0.060667042602673943,-0.039248833011353207,0.010709104795660368,0.00065116149826494052,-1,nan,nan,nan,nan
0.41975000000000001,0.060667500553209866,-0.039248976472421079,0.010709262040394393,0.00060552981872064038,-1,nan,nan,nan,nan
0.41999999999999998,0.060667924817139368,-0.039249109695999915,0.010709407560569727,0.00055736502877934413,-1,nan,nan,nan,nan
0.42025000000000001,0.06066831345479215,-0.03924923200897458,0.010709540722908785,0.00050666712843749906,-1,nan,nan,nan,nan
0.42049999999999998,0.060668664526497877,-0.039249342738229991,0.010709660894133943,0.00045343611766668346,-1,nan,nan,nan,nan
0.42075000000000001,0.060668976092586251,-0.039249441210651013,0.010709767440967619,0.00039767199651663532,-1,nan,nan,nan,nan
0.42099999999999999,0.060669246213386936,-0.039249526753122536,0.0107098597301322,0.00033937476492340579,-1,nan,nan,nan,nan
0.42125000000000001,0.060669472949229634,-0.039249598692529468,0.010709937128350083,0.00027854442295449644,-1,nan,nan,nan,nan
0.42149999999999999,0.060669654360444018,-0.039249656355756668,0.010709999002343675,0.00021518097058148555,-1,nan,nan,nan,nan
0.42175000000000001,0.060669788507359781,-0.039249699069689031,0.010710044718835375,0.00014928440778660956,-1,nan,nan,nan,nan
0.42199999999999999,0.060669873450306597,-0.03924972616121146,0.010710073644547569,8.0854734573421183e-05,-1,nan,nan,nan,nan
0.42225000000000001,0.060669907249614144,-0.039249736957208819,0.010710085146202662,4.9264545797456094e-05,-1,nan,nan,nan,nan
0.42249999999999999,0.06066990351940791,-0.039249706965766976,0.010710098276820467,0.00011974067079023598,-1,nan,nan,nan,nan
0.42275000000000001,0.060669888113040159,-0.039249598079964046,0.010710145016538056,0.00025158563514438015,-1,nan,nan,nan,nan
0.42299999999999999,0.060669862078037366,-0.039249413938761288,0.010710224069638039,0.00037715327845333491,-1,nan,nan,nan,nan
0.42325000000000002,0.06066982604148418,-0.039249158855129612,0.010710333593177284,0.00049534914923299311,-1,nan,nan,nan,nan
0.42349999999999999,0.060669780630465291,-0.039248837142039979,0.010710471744212656,0.00060617324747269663,-1,nan,nan,nan,nan
0.42375000000000002,0.060669726472065352,-0.039248453112463312,0.01071063667980102,0.0007096255731582346,-1,nan,nan,nan,nan
0.42399999999999999,0.060669664193369027,-0.039248011079370558,0.010710826556999235,0.00080570612628960703,-1,nan,nan,nan,nan
0.42425000000000002,0.060669594421460984,-0.039247515355732655,0.010711039532864165,0.00089441490689878833,-1,nan,nan,nan,nan
0.42449999999999999,0.060669517783425893,-0.039246970254520529,0.010711273764452682,0.00097575191494669866,-1,nan,nan,nan,nan
0.42475000000000002,0.060669434906348414,-0.039246380088705138,0.010711527408821638,0.0010497171504546543,-1,nan,nan,nan,nan
0.42499999999999999,0.060669346417313225,-0.039245749171257407,0.010711798623027909,0.0011163106134191025,-1,nan,nan,nan,nan
0.42525000000000002,0.060669252943404979,-0.039245081815148283,0.010712085564128348,0.0011755323038471488,-1,nan,nan,nan,nan
0.42549999999999999,0.060669155111708353,-0.03924438233334869,0.010712386389179832,0.0012273822217245822,-1,nan,nan,nan,nan
0.42575000000000002,0.060669053549308002,-0.039243655038829581,0.010712699255239211,0.0012718603670478501,-1,nan,nan,nan,nan
0.42599999999999999,0.060668948883288595,-0.039242904244561887,0.010713022319363354,0.001308966739834716,-1,nan,nan,nan,nan
0.42625000000000002,0.060668841740734808,-0.039242134263516547,0.010713353738609131,0.0013387013400958381,-1,nan,nan,nan,nan
0.42649999999999999,0.060668732748731302,-0.0392413494086645,0.010713691670033401,0.0013610641677992419,-1,nan,nan,nan,nan
0.42675000000000002,0.06066862253436274,-0.039240553992976678,0.010714034270693031,0.0013760552229484802,-1,nan,nan,nan,nan
0.42699999999999999,0.06066851172471379,-0.039239752329424039,0.010714379697644875,0.001383674505554211,-1,nan,nan,nan,nan
0.42725000000000002,0.060668400946869115,-0.039238948730977496,0.010714726107945809,0.0013839220156235399,-1,nan,nan,nan,nan
0.42749999999999999,0.060668290827913383,-0.039238147510608008,0.010715071658652688,0.0013786554972909926,-1,nan,nan,nan,nan
0.42775000000000002,0.06066818172877373,-0.03923735085738482,0.010715415435694455,0.0014179902115287746,-1,nan,nan,nan,nan
0.42799999999999999,0.060668067055930544,-0.039236505748413641,0.010715780653758451,0.0015229373547356317,-1,nan,nan,nan,nan
0.42825000000000002,0.060667944013630216,-0.039235590204886567,0.010716176904371825,0.0016439679986568478,-1,nan,nan,nan,nan
0.42849999999999999,0.060667812982187617,-0.039234607706672059,0.010716602637757779,0.0017587995353629537,-1,nan,nan,nan,nan
0.42875000000000002,0.060667674341917638,-0.039233561733638622,0.010717056304139508,0.0018674319648859239,-1,nan,nan,nan,nan
0.42899999999999999,0.060667528473135168,-0.039232455765654727,0.010717536353740221,0.0019698652871831257,-1,nan,nan,nan,nan
0.42925000000000002,0.060667375756155072,-0.039231293282588869,0.010718041236783101,0.0020660995022900863,-1,nan,nan,nan,nan
0.42949999999999999,0.060667216571292246,-0.039230077764309514,0.010718569403491366,0.0021561346101925949,-1,nan,nan,nan,nan
0.42975000000000002,0.060667051298861567,-0.039228812690685171,0.010719119304088198,0.0022399706108799933,-1,nan,nan,nan,nan
0.42999999999999999,0.06066688031917792,-0.03922750154158431,0.010719689388796805,0.0023176075043629396,-1,nan,nan,nan,nan
0.43025000000000002,0.060666704012556173,-0.039226147796875409,0.010720278107840382,0.0023890452906556447,-1,nan,nan,nan,nan
0.43049999999999999,0.060666522759311226,-0.039224754936426964,0.010720883911442131,0.002454283969704818,-1,nan,nan,nan,nan
0.43075000000000002,0.060666336939757939,-0.039223326440107467,0.010721505249825236,0.0025133235415815136,-1,nan,nan,nan,nan
0.43099999999999999,0.060666146934211213,-0.039221865787785373,0.01072214057321292,0.0025661640062608626,-1,nan,nan,nan,nan
0.43125000000000002,0.060665953122985929,-0.039220376459329194,0.010722788331828367,0.0026128053637251014,-1,nan,nan,nan,nan
0.43149999999999999,0.060665755886396965,-0.039218861934607399,0.010723446975894783,0.00265324761397423,-1,nan,nan,nan,nan
0.43175000000000002,0.060665555604759204,-0.039217325693488493,0.010724114955635355,0.0026874907570295647,-1,nan,nan,nan,nan
0.432,0.060665352658387517,-0.039215771215840925,0.010724790721273296,0.0027155347928697893,-1,nan,nan,nan,nan
0.43225000000000002,0.060665147427596794,-0.039214201981533213,0.01072547272303179,0.0027373797215091145,-1,nan,nan,nan,nan
0.4325,0.060664940292701926,-0.039212621470433827,0.010726159411134049,0.0027530255429546457,-1,nan,nan,nan,nan
0.43275000000000002,0.060664731634017782,-0.039211033162411243,0.010726849235803269,0.0027624722571815141,-1,nan,nan,nan,nan
0.433,0.06066452183185924,-0.03920944053733396,0.01072754064726264,0.0027724867002092424,-1,nan,nan,nan,nan
0.43325000000000002,0.060664310346337763,-0.039207839388031011,0.010728235479153376,0.0028174757730283773,-1,nan,nan,nan,nan
0.4335,0.060664092893503573,-0.039206194123205265,0.010728949385149154,0.0028966774658520933,-1,nan,nan,nan,nan
0.43375000000000002,0.060663869072535896,-0.039204501436763288,0.010729683817886304,0.0029770901733492394,-1,nan,nan,nan,nan
0.434,0.060663639109347647,-0.039202763248875991,0.010730437930235828,0.0030541143649038816,-1,nan,nan,nan,nan
0.43425000000000002,0.060663403229851788,-0.039200981479714278,0.010731210875068755,0.0031277500405444414,-1,nan,nan,nan,nan
0.4345,0.060663161659961259,-0.039199158049449061,0.010732001805256099,0.0031979972002389445,-1,nan,nan,nan,nan
0.43475000000000003,0.060662914625589009,-0.039197294878251257,0.010732809873668876,0.0032648558439980491,-1,nan,nan,nan,nan
0.435,0.060662662352647966,-0.039195393886291771,0.010733634233178097,0.0033283259718182023,21,0.435,0.010733634233178097,0.0033283259718182023,-0.0033283259718182023
0.43525000000000003,0.060662405067051089,-0.039193456993741514,0.010734474036654788,0.0033884075837313787,-1,nan,nan,nan,nan
0.4355,0.060662142994711309,-0.039191486120771384,0.010735328436969963,0.0034451006796949457,-1,nan,nan,nan,nan
0.43575000000000003,0.060661876361541578,-0.039189483187552304,0.010736196586994637,0.0034984052597160087,-1,nan,nan,nan,nan
0.436,0.060661605393454825,-0.039187450114255187,0.010737077639599819,0.0035483213238016731,-1,nan,nan,nan,nan
0.43625000000000003,0.060661330316364011,-0.03918538882105093,0.01073797074765654,0.0035948488719590443,-1,nan,nan,nan,nan
0.4365,0.06066105135618205,-0.039183301228110458,0.010738875064035796,0.0036379879041668062,-1,nan,nan,nan,nan
0.43675000000000003,0.060660768738821924,-0.039181189255604675,0.010739789741608625,0.0036777384204746966,-1,nan,nan,nan,nan
0.437,0.06066048269019654,-0.039179054823704478,0.010740713933246031,0.0037141004208116613,-1,nan,nan,nan,nan
0.43725000000000003,0.060660193436218854,-0.039176899852580792,0.010741646791819031,0.0037470739052452018,-1,nan,nan,nan,nan
0.4375,0.060659901202801819,-0.039174726262404515,0.010742587470198652,0.0037766588737220275,-1,nan,nan,nan,nan
0.43775000000000003,0.060659606215858357,-0.039172535973346571,0.010743535121255893,0.0038028553262599019,-1,nan,nan,nan,nan
0.438,0.060659308701301429,-0.039170330905577866,0.010744488897861781,0.0038256632628801412,-1,nan,nan,nan,nan
0.43825000000000003,0.060659008885043962,-0.039168112979269296,0.010745447952887333,0.0038450826835756402,-1,nan,nan,nan,nan
0.4385,0.060658706992998919,-0.039165884114591785,0.010746411439203567,0.0038700138970675368,-1,nan,nan,nan,nan
0.43875000000000003,0.060658401898848115,-0.039163635979176381,0.010747382959835867,0.0039173899901996379,-1,nan,nan,nan,nan
0.439,0.060658091265502243,-0.03916135099710491,0.010748370134198666,0.0039792378829979214,-1,nan,nan,nan,nan
0.43925000000000003,0.060657775195234069,-0.039159030037679336,0.010749372578777366,0.0040391753929505114,-1,nan,nan,nan,nan
0.4395,0.06065745384757603,-0.03915667440378575,0.01075038972189514,0.0040968261955782737,-1,nan,nan,nan,nan
0.43975000000000003,0.060657127382060604,-0.039154285398310291,0.010751420991875156,0.0041521902909380515,-1,nan,nan,nan,nan
0.44,0.06065679595822028,-0.039151864324139064,0.010752465817040608,0.0042052676790014232,-1,nan,nan,nan,nan
0.44025000000000003,0.060656459735587497,-0.03914941248415818,0.010753523625714658,0.0042560583597790469,-1,nan,nan,nan,nan
0.4405,0.060656118873694743,-0.039146931181253751,0.010754593846220496,0.0043045623332886862,-1,nan,nan,nan,nan
0.44075000000000003,0.060655773532074492,-0.039144421718311888,0.010755675906881302,0.0043507795994912613,-1,nan,nan,nan,nan
0.441,0.060655423870259198,-0.039141885398218716,0.010756769236020241,0.004394710158386772,-1,nan,nan,nan,nan
0.44125000000000003,0.060655070047781333,-0.039139323523860341,0.010757873261960496,0.0044363540100391674,-1,nan,nan,nan,nan
0.4415,0.060654712224173381,-0.039136737398122866,0.010758987413025257,0.0044757111543951567,-1,nan,nan,nan,nan
0.44175000000000003,0.060654350558967791,-0.039134128323892403,0.010760111117537694,0.0045127815914405289,-1,nan,nan,nan,nan
0.442,0.060653985211697042,-0.039131497604055092,0.010761243803820975,0.0045475653212001532,-1,nan,nan,nan,nan
0.44225000000000003,0.060653616341893611,-0.039128846541497023,0.010762384900198294,0.004580062343681135,-1,nan,nan,nan,nan
0.4425,0.060653244109089954,-0.039126176439104321,0.010763533834992817,0.0046102726588657106,-1,nan,nan,nan,nan
0.44275000000000003,0.060652868672818543,-0.039123488599763084,0.010764690036527729,0.0046381962668036181,-1,nan,nan,nan,nan
0.443,0.060652490192611867,-0.039120784326359431,0.010765852933126218,0.0046638331674238032,-1,nan,nan,nan,nan
0.44325000000000003,0.060652108828002364,-0.03911806492177948,0.010767021953111442,0.0046871833607546876,-1,nan,nan,nan,nan
0.44350000000000001,0.060651724738522525,-0.039115331688909336,0.010768196524806595,0.0047082468468033767,-1,nan,nan,nan,nan
0.44375000000000003,0.060651338083704813,-0.039112585930635123,0.010769376076534845,0.0047270689145868516,-1,nan,nan,nan,nan
0.44400000000000001,0.060650949015593293,-0.039109828897065518,0.010770560059263887,0.0047534652710936598,-1,nan,nan,nan,nan
0.44425000000000003,0.060650556072737637,-0.039107050454396851,0.010771752809170393,0.0047950377967005409,-1,nan,nan,nan,nan
0.44450000000000001,0.060650158159239347,-0.039104243002914874,0.010772957578162237,0.0048422600046578168,-1,nan,nan,nan,nan
0.44475000000000003,0.060649755397322494,-0.039101407518977047,0.010774173939172724,0.0048877739458319525,-1,nan,nan,nan,nan
0.44500000000000001,0.060649347909211143,-0.039098544978940837,0.010775401465135153,0.0049315796202051843,-1,nan,nan,nan,nan
0.44525000000000003,0.060648935817129365,-0.039095656359163712,0.010776639728982827,0.0049736770277952758,-1,nan,nan,nan,nan
0.44550000000000001,0.060648519243301245,-0.039092742636003146,0.01077788830364905,0.0050140661686057797,-1,nan,nan,nan,nan
0.44575000000000004,0.060648098309950854,-0.039089804785816591,0.010779146762067131,0.0050527470426509069,-1,nan,nan,nan,nan
0.44600000000000001,0.060647673139302263,-0.039086843784961516,0.010780414677170374,0.0050897196498880248,-1,nan,nan,nan,nan
0.44625000000000004,0.060647243853579544,-0.039083860609795393,0.010781691621892076,0.005124983990334897,-1,nan,nan,nan,nan
0.44650000000000001,0.060646810575006774,-0.039080856236675697,0.010782977169165538,0.0051585400639808654,-1,nan,nan,nan,nan
0.44675000000000004,0.060646373425808017,-0.039077831641959881,0.010784270891924068,0.0051903878708650097,-1,nan,nan,nan,nan
0.44700000000000001,0.060645932528207359,-0.03907478780200542,0.01078557236310097,0.0052205274109660138,-1,nan,nan,nan,nan
0.44725000000000004,0.060645488004428871,-0.039071725693169766,0.010786881155629553,0.0052489586842803249,-1,nan,nan,nan,nan
0.44750000000000001,0.060645039976696624,-0.039068646291810408,0.010788196842443108,0.0052756816907866266,-1,nan,nan,nan,nan
0.44775000000000004,0.060644588567234689,-0.039065550574284798,0.010789518996474946,0.0053006964305204463,-1,nan,nan,nan,nan
0.44800000000000001,0.060644133898267137,-0.039062439516950404,0.010790847190658367,0.0053240029034711256,-1,nan,nan,nan,nan
0.44824999999999998,0.060643676092018053,-0.039059314096164692,0.010792180997926681,0.0053456011096351119,-1,nan,nan,nan,nan
0.44850000000000001,0.060643215270711495,-0.039056175288285123,0.010793519991213186,0.0053654910490088525,-1,nan,nan,nan,nan
0.44874999999999998,0.060642751556571554,-0.039053024069669186,0.010794863743451184,0.0053836727216065583,-1,nan,nan,nan,nan
0.44900000000000001,0.060642285071822295,-0.039049861416674318,0.010796211827573989,0.0054001461274140183,-1,nan,nan,nan,nan
0.44924999999999998,0.060641815938687782,-0.039046688305658002,0.01079756381651489,0.0054154015971228375,-1,nan,nan,nan,nan
0.44950000000000001,0.060641344192950648,-0.039043505136205546,0.010798919528372551,0.0054382584690131353,-1,nan,nan,nan,nan
0.44974999999999998,0.060640868403770337,-0.039040302512271544,0.010800282945749397,0.0054716234342961911,-1,nan,nan,nan,nan
0.45000000000000001,0.060640388100241902,-0.039037077420062502,0.0108016553400897,0.0055068487492420104,-1,nan,nan,nan,nan
0.45024999999999998,0.060639903380620683,-0.039033830640372649,0.010803036370124017,0.0055407089863663828,-1,nan,nan,nan,nan
0.45050000000000001,0.060639414343161994,-0.039030562953996227,0.010804425694582884,0.0055732041456479919,-1,nan,nan,nan,nan
0.45074999999999998,0.06063892108612115,-0.03902727514172747,0.01080582297219684,0.0056043342270726271,-1,nan,nan,nan,nan
0.45100000000000001,0.060638423707753471,-0.039023967984360627,0.010807227861696422,0.0056340992306580517,-1,nan,nan,nan,nan
0.45124999999999998,0.060637922306314283,-0.039020642262689947,0.010808640021812168,0.0056624991563829496,-1,nan,nan,nan,nan
0.45150000000000001,0.060637416980058888,-0.039017298757509658,0.010810059111274615,0.0056895340043041642,-1,nan,nan,nan,nan
0.45174999999999998,0.060636907827242625,-0.039013938249613987,0.010811484788814319,0.0057152037743755102,-1,nan,nan,nan,nan
0.45200000000000001,0.06063639494612081,-0.039010561519797204,0.010812916713161803,0.0057395084665969875,-1,nan,nan,nan,nan
0.45224999999999999,0.060635878434948762,-0.039007169348853531,0.010814354543047616,0.0057624480809792544,-1,nan,nan,nan,nan
0.45250000000000001,0.060635358391981795,-0.039003762517577208,0.010815797937202293,0.0057840226175152054,-1,nan,nan,nan,nan
0.45274999999999999,0.060634834915475229,-0.039000341806762484,0.010817246554356372,0.0058042320762261568,-1,nan,nan,nan,nan
0.45300000000000001,0.060634308103684392,-0.038996907997203574,0.010818700053240409,0.0058230764570872395,-1,nan,nan,nan,nan
0.45324999999999999,0.060633778054864591,-0.038993461869694761,0.010820158092584915,0.0058405557600842428,-1,nan,nan,nan,nan
0.45350000000000001,0.060633244867271154,-0.038990004205030251,0.010821620331120451,0.0058566699852846682,-1,nan,nan,nan,nan
0.45374999999999999,0.060632708639159399,-0.038986535784004288,0.010823086427577556,0.005871419132635225,-1,nan,nan,nan,nan
0.45400000000000001,0.06063216946878465,-0.038983057387411112,0.010824556040686769,0.0058848032021288077,-1,nan,nan,nan,nan
0.45424999999999999,0.060631627454402225,-0.038979569796044986,0.01082602882917862,0.0058968221937618637,-1,nan,nan,nan,nan
0.45450000000000002,0.060631082694267431,-0.03897607379070013,0.01082750445178365,0.0059074761075841309,-1,nan,nan,nan,nan
0.45474999999999999,0.06063053528663561,-0.038972570152170788,0.010828982567232411,0.0059177621010881865,-1,nan,nan,nan,nan
0.45500000000000002,0.060629985146757617,-0.038969058481089225,0.010830463332834196,0.0059349592473552093,22,0.45500000000000002,0.010830463332834196,0.0059349592473552093,-0.0059349592473552093
0.45524999999999999,0.060629431038035725,-0.038965530944323548,0.010831950046856088,0.0059596162630874971,-1,nan,nan,nan,nan
0.45550000000000002,0.060628872777841077,-0.038961986495909595,0.010833443140965741,0.0059845611300701762,-1,nan,nan,nan,nan
0.45574999999999999,0.060628310447753554,-0.038958425792911311,0.010834942327421122,0.0060083550288609899,-1,nan,nan,nan,nan
0.45600000000000002,0.060627744129352984,-0.03895484949239264,0.010836447318480172,0.0060309979594599383,-1,nan,nan,nan,nan
0.45624999999999999,0.06062717390421922,-0.038951258251417521,0.010837957826400849,0.006052489921859916,-1,nan,nan,nan,nan
0.45650000000000002,0.060626599853932102,-0.038947652727049892,0.010839473563441105,0.0060728309161035554,-1,nan,nan,nan,nan
0.45674999999999999,0.060626022060071491,-0.03894403357635369,0.010840994241858901,0.0060920209421873039,-1,nan,nan,nan,nan
0.45700000000000002,0.060625440604217241,-0.03894040145639284,0.010842519573912201,0.0061100600000791871,-1,nan,nan,nan,nan
0.45724999999999999,0.060624855567949186,-0.038936757024231307,0.01084404927185894,0.0061269480897685469,-1,nan,nan,nan,nan
0.45750000000000002,0.060624267032847179,-0.038933100936933009,0.010845583047957085,0.0061426852113015684,-1,nan,nan,nan,nan
0.45774999999999999,0.060623675080491074,-0.038929433851561897,0.010847120614464589,0.00615727136464983,-1,nan,nan,nan,nan
0.45800000000000002,0.060623079792460725,-0.038925756425181902,0.010848661683639411,0.0061707065498204372,-1,nan,nan,nan,nan
0.45824999999999999,0.060622481250335959,-0.038922069314856964,0.010850205967739498,0.0061829907667885209,-1,nan,nan,nan,nan
0.45850000000000002,0.060621879535696643,-0.038918373177651032,0.010851753179022806,0.0061941240155931609,-1,nan,nan,nan,nan
0.45874999999999999,0.060621274730122618,-0.038914668670628032,0.010853303029747293,0.0062041062962165938,-1,nan,nan,nan,nan
0.45900000000000002,0.06062066691519373,-0.038910956450851901,0.010854855232170914,0.0062129376086694776,-1,nan,nan,nan,nan
0.45924999999999999,0.060620056172489847,-0.038907237175386591,0.010856409498551628,0.0062206179529304961,-1,nan,nan,nan,nan
0.45950000000000002,0.060619442583590796,-0.038903511501296034,0.010857965541147381,0.0062271473290174129,-1,nan,nan,nan,nan
0.45974999999999999,0.060618826230076431,-0.03889978008564416,0.010859523072216135,0.0062325257369266751,-1,nan,nan,nan,nan
0.46000000000000002,0.060618207193526619,-0.038896043585494929,0.010861081804015845,0.0062367531766582829,-1,nan,nan,nan,nan
0.46024999999999999,0.060617585555521186,-0.038892302657912263,0.010862641448804462,0.0062412455488214391,-1,nan,nan,nan,nan
0.46050000000000002,0.060616961135876148,-0.038888556282295636,0.010864202426790256,0.0062519306159671828,-1,nan,nan,nan,nan
0.46074999999999999,0.060616332920284302,-0.038884798092059414,0.010865767414112444,0.0062681061246259162,-1,nan,nan,nan,nan
0.46100000000000002,0.060615700858401241,-0.038881027898696102,0.010867336479852569,0.0062839106976895209,-1,nan,nan,nan,nan
0.46124999999999999,0.060615065019545007,-0.038877246280622432,0.010868909369461287,0.0062986970733760472,-1,nan,nan,nan,nan
0.46150000000000002,0.060614425473033633,-0.038873453816255114,0.010870485828389259,0.0063124652517068114,-1,nan,nan,nan,nan
0.46174999999999999,0.060613782288185175,-0.038869651084010894,0.010872065602087141,0.0063252152326818134,-1,nan,nan,nan,nan
0.46200000000000002,0.060613135534317672,-0.038865838662306473,0.010873648436005599,0.0063369470162975006,-1,nan,nan,nan,nan
0.46224999999999999,0.060612485280749175,-0.038862017129558599,0.010875234075595288,0.0063476606025290039,-1,nan,nan,nan,nan
0.46250000000000002,0.060611831596797713,-0.038858187064183987,0.010876822266306863,0.0063573559914154032,-1,nan,nan,nan,nan
0.46274999999999999,0.060611174551781347,-0.038854349044599355,0.010878412753590996,0.0063660331829282768,-1,nan,nan,nan,nan
0.46300000000000002,0.060610514215018112,-0.038850503649221456,0.010880005282898328,0.0063736921770782828,-1,nan,nan,nan,nan
0.46325,0.060609850655826053,-0.038846651456466985,0.010881599599679534,0.0063803329738760794,-1,nan,nan,nan,nan
0.46350000000000002,0.060609183943523208,-0.038842793044752674,0.010883195449385267,0.0063859555733003504,-1,nan,nan,nan,nan
0.46375,0.060608514147427635,-0.038838928992495268,0.010884792577466183,0.006390559975358201,-1,nan,nan,nan,nan
0.46400000000000002,0.060607841336857364,-0.038835059878111471,0.010886390729372947,0.0063941461800567367,-1,nan,nan,nan,nan
0.46425,0.060607165581130447,-0.038831186280018026,0.01088798965055621,0.0063967141873852995,-1,nan,nan,nan,nan
0.46450000000000002,0.060606486949564928,-0.038827308776631646,0.010889589086466641,0.0063982639973829691,-1,nan,nan,nan,nan
0.46475,0.060605805511478851,-0.038823427946369053,0.010891188782554899,0.0063987956099929022,-1,nan,nan,nan,nan
0.46500000000000002,0.060605121336190254,-0.03881954436764698,0.010892788484271637,0.0063983090252293096,-1,nan,nan,nan,nan
0.46525,0.060604434493017181,-0.038815658618882157,0.010894387937067512,0.0063968042431135075,-1,nan,nan,nan,nan
0.46550000000000002,0.060603745051277691,-0.038811771278491301,0.010895986886393195,0.0063942812636383906,-1,nan,nan,nan,nan
0.46575,0.060603053080289807,-0.038807882924891145,0.010897585077699331,0.0063936204903995986,-1,nan,nan,nan,nan
0.46600000000000003,0.060602361234881934,-0.038803993841605142,0.010899183696638396,0.0064026059138093672,-1,nan,nan,nan,nan
0.46625,0.06060167603266723,-0.038800103271354761,0.010900786380656235,0.0064182543535231673,-1,nan,nan,nan,nan
0.46650000000000003,0.060600996360436421,-0.038796210712806103,0.010902392823815159,0.0064321892009822079,-1,nan,nan,nan,nan
0.46675,0.060600320649766309,-0.038792315699252858,0.010904002475256726,0.0064439206146680306,-1,nan,nan,nan,nan
0.46700000000000003,0.060599647332233678,-0.03878841776398869,0.010905614784122494,0.0064534485945770825,-1,nan,nan,nan,nan
0.46725,0.060598974839415301,-0.038784516440307275,0.010907229199554013,0.006460773140695153,-1,nan,nan,nan,nan
0.46750000000000003,0.060598301602887976,-0.038780611261502292,0.010908845170692842,0.0064658942530471109,-1,nan,nan,nan,nan
0.46775,0.060597626054228498,-0.038776701760867428,0.010910462146680535,0.0064688119316080872,-1,nan,nan,nan,nan
0.46800000000000003,0.060596946625013644,-0.038772787471696352,0.010912079576658646,0.0064695261764100565,-1,nan,nan,nan,nan
0.46825,0.060596261746820208,-0.038768867927282728,0.01091369690976874,0.0064680369874174914,-1,nan,nan,nan,nan
0.46850000000000003,0.060595569851224974,-0.03876494266092026,0.010915313595152357,0.0064643443646481558,-1,nan,nan,nan,nan
0.46875,0.060594869369804731,-0.038761011205902605,0.010916929081951063,0.006458448308094944,-1,nan,nan,nan,nan
0.46900000000000003,0.060594158734136261,-0.038757073095523446,0.010918542819306407,0.0064503488177791724,-1,nan,nan,nan,nan
0.46925,0.060593436375796367,-0.038753127863076463,0.010920154256359952,0.0064400458936795246,-1,nan,nan,nan,nan
0.46950000000000003,0.060592700726361817,-0.038749175041855322,0.010921762842253248,0.0064275395357924481,-1,nan,nan,nan,nan
0.46975,0.060591950217409409,-0.038745214165153717,0.010923368026127846,0.0064128297441250481,-1,nan,nan,nan,nan
0.47000000000000003,0.06059118328051593,-0.038741244766265309,0.01092496925712531,0.0063959165187021938,-1,nan,nan,nan,nan
0.47025,0.060590398347258177,-0.038737266378483785,0.010926565984387196,0.0063767998594848052,-1,nan,nan,nan,nan
0.47050000000000003,0.060589593849212919,-0.038733278535102812,0.010928157657055054,0.0063554797664693297,-1,nan,nan,nan,nan
0.47075,0.060588768217956952,-0.038729280769416091,0.010929743724270431,0.0063319562396983997,-1,nan,nan,nan,nan
0.47100000000000003,0.060587919885067079,-0.038725272614717268,0.010931323635174905,0.0063062292791720154,-1,nan,nan,nan,nan
0.47125,0.060587047282120061,-0.038721253604300031,0.010932896838910015,0.0062760070723193451,-1,nan,nan,nan,nan
0.47150000000000003,0.060586156748691979,-0.038717233471269846,0.010934461638711066,0.0062376835682869114,-1,nan,nan,nan,nan
0.47175,0.060585262420548125,-0.03871323105915981,0.010936015680694158,0.0061955669142115255,-1,nan,nan,nan,nan
0.47200000000000003,0.06058436179139854,-0.038709242947062197,0.010937559422168171,0.0061554436198463236,-1,nan,nan,nan,nan
0.47225,0.060583451830362151,-0.038705265025353992,0.010939093402504079,0.0061174778093793236,-1,nan,nan,nan,nan
0.47250000000000003,0.060582529506557917,-0.038701293184412192,0.010940618161072863,0.0060816694828496054,-1,nan,nan,nan,nan
0.47275,0.060581591789104793,-0.038697323314613785,0.010942134237245504,0.0060480186402216418,-1,nan,nan,nan,nan
0.47300000000000003,0.060580635647121718,-0.03869335130633577,0.010943642170392974,0.0060165252815274073,-1,nan,nan,nan,nan
0.47325,0.060579658049727654,-0.038689373049955122,0.010945142499886266,0.0059871894067455855,-1,nan,nan,nan,nan
0.47350000000000003,0.060578655966041534,-0.038685384435848839,0.010946635765096347,0.0059600110158761765,-1,nan,nan,nan,nan
0.47375,0.060577626365182324,-0.038681381354393918,0.010948122505394203,0.0059349901089369439,-1,nan,nan,nan,nan
0.47400000000000003,0.060576566216268973,-0.038677359695967341,0.010949603260150816,0.0059121266859207822,-1,nan,nan,nan,nan
0.47425,0.060575472488420407,-0.038673315350946084,0.010951078568737161,0.0058914207467921642,-1,nan,nan,nan,nan
0.47450000000000003,0.060574342150755606,-0.038669244209707181,0.010952548970524213,0.0058728722916150389,-1,nan,nan,nan,nan
0.47475000000000001,0.060573172172393511,-0.038665142162627578,0.010954015004882967,0.00585648132032901,-1,nan,nan,nan,nan
0.47500000000000003,0.060571959522453048,-0.038661005100084293,0.010955477211184377,0.0058422478329767102,23,0.47500000000000003,0.010955477211184377,0.0058422478329767102,-0.0058422478329767102
0.47525000000000001,0.060570701170053198,-0.03865682891245429,0.010956936128799454,0.0058301718295510341,-1,nan,nan,nan,nan
0.47550000000000003,0.060569394084312903,-0.038652609490114592,0.010958392297099155,0.0058202533100377707,-1,nan,nan,nan,nan
0.47575000000000001,0.060568035234351107,-0.038648342723442163,0.010959846255454472,0.0058124922744227092,-1,nan,nan,nan,nan
0.47600000000000003,0.060566621589286745,-0.038644024502814012,0.010961298543236367,0.0058068887227413768,-1,nan,nan,nan,nan
0.47625000000000001,0.060565150118238799,-0.038639650718607116,0.010962749699815841,0.005803442654986668,-1,nan,nan,nan,nan
0.47650000000000003,0.060563617790326194,-0.038635217261198472,0.010964200264563861,0.0058021540711479247,-1,nan,nan,nan,nan
0.47675000000000001,0.06056202157466789,-0.038630720020965063,0.010965650776851413,0.0057606209614320392,-1,nan,nan,nan,nan
0.47700000000000004,0.060560321553121743,-0.038626160403032586,0.010967080575044579,0.0056107720923321835,-1,nan,nan,nan,nan
0.47725000000000001,0.060558458877458504,-0.038621546551663347,0.010968456162897579,0.0053993475589138029,-1,nan,nan,nan,nan
0.47750000000000004,0.060556440171517498,-0.038616879673869425,0.010969780248824036,0.0051999057411684646,-1,nan,nan,nan,nan
0.47775000000000001,0.060554273078136239,-0.038612160846599915,0.010971056115768162,0.0050135957002410692,-1,nan,nan,nan,nan
0.47800000000000004,0.060551965240152258,-0.038607391146803942,0.010972287046674158,0.0048404174361493801,-1,nan,nan,nan,nan
0.47825000000000001,0.060549524300403078,-0.038602571651430606,0.010973476324486236,0.0046803709488436596,-1,nan,nan,nan,nan
0.47850000000000004,0.060546957901726185,-0.038597703437429021,0.010974627232148582,0.0045334562383771981,-1,nan,nan,nan,nan
0.47875000000000001,0.060544273686959124,-0.038592787581748278,0.010975743052605423,0.0043996733047393377,-1,nan,nan,nan,nan
0.47900000000000004,0.06054147929893941,-0.038587825161337505,0.010976827068800953,0.0042790221478874457,-1,nan,nan,nan,nan
0.47925000000000001,0.060538582380504531,-0.038582817253145801,0.010977882563679365,0.0041715027678499439,-1,nan,nan,nan,nan
0.47950000000000004,0.060535590574492031,-0.038577764934122273,0.010978912820184879,0.0040771151646694648,-1,nan,nan,nan,nan
0.47975000000000001,0.060532511523739431,-0.038572669281216033,0.010979921121261699,0.0039958593382785068,-1,nan,nan,nan,nan
0.47999999999999998,0.060529352871084227,-0.038567531371376189,0.010980910749854019,0.0039277352886877281,-1,nan,nan,nan,nan
0.48025000000000001,0.060526122259363935,-0.038562352281551845,0.010981884988906045,0.0038727430159468668,-1,nan,nan,nan,nan
0.48049999999999998,0.060522827331416083,-0.038557133088692103,0.01098284712136199,0.0038308825200239482,-1,nan,nan,nan,nan
0.48075000000000001,0.060519475730078195,-0.038551874869746081,0.010983800430166057,0.003802153800901209,-1,nan,nan,nan,nan
0.48099999999999998,0.060516075098187766,-0.038546578701662886,0.01098474819826244,0.0037865568585822018,-1,nan,nan,nan,nan
0.48125000000000001,0.060512633078582324,-0.038541245661391624,0.01098569370859535,0.0037840916931131119,-1,nan,nan,nan,nan
0.48149999999999998,0.060509157314099393,-0.038535876825881402,0.010986640244108996,0.0037947583044406485,-1,nan,nan,nan,nan
0.48175000000000001,0.060505655447576467,-0.038530473272081325,0.010987591087747571,0.0038185566925861281,-1,nan,nan,nan,nan
0.48199999999999998,0.06050213512185109,-0.038525036076940515,0.010988549522455288,0.0038554868575637613,-1,nan,nan,nan,nan
0.48225000000000001,0.060498603979760764,-0.038519566317408056,0.010989518831176354,0.0038648573076294213,-1,nan,nan,nan,nan
0.48249999999999998,0.060495018226120058,-0.038514054323901856,0.010990481951109101,0.0037856817706867218,-1,nan,nan,nan,nan
0.48275000000000001,0.06049130919634841,-0.038508485852225015,0.010991411672061698,0.0036550725945154738,-1,nan,nan,nan,nan
0.48299999999999998,0.060487481310787447,-0.038502862335974733,0.010992309487406357,0.003530926163740844,-1,nan,nan,nan,nan
0.48325000000000001,0.060483539610388999,-0.03849718534010186,0.01099317713514357,0.0034137317350015906,-1,nan,nan,nan,nan
0.48349999999999999,0.060479489136104937,-0.038491456429557223,0.010994016353273857,0.0033034893083048189,-1,nan,nan,nan,nan
0.48375000000000001,0.060475334928887105,-0.03848567716929166,0.010994828879797722,0.0032001988836505291,-1,nan,nan,nan,nan
0.48399999999999999,0.060471082029687359,-0.038479849124255998,0.010995616452715681,0.0031038604610316156,-1,nan,nan,nan,nan
0.48425000000000001,0.060466735479457558,-0.03847397385940108,0.010996380810028239,0.0030144740404445258,-1,nan,nan,nan,nan
0.48449999999999999,0.060462300319149537,-0.038468052939677734,0.010997123689735901,0.0029320396218821543,-1,nan,nan,nan,nan
0.48475000000000001,0.060457781589715161,-0.038462087930036797,0.010997846829839182,0.0028565572053516064,-1,nan,nan,nan,nan
0.48499999999999999,0.060453184332106266,-0.038456080395429117,0.010998551968338575,0.002788026790842224,-1,nan,nan,nan,nan
0.48525000000000001,0.060448513587274724,-0.038450031900805516,0.010999240843234604,0.0027264483784001925,-1,nan,nan,nan,nan
0.48549999999999999,0.060443774396172378,-0.03844394401111683,0.010999915192527774,0.0026718219679651156,-1,nan,nan,nan,nan
0.48575000000000002,0.060438971799751079,-0.038437818291313902,0.011000576754218588,0.0026241475595725205,-1,nan,nan,nan,nan
0.48599999999999999,0.060434110838962676,-0.03843165630634756,0.011001227266307558,0.002583425153201091,-1,nan,nan,nan,nan
0.48625000000000002,0.060429196554759021,-0.038425459621168639,0.011001868466795191,0.0025496547488650378,-1,nan,nan,nan,nan
0.48649999999999999,0.06042423398809197,-0.03841922980072799,0.01100250209368199,0.0025228363465714665,-1,nan,nan,nan,nan
0.48675000000000002,0.060419228179913374,-0.03841296840997642,0.011003129884968477,0.0025029699463203769,-1,nan,nan,nan,nan
0.48699999999999999,0.060414184171175084,-0.038406677013864784,0.01100375357865515,0.0024900555480797948,-1,nan,nan,nan,nan
0.48725000000000002,0.060409107002828956,-0.03840035717734392,0.011004374912742518,0.0024840931518887999,-1,nan,nan,nan,nan
0.48749999999999999,0.060404001715826827,-0.038394010465364642,0.011004995625231093,0.0024850827577260759,-1,nan,nan,nan,nan
0.48775000000000002,0.060398873351120569,-0.038387638442877806,0.011005617454121382,0.0024705349912252927,-1,nan,nan,nan,nan
0.48799999999999999,0.060393693570433504,-0.038381231784980097,0.011006230892726704,0.0024093800901816564,-1,nan,nan,nan,nan
0.48825000000000002,0.060388421531602544,-0.038374777243269598,0.011006822144166473,0.0023225435673985828,-1,nan,nan,nan,nan
0.48849999999999999,0.060383060329589545,-0.038368276000568739,0.011007392164510403,0.0022396885514517351,-1,nan,nan,nan,nan
0.48875000000000002,0.060377613293093303,-0.038361729316208903,0.0110079419884422,0.0021609722703210821,-1,nan,nan,nan,nan
0.48899999999999999,0.060372083750812586,-0.038355138449521459,0.011008472650645564,0.0020863947239995184,-1,nan,nan,nan,nan
0.48925000000000002,0.060366475031446203,-0.038348504659837801,0.011008985185804201,0.0020159559125012549,-1,nan,nan,nan,nan
0.48949999999999999,0.060360790463692915,-0.038341829206489292,0.011009480628601812,0.0019496558357907645,-1,nan,nan,nan,nan
0.48975000000000002,0.060355033376251532,-0.038335113348807334,0.011009960013722099,0.0018874944939213378,-1,nan,nan,nan,nan
0.48999999999999999,0.060349207097820837,-0.038328358346123297,0.01101042437584877,0.0018294718868503423,-1,nan,nan,nan,nan
0.49025000000000002,0.060343314957099603,-0.038321565457768554,0.011010874749665524,0.0017755880145884362,-1,nan,nan,nan,nan
0.49049999999999999,0.060337360282786634,-0.038314735943074503,0.011011312169856066,0.0017258428771356193,-1,nan,nan,nan,nan
0.49075000000000002,0.060331346403580698,-0.038307871061372512,0.011011737671104093,0.0016802364744847864,-1,nan,nan,nan,nan
0.49099999999999999,0.06032527664818059,-0.038300972071993976,0.011012152288093307,0.0016387688066608064,-1,nan,nan,nan,nan
0.49125000000000002,0.060319154345285113,-0.038294040234270264,0.011012557055507424,0.001601439873667232,-1,nan,nan,nan,nan
0.49149999999999999,0.060312982823593028,-0.038287076807532752,0.011012953008030138,0.0015682496754507724,-1,nan,nan,nan,nan
0.49175000000000002,0.060306765411803145,-0.038280083051112843,0.011013341180345151,0.0015391982120611658,-1,nan,nan,nan,nan
0.49199999999999999,0.060300505438614233,-0.038273060224341897,0.011013722607136168,0.0015142854834735431,-1,nan,nan,nan,nan
0.49225000000000002,0.060294206232725085,-0.038266009586551304,0.011014098323086891,0.0014935114897198787,-1,nan,nan,nan,nan
0.49249999999999999,0.060287871122834499,-0.038258932397072447,0.011014469362881026,0.0014768762307539873,-1,nan,nan,nan,nan
0.49275000000000002,0.060281503437641229,-0.038251829915236693,0.011014836761202268,0.0014643797066149489,-1,nan,nan,nan,nan
0.49299999999999999,0.060275106505844112,-0.038244703400375446,0.011015201552734333,0.0014560219172743416,-1,nan,nan,nan,nan
0.49325000000000002,0.060268683656141887,-0.038237554111820074,0.011015564772160907,0.001438280368020628,-1,nan,nan,nan,nan
0.49349999999999999,0.060262216021410082,-0.038230374635573397,0.011015920692918343,0.0013929102991561138,-1,nan,nan,nan,nan
0.49375000000000002,0.060255677113605181,-0.03822315465898421,0.011016261227310486,0.0013326967118842958,-1,nan,nan,nan,nan
0.49399999999999999,0.060249069261018549,-0.038215895178469982,0.011016587041274284,0.00127522914295497,-1,nan,nan,nan,nan
0.49425000000000002,0.060242394927165002,-0.038208597243401074,0.011016898841881964,0.0012205898628501188,-1,nan,nan,nan,nan
0.4945,0.060235656575559335,-0.038201261903147918,0.011017197336205709,0.0011687788715306624,-1,nan,nan,nan,nan
0.49475000000000002,0.060228856669716335,-0.038193890207080874,0.01101748323131773,0.0011197961690285752,-1,nan,nan,nan,nan
0.495,0.060221997673150833,-0.038186483204570389,0.011017757234290222,0.0010736417553225408,24,0.495,0.011017757234290222,0.0010736417553225408,-0.0010736417553225408
0.49525000000000002,0.060215082049377595,-0.038179041944986808,0.011018020052195394,0.0010303156304587446,-1,nan,nan,nan,nan
0.4955,0.060208112261911459,-0.038171567477700556,0.011018272392105451,0.00098981779439455408,-1,nan,nan,nan,nan
0.49575000000000002,0.060201090774267198,-0.038164060852082016,0.011018514961092591,0.00095214824710865287,-1,nan,nan,nan,nan
0.496,0.060194020049959621,-0.03815652311750161,0.011018748466229005,0.00091730698864367355,-1,nan,nan,nan,nan
0.49625000000000002,0.060186902552503529,-0.038148955323329702,0.011018973614586914,0.00088529401898895799,-1,nan,nan,nan,nan
0.4965,0.060179740745413719,-0.03814135851893672,0.0110191911132385,0.00085610933813029533,-1,nan,nan,nan,nan
0.49675000000000002,0.060172537092204992,-0.038133733753693035,0.011019401669255979,0.00082975294609255457,-1,nan,nan,nan,nan
0.497,0.060165294056392156,-0.038126082076969069,0.011019605989711544,0.00080622484285797213,-1,nan,nan,nan,nan
0.49725000000000003,0.060158014101490007,-0.038118404538135191,0.011019804781677408,0.0007855250284443116,-1,nan,nan,nan,nan
0.4975,0.060150699691013346,-0.038110702186561818,0.011019998752225764,0.00076765350281249312,-1,nan,nan,nan,nan
0.49775000000000003,0.060143353288476968,-0.038102976071619339,0.011020188608428814,0.00075261026599804381,-1,nan,nan,nan,nan
0.498,0.060135977357395683,-0.038095227242678158,0.011020375057358762,0.00074039531799030556,-1,nan,nan,nan,nan
0.49825000000000003,0.060128574361284284,-0.038087456749108663,0.011020558806087811,0.00073100865879283106,-1,nan,nan,nan,nan
0.4985,0.060121146763657575,-0.038079665640281257,0.011020740561688159,0.00072445028841627845,-1,nan,nan,nan,nan
0.49875000000000003,0.060113697028030363,-0.038071854965566324,0.01102092103123202,0.00071192766989369716,-1,nan,nan,nan,nan
0.499,0.06010621191470656,-0.03806401886366035,0.011021096525523105,0.00068121208083127271,-1,nan,nan,nan,nan
0.49925000000000003,0.060098672124585875,-0.038056148850041001,0.011021261637272437,0.00064067379286925075,-1,nan,nan,nan,nan
0.4995,0.060091079493350671,-0.038048245768511596,0.011021416862419538,0.00060218938977385505,-1,nan,nan,nan,nan
0.49975000000000003,0.060083435982070048,-0.038040310518135396,0.011021562731967326,0.00056582899834012323,-1,nan,nan,nan,nan
0.5,0.060075743551813103,-0.038032343997975691,0.011021699776918706,0.00053159261855029172,-1,nan,nan,nan,nan
0.50024999999999997,0.06006800416364895,-0.038024347107095749,0.0110218285282766,0.00049948025041857136,-1,nan,nan,nan,nan
0.50050000000000006,0.060060219778646673,-0.038016320744558844,0.011021949517043914,0.00046949189390943502,-1,nan,nan,nan,nan
0.50075000000000003,0.060052392357875371,-0.03800826580942826,0.011022063274223556,0.00044162754905840984,-1,nan,nan,nan,nan
0.501,0.060044523862404151,-0.038000183200767264,0.011022170330818443,0.00041588721586549582,-1,nan,nan,nan,nan
0.50124999999999997,0.060036616253302116,-0.037992073817639138,0.011022271217831489,0.0003922708943164821,-1,nan,nan,nan,nan
0.50150000000000006,0.060028671491638361,-0.037983938559107158,0.011022366466265601,0.00037077858443268497,-1,nan,nan,nan,nan
0.50175000000000003,0.060020691538481996,-0.037975778324234585,0.011022456607123705,0.00035141028618212999,-1,nan,nan,nan,nan
0.502,0.060012678354902108,-0.037967594012084722,0.011022542171408693,0.00033416599957902804,-1,nan,nan,nan,nan
0.50224999999999997,0.060004633901967815,-0.037959386521720824,0.011022623690123495,0.00031904572463758996,-1,nan,nan,nan,nan
0.50250000000000006,0.059996560140748188,-0.037951156752206165,0.011022701694271012,0.00030604946132228861,-1,nan,nan,nan,nan
0.50275000000000003,0.059988459032312348,-0.037942905602604035,0.011022776714854157,0.00029517720968286199,-1,nan,nan,nan,nan
0.503,0.059980332537729407,-0.037934633971977702,0.011022849282875852,0.00028642896968023024,-1,nan,nan,nan,nan
0.50324999999999998,0.059972182618068436,-0.037926342759390441,0.011022919929338997,0.0002798047413214988,-1,nan,nan,nan,nan
0.50350000000000006,0.059964011234398554,-0.037918032863905528,0.011022989185246513,0.00027530452462087851,-1,nan,nan,nan,nan
0.50375000000000003,0.059955820347788853,-0.037909705184586237,0.011023057581601308,0.00027292831957481667,-1,nan,nan,nan,nan
0.504,0.059947611919308454,-0.037901360620495851,0.011023125649406301,0.0002726761261655497,-1,nan,nan,nan,nan
0.50424999999999998,0.059939387910026426,-0.037893000070697645,0.01102319391966439,0.00026847174112276662,-1,nan,nan,nan,nan
0.50450000000000006,0.059931138696226884,-0.037884618925673158,0.011023259885276863,0.00025122105948582885,-1,nan,nan,nan,nan
0.50475000000000003,0.059922848941764147,-0.037876209881375876,0.011023319530194135,0.00022672109483323766,-1,nan,nan,nan,nan
0.505,0.05991452014445911,-0.037867773652810549,0.011023373245824281,0.00020386806977867877,-1,nan,nan,nan,nan
0.50524999999999998,0.05990615395727622,-0.03785931102881817,0.011023421464229025,0.00018274329165635095,-1,nan,nan,nan,nan
0.50550000000000006,0.05989775203317993,-0.037850822798239717,0.011023464617470106,0.00016334676046270147,-1,nan,nan,nan,nan
0.50575000000000003,0.059889316025134705,-0.037842309749916189,0.011023503137609258,0.00014567847619773033,-1,nan,nan,nan,nan
0.50600000000000001,0.059880847586104992,-0.03783377267268858,0.011023537456708206,0.00012973843885433212,-1,nan,nan,nan,nan
0.50624999999999998,0.05987234836905525,-0.037825212355397882,0.011023568006828684,0.00011552664843250682,-1,nan,nan,nan,nan
0.50650000000000006,0.059863820026949927,-0.037816629586885087,0.01102359522003242,0.00010304310492870172,-1,nan,nan,nan,nan
0.50675000000000003,0.05985526421275348,-0.03780802515599118,0.01102361952838115,9.2287808353574974e-05,-1,nan,nan,nan,nan
0.50700000000000001,0.05984668257943037,-0.037799399851557176,0.011023641363936597,8.3260758710679283e-05,-1,nan,nan,nan,nan
0.50724999999999998,0.05983807677994505,-0.037790754462424039,0.011023661158760505,7.5961956000014652e-05,-1,nan,nan,nan,nan
0.50750000000000006,0.059829448467261966,-0.037782089777432776,0.011023679344914595,7.0391400200264798e-05,-1,nan,nan,nan,nan
0.50775000000000003,0.05982079929434559,-0.037773406585424378,0.011023696354460606,6.6549091336298716e-05,-1,nan,nan,nan,nan
0.50800000000000001,0.059812130914160357,-0.037764705675239832,0.011023712619460262,6.4435029379694697e-05,-1,nan,nan,nan,nan
0.50824999999999998,0.059803444979670731,-0.037755987835720137,0.011023728571975297,6.4049214362427165e-05,-1,nan,nan,nan,nan
0.50850000000000006,0.059794743143841166,-0.037747253855706278,0.011023744644067444,6.5391646277390691e-05,-1,nan,nan,nan,nan
0.50875000000000004,0.059786027059636121,-0.037738504524039249,0.011023761267798436,6.8462325106821709e-05,-1,nan,nan,nan,nan
0.50900000000000001,0.059777298380020043,-0.037729740629560048,0.011023778875229998,7.3261250857825644e-05,-1,nan,nan,nan,nan
0.50924999999999998,0.059768558757957391,-0.037720962961109661,0.011023797898423865,7.9788423544613352e-05,-1,nan,nan,nan,nan
0.50950000000000006,0.059759809846412611,-0.037712172307529074,0.011023818769441768,8.8043843152973977e-05,-1,nan,nan,nan,nan
0.50975000000000004,0.059751053298350169,-0.037703369457659286,0.011023841920345442,9.3528811820675628e-05,-1,nan,nan,nan,nan
0.51000000000000001,0.059742281866715971,-0.037694550799020614,0.011023865533847679,8.8759328789933534e-05,-1,nan,nan,nan,nan
0.51024999999999998,0.059733482410794098,-0.037685709810774425,0.011023886300009837,7.8019198756607011e-05,-1,nan,nan,nan,nan
0.51050000000000006,0.059724656179616031,-0.03767684709272192,0.011023904543447056,6.8687245260434793e-05,-1,nan,nan,nan,nan
0.51075000000000004,0.059715804639335207,-0.037667963352070274,0.011023920643632466,6.0873184271059699e-05,-1,nan,nan,nan,nan
0.51100000000000001,0.059706929256105011,-0.037659059296026628,0.011023934980039191,5.4577015809798013e-05,-1,nan,nan,nan,nan
0.51124999999999998,0.059698031496078885,-0.037650135631798143,0.011023947932140371,4.9798739894413302e-05,-1,nan,nan,nan,nan
0.51150000000000007,0.059689112825410222,-0.037641193066591944,0.011023959879409139,4.6538356478720289e-05,-1,nan,nan,nan,nan
0.51175000000000004,0.05968017471025245,-0.037632232307615227,0.011023971201318612,4.4795865591140682e-05,-1,nan,nan,nan,nan
0.51200000000000001,0.059671218616758989,-0.037623254062075118,0.011023982277341936,4.4571267245885338e-05,-1,nan,nan,nan,nan
0.51224999999999998,0.059662246011083241,-0.037614259037178771,0.011023993486952235,4.5864561414532545e-05,-1,nan,nan,nan,nan
0.51249999999999996,0.059653258359378632,-0.037605247940133348,0.011024005209622642,4.8675748100635019e-05,-1,nan,nan,nan,nan
0.51275000000000004,0.059644257127798569,-0.037596221478146001,0.011024017824826284,5.3004827297087331e-05,-1,nan,nan,nan,nan
0.51300000000000001,0.059635243782496461,-0.037587180358423879,0.011024031712036291,5.8851799028758478e-05,-1,nan,nan,nan,nan
0.51324999999999998,0.059626219789625748,-0.037578125288174148,0.0110240472507258,6.6216663299201173e-05,-1,nan,nan,nan,nan
0.51349999999999996,0.059617186615339823,-0.037569056974603943,0.01102406482036794,7.5099420069335565e-05,-1,nan,nan,nan,nan
0.51375000000000004,0.059608145725792101,-0.03755997612492043,0.011024084800435836,8.5500069378241506e-05,-1,nan,nan,nan,nan
0.51400000000000001,0.059599098587136017,-0.037550883446330757,0.01102410757040263,9.7418611211708139e-05,-1,nan,nan,nan,nan
0.51424999999999998,0.059590046665524962,-0.037541779646042078,0.011024133509741442,0.00011085504555907733,-1,nan,nan,nan,nan
0.51449999999999996,0.059580991427112366,-0.037532665431261547,0.01102416299792541,0.00012580937244877077,-1,nan,nan,nan,nan
0.51475000000000004,0.059571934338051649,-0.037523541509196318,0.011024196414427666,0.0001422815918346032,-1,nan,nan,nan,nan
0.51500000000000001,0.059562876864496198,-0.037514408587053544,0.011024234138721327,0.0001602717037627599,25,0.51500000000000001,0.011024234138721327,0.0001602717037627599,-0.0001602717037627599
0.51524999999999999,0.059553820472599474,-0.03750526737204038,0.011024276550279547,0.00017615335563903045,-1,nan,nan,nan,nan
0.51549999999999996,0.059544759465938915,-0.037496115035140623,0.011024322215399146,0.00018306465905837399,-1,nan,nan,nan,nan
0.51575000000000004,0.059535681745868874,-0.037486945580650723,0.011024368082609075,0.00018443118795374858,-1,nan,nan,nan,nan
0.51600000000000001,0.059526588361268389,-0.037477759499282143,0.011024414430993123,0.0001870744391503365,-1,nan,nan,nan,nan
0.51624999999999999,0.059517480677699609,-0.03746855743804231,0.01102446161982865,0.00019115479973308425,-1,nan,nan,nan,nan
0.51649999999999996,0.059508360060724672,-0.037459340043938694,0.011024510008392989,0.00019667226973396623,-1,nan,nan,nan,nan
0.51675000000000004,0.059499227875905752,-0.03745010796397872,0.011024559955963516,0.00020362684916008789,-1,nan,nan,nan,nan
0.51700000000000002,0.059490085488804974,-0.037440861845169836,0.011024611821817569,0.00021201853796881664,-1,nan,nan,nan,nan
0.51724999999999999,0.059480934264984513,-0.037431602334519511,0.011024665965232501,0.00022184733618857422,-1,nan,nan,nan,nan
0.51749999999999996,0.059471775570006512,-0.037422330079035185,0.011024722745485663,0.00023311324380514975,-1,nan,nan,nan,nan
0.51775000000000004,0.059462610769433107,-0.037413045725724299,0.011024782521854404,0.00024581626082564867,-1,nan,nan,nan,nan
0.51800000000000002,0.059453441228826467,-0.037403749921594315,0.011024845653616076,0.0002599563872571764,-1,nan,nan,nan,nan
0.51824999999999999,0.05944426831374873,-0.037394443313652666,0.011024912500048032,0.00027553362310328566,-1,nan,nan,nan,nan
0.51849999999999996,0.059435093389762064,-0.037385126548906807,0.011024983420427629,0.0002925479683497656,-1,nan,nan,nan,nan
0.51875000000000004,0.059425917822428599,-0.037375800274364185,0.011025058774032207,0.00031099942300016892,-1,nan,nan,nan,nan
0.51900000000000002,0.059416742977310505,-0.037366465137032241,0.011025138920139132,0.00033088798705804834,-1,nan,nan,nan,nan
0.51924999999999999,0.059407570219969917,-0.037357121783918444,0.011025224218025736,0.00035221366052340386,-1,nan,nan,nan,nan
0.51949999999999996,0.059398400915969006,-0.03734777086203022,0.011025315026969393,0.00037497644339268277,-1,nan,nan,nan,nan
0.51975000000000005,0.059389236430869893,-0.037338413018375032,0.011025411706247431,0.00039917633564812149,-1,nan,nan,nan,nan
0.52000000000000002,0.059380078130234749,-0.037329048899960311,0.011025514615137219,0.00042481333732169446,-1,nan,nan,nan,nan
0.52024999999999999,0.059370927379625717,-0.037319679153793535,0.011025624112916091,0.00045188744841340167,-1,nan,nan,nan,nan
0.52049999999999996,0.059361785544604966,-0.037310304426882115,0.011025740558861425,0.00048039866891613769,-1,nan,nan,nan,nan
0.52075000000000005,0.059352653990734625,-0.037300925366233528,0.011025864312250548,0.00051223999322047575,-1,nan,nan,nan,nan
0.52100000000000002,0.059343539820655405,-0.037291546462939335,0.011025996678858035,0.00055031309081243762,-1,nan,nan,nan,nan
0.52124999999999999,0.059334454050060659,-0.03728217511246875,0.011026139468795954,0.00059054938054714512,-1,nan,nan,nan,nan
0.52149999999999996,0.059325393054495447,-0.037272809147398826,0.01102629195354831,0.00062770729062933128,-1,nan,nan,nan,nan
0.52175000000000005,0.059316352724234141,-0.0372634460793516,0.01102645332244127,0.00066162250539392176,-1,nan,nan,nan,nan
0.52200000000000002,0.059307328949551125,-0.037254083419949111,0.011026622764801007,0.00069229502487644368,-1,nan,nan,nan,nan
0.52224999999999999,0.059298317620720783,-0.037244718680813367,0.011026799469953708,0.00071972484902005363,-1,nan,nan,nan,nan
0.52249999999999996,0.05928931462801746,-0.037235349373566429,0.011026982627225516,0.00074391197783185703,-1,nan,nan,nan,nan
0.52275000000000005,0.059280315861715546,-0.037225973009830299,0.011027171425942624,0.00076485641134738103,-1,nan,nan,nan,nan
0.52300000000000002,0.059271317212089426,-0.037216587101227043,0.011027365055431192,0.00078255814953820391,-1,nan,nan,nan,nan
0.52324999999999999,0.059262314569413464,-0.037207189159378679,0.011027562705017393,0.00079701719243985281,-1,nan,nan,nan,nan
0.52349999999999997,0.059253303823962045,-0.037197776695907223,0.011027763564027411,0.00080823353999193159,-1,nan,nan,nan,nan
0.52375000000000005,0.059244280866009517,-0.037188347222434741,0.011027966821787388,0.00081620719221220384,-1,nan,nan,nan,nan
0.52400000000000002,0.059235241585830288,-0.03717889825058325,0.011028171667623519,0.00082093814915396024,-1,nan,nan,nan,nan
0.52424999999999999,0.059226181873698706,-0.037169427291974776,0.011028377290861965,0.00082242641075680467,-1,nan,nan,nan,nan
0.52449999999999997,0.059217097619889164,-0.037159931858231368,0.011028582880828898,0.00082067197704915884,-1,nan,nan,nan,nan
0.52475000000000005,0.059207984714676025,-0.037150409460975045,0.01102878762685049,0.00081567484803812818,-1,nan,nan,nan,nan
0.52500000000000002,0.059198839048333673,-0.037140857611827838,0.011028990718252918,0.00080743502370594911,-1,nan,nan,nan,nan
0.52524999999999999,0.059189656511136481,-0.037131273822411798,0.011029191344362341,0.00079595250404196349,-1,nan,nan,nan,nan
0.52549999999999997,0.05918043299335881,-0.037121655604348935,0.011029388694504937,0.00078122728907104033,-1,nan,nan,nan,nan
0.52575000000000005,0.059171164385275046,-0.037112000469261296,0.011029581958006875,0.00076325937876831063,-1,nan,nan,nan,nan
0.52600000000000002,0.059161846577159567,-0.037102305928770923,0.011029770324194322,0.00074204877317640694,-1,nan,nan,nan,nan
0.52625,0.05915247545928675,-0.037092569494499822,0.011029952982393464,0.00072404239930534686,-1,nan,nan,nan,nan
0.52649999999999997,0.059143061987358893,-0.037082797296570942,0.011030132345393975,0.00072570458904763768,-1,nan,nan,nan,nan
0.52675000000000005,0.0591336407657806,-0.037073009096404624,0.011030315834687988,0.00074138162431225396,-1,nan,nan,nan,nan
0.52700000000000002,0.059124210009573401,-0.037063203937161136,0.011030503036206132,0.00075457973012404977,-1,nan,nan,nan,nan
0.52725,0.059114766016855454,-0.037053379767749355,0.01103069312455305,0.00076447625453468504,-1,nan,nan,nan,nan
0.52749999999999997,0.059105305085744929,-0.037043534537078128,0.0110308852743334,0.0007710711975796869,-1,nan,nan,nan,nan
0.52775000000000005,0.059095823514359977,-0.037033666194056299,0.011031078660151839,0.00077436455924484449,-1,nan,nan,nan,nan
0.52800000000000002,0.059086317600818783,-0.037023772687592736,0.011031272456613023,0.00077435633952305238,-1,nan,nan,nan,nan
0.52825,0.05907678364323949,-0.03701385196659629,0.0110314658383216,0.00077104653840720516,-1,nan,nan,nan,nan
0.52849999999999997,0.059067217939740284,-0.037003901979975828,0.011031657979882228,0.00076443515591151368,-1,nan,nan,nan,nan
0.52875000000000005,0.0590576167884393,-0.036993920676640188,0.011031848055899556,0.00075452219200755621,-1,nan,nan,nan,nan
0.52900000000000003,0.059047976487454717,-0.036983906005498252,0.011032035240978233,0.00074130764673796534,-1,nan,nan,nan,nan
0.52925,0.059038293334904707,-0.036973855915458854,0.011032218709722926,0.00072479152009918835,-1,nan,nan,nan,nan
0.52949999999999997,0.059028563628907425,-0.036963768355430859,0.011032397636738283,0.0007049738120592508,-1,nan,nan,nan,nan
0.52975000000000005,0.059018783667581017,-0.036953641274323108,0.011032571196628954,0.0006818545226146,-1,nan,nan,nan,nan
0.53000000000000003,0.059008949749043679,-0.036943472621044499,0.01103273856399959,0.00065543365180431579,-1,nan,nan,nan,nan
0.53025,0.05899905817141355,-0.036933260344503838,0.011032898913454856,0.00062571119961063459,-1,nan,nan,nan,nan
0.53049999999999997,0.058989105232808807,-0.036923002393610016,0.011033051419599395,0.00059268716601934557,-1,nan,nan,nan,nan
0.53075000000000006,0.0589790872313476,-0.036912696717271869,0.011033195257037866,0.00055636155103755414,-1,nan,nan,nan,nan
0.53100000000000003,0.058969000465148101,-0.036902341264398272,0.011033329600374914,0.00051673435468302387,-1,nan,nan,nan,nan
0.53125,0.058958841232328488,-0.036891933983898076,0.011033453624215206,0.00047380557694864933,-1,nan,nan,nan,nan
0.53149999999999997,0.058948605831006896,-0.036881472824680121,0.011033566503163388,0.00042757521781666696,-1,nan,nan,nan,nan
0.53175000000000006,0.058938290559301498,-0.036870955735653271,0.011033667411824113,0.00037897310525636385,-1,nan,nan,nan,nan
0.53200000000000003,0.058927893095358098,-0.036860381115926065,0.011033755989716017,0.00033189765732188903,-1,nan,nan,nan,nan
0.53225,0.058917416581748115,-0.036849749860442566,0.011033833360652775,0.0002879162460267537,-1,nan,nan,nan,nan
0.53249999999999997,0.058906863208642288,-0.036839063312964229,0.011033899947839029,0.00024547906276595199,-1,nan,nan,nan,nan
0.53275000000000006,0.0588962349810273,-0.036828322780658986,0.011033956100184157,0.00020443751712662106,-1,nan,nan,nan,nan
0.53300000000000003,0.05888553390388989,-0.036817529570694701,0.011034002166597594,0.0001647916091371826,-1,nan,nan,nan,nan
0.53325,0.05887476198221675,-0.0368066849902393,0.011034038495988725,0.00012654133871947693,-1,nan,nan,nan,nan
0.53349999999999997,0.058863921220994576,-0.036795790346460668,0.011034065437266954,8.9686705923242016e-05,-1,nan,nan,nan,nan
0.53375000000000006,0.058853013625210081,-0.036784846946526707,0.011034083339341687,5.4227710755583303e-05,-1,nan,nan,nan,nan
0.53400000000000003,0.058842041199849981,-0.036773856097605313,0.011034092551122334,2.0164353205842644e-05,-1,nan,nan,nan,nan
0.53425,0.058831005949900976,-0.036762819106864394,0.011034093421518291,-1.2503366743743527e-05,-1,nan,nan,nan,nan
0.53449999999999998,0.058819909880349769,-0.036751737281471845,0.011034086299438962,-4.3775449057648075e-05,-1,nan,nan,nan,nan
0.53475000000000006,0.058808754996183071,-0.036740611928595547,0.011034071533793762,-7.3651893757187281e-05,-1,nan,nan,nan,nan
0.53500000000000003,0.058797543302387588,-0.036729444355403422,0.011034049473492083,-0.00010213270086367743,26,0.53500000000000003,0.011034049473492083,-0.00010213270086367743,0.00010213270086367743
0.53525,0.058786276803950023,-0.036718235869063365,0.011034020467443329,-0.00012921787036290766,-1,nan,nan,nan,nan
0.53549999999999998,0.058774957505857081,-0.036706987776743277,0.011033984864556902,-0.00015490740221579813,-1,nan,nan,nan,nan
0.53575000000000006,0.058763587413095481,-0.03669570138561104,0.01103394301374222,-0.00017920129645077054,-1,nan,nan,nan,nan
0.53600000000000003,0.058752168530651912,-0.036684378002834556,0.011033895263908678,-0.00020209955308558847,-1,nan,nan,nan,nan
0.53625,0.0587407028635131,-0.036673018935581746,0.011033841963965677,-0.00022360217210604105,-1,nan,nan,nan,nan
0.53649999999999998,0.058729192416665736,-0.036661625491020484,0.011033783462822626,-0.00024370915350857558,-1,nan,nan,nan,nan
0.53675000000000006,0.058717639195096517,-0.036650198976318674,0.011033720109388922,-0.00026242049729319206,-1,nan,nan,nan,nan
0.53700000000000003,0.058706045203792183,-0.036638740698644222,0.011033652252573981,-0.00027973620346344319,-1,nan,nan,nan,nan
0.53725000000000001,0.058694412447739409,-0.036627251965165031,0.011033580241287189,-0.00029807309106999469,-1,nan,nan,nan,nan
0.53749999999999998,0.058682736118945825,-0.036615729686888934,0.011033503216028445,-0.00032589521753223494,-1,nan,nan,nan,nan
0.53775000000000006,0.058670994407322923,-0.036604159819966078,0.011033417293678422,-0.00036165154411804679,-1,nan,nan,nan,nan
0.53800000000000003,0.058659186974612094,-0.036592542194099319,0.011033322390256388,-0.00039703091320930639,-1,nan,nan,nan,nan
0.53825000000000001,0.058647315494213363,-0.036580877937769728,0.011033218778221818,-0.00043132044445215456,-1,nan,nan,nan,nan
0.53849999999999998,0.058635381639526724,-0.036569168179458399,0.011033106730034162,-0.00046452013786080215,-1,nan,nan,nan,nan
0.53875000000000006,0.058623387083952198,-0.036557414047646425,0.011032986518152887,-0.00049662999342814373,-1,nan,nan,nan,nan
0.53900000000000003,0.058611333500889803,-0.036545616670814907,0.011032858415037448,-0.00052765001114352117,-1,nan,nan,nan,nan
0.53925000000000001,0.058599222563739554,-0.036533777177444923,0.011032722693147316,-0.00055758019101048717,-1,nan,nan,nan,nan
0.53949999999999998,0.058587055945901446,-0.036521896696017561,0.011032579624941943,-0.00058642053306456887,-1,nan,nan,nan,nan
0.53975000000000006,0.058574835320775502,-0.036509976355013934,0.011032429482880784,-0.00061417103724181743,-1,nan,nan,nan,nan
0.54000000000000004,0.058562562361761744,-0.036498017282915102,0.011032272539423321,-0.00064083170357065455,-1,nan,nan,nan,nan
0.54025000000000001,0.058550238742260188,-0.036486020608202191,0.011032109067028999,-0.0006664025320652911,-1,nan,nan,nan,nan
0.54049999999999998,0.058537866135670837,-0.036473987459356261,0.011031939338157288,-0.00069088352270441078,-1,nan,nan,nan,nan
0.54075000000000006,0.058525446215393698,-0.036461918964858404,0.011031763625267647,-0.00071427467551998802,-1,nan,nan,nan,nan
0.54100000000000004,0.058512980654828801,-0.036449816253189743,0.011031582200819529,-0.00073657599048715383,-1,nan,nan,nan,nan
0.54125000000000001,0.058500471127376143,-0.036437680452831335,0.011031395337272404,-0.00075778746760235549,-1,nan,nan,nan,nan
0.54149999999999998,0.058487919306435744,-0.036425512692264288,0.011031203307085728,-0.00077790910685493486,-1,nan,nan,nan,nan
0.54175000000000006,0.058475326865407622,-0.036413314099969674,0.011031006382718974,-0.00079694090828397179,-1,nan,nan,nan,nan
0.54200000000000004,0.058462695477691784,-0.036401085804428607,0.011030804836631589,-0.00081488287187525543,-1,nan,nan,nan,nan
0.54225000000000001,0.058450026816688247,-0.036388828934122174,0.011030598941283037,-0.00083173499761102221,-1,nan,nan,nan,nan
0.54249999999999998,0.058437322555797026,-0.03637654461753146,0.011030388969132783,-0.00084749728550193026,-1,nan,nan,nan,nan
0.54275000000000007,0.058424584368418117,-0.036364233983137546,0.011030175192640285,-0.00086380014818132622,-1,nan,nan,nan,nan
0.54300000000000004,0.058411809017762766,-0.03635189487964538,0.011029957069058693,-0.00088717949520145112,-1,nan,nan,nan,nan
0.54325000000000001,0.058398978524863844,-0.036339515319078475,0.011029731602892685,-0.00091677818846136461,-1,nan,nan,nan,nan
0.54349999999999998,0.058386092305077471,-0.036327094945148547,0.011029498679964462,-0.00094616375233158578,-1,nan,nan,nan,nan
0.54375000000000007,0.058373151792918646,-0.036314634750885609,0.011029258521016518,-0.00097466634615628323,-1,nan,nan,nan,nan
0.54400000000000004,0.058360158422902424,-0.036302135729319653,0.011029011346791386,-0.0010022859698288755,-1,nan,nan,nan,nan
0.54425000000000001,0.058347113629543847,-0.036289598873480641,0.011028757378031603,-0.0010290226234168642,-1,nan,nan,nan,nan
0.54449999999999998,0.058334018847357921,-0.036277025176398567,0.011028496835479677,-0.0010548763069238021,-1,nan,nan,nan,nan
0.54474999999999996,0.058320875510859703,-0.036264415631103421,0.011028229939878141,-0.0010798470203035038,-1,nan,nan,nan,nan
0.54500000000000004,0.058307685054564219,-0.036251771230625167,0.011027956911969526,-0.0011039347635772856,-1,nan,nan,nan,nan
0.54525000000000001,0.058294448912986518,-0.036239092967993811,0.011027677972496354,-0.0011271395367877801,-1,nan,nan,nan,nan
0.54549999999999998,0.058281168520641607,-0.036226381836239344,0.011027393342201132,-0.0011494613398959075,-1,nan,nan,nan,nan
0.54574999999999996,0.058267845312044535,-0.036213638828391723,0.011027103241826406,-0.0011709001728874568,-1,nan,nan,nan,nan
0.54600000000000004,0.058254480721710321,-0.036200864937480946,0.011026807892114687,-0.0011914560357695336,-1,nan,nan,nan,nan
0.54625000000000001,0.058241076184154035,-0.036188061156536992,0.011026507513808521,-0.0012111289285705595,-1,nan,nan,nan,nan
0.54649999999999999,0.05822763313389067,-0.036175228478589866,0.011026202327650402,-0.0012299188513011927,-1,nan,nan,nan,nan
0.54674999999999996,0.058214153005435289,-0.036162367896669545,0.011025892554382872,-0.0012478258038903789,-1,nan,nan,nan,nan
0.54700000000000004,0.058200637233302897,-0.036149480403805986,0.011025578414748455,-0.0012648497863807506,-1,nan,nan,nan,nan
0.54725000000000001,0.058187087252008558,-0.036136566993029196,0.011025260129489681,-0.0012809907987900715,-1,nan,nan,nan,nan
0.54749999999999999,0.058173504496067292,-0.036123628657369171,0.011024937919349061,-0.0012962488410970252,-1,nan,nan,nan,nan
0.54774999999999996,0.058159890399994141,-0.036110666389855876,0.011024612005069132,-0.0013106239133051645,-1,nan,nan,nan,nan
0.54800000000000004,0.058146246398304111,-0.036097681183519296,0.011024282607392407,-0.0013241160154322529,-1,nan,nan,nan,nan
0.54825000000000002,0.058132573925512264,-0.03608467403138943,0.011023949947061417,-0.0013378812475437485,-1,nan,nan,nan,nan
0.54849999999999999,0.058118870721548574,-0.036071643388011304,0.011023613666768635,-0.0013571063819739493,-1,nan,nan,nan,nan
0.54874999999999996,0.058105121668027879,-0.036058578880287018,0.01102327139387043,-0.0013813239353197559,-1,nan,nan,nan,nan
0.54900000000000004,0.058091326051765091,-0.036045480042163146,0.011022923004800973,-0.0014054194708350565,-1,nan,nan,nan,nan
0.54925000000000002,0.058077485130666656,-0.036032347762396631,0.011022568684135012,-0.0014287767073071223,-1,nan,nan,nan,nan
0.54949999999999999,0.058063600162638992,-0.036019182929744355,0.011022208616447319,-0.0014513956447252951,-1,nan,nan,nan,nan
0.54974999999999996,0.058049672405588552,-0.036005986432963252,0.01102184298631265,-0.0014732762831322077,-1,nan,nan,nan,nan
0.55000000000000004,0.058035703117421733,-0.035992759160810232,0.01102147197830575,-0.0014944186225065437,-1,nan,nan,nan,nan
0.55025000000000002,0.058021693556045001,-0.035979502002042203,0.011021095777001399,-0.001514822662798565,-1,nan,nan,nan,nan
0.55049999999999999,0.058007644979364781,-0.03596621584541608,0.01102071456697435,-0.0015344884040828788,-1,nan,nan,nan,nan
0.55074999999999996,0.057993558645287491,-0.035952901579688779,0.011020328532799356,-0.0015534158463346159,-1,nan,nan,nan,nan
0.55100000000000005,0.057979435811719569,-0.035939560093617207,0.011019937859051181,-0.0015716049895431183,-1,nan,nan,nan,nan
0.55125000000000002,0.057965277736567455,-0.035926192275958287,0.011019542730304584,-0.0015890558336977278,-1,nan,nan,nan,nan
0.55149999999999999,0.057951085677737581,-0.035912799015468913,0.011019143331134334,-0.001605768378841077,-1,nan,nan,nan,nan
0.55174999999999996,0.057936860893136363,-0.035899381200906036,0.011018739846115164,-0.0016217426249411915,-1,nan,nan,nan,nan
0.55200000000000005,0.057922604640670249,-0.035885939721026522,0.011018332459821863,-0.0016369785719803076,-1,nan,nan,nan,nan
0.55225000000000002,0.057908318178245669,-0.035872475464587321,0.011017921356829174,-0.0016514762199975053,-1,nan,nan,nan,nan
0.55249999999999999,0.057894002763769055,-0.035858989320345327,0.011017506721711864,-0.001665235568985679,-1,nan,nan,nan,nan
0.55274999999999996,0.057879659655146833,-0.035845482177057471,0.011017088739044681,-0.0016782566189270653,-1,nan,nan,nan,nan
0.55300000000000005,0.05786529011028544,-0.035831954923480645,0.011016667593402397,-0.0016905393698181115,-1,nan,nan,nan,nan
0.55325000000000002,0.05785089538709131,-0.035818408448371766,0.011016243469359772,-0.001702083821676581,-1,nan,nan,nan,nan
0.55349999999999999,0.05783647674347088,-0.035804843640487763,0.011015816551491558,-0.0017128899745166848,-1,nan,nan,nan,nan
0.55374999999999996,0.057822035437330561,-0.035791261388585537,0.011015387024372512,-0.0017238278682043529,-1,nan,nan,nan,nan
0.55400000000000005,0.057807569795486971,-0.035777660520372061,0.011014954637557455,-0.001739124137877468,-1,nan,nan,nan,nan
0.55425000000000002,0.05779306685329938,-0.035764031928692236,0.011014517462303572,-0.0017585139263651683,-1,nan,nan,nan,nan
0.55449999999999999,0.057778525869714999,-0.035750375108526453,0.011014075380594273,-0.0017778221184059362,-1,nan,nan,nan,nan
0.55474999999999997,0.057763947970278118,-0.035736690867789377,0.011013628551244371,-0.0017964950512165956,-1,nan,nan,nan,nan
0.55500000000000005,0.057749334280532971,-0.035722980014395646,0.011013177133068663,-0.0018145327248149101,27,0.55500000000000005,0.011013177133068663,-0.0018145327248149101,0.0018145327248149101
0.55525000000000002,0.057734685926023828,-0.035709243356259898,0.011012721284881965,-0.0018319351391689054,-1,nan,nan,nan,nan
0.55549999999999999,0.057720004032294943,-0.035695481701296786,0.011012261165499079,-0.0018487022943176612,-1,nan,nan,nan,nan
0.55574999999999997,0.057705289724890564,-0.035681695857420953,0.011011796933734806,-0.0018648341902398613,-1,nan,nan,nan,nan
0.55600000000000005,0.05769054412935494,-0.035667886632547025,0.011011328748403958,-0.0018803308269461638,-1,nan,nan,nan,nan
0.55625000000000002,0.057675768371232339,-0.035654054834589673,0.011010856768321333,-0.0018951922044152525,-1,nan,nan,nan,nan
0.55649999999999999,0.057660963576067009,-0.035640201271463508,0.011010381152301751,-0.0019094183226613382,-1,nan,nan,nan,nan
0.55674999999999997,0.057646130869403213,-0.035626326751083209,0.011009902059160002,-0.0019230091816879735,-1,nan,nan,nan,nan
0.55700000000000005,0.057631271376785191,-0.035612432081363381,0.011009419647710905,-0.0019359647814951586,-1,nan,nan,nan,nan
0.55725000000000002,0.057616386223757206,-0.035598518070218695,0.011008934076769256,-0.0019482851220722353,-1,nan,nan,nan,nan
0.5575,0.057601476535863526,-0.035584585525563789,0.011008445505149868,-0.0019599702034227562,-1,nan,nan,nan,nan
0.55774999999999997,0.057586543438648392,-0.035570635255313302,0.011007954091667545,-0.0019710200255538268,-1,nan,nan,nan,nan
0.55800000000000005,0.057571588057656053,-0.035556668067381871,0.011007459995137091,-0.0019814345884618945,-1,nan,nan,nan,nan
0.55825000000000002,0.057556611518430785,-0.035542684769684155,0.011006963374373315,-0.0019912138921505118,-1,nan,nan,nan,nan
0.5585,0.057541614946516821,-0.035528686170134792,0.011006464388191015,-0.0020003579366338897,-1,nan,nan,nan,nan
0.55874999999999997,0.057526599467458424,-0.035514673076648427,0.011005963195404998,-0.0020088667218516321,-1,nan,nan,nan,nan
0.55900000000000005,0.057511566206799855,-0.035500646297139678,0.011005459954830089,-0.0020167402478605823,-1,nan,nan,nan,nan
0.55925000000000002,0.05749651629008537,-0.03548660663952323,0.01100495482528107,-0.0020246824645511197,-1,nan,nan,nan,nan
0.5595,0.057481448361543536,-0.035472553134347912,0.011004447613597812,-0.0020362363339714307,-1,nan,nan,nan,nan
0.55974999999999997,0.057466351070327049,-0.035458477656098879,0.011003936707114085,-0.0020512189916495061,-1,nan,nan,nan,nan
0.56000000000000005,0.057451223734331584,-0.035444379726127614,0.011003422004101985,-0.0020661241899873062,-1,nan,nan,nan,nan
0.56025000000000003,0.057436067379820453,-0.03543026008978227,0.011002903645019092,-0.0020804675579526588,-1,nan,nan,nan,nan
0.5605,0.057420883033056966,-0.035416119492410948,0.011002381770323009,-0.0020942490955029314,-1,nan,nan,nan,nan
0.56074999999999997,0.057405671720304439,-0.035401958679361759,0.01100185652047134,-0.0021074688026843091,-1,nan,nan,nan,nan
0.56100000000000005,0.057390434467826164,-0.035387778395982832,0.011001328035921666,-0.0021201266794825813,-1,nan,nan,nan,nan
0.56125000000000003,0.05737517230188547,-0.03537357938762227,0.0110007964571316,-0.0021322227258799842,-1,nan,nan,nan,nan
0.5615,0.057359886248745669,-0.035359362399628218,0.011000261924558725,-0.0021437569418942815,-1,nan,nan,nan,nan
0.56174999999999997,0.057344577334670077,-0.035345128177348771,0.010999724578660653,-0.0021547293275325785,-1,nan,nan,nan,nan
0.56200000000000006,0.057329246585921971,-0.035330877466132053,0.010999184559894959,-0.0021651398827735591,-1,nan,nan,nan,nan
0.56225000000000003,0.057313895028764709,-0.035316611011326174,0.010998642008719268,-0.002174988607631434,-1,nan,nan,nan,nan
0.5625,0.057298523689461554,-0.03530232955827927,0.010998097065591142,-0.0021842755021168614,-1,nan,nan,nan,nan
0.56274999999999997,0.057283133594275865,-0.035288033852339445,0.01099754987096821,-0.0021930005661907614,-1,nan,nan,nan,nan
0.56300000000000006,0.057267725769470916,-0.035273724638854823,0.010997000565308047,-0.0022011637999064249,-1,nan,nan,nan,nan
0.56325000000000003,0.05725230124131004,-0.035259402663173525,0.010996449289068257,-0.0022087652032105609,-1,nan,nan,nan,nan
0.5635,0.057236861036056547,-0.035245068670643663,0.010995896182706442,-0.002215804776135144,-1,nan,nan,nan,nan
0.56374999999999997,0.057221406179973733,-0.035230723406613353,0.01099534138668019,-0.0022222825186730688,-1,nan,nan,nan,nan
0.56400000000000006,0.057205937699324916,-0.03521636761643071,0.010994785041447103,-0.0022281984308172298,-1,nan,nan,nan,nan
0.56425000000000003,0.05719045662037342,-0.03520200204544386,0.01099422728746478,-0.0022335525125889433,-1,nan,nan,nan,nan
0.5645,0.057174963969382535,-0.035187627439000918,0.010993668265190808,-0.0022383447639775511,-1,nan,nan,nan,nan
0.56474999999999997,0.057159460772615592,-0.035173244542450008,0.010993108115082792,-0.0022431957247945888,-1,nan,nan,nan,nan
0.56500000000000006,0.057143945789221287,-0.035158852454564467,0.01099254666732841,-0.0022511690585211852,-1,nan,nan,nan,nan
0.56525000000000003,0.057128408860606293,-0.035144443799499228,0.010991982530553532,-0.0022620805174362602,-1,nan,nan,nan,nan
0.5655,0.057112849438584051,-0.035130018184444667,0.010991415627069692,-0.0022728920775776373,-1,nan,nan,nan,nan
0.56574999999999998,0.05709726847594742,-0.035115576306917931,0.010990846084514744,-0.0022831930863169703,-1,nan,nan,nan,nan
0.56600000000000006,0.057081666925489237,-0.035101118864436169,0.010990274030526534,-0.0022929835436720225,-1,nan,nan,nan,nan
0.56625000000000003,0.057066045740002347,-0.035086646554516529,0.010989699592742909,-0.0023022634496214778,-1,nan,nan,nan,nan
0.5665,0.057050405872279594,-0.035072160074676145,0.010989122898801724,-0.0023110328041688888,-1,nan,nan,nan,nan
0.56674999999999998,0.057034748275113817,-0.035057660122432166,0.010988544076340825,-0.0023192916073000447,-1,nan,nan,nan,nan
0.56700000000000006,0.057019073901297866,-0.035043147395301719,0.010987963252998074,-0.0023270398590504726,-1,nan,nan,nan,nan
0.56725000000000003,0.057003383703624573,-0.035028622590801972,0.0109873805564113,-0.0023342775594059617,-1,nan,nan,nan,nan
0.5675,0.056987678634886803,-0.035014086406450061,0.010986796114218371,-0.0023410047083487484,-1,nan,nan,nan,nan
0.56774999999999998,0.056971959647877379,-0.034999539539763126,0.010986210054057127,-0.0023472213058965963,-1,nan,nan,nan,nan
0.56800000000000006,0.056956227695389154,-0.034984982688258309,0.010985622503565422,-0.0023529273520352945,-1,nan,nan,nan,nan
0.56825000000000003,0.056940483730214972,-0.034970416549452751,0.01098503359038111,-0.0023581228467968174,-1,nan,nan,nan,nan
0.56850000000000001,0.056924728705147663,-0.034955841820863615,0.010984443442142024,-0.0023628077901456379,-1,nan,nan,nan,nan
0.56874999999999998,0.056908963572980101,-0.034941259200008026,0.010983852186486037,-0.002366982182081756,-1,nan,nan,nan,nan
0.56900000000000006,0.056893189286505087,-0.034926669384403121,0.010983259951050983,-0.002370646022626488,-1,nan,nan,nan,nan
0.56925000000000003,0.056877406798515516,-0.034912073071566067,0.010982666863474724,-0.0023737993117762812,-1,nan,nan,nan,nan
0.56950000000000001,0.056861617061804183,-0.034897470959013993,0.010982073051395095,-0.0023764420495275829,-1,nan,nan,nan,nan
0.56974999999999998,0.056845821029163961,-0.034882863744264039,0.010981478642449961,-0.0023785742358519713,-1,nan,nan,nan,nan
0.57000000000000006,0.05683001965338768,-0.034868252124833347,0.010980883764277166,-0.0023801958708062898,-1,nan,nan,nan,nan
0.57025000000000003,0.056814213887268192,-0.034853636798239079,0.010980288544514556,-0.0023818640523813883,-1,nan,nan,nan,nan
0.57050000000000001,0.056798403025977336,-0.034839017361475384,0.010979692832250976,-0.0023861290126880874,-1,nan,nan,nan,nan
0.57074999999999998,0.056782580270503161,-0.034824389310486738,0.010979095480008211,-0.0023927967408994277,-1,nan,nan,nan,nan
0.57100000000000006,0.056766745108379216,-0.034809752240618164,0.010978496433880526,-0.0023993723048896243,-1,nan,nan,nan,nan
0.57125000000000004,0.056750897930880874,-0.034795106343169339,0.010977895793855767,-0.0024055479175153494,-1,nan,nan,nan,nan
0.57150000000000001,0.056735039129283488,-0.03478045180943995,0.010977293659921769,-0.002411323578776603,-1,nan,nan,nan,nan
0.57174999999999998,0.056719169094862396,-0.034765788830729637,0.010976690132066379,-0.0024166992886662797,-1,nan,nan,nan,nan
0.57200000000000006,0.056703288218892957,-0.034751117598338085,0.010976085310277436,-0.0024216750471879323,-1,nan,nan,nan,nan
0.57225000000000004,0.056687396892650538,-0.034736438303564966,0.010975479294542786,-0.0024262508543664296,-1,nan,nan,nan,nan
0.57250000000000001,0.056671495507410484,-0.034721751137709977,0.010974872184850253,-0.002430426710162692,-1,nan,nan,nan,nan
0.57274999999999998,0.056655584454448148,-0.034707056292072741,0.010974264081187703,-0.0024342026145767193,-1,nan,nan,nan,nan
0.57300000000000006,0.056639664125038881,-0.034692353957952955,0.010973655083542963,-0.0024375785676618023,-1,nan,nan,nan,nan
0.57325000000000004,0.056623734910458051,-0.034677644326650305,0.010973045291903873,-0.0024405545693682029,-1,nan,nan,nan,nan
0.57350000000000001,0.056607797201980996,-0.034662927589464439,0.010972434806258279,-0.0024431306196923686,-1,nan,nan,nan,nan
0.57374999999999998,0.056591851390883088,-0.034648203937695035,0.010971823726594027,-0.0024453067186591682,-1,nan,nan,nan,nan
0.57400000000000007,0.05657589786843966,-0.034633473562641764,0.010971212152898948,-0.0024470828662757071,-1,nan,nan,nan,nan
0.57425000000000004,0.056559937025926085,-0.034618736655604304,0.010970600185160891,-0.0024484590625029057,-1,nan,nan,nan,nan
0.57450000000000001,0.056543969254617715,-0.034603993407882325,0.010969987923367695,-0.0024494353073833963,-1,nan,nan,nan,nan
0.57474999999999998,0.056527994945789889,-0.03458924401077549,0.0109693754675072,-0.0024500116009065209,-1,nan,nan,nan,nan
0.57500000000000007,0.056512014490717966,-0.034574488655583484,0.010968762917567241,-0.0024501879430509632,28,0.57500000000000007,0.010968762917567241,-0.0024501879430509632,0.0024501879430509632
0.57525000000000004,0.056496028280677311,-0.034559727533605963,0.010968150373535674,-0.0024499643338096178,-1,nan,nan,nan,nan
0.57550000000000001,0.056480036706943286,-0.034544960836142613,0.010967537935400336,-0.0024493407732322225,-1,nan,nan,nan,nan
0.57574999999999998,0.056464040160791214,-0.034530188754493096,0.010966925703149059,-0.0024472588060362455,-1,nan,nan,nan,nan
0.57600000000000007,0.056448043401326621,-0.034515414789331983,0.010966314305997319,-0.0024401034778733788,-1,nan,nan,nan,nan
0.57625000000000004,0.056432062123058534,-0.034500650820238288,0.010965705651410123,-0.0024296883028007699,-1,nan,nan,nan,nan
0.57650000000000001,0.056416094467740555,-0.034485895544048718,0.010965099461845918,-0.0024208312046987146,-1,nan,nan,nan,nan
0.57674999999999998,0.056400136750825572,-0.034471146279210024,0.010964495235807774,-0.0024139800943530076,-1,nan,nan,nan,nan
0.57699999999999996,0.056384185287766501,-0.034456400344169018,0.010963892471798742,-0.0024091349717743071,-1,nan,nan,nan,nan
0.57725000000000004,0.056368236394016231,-0.034441655057372463,0.010963290668321884,-0.0024062958369519549,-1,nan,nan,nan,nan
0.57750000000000001,0.056352286385027685,-0.03442690773726715,0.010962689323880268,-0.002405462689861082,-1,nan,nan,nan,nan
0.57774999999999999,0.056336331576253756,-0.03441215570229985,0.010962087936976953,-0.0024066355305478737,-1,nan,nan,nan,nan
0.57799999999999996,0.056320368283147348,-0.034397396270917362,0.010961486006114993,-0.0024098143589803556,-1,nan,nan,nan,nan
0.57825000000000004,0.056304392821161356,-0.034382626761566434,0.010960883029797461,-0.0024149991751585276,-1,nan,nan,nan,nan
0.57850000000000001,0.056288401505748702,-0.034367844492693873,0.010960278506527414,-0.0024221899790966006,-1,nan,nan,nan,nan
0.57874999999999999,0.056272390652362281,-0.034353046782746456,0.010959671934807912,-0.0024313867708158909,-1,nan,nan,nan,nan
0.57899999999999996,0.056256356576454988,-0.034338230950170974,0.010959062813142007,-0.0024425895502631079,-1,nan,nan,nan,nan
0.57925000000000004,0.056240295593479733,-0.034323394313414177,0.010958450640032778,-0.0024557983174595677,-1,nan,nan,nan,nan
0.57950000000000002,0.056224204018889432,-0.034308534190922876,0.010957834913983278,-0.0024710130724301393,-1,nan,nan,nan,nan
0.57974999999999999,0.056208078168136971,-0.034293647901143844,0.010957215133496564,-0.0024882338151286376,-1,nan,nan,nan,nan
0.57999999999999996,0.056191914356675275,-0.034278732762523849,0.010956590797075713,-0.0025074605455870369,-1,nan,nan,nan,nan
0.58025000000000004,0.056175708899957218,-0.034263786093509677,0.010955961403223771,-0.0025286932638302062,-1,nan,nan,nan,nan
0.58050000000000002,0.056159458113435728,-0.034248805212548132,0.010955326450443798,-0.0025519319697977494,-1,nan,nan,nan,nan
0.58074999999999999,0.056143158312563703,-0.034233787438085958,0.010954685437238872,-0.0025771766635216409,-1,nan,nan,nan,nan
0.58099999999999996,0.056126805812794042,-0.034218730088569967,0.010954037862112038,-0.0026044273450160915,-1,nan,nan,nan,nan
0.58125000000000004,0.056110396929579649,-0.034203630482446921,0.010953383223566364,-0.0026317524565691031,-1,nan,nan,nan,nan
0.58150000000000002,0.05609393434342843,-0.034188490371660919,0.010952721985883755,-0.0026527212615761186,-1,nan,nan,nan,nan
0.58174999999999999,0.056077435952187074,-0.034173322226315923,0.010952056862935575,-0.0026680462409949257,-1,nan,nan,nan,nan
0.58199999999999996,0.056060902908720026,-0.03415812698319351,0.010951387962763258,-0.0026833652634437044,-1,nan,nan,nan,nan
0.58225000000000005,0.056044334975928846,-0.034142904615321143,0.010950715180303851,-0.002699104537775554,-1,nan,nan,nan,nan
0.58250000000000002,0.05602773191671509,-0.03412765509572635,0.01095003841049437,-0.0027152640639549475,-1,nan,nan,nan,nan
0.58274999999999999,0.056011093493980341,-0.034112378397436589,0.010949357548271876,-0.0027318438419463575,-1,nan,nan,nan,nan
0.58299999999999996,0.055994419470626153,-0.03409707449347936,0.010948672488573397,-0.0027488438718208386,-1,nan,nan,nan,nan
0.58325000000000005,0.055977709609554081,-0.034081743356882153,0.010947983126335964,-0.0027662641535428634,-1,nan,nan,nan,nan
0.58350000000000002,0.055960963673665702,-0.034066384960672449,0.010947289356496626,-0.002784104687087563,-1,nan,nan,nan,nan
0.58374999999999999,0.055944181425862591,-0.034050999277877747,0.010946591073992422,-0.0028023654724798064,-1,nan,nan,nan,nan
0.58399999999999996,0.055927362629046302,-0.034035586281525532,0.010945888173760385,-0.0028210465097373572,-1,nan,nan,nan,nan
0.58425000000000005,0.055910507046118385,-0.034020145944643282,0.010945180550737552,-0.0028401477988495571,-1,nan,nan,nan,nan
0.58450000000000002,0.055893614439980435,-0.034004678240258511,0.010944468099860962,-0.0028596693397915374,-1,nan,nan,nan,nan
0.58474999999999999,0.055876684573534001,-0.033989183141398691,0.010943750716067655,-0.0028796111325704032,-1,nan,nan,nan,nan
0.58499999999999996,0.055859717209680651,-0.033973660621091299,0.010943028294294676,-0.0028999731772074711,-1,nan,nan,nan,nan
0.58525000000000005,0.05584271211132194,-0.033958110652363843,0.010942300729479049,-0.0029207554737169517,-1,nan,nan,nan,nan
0.58550000000000002,0.055825669041359445,-0.033942533208243808,0.010941567916557818,-0.0029419580220491071,-1,nan,nan,nan,nan
0.58574999999999999,0.055808587762694734,-0.033926928261758686,0.010940829750468024,-0.0029635808222110427,-1,nan,nan,nan,nan
0.58599999999999997,0.055791468038229375,-0.033911295785935949,0.010940086126146713,-0.0029856238742418384,-1,nan,nan,nan,nan
0.58625000000000005,0.055774309630864903,-0.033895635753803097,0.010939336938530903,-0.0030080871781414942,-1,nan,nan,nan,nan
0.58650000000000002,0.055757112303502915,-0.033879948138387628,0.010938582082557644,-0.0030309707338496139,-1,nan,nan,nan,nan
0.58674999999999999,0.055739875819044972,-0.033864232912717014,0.010937821453163979,-0.0030544973584838431,-1,nan,nan,nan,nan
0.58699999999999997,0.055722598247812415,-0.033848488580055611,0.010937054833878402,-0.0030789644287096962,-1,nan,nan,nan,nan
0.58725000000000005,0.05570527594603969,-0.033832712004140446,0.010936281970949622,-0.0031037458918454774,-1,nan,nan,nan,nan
0.58750000000000002,0.055687909546988393,-0.033816903625123435,0.010935502960932479,-0.0031281158682148202,-1,nan,nan,nan,nan
0.58774999999999999,0.055670499855294271,-0.033801064029263243,0.010934717913015514,-0.0031520490904419773,-1,nan,nan,nan,nan
0.58799999999999997,0.055653047675593065,-0.033785193802818546,0.010933926936387259,-0.0031755455585518177,-1,nan,nan,nan,nan
0.58825000000000005,0.055635553812520507,-0.033769293532048029,0.010933130140236239,-0.0031986052725549996,-1,nan,nan,nan,nan
0.58850000000000002,0.05561801907071235,-0.033753363803210382,0.010932327633750984,-0.003221228232412443,-1,nan,nan,nan,nan
0.58875,0.055600444254804322,-0.033737405202564255,0.010931519526120034,-0.0032434144381312535,-1,nan,nan,nan,nan
0.58899999999999997,0.05558283016943219,-0.033721418316368351,0.01093070592653192,-0.0032651638897078783,-1,nan,nan,nan,nan
0.58925000000000005,0.05556517761923168,-0.033705403730881323,0.010929886944175179,-0.0032864765871885027,-1,nan,nan,nan,nan
0.58950000000000002,0.055547487408838546,-0.033689362032361891,0.010929062688238327,-0.0033073525305482576,-1,nan,nan,nan,nan
0.58975,0.055529760342888514,-0.033673293807068704,0.010928233267909905,-0.0033277917197551687,-1,nan,nan,nan,nan
0.58999999999999997,0.05551199722601733,-0.033657199641260432,0.010927398792378449,-0.0033477941548376577,-1,nan,nan,nan,nan
0.59025000000000005,0.055494198862860743,-0.033641080121195772,0.010926559370832485,-0.0033673598358099355,-1,nan,nan,nan,nan
0.59050000000000002,0.055476366058054491,-0.033624935833133404,0.010925715112460543,-0.0033864887626435802,-1,nan,nan,nan,nan
0.59075,0.055458499616234329,-0.033608767363332001,0.010924866126451164,-0.0034051809353421447,-1,nan,nan,nan,nan
0.59099999999999997,0.055440600342035982,-0.033592575298050237,0.010924012521992873,-0.0034234363539162871,-1,nan,nan,nan,nan
0.59125000000000005,0.055422669040095206,-0.033576360223546799,0.010923154408274204,-0.0034412550183766655,-1,nan,nan,nan,nan
0.59150000000000003,0.055404706515047732,-0.03356012272608036,0.010922291894483686,-0.0034586369286948582,-1,nan,nan,nan,nan
0.59175,0.055386713571529314,-0.033543863391909602,0.010921425089809856,-0.003475582084885076,-1,nan,nan,nan,nan
0.59199999999999997,0.055368691014175679,-0.033527582807293191,0.010920554103441244,-0.0034920904869579772,-1,nan,nan,nan,nan
0.59225000000000005,0.055350639647622581,-0.033511281558489828,0.010919679044566376,-0.0035095623630887474,-1,nan,nan,nan,nan
0.59250000000000003,0.055332555385877079,-0.033494956741357676,0.010918799322259701,-0.0035302228603946162,-1,nan,nan,nan,nan
0.59275,0.055314431272167126,-0.033478603405894765,0.010917913933136181,-0.0035527245275126518,-1,nan,nan,nan,nan
0.59299999999999997,0.055296267944530374,-0.033462222024538482,0.010917022959995946,-0.003574867720328001,-1,nan,nan,nan,nan
0.59325000000000006,0.05527806613630902,-0.033445813137756991,0.010916126499276015,-0.0035966251651089465,-1,nan,nan,nan,nan
0.59350000000000003,0.05525982658084528,-0.033429377286018497,0.010915224647413391,-0.0036179968618412772,-1,nan,nan,nan,nan
0.59375,0.055241550011481351,-0.033412915009791162,0.010914317500845094,-0.0036389828105356514,-1,nan,nan,nan,nan
0.59399999999999997,0.055223237161559413,-0.033396426849543165,0.010913405156008124,-0.0036595830112027272,-1,nan,nan,nan,nan
0.59425000000000006,0.055204888764421672,-0.033379913345742689,0.010912487709339492,-0.0036797974638176356,-1,nan,nan,nan,nan
0.59450000000000003,0.055186505553410335,-0.033363375038857904,0.010911565257276216,-0.0036996261683839293,-1,nan,nan,nan,nan
0.59475,0.055168088261867594,-0.033346812469356994,0.0109106378962553,-0.0037190691249229246,-1,nan,nan,nan,nan
0.59499999999999997,0.055149637623135635,-0.033330226177708124,0.010909705722713756,-0.0037381263334310688,29,0.59499999999999997,0.010909705722713756,-0.0037381263334310688,0.0037381263334310688
0.59525000000000006,0.055131154370556656,-0.03331361670437949,0.010908768833088583,-0.0037567977939083619,-1,nan,nan,nan,nan
0.59550000000000003,0.055112639237472873,-0.033296984589839269,0.010907827323816802,-0.0037750835063050658,-1,nan,nan,nan,nan
0.59575,0.05509409295722649,-0.033280330374555626,0.010906881291335432,-0.0037929834706886822,-1,nan,nan,nan,nan
0.59599999999999997,0.055075516263159673,-0.033263654598996759,0.010905930832081457,-0.0038104976870592111,-1,nan,nan,nan,nan
0.59625000000000006,0.05505690988861462,-0.033246957803630815,0.010904976042491903,-0.0038276261553527036,-1,nan,nan,nan,nan
0.59650000000000003,0.055038274566933561,-0.033230240528926001,0.01090401701900378,-0.0038443688756188976,-1,nan,nan,nan,nan
0.59675,0.055019611031458665,-0.03321350331535048,0.010903053858054092,-0.0038607258478471351,-1,nan,nan,nan,nan
0.59699999999999998,0.055000920015532147,-0.033196746703372436,0.010902086656079855,-0.0038766970720374161,-1,nan,nan,nan,nan
0.59725000000000006,0.054982202252496191,-0.033179971233460046,0.010901115509518073,-0.0038922825481932932,-1,nan,nan,nan,nan
0.59750000000000003,0.054963458475693006,-0.033163177446081486,0.01090014051480576,-0.0039074828956309204,-1,nan,nan,nan,nan
0.59775,0.054944689416228536,-0.03314636588008802,0.010899161768070258,-0.0039239350911586257,-1,nan,nan,nan,nan
0.59799999999999998,0.054925889899442894,-0.033129532804922535,0.01089817854726018,-0.0039431664119753407,-1,nan,nan,nan,nan
0.59825000000000006,0.054907055154998052,-0.033112674785269511,0.010897190184864271,-0.0039635607039159026,-1,nan,nan,nan,nan
0.59850000000000003,0.054888185856743682,-0.033095792322927239,0.010896196766908221,-0.0039836108930906278,-1,nan,nan,nan,nan
0.59875,0.054869282678529398,-0.033078885919693948,0.010895198379417725,-0.0040033169794426726,-1,nan,nan,nan,nan
0.59899999999999998,0.054850346294204884,-0.033061956077367886,0.010894195108418499,-0.0040226789630040116,-1,nan,nan,nan,nan
0.59925000000000006,0.054831377377619762,-0.033045003297747316,0.010893187039936223,-0.0040416968437817502,-1,nan,nan,nan,nan
0.59950000000000003,0.054812376602623718,-0.033028028082630501,0.010892174259996609,-0.0040603706217368085,-1,nan,nan,nan,nan
0.59975000000000001,0.054793344643066365,-0.033011030933815654,0.010891156854625356,-0.0040787002969082664,-1,nan,nan,nan,nan
0.59999999999999998,0.054774282172797374,-0.032994012353101065,0.010890134909848154,-0.0040966858692925712,-1,nan,nan,nan,nan
0.60025000000000006,0.054755189865666389,-0.032976972842284971,0.010889108511690709,-0.0041143273388719592,-1,nan,nan,nan,nan
0.60050000000000003,0.054736068395523065,-0.032959912903165627,0.010888077746178719,-0.004131624705653536,-1,nan,nan,nan,nan
0.60075000000000001,0.054716918436217052,-0.032942833037541287,0.010887042699337882,-0.0041485779696408542,-1,nan,nan,nan,nan
0.60099999999999998,0.054697740661597993,-0.032925733747210195,0.010886003457193899,-0.0041651871308232558,-1,nan,nan,nan,nan
0.60125000000000006,0.054678535745515545,-0.032908615533970606,0.01088496010577247,-0.004181452189207846,-1,nan,nan,nan,nan
0.60150000000000003,0.054659304361819365,-0.032891478899620775,0.010883912731099295,-0.0041973731447910723,-1,nan,nan,nan,nan
0.60175000000000001,0.054640047184359095,-0.032874324345958945,0.010882861419200075,-0.0042129499975942508,-1,nan,nan,nan,nan
0.60199999999999998,0.054620764886984384,-0.032857152374783385,0.010881806256100499,-0.0042281827475960654,-1,nan,nan,nan,nan
0.60225000000000006,0.054601458143544883,-0.03283996348789233,0.010880747327826276,-0.0042430713947929632,-1,nan,nan,nan,nan
0.60250000000000004,0.054582127627890248,-0.032822758187084043,0.010879684720403102,-0.0042576159391956026,-1,nan,nan,nan,nan
0.60275000000000001,0.054562774013870129,-0.032805536974156772,0.010878618519856678,-0.0042718163808039833,-1,nan,nan,nan,nan
0.60299999999999998,0.054543397975334168,-0.032788300350908767,0.010877548812212701,-0.0042857242611482604,-1,nan,nan,nan,nan
0.60325000000000006,0.054523999993883625,-0.032771048678431419,0.010876475657726103,-0.0043011477655419128,-1,nan,nan,nan,nan
0.60350000000000004,0.054504574002272842,-0.032753777525612982,0.01087539823832993,-0.0043189446324234382,-1,nan,nan,nan,nan
0.60375000000000001,0.054485117295462675,-0.032736484924642893,0.010874316185409891,-0.0043373238676842618,-1,nan,nan,nan,nan
0.60399999999999998,0.054465630497422313,-0.032719171344630135,0.010873229576396089,-0.0043553933824256319,-1,nan,nan,nan,nan
0.60425000000000006,0.054446114232120986,-0.032701837254683633,0.010872138488718677,-0.0043731531766297849,-1,nan,nan,nan,nan
0.60450000000000004,0.054426569123527932,-0.032684483123912381,0.010871042999807776,-0.0043906032503002734,-1,nan,nan,nan,nan
0.60475000000000001,0.054406995795612374,-0.032667109421425318,0.010869943187093528,-0.0044077436034548612,-1,nan,nan,nan,nan
0.60499999999999998,0.054387394872343509,-0.032649716616331412,0.010868839128006048,-0.0044245742360686791,-1,nan,nan,nan,nan
0.60525000000000007,0.054367766977690579,-0.032632305177739594,0.010867730899975492,-0.0044410951481488325,-1,nan,nan,nan,nan
0.60550000000000004,0.05434811273562281,-0.03261487557475886,0.010866618580431975,-0.0044573063397130852,-1,nan,nan,nan,nan
0.60575000000000001,0.054328432770109424,-0.032597428276498149,0.010865502246805638,-0.0044732078107401207,-1,nan,nan,nan,nan
0.60599999999999998,0.05430872770511963,-0.03257996375206642,0.010864381976526605,-0.0044887995612477027,-1,nan,nan,nan,nan
0.60625000000000007,0.054288998164622654,-0.032562482470572626,0.010863257847025014,-0.0045040815912216203,-1,nan,nan,nan,nan
0.60650000000000004,0.054269244772587738,-0.032544984901125749,0.010862129935730994,-0.0045190539006547681,-1,nan,nan,nan,nan
0.60675000000000001,0.054249468152984086,-0.032527471512834714,0.010860998320074686,-0.0045337164895791204,-1,nan,nan,nan,nan
0.60699999999999998,0.054229668929780921,-0.032509942774808509,0.010859863077486206,-0.0045480693579840192,-1,nan,nan,nan,nan
0.60725000000000007,0.054209847726947459,-0.032492399156156072,0.010858724285395693,-0.0045621125058303846,-1,nan,nan,nan,nan
0.60750000000000004,0.054190005168452952,-0.032474841125986371,0.01085758202123329,-0.0045758459331572965,-1,nan,nan,nan,nan
0.60775000000000001,0.054170141878266589,-0.032457269153408359,0.010856436362429115,-0.0045892696399718602,-1,nan,nan,nan,nan
0.60799999999999998,0.054150258480357621,-0.03243968370753101,0.010855287386413306,-0.0046023836262314433,-1,nan,nan,nan,nan
0.60824999999999996,0.054130355598695251,-0.032422085257463255,0.010854135170615998,-0.0046151878919786782,-1,nan,nan,nan,nan
0.60850000000000004,0.054110433857248702,-0.03240447427231407,0.010852979792467316,-0.0046278775569490449,-1,nan,nan,nan,nan
0.60875000000000001,0.054090493128121919,-0.032386850664446874,0.010851821231837522,-0.0046422525803535564,-1,nan,nan,nan,nan
0.60899999999999999,0.054070527103687378,-0.032369209771333098,0.01085065866617714,-0.0046585662104163816,-1,nan,nan,nan,nan
0.60924999999999996,0.054050534692499014,-0.032351550795034385,0.010849491948732314,-0.0046750327907894018,-1,nan,nan,nan,nan
0.60950000000000004,0.054030516476498959,-0.032333874176935472,0.010848321149781744,-0.0046912182563865201,-1,nan,nan,nan,nan
0.60975000000000001,0.054010473037629327,-0.032316180358421084,0.010847146339604121,-0.0047071226072219474,-1,nan,nan,nan,nan
0.60999999999999999,0.053990404957832243,-0.032298469780875978,0.010845967588478132,-0.0047227458433454217,-1,nan,nan,nan,nan
0.61024999999999996,0.053970312819049793,-0.032280742885684895,0.010844784966682449,-0.0047380879647249685,-1,nan,nan,nan,nan
0.61050000000000004,0.053950197203224103,-0.032263000114232561,0.010843598544495771,-0.0047531489713286135,-1,nan,nan,nan,nan
0.61075000000000002,0.053930058692297306,-0.032245241907903732,0.010842408392196787,-0.004767928863188331,-1,nan,nan,nan,nan
0.61099999999999999,0.053909897868211494,-0.032227468708083143,0.010841214580064176,-0.0047824276403076738,-1,nan,nan,nan,nan
0.61124999999999996,0.053889715312908794,-0.032209680956155527,0.010840017178376633,-0.0047966453026937472,-1,nan,nan,nan,nan
0.61150000000000004,0.05386951160833129,-0.032191879093505633,0.010838816257412828,-0.0048105818503358933,-1,nan,nan,nan,nan
0.61175000000000002,0.053849287336421144,-0.032174063561518217,0.010837611887451463,-0.0048242372832127955,-1,nan,nan,nan,nan
0.61199999999999999,0.053829043079120439,-0.032156234801577997,0.010836404138771221,-0.0048376116013493231,-1,nan,nan,nan,nan
0.61224999999999996,0.05380877941837129,-0.03213839325506971,0.01083519308165079,-0.0048507048047312651,-1,nan,nan,nan,nan
0.61250000000000004,0.053788496936115815,-0.032120539363378109,0.010833978786368853,-0.0048635168933977013,-1,nan,nan,nan,nan
0.61275000000000002,0.053768196214296127,-0.032102673567887943,0.010832761323204092,-0.0048760478672882357,-1,nan,nan,nan,nan
0.61299999999999999,0.053747877834854359,-0.03208479630998394,0.010831540762435209,-0.0048882977264348426,-1,nan,nan,nan,nan
0.61324999999999996,0.053727542379732589,-0.032066908031050841,0.010830317174340874,-0.0049002664708446275,-1,nan,nan,nan,nan
0.61350000000000005,0.053707190430872957,-0.032049009172473386,0.010829090629199786,-0.0049119541005033795,-1,nan,nan,nan,nan
0.61375000000000002,0.05368682257021757,-0.032031100175636325,0.010827861197290622,-0.0049233606154182041,-1,nan,nan,nan,nan
0.61399999999999999,0.053666439379708546,-0.032013181481924391,0.010826628948892077,-0.0049349343755054065,-1,nan,nan,nan,nan
0.61424999999999996,0.05364603965585972,-0.031995252195653981,0.01082539373010287,-0.0049482534676705825,-1,nan,nan,nan,nan
0.61450000000000005,0.05362561770204128,-0.0319773080577248,0.01082415482215824,-0.0049630174025061535,-1,nan,nan,nan,nan
0.61475000000000002,0.053605173523467178,-0.031959349080663946,0.010822912221401616,-0.0049776600913880031,-1,nan,nan,nan,nan
0.61499999999999999,0.05358470766667265,-0.031941375682447558,0.010821665992112546,-0.0049920456620782261,30,0.61499999999999999,0.010821665992112546,-0.0049920456620782261,0.0049920456620782261
0.61524999999999996,0.053564220678192928,-0.031923388281051776,0.010820416198570576,-0.0050061741146265604,-1,nan,nan,nan,nan
0.61550000000000005,0.053543713104563254,-0.031905387294452789,0.010819162905055232,-0.005020045448983268,-1,nan,nan,nan,nan
0.61575000000000002,0.053523185492318895,-0.031887373140626722,0.010817906175846086,-0.0050336596651519017,-1,nan,nan,nan,nan
0.61599999999999999,0.053502638387995072,-0.031869346237549757,0.010816646075222657,-0.0050470167631715412,-1,nan,nan,nan,nan
0.61624999999999996,0.053482072338127039,-0.031851307003198034,0.010815382667464502,-0.0050601167429817906,-1,nan,nan,nan,nan
0.61650000000000005,0.05346148788925003,-0.0318332558555477,0.010814116016851165,-0.0050729596046465986,-1,nan,nan,nan,nan
0.61675000000000002,0.053440885587899299,-0.031815193212574942,0.010812846187662178,-0.0050855453481375434,-1,nan,nan,nan,nan
0.61699999999999999,0.053420265980610088,-0.031797119492255894,0.010811573244177097,-0.0050978739734333089,-1,nan,nan,nan,nan
0.61724999999999997,0.053399629613917643,-0.031779035112566717,0.010810297250675463,-0.0051099454805729749,-1,nan,nan,nan,nan
0.61750000000000005,0.053378977034357171,-0.03176094049148355,0.010809018271436811,-0.0051217598695281197,-1,nan,nan,nan,nan
0.61775000000000002,0.053358308788463975,-0.031742836046982574,0.0108077363707407,-0.0051333171403129541,-1,nan,nan,nan,nan
0.61799999999999999,0.053337625422773254,-0.031724722197039944,0.010806451612866655,-0.0051446172929310308,-1,nan,nan,nan,nan
0.61824999999999997,0.053316927483820269,-0.031706599359631799,0.010805164062094235,-0.0051556603273539281,-1,nan,nan,nan,nan
0.61850000000000005,0.053296215518140247,-0.031688467952734292,0.010803873782702977,-0.0051664462436207259,-1,nan,nan,nan,nan
0.61875000000000002,0.053275490072268457,-0.031670328394323606,0.010802580838972425,-0.0051769750417101079,-1,nan,nan,nan,nan
0.61899999999999999,0.053254751692740125,-0.03165218110237588,0.010801285295182123,-0.0051872467216185214,-1,nan,nan,nan,nan
0.61924999999999997,0.053234000926090499,-0.031634026494867268,0.010799987215611616,-0.0051972612833637299,-1,nan,nan,nan,nan
0.61950000000000005,0.053213238318854807,-0.03161586498977393,0.010798686664540438,-0.0052078496723808598,-1,nan,nan,nan,nan
0.61975000000000002,0.053192460996454492,-0.031597694414903642,0.010797383290775425,-0.005220116520266771,-1,nan,nan,nan,nan
0.62,0.053171664964741135,-0.031579511752180524,0.010796076606280305,-0.005233246124504376,-1,nan,nan,nan,nan
0.62024999999999997,0.053150850719170847,-0.0315613173837445,0.010794766667713174,-0.0052461439313518099,-1,nan,nan,nan,nan
0.62050000000000005,0.053130018776475114,-0.031543111707845857,0.010793453534314629,-0.0052588047758632683,-1,nan,nan,nan,nan
0.62075000000000002,0.053109169653385427,-0.031524895122734944,0.010792137265325241,-0.0052712286580387513,-1,nan,nan,nan,nan
0.621,0.053088303866633275,-0.031506668026662056,0.01079081791998561,-0.0052834155778427316,-1,nan,nan,nan,nan
0.62124999999999997,0.053067421932950144,-0.031488430817877507,0.010789495557536319,-0.0052953655353036311,-1,nan,nan,nan,nan
0.62150000000000005,0.05304652436906751,-0.031470183894631597,0.010788170237217957,-0.0053070785304143442,-1,nan,nan,nan,nan
0.62175000000000002,0.053025611691716878,-0.031451927655174655,0.010786842018271112,-0.0053185545631713183,-1,nan,nan,nan,nan
0.622,0.053004684417629733,-0.03143366249775699,0.010785510959936372,-0.0053297936335674478,-1,nan,nan,nan,nan
0.62224999999999997,0.052983743063537564,-0.031415388820628908,0.010784177121454328,-0.0053407957416169438,-1,nan,nan,nan,nan
0.62250000000000005,0.052962788146171842,-0.031397107022040717,0.010782840562065563,-0.0053515608873233589,-1,nan,nan,nan,nan
0.62275000000000003,0.052941820182264079,-0.031378817500242746,0.010781501341010667,-0.0053620890706618241,-1,nan,nan,nan,nan
0.623,0.052920839688545759,-0.031360520653485296,0.010780159517530231,-0.0053723802916572083,-1,nan,nan,nan,nan
0.62324999999999997,0.052899847181748366,-0.031342216880018689,0.010778815150864839,-0.0053824345503166171,-1,nan,nan,nan,nan
0.62350000000000005,0.052878843178603363,-0.031323906578093218,0.010777468300255073,-0.005392251846608076,-1,nan,nan,nan,nan
0.62375000000000003,0.052857828195842289,-0.031305590145959218,0.010776119024941536,-0.0054018321805422431,-1,nan,nan,nan,nan
0.624,0.052836802750196588,-0.031287267981866984,0.010774767384164802,-0.0054111755521404348,-1,nan,nan,nan,nan
0.62424999999999997,0.052815767358397776,-0.031268940484066844,0.010773413437165466,-0.0054202819613742292,-1,nan,nan,nan,nan
0.62450000000000006,0.052794722537177312,-0.031250608050809085,0.010772057243184113,-0.0054291514082649428,-1,nan,nan,nan,nan
0.62475000000000003,0.052773668803266713,-0.031232271080344043,0.010770698861461335,-0.0054378270996195965,-1,nan,nan,nan,nan
0.625,0.052752606648354072,-0.031213929989085464,0.010769338329634304,-0.0054472759782875357,-1,nan,nan,nan,nan
0.62524999999999997,0.052731535788663263,-0.03119558534171888,0.010767975223472191,-0.0054578980449626613,-1,nan,nan,nan,nan
0.62550000000000006,0.052710455648505433,-0.03117723688728179,0.010766609380611821,-0.0054687857040320864,-1,nan,nan,nan,nan
0.62575000000000003,0.052689365788214801,-0.03115888412697445,0.010765240830620176,-0.0054795550952242422,-1,nan,nan,nan,nan
0.626,0.05266826576812552,-0.031140526561997103,0.010763869603064209,-0.0054902062185675504,-1,nan,nan,nan,nan
0.62624999999999997,0.052647155148571788,-0.031122163693550003,0.010762495727510892,-0.005500739074037142,-1,nan,nan,nan,nan
0.62650000000000006,0.052626033489887765,-0.031103795022833385,0.01076111923352719,-0.0055111536616365697,-1,nan,nan,nan,nan
0.62675000000000003,0.052604900352407662,-0.031085420051047512,0.010759740150680075,-0.0055214499813693863,-1,nan,nan,nan,nan
0.627,0.05258375529646564,-0.031067038279392629,0.010758358508536505,-0.005531628033242697,-1,nan,nan,nan,nan
0.62724999999999997,0.052562597882395888,-0.031048649209068982,0.010756974336663453,-0.0055416878172387385,-1,nan,nan,nan,nan
0.62750000000000006,0.052541427670532583,-0.03103025234127681,0.010755587664627886,-0.0055516293333646161,-1,nan,nan,nan,nan
0.62775000000000003,0.052520244221209926,-0.031011847177216383,0.010754198521996772,-0.0055614525816309879,-1,nan,nan,nan,nan
0.628,0.05249904709476208,-0.030993433218087941,0.01075280693833707,-0.0055711575620378539,-1,nan,nan,nan,nan
0.62824999999999998,0.052477835851523234,-0.030975009965091727,0.010751412943215754,-0.0055807442745603453,-1,nan,nan,nan,nan
0.62850000000000006,0.052456610051827557,-0.030956576919427981,0.010750016566199788,-0.0055902127192268836,-1,nan,nan,nan,nan
0.62875000000000003,0.052435369256009258,-0.030938133582296978,0.01074861783685614,-0.005599562896023258,-1,nan,nan,nan,nan
0.629,0.052414113024402499,-0.030919679454898943,0.010747216784751778,-0.005608794804942363,-1,nan,nan,nan,nan
0.62924999999999998,0.052392840917341477,-0.030901214038434138,0.01074581343945367,-0.0056179084460055151,-1,nan,nan,nan,nan
0.62950000000000006,0.052371552495160345,-0.030882736834102798,0.010744407830528773,-0.0056269038192127141,-1,nan,nan,nan,nan
0.62975000000000003,0.052350247318193315,-0.030864247343105188,0.010742999987544063,-0.0056357809245213275,-1,nan,nan,nan,nan
0.63,0.052328924946774574,-0.030845745066641551,0.010741589940066512,-0.0056445397619775406,-1,nan,nan,nan,nan
0.63024999999999998,0.052307584941238279,-0.030827229505912129,0.010740177717663075,-0.0056523133457879737,-1,nan,nan,nan,nan
0.63050000000000006,0.052286230154342889,-0.030808702587555657,0.010738763783393616,-0.005656081981712191,-1,nan,nan,nan,nan
0.63075000000000003,0.052264872220643063,-0.030790172867298626,0.010737349676672218,-0.0056571481277707392,-1,nan,nan,nan,nan
0.63100000000000001,0.052243510406394938,-0.030771639987735477,0.010735935209329731,-0.005659322940779532,-1,nan,nan,nan,nan
0.63124999999999998,0.052222142660196341,-0.030753102629792681,0.01073452001520183,-0.0056629624110655641,-1,nan,nan,nan,nan
0.63150000000000006,0.052200766930645091,-0.030734559474396694,0.010733103728124199,-0.0056680665386465989,-1,nan,nan,nan,nan
0.63175000000000003,0.052179381166339016,-0.030716009202473998,0.010731685981932509,-0.0056746353235119784,-1,nan,nan,nan,nan
0.63200000000000001,0.052157983315875948,-0.03069745049495106,0.010730266410462444,-0.00568266876561907,-1,nan,nan,nan,nan
0.63224999999999998,0.05213657132785373,-0.030678882032754332,0.010728844647549699,-0.005692166865024717,-1,nan,nan,nan,nan
0.63250000000000006,0.052115143150870152,-0.030660302496810288,0.010727420327029932,-0.0057031296217289196,-1,nan,nan,nan,nan
0.63275000000000003,0.052093696733523077,-0.030641710568045408,0.010725993082738835,-0.0057155570356890451,-1,nan,nan,nan,nan
0.63300000000000001,0.052072230024410325,-0.030623104927386149,0.010724562548512088,-0.0057294491069441733,-1,nan,nan,nan,nan
0.63324999999999998,0.052050740972129708,-0.030604484255758981,0.010723128358185363,-0.0057448058354694354,-1,nan,nan,nan,nan
0.63350000000000006,0.052029227525279054,-0.030585847234090351,0.010721690145594352,-0.005761627221279042,-1,nan,nan,nan,nan
0.63375000000000004,0.052007687632456216,-0.030567192543306764,0.010720247544574726,-0.0057799132643587825,-1,nan,nan,nan,nan
0.63400000000000001,0.051986119242259009,-0.030548518864334663,0.010718800188962173,-0.0057996639647157622,-1,nan,nan,nan,nan
0.63424999999999998,0.051964520303285251,-0.030529824878100516,0.010717347712592367,-0.0058208793223641919,-1,nan,nan,nan,nan
0.63450000000000006,0.051942888764132771,-0.030511109265530793,0.010715889749300989,-0.0058435593372827555,-1,nan,nan,nan,nan
0.63475000000000004,0.051921222573399421,-0.03049237070755197,0.010714425932923726,-0.0058677040094750055,-1,nan,nan,nan,nan
0.63500000000000001,0.051899519679683002,-0.030473607885090501,0.010712955897296251,-0.0058933133389551529,31,0.63500000000000001,0.010712955897296251,-0.0058933133389551529,0.0058933133389551529
0.63524999999999998,0.051877778031581355,-0.030454819479072859,0.010711479276254248,-0.0059203873257231976,-1,nan,nan,nan,nan
0.63550000000000006,0.051855995577692285,-0.03043600417042551,0.010709995703633388,-0.0059489242583161683,-1,nan,nan,nan,nan
0.63575000000000004,0.051834170270971203,-0.030417160642721021,0.010708504814125091,-0.005976485432768186,-1,nan,nan,nan,nan
0.63600000000000001,0.051812306340708374,-0.030398291418874367,0.010707007460917004,-0.006000343342087433,-1,nan,nan,nan,nan
0.63624999999999998,0.05179040902634173,-0.030379399741433635,0.010705504642454048,-0.0060221418214645439,-1,nan,nan,nan,nan
0.63650000000000007,0.051768478706149638,-0.030360485926137097,0.010703996390006271,-0.0060438152206820916,-1,nan,nan,nan,nan
0.63675000000000004,0.051746515758410459,-0.030341550288723047,0.010702482734843706,-0.0060653635397471817,-1,nan,nan,nan,nan
0.63700000000000001,0.051724520561402559,-0.030322593144929764,0.010700963708236397,-0.0060867867786420504,-1,nan,nan,nan,nan
0.63724999999999998,0.051702493493404299,-0.030303614810495528,0.010699439341454385,-0.0061080849373880142,-1,nan,nan,nan,nan
0.63750000000000007,0.051680434932694023,-0.030284615601158617,0.010697909665767703,-0.0061292580159850729,-1,nan,nan,nan,nan
0.63775000000000004,0.051658345257550108,-0.030265595832657321,0.010696374712446393,-0.006150306014429674,-1,nan,nan,nan,nan
0.63800000000000001,0.051636224846250897,-0.030246555820729923,0.010694834512760487,-0.0061712289327111591,-1,nan,nan,nan,nan
0.63824999999999998,0.051614074077074773,-0.030227495881114699,0.010693289097980037,-0.0061920267708153176,-1,nan,nan,nan,nan
0.63850000000000007,0.051591893328300074,-0.030208416329549917,0.010691738499375079,-0.0062126995287847819,-1,nan,nan,nan,nan
0.63875000000000004,0.051569682978205182,-0.030189317481773892,0.010690182748215645,-0.0062332472066053413,-1,nan,nan,nan,nan
0.63900000000000001,0.051547443405068435,-0.030170199653524882,0.010688621875771777,-0.0062536698042556793,-1,nan,nan,nan,nan
0.63924999999999998,0.051525174987168208,-0.030151063160541173,0.010687055913313518,-0.0062739673217429015,-1,nan,nan,nan,nan
0.63950000000000007,0.051502878102782854,-0.030131908318561048,0.010685484892110903,-0.0062941397590883241,-1,nan,nan,nan,nan
0.63975000000000004,0.051480553130190738,-0.030112735443322793,0.010683908843433973,-0.0063141871162848417,-1,nan,nan,nan,nan
0.64000000000000001,0.051458200447670209,-0.030093544850564688,0.010682327798552761,-0.0063341093933111381,-1,nan,nan,nan,nan
0.64024999999999999,0.051435820433499646,-0.030074336856025011,0.010680741788737317,-0.0063539065901778713,-1,nan,nan,nan,nan
0.64049999999999996,0.051413413465957396,-0.030055111775442053,0.010679150845257671,-0.0063735787068850414,-1,nan,nan,nan,nan
0.64075000000000004,0.051390979923321825,-0.030035869924554079,0.010677554999383873,-0.0063931257434504118,-1,nan,nan,nan,nan
0.64100000000000001,0.051368520183871287,-0.030016611619099392,0.010675954282385948,-0.0064127832291056563,-1,nan,nan,nan,nan
0.64124999999999999,0.051346033785273783,-0.02999733656973514,0.010674348607769321,-0.0064340004495306857,-1,nan,nan,nan,nan
0.64149999999999996,0.051323515852372152,-0.029978041288049786,0.010672737282161183,-0.0064567119448710741,-1,nan,nan,nan,nan
0.64175000000000004,0.051300965946805256,-0.029958725443211487,0.010671120251796885,-0.0064793749673519585,-1,nan,nan,nan,nan
0.64200000000000002,0.05127838456118114,-0.029939389371826126,0.010669497594677507,-0.0065017259855082443,-1,nan,nan,nan,nan
0.64224999999999999,0.051255772188107805,-0.029920033410499543,0.010667869388804131,-0.0065237649993328262,-1,nan,nan,nan,nan
0.64249999999999996,0.051233129320193298,-0.029900657895837613,0.010666235712177842,-0.006545492008800835,-1,nan,nan,nan,nan
0.64275000000000004,0.051210456450045634,-0.029881263164446174,0.01066459664279973,-0.0065669070139122709,-1,nan,nan,nan,nan
0.64300000000000002,0.051187754070272873,-0.029861849552931103,0.010662952258670885,-0.0065880100146848974,-1,nan,nan,nan,nan
0.64324999999999999,0.051165022673483031,-0.029842417397898256,0.010661302637792388,-0.0066088010111329254,-1,nan,nan,nan,nan
0.64349999999999996,0.051142262752284132,-0.029822967035953492,0.01065964785816532,-0.0066292800032279331,-1,nan,nan,nan,nan
0.64375000000000004,0.051119474799284199,-0.029803498803702658,0.010657987997790771,-0.0066494469909805787,-1,nan,nan,nan,nan
0.64400000000000002,0.051096659307091293,-0.029784013037751633,0.01065632313466983,-0.0066693019743837567,-1,nan,nan,nan,nan
0.64424999999999999,0.051073816768313428,-0.02976451007470627,0.010654653346803579,-0.0066888449534587835,-1,nan,nan,nan,nan
0.64449999999999996,0.051050947675558622,-0.029744990251172422,0.0106529787121931,-0.0067080759281843427,-1,nan,nan,nan,nan
0.64475000000000005,0.05102805252143492,-0.029725453903755944,0.010651299308839488,-0.0067269948985639871,-1,nan,nan,nan,nan
0.64500000000000002,0.051005131798550346,-0.029705901369062711,0.010649615214743818,-0.0067456018646012694,-1,nan,nan,nan,nan
0.64524999999999999,0.050982185999512951,-0.029686332983698577,0.010647926507907187,-0.0067638968262961896,-1,nan,nan,nan,nan
0.64549999999999996,0.050959215616930738,-0.0296667490842694,0.010646233266330669,-0.0067818797836487477,-1,nan,nan,nan,nan
0.64575000000000005,0.050936221143411751,-0.029647150007381027,0.010644535568015362,-0.0067995507366624963,-1,nan,nan,nan,nan
0.64600000000000002,0.050913203071564016,-0.029627536089639341,0.010642833490962338,-0.0068169096853374356,-1,nan,nan,nan,nan
0.64624999999999999,0.050890161893995568,-0.029607907667650181,0.010641127113172694,-0.0068339566296522491,-1,nan,nan,nan,nan
0.64649999999999996,0.050867098103314447,-0.029588265078019423,0.010639416512647512,-0.0068519360110492755,-1,nan,nan,nan,nan
0.64675000000000005,0.050844008449842062,-0.029568606159507731,0.010637701145167166,-0.0068721096099615409,-1,nan,nan,nan,nan
0.64700000000000002,0.050820889636190143,-0.029548928720505081,0.010635980457842531,-0.0068932453098895508,-1,nan,nan,nan,nan
0.64724999999999999,0.050797742124563533,-0.029529233079539089,0.010634254522512222,-0.0069140936511722373,-1,nan,nan,nan,nan
0.64749999999999996,0.050774566377179656,-0.029509519555145764,0.010632523411016946,-0.0069346546296316092,-1,nan,nan,nan,nan
0.64775000000000005,0.050751362856255929,-0.029489788465861116,0.010630787195197406,-0.0069549282452570083,-1,nan,nan,nan,nan
0.64800000000000002,0.05072813202400981,-0.029470040130221177,0.010629045946894317,-0.0069749144980733035,-1,nan,nan,nan,nan
0.64824999999999999,0.050704874342658697,-0.029450274866761959,0.010627299737948369,-0.0069946133880876005,-1,nan,nan,nan,nan
0.64849999999999997,0.050681590274420027,-0.02943049299401948,0.010625548640200273,-0.0070140249152537137,-1,nan,nan,nan,nan
0.64875000000000005,0.050658280281511217,-0.029410694830529736,0.01062379272549074,-0.0070331490796036178,-1,nan,nan,nan,nan
0.64900000000000002,0.050634944826149719,-0.029390880694828776,0.010622032065660472,-0.0070519858811373126,-1,nan,nan,nan,nan
0.64924999999999999,0.050611584370552944,-0.029371050905452601,0.010620266732550171,-0.0070705353198476928,-1,nan,nan,nan,nan
0.64949999999999997,0.050588199376938328,-0.02935120578093723,0.010618496798000549,-0.0070887973957276529,-1,nan,nan,nan,nan
0.64975000000000005,0.050564790307523276,-0.029331345639818662,0.010616722333852307,-0.0071067721087949565,-1,nan,nan,nan,nan
0.65000000000000002,0.050541357624525246,-0.029311470800632945,0.010614943411946151,-0.00712445945903184,-1,nan,nan,nan,nan
0.65024999999999999,0.050517901790161662,-0.029291581581916078,0.010613160104122792,-0.0071418594464489615,-1,nan,nan,nan,nan
0.65049999999999997,0.050494423266649928,-0.029271678302204073,0.010611372482222927,-0.0071589720710463212,-1,nan,nan,nan,nan
0.65075000000000005,0.050470922516207488,-0.029251761280032953,0.010609580618087268,-0.0071757973328274716,-1,nan,nan,nan,nan
0.65100000000000002,0.050447400001051766,-0.029231830833938738,0.010607784583556514,-0.0071923352317924127,-1,nan,nan,nan,nan
0.65125,0.050423856183400194,-0.029211887282457449,0.010605984450471373,-0.0072085857679198284,-1,nan,nan,nan,nan
0.65149999999999997,0.050400291525470202,-0.029191930944125092,0.010604180290672555,-0.007224548941216824,-1,nan,nan,nan,nan
0.65175000000000005,0.0503767064894792,-0.029171962137477674,0.010602372176000763,-0.0072405806953348417,-1,nan,nan,nan,nan
0.65200000000000002,0.050353100444501434,-0.029151980443851658,0.010600560000324888,-0.0072583725391730525,-1,nan,nan,nan,nan
0.65225,0.050329468660429928,-0.029131982680967575,0.010598742989731177,-0.0072777965984549553,-1,nan,nan,nan,nan
0.65249999999999997,0.050305810904991512,-0.02911196870094019,0.010596921102025661,-0.0072971720642058813,-1,nan,nan,nan,nan
0.65275000000000005,0.050282127613675925,-0.029091938806277778,0.010595094403699074,-0.0073162815670109183,-1,nan,nan,nan,nan
0.65300000000000002,0.050258419221972953,-0.02907189329948864,0.010593262961242156,-0.0073351251068949352,-1,nan,nan,nan,nan
0.65325,0.050234686165372307,-0.029051832483081054,0.010591426841145626,-0.0073537026838685904,-1,nan,nan,nan,nan
0.65349999999999997,0.050210928879363743,-0.029031756659563299,0.010589586109900222,-0.0073720142978963565,-1,nan,nan,nan,nan
0.65375000000000005,0.050187147799437004,-0.02901166613144365,0.010587740833996677,-0.0073900599489924446,-1,nan,nan,nan,nan
0.65400000000000003,0.050163343361081865,-0.02899156120123041,0.010585891079925728,-0.0074078396371568545,-1,nan,nan,nan,nan
0.65425,0.050139515999788047,-0.028971442171431848,0.010584036914178099,-0.0074253533623860335,-1,nan,nan,nan,nan
0.65449999999999997,0.050115666151045311,-0.028951309344556243,0.010582178403244534,-0.0074426011246906398,-1,nan,nan,nan,nan
0.65475000000000005,0.050091794250343387,-0.028931163023111883,0.010580315613615752,-0.0074595829240919898,-1,nan,nan,nan,nan
0.65500000000000003,0.050067900733172035,-0.028911003509607059,0.010578448611782488,-0.0074762987605296871,32,0.65500000000000003,0.010578448611782488,-0.0074762987605296871,0.0074762987605296871
0.65525,0.050043986035021019,-0.028890831106550045,0.010576577464235487,-0.0074927486340392591,-1,nan,nan,nan,nan
0.65549999999999997,0.050020050591380073,-0.028870646116449135,0.010574702237465469,-0.007508932544627811,-1,nan,nan,nan,nan
0.65575000000000006,0.049996094837738932,-0.028850448841812586,0.010572822997963173,-0.0075248504922988957,-1,nan,nan,nan,nan
0.65600000000000003,0.04997211920958735,-0.028830239585148711,0.010570939812219319,-0.0075405024770169859,-1,nan,nan,nan,nan
0.65625,0.049948124142415104,-0.028810018648965777,0.010569052746724664,-0.0075558884988211616,-1,nan,nan,nan,nan
0.65649999999999997,0.049924110071711894,-0.028789786335772075,0.01056716186796991,-0.0075710085576972119,-1,nan,nan,nan,nan
0.65675000000000006,0.049900077432967496,-0.02876954294807587,0.010565267242445813,-0.0075858626536344786,-1,nan,nan,nan,nan
0.65700000000000003,0.049876026661671659,-0.028749288788385473,0.010563368936643093,-0.0076004837955174764,-1,nan,nan,nan,nan
0.65725,0.049851958089790441,-0.028729024088694332,0.010561467000548054,-0.0076162046512457948,-1,nan,nan,nan,nan
0.65749999999999997,0.04982786797459271,-0.02870874630595777,0.01055956083431747,-0.0076336931772225114,-1,nan,nan,nan,nan
0.65775000000000006,0.04980375455831626,-0.028688454250397379,0.010557650153959441,-0.0076516260634100774,-1,nan,nan,nan,nan
0.65800000000000003,0.049779618252894474,-0.028668148210322944,0.010555735021285765,-0.0076693117023864943,-1,nan,nan,nan,nan
0.65825,0.049755459470260714,-0.028647828474044221,0.010553815498108247,-0.0076867500941446565,-1,nan,nan,nan,nan
0.65849999999999997,0.049731278622348371,-0.028627495329870984,0.010551891646238694,-0.0077039412387023276,-1,nan,nan,nan,nan
0.65875000000000006,0.049707076121090786,-0.028607149066112999,0.010549963527488894,-0.0077208851360737185,-1,nan,nan,nan,nan
0.65900000000000003,0.049682852378421356,-0.028586789971080041,0.010548031203670658,-0.0077375817862090912,-1,nan,nan,nan,nan
0.65925,0.049658607806273458,-0.028566418333081881,0.010546094736595788,-0.0077540311891439728,-1,nan,nan,nan,nan
0.65949999999999998,0.049634342816580454,-0.028546034440428279,0.010544154188076088,-0.0077702333448748107,-1,nan,nan,nan,nan
0.65975000000000006,0.049610057821275699,-0.028525638581429001,0.010542209619923349,-0.0077861882534122628,-1,nan,nan,nan,nan
0.66000000000000003,0.049585753232292605,-0.028505231044393842,0.010540261093949382,-0.007801895914724355,-1,nan,nan,nan,nan
0.66025,0.04956142946156452,-0.028484812117632548,0.010538308671965986,-0.0078173563288288506,-1,nan,nan,nan,nan
0.66049999999999998,0.049537086921024834,-0.028464382089454898,0.010536352415784968,-0.0078325694957364078,-1,nan,nan,nan,nan
0.66075000000000006,0.049512726022606875,-0.028443941248170641,0.010534392387218117,-0.0078475354154399213,-1,nan,nan,nan,nan
0.66100000000000003,0.049488347178244074,-0.028423489882089578,0.010532428648077248,-0.0078622540879216274,-1,nan,nan,nan,nan
0.66125,0.049463950799869774,-0.028403028279521462,0.010530461260174156,-0.0078767255132135006,-1,nan,nan,nan,nan
0.66149999999999998,0.049439537299417351,-0.028382556728776067,0.010528490285320642,-0.0078909496912835664,-1,nan,nan,nan,nan
0.66175000000000006,0.049415107088820173,-0.028362075518163148,0.010526515785328512,-0.0079049266221460357,-1,nan,nan,nan,nan
0.66200000000000003,0.049390660580011632,-0.028341584935992495,0.010524537822009569,-0.0079186563058151194,-1,nan,nan,nan,nan
0.66225000000000001,0.049366198184925075,-0.028321085270573865,0.010522556457175605,-0.0079321387422730538,-1,nan,nan,nan,nan
0.66249999999999998,0.0493417203154939,-0.028300576810217033,0.010520571752638434,-0.0079460610893313799,-1,nan,nan,nan,nan
0.66275000000000006,0.049317225183325056,-0.028280058330063178,0.010518583426630939,-0.0079616025755093744,-1,nan,nan,nan,nan
0.66300000000000003,0.049292709427517921,-0.028259527524816561,0.01051659095135068,-0.0079781040953257332,-1,nan,nan,nan,nan
0.66325000000000001,0.049268173375631871,-0.028238984626465319,0.010514594374583276,-0.0079943946237897023,-1,nan,nan,nan,nan
0.66349999999999998,0.049243617418803079,-0.028218429910725505,0.010512593754038787,-0.0080104543120036453,-1,nan,nan,nan,nan
0.66375000000000006,0.049219041948167702,-0.028197863653313154,0.010510589147427274,-0.008026283159981773,-1,nan,nan,nan,nan
0.66400000000000003,0.049194447354861934,-0.028177286129944343,0.010508580612458795,-0.0080418811676885582,-1,nan,nan,nan,nan
0.66425000000000001,0.049169834030021974,-0.028156697616335113,0.01050656820684343,-0.0080572483351311064,-1,nan,nan,nan,nan
0.66449999999999998,0.049145202364783973,-0.028136098388201511,0.010504551988291231,-0.0080723846623378392,-1,nan,nan,nan,nan
0.66475000000000006,0.049120552750284104,-0.028115488721259581,0.010502532014512261,-0.0080872901492980986,-1,nan,nan,nan,nan
0.66500000000000004,0.049095885577658559,-0.028094868891225394,0.010500508343216582,-0.0081019647959870156,-1,nan,nan,nan,nan
0.66525000000000001,0.049071201238043524,-0.028074239173814988,0.010498481032114268,-0.0081164086024259063,-1,nan,nan,nan,nan
0.66549999999999998,0.049046500122575158,-0.028053599844744419,0.01049645013891537,-0.0081306215686289818,-1,nan,nan,nan,nan
0.66575000000000006,0.04902178262238964,-0.028032951179729731,0.010494415721329954,-0.0081446036945465039,-1,nan,nan,nan,nan
0.66600000000000004,0.048997049128623182,-0.02801229345448699,0.010492377837068096,-0.0081583549802211053,-1,nan,nan,nan,nan
0.66625000000000001,0.048972300032411924,-0.027991626944732236,0.010490336543839844,-0.0081718754256598913,-1,nan,nan,nan,nan
0.66649999999999998,0.048947535724892056,-0.027970951926181521,0.010488291899355268,-0.0081851650308344404,-1,nan,nan,nan,nan
0.66675000000000006,0.048922756597199739,-0.027950268674550888,0.010486243961324426,-0.0081982237957589632,-1,nan,nan,nan,nan
0.66700000000000004,0.048897963040471185,-0.027929577465556406,0.010484192787457389,-0.0082110517204228017,-1,nan,nan,nan,nan
0.66725000000000001,0.048873155445842552,-0.027908878574914121,0.010482138435464215,-0.0082236488048330614,-1,nan,nan,nan,nan
0.66749999999999998,0.048848334204450027,-0.027888172278340079,0.010480080963054974,-0.0082360150489897421,-1,nan,nan,nan,nan
0.66775000000000007,0.048823499707429767,-0.027867458851550328,0.010478020427939719,-0.0082484509093099234,-1,nan,nan,nan,nan
0.66800000000000004,0.048798651363245266,-0.027846737888044631,0.010475956737600317,-0.0082622408342771791,-1,nan,nan,nan,nan
0.66825000000000001,0.048773785364314905,-0.02782600674926974,0.010473889307522582,-0.0082772366543153453,-1,nan,nan,nan,nan
0.66849999999999998,0.04874890160877976,-0.02780526537023344,0.01047181811927316,-0.0082921611391846284,-1,nan,nan,nan,nan
0.66875000000000007,0.048724000469388566,-0.027784514015482591,0.010469743226952988,-0.0083068692202985517,-1,nan,nan,nan,nan
0.66900000000000004,0.04869908231889012,-0.0277637529495641,0.01046766468466301,-0.0083213608976606679,-1,nan,nan,nan,nan
0.66925000000000001,0.04867414753003315,-0.027742982437024832,0.010465582546504159,-0.0083356361712816351,-1,nan,nan,nan,nan
0.66949999999999998,0.048649196475566411,-0.027722202742411672,0.01046349686657737,-0.0083496950411472426,-1,nan,nan,nan,nan
0.66975000000000007,0.048624229528238652,-0.027701414130271482,0.010461407698983585,-0.0083635375072432794,-1,nan,nan,nan,nan
0.67000000000000004,0.048599247060798656,-0.027680616865151157,0.010459315097823749,-0.0083771635695910618,-1,nan,nan,nan,nan
0.67025000000000001,0.048574249445995157,-0.027659811211597576,0.010457219117198791,-0.0083905732281941425,-1,nan,nan,nan,nan
0.67049999999999998,0.048549237056576919,-0.027638997434157611,0.010455119811209654,-0.008403766483034758,-1,nan,nan,nan,nan
0.67075000000000007,0.048524210265292675,-0.027618175797378131,0.010453017233957272,-0.0084167433341235665,-1,nan,nan,nan,nan
0.67100000000000004,0.048499169444891223,-0.027597346565806039,0.010450911439542592,-0.0084295037814534624,-1,nan,nan,nan,nan
0.67125000000000001,0.048474114968121283,-0.027576510003988194,0.010448802482066545,-0.0084420478250564202,-1,nan,nan,nan,nan
0.67149999999999999,0.048449047207731619,-0.027555666376471489,0.010446690415630065,-0.0084543754648791491,-1,nan,nan,nan,nan
0.67175000000000007,0.048423966536470991,-0.027534815947802781,0.010444575294334105,-0.0084664867009500711,-1,nan,nan,nan,nan
0.67200000000000004,0.04839887332708815,-0.027513958982528973,0.010442457172279589,-0.0084783815332727386,-1,nan,nan,nan,nan
0.67225000000000001,0.048373767952331864,-0.027493095745196927,0.010440336103567469,-0.0084900599618364936,-1,nan,nan,nan,nan
0.67249999999999999,0.048348650784950875,-0.027472226500353535,0.01043821214229867,-0.0085015219866662051,-1,nan,nan,nan,nan
0.67274999999999996,0.048323522197693938,-0.027451351512545664,0.010436085342574137,-0.0085127676077263459,-1,nan,nan,nan,nan
0.67300000000000004,0.048298382563309802,-0.027430471046320192,0.010433955758494805,-0.0085239161727308499,-1,nan,nan,nan,nan
0.67325000000000002,0.048273231855788454,-0.027409585086812908,0.010431823384487773,-0.0085361438631217368,-1,nan,nan,nan,nan
0.67349999999999999,0.048248066519690859,-0.027388691146564368,0.010429687686563245,-0.0085496363809021148,-1,nan,nan,nan,nan
0.67374999999999996,0.048222885913264325,-0.027367788780669682,0.010427548566297322,-0.0085632239174238123,-1,nan,nan,nan,nan
0.67400000000000004,0.048197690392995832,-0.027346878243786767,0.010425406074604533,-0.0085766077958773224,-1,nan,nan,nan,nan
0.67425000000000002,0.048172480315372343,-0.027325959790573576,0.010423260262399384,-0.0085897880162661977,-1,nan,nan,nan,nan
0.67449999999999999,0.048147256036880838,-0.02730503367568804,0.010421111180596399,-0.0086027645785478057,-1,nan,nan,nan,nan
0.67474999999999996,0.048122017914008289,-0.027284100153788068,0.010418958880110111,-0.0086155374827576736,-1,nan,nan,nan,nan
0.67500000000000004,0.048096766303241639,-0.027263159479531597,0.010416803411855021,-0.0086281067289029068,33,0.67500000000000004,0.010416803411855021,-0.0086281067289029068,0.0086281067289029068
0.67525000000000002,0.048071501561067889,-0.027242211907576575,0.010414644826745657,-0.0086404723169763997,-1,nan,nan,nan,nan
0.67549999999999999,0.04804622404397399,-0.027221257692580922,0.010412483175696534,-0.0086526342469568363,-1,nan,nan,nan,nan
0.67574999999999996,0.048020934108446919,-0.027200297089202564,0.010410318509622178,-0.0086645925188548745,-1,nan,nan,nan,nan
0.67600000000000005,0.047995632110973636,-0.027179330352099424,0.010408150879437106,-0.0086763471326811725,-1,nan,nan,nan,nan
0.67625000000000002,0.047970318408041127,-0.027158357735929454,0.010405980336055836,-0.0086878980884499413,-1,nan,nan,nan,nan
0.67649999999999999,0.047944993356136341,-0.027137379495350576,0.010403806930392882,-0.0086992453861256536,-1,nan,nan,nan,nan
0.67674999999999996,0.047919657311746265,-0.027116395885020718,0.010401630713362774,-0.0087103890257083094,-1,nan,nan,nan,nan
0.67700000000000005,0.04789431063135785,-0.027095407159597795,0.010399451735880028,-0.0087213290072263305,-1,nan,nan,nan,nan
0.67725000000000002,0.047868953671458096,-0.027074413573739773,0.010397270048859162,-0.0087320653306726115,-1,nan,nan,nan,nan
0.67749999999999999,0.047843586788533947,-0.027053415382104561,0.010395085703214693,-0.008742597996025836,-1,nan,nan,nan,nan
0.67774999999999996,0.047818210339072381,-0.027032412839350085,0.010392898749861148,-0.0087529270033179785,-1,nan,nan,nan,nan
0.67800000000000005,0.04779282467956035,-0.027011406200134282,0.010390709239713034,-0.0087630523525312753,-1,nan,nan,nan,nan
0.67825000000000002,0.047767430166484853,-0.026990395719115087,0.010388517223684883,-0.0087730227114199977,-1,nan,nan,nan,nan
0.67849999999999999,0.047742027184721467,-0.026969381728006819,0.010386322728357324,-0.0087839156376894323,-1,nan,nan,nan,nan
0.67874999999999996,0.04771661649391274,-0.02694836596218066,0.01038412526586604,-0.0087961183717943925,-1,nan,nan,nan,nan
0.67900000000000005,0.04769119791922978,-0.026927348580886929,0.010381924669171426,-0.0088085450515293928,-1,nan,nan,nan,nan
0.67925000000000002,0.047665770945184656,-0.026906328958504103,0.010379720993340277,-0.0088207514641034379,-1,nan,nan,nan,nan
0.67949999999999999,0.047640335056289389,-0.02688530646941064,0.010377514293439374,-0.008832737609537844,-1,nan,nan,nan,nan
0.67974999999999997,0.047614889737056021,-0.026864280487985004,0.010375304624535509,-0.0088445034878397166,-1,nan,nan,nan,nan
0.68000000000000005,0.047589434471996553,-0.026843250388605647,0.010373092041695453,-0.0088560490989983975,-1,nan,nan,nan,nan
0.68025000000000002,0.047563968745623068,-0.026822215545651049,0.01037087659998601,-0.0088673744430174395,-1,nan,nan,nan,nan
0.68049999999999999,0.047538492042447568,-0.026801175333499676,0.010368658354473946,-0.0088784795199110533,-1,nan,nan,nan,nan
0.68074999999999997,0.047513003846982094,-0.026780129126529984,0.010366437360226055,-0.0088893643296366065,-1,nan,nan,nan,nan
0.68100000000000005,0.047487503643738681,-0.026759076299120426,0.010364213672309127,-0.0089000288722225207,-1,nan,nan,nan,nan
0.68125000000000002,0.047461990917229378,-0.026738016225649492,0.010361987345789943,-0.0089104731476936649,-1,nan,nan,nan,nan
0.68149999999999999,0.047436465151966201,-0.026716948280495638,0.010359758435735281,-0.0089206971560109594,-1,nan,nan,nan,nan
0.68174999999999997,0.04741092583246119,-0.026695871838037316,0.010357526997211937,-0.0089307008971815094,-1,nan,nan,nan,nan
0.68200000000000005,0.047385372443226367,-0.026674786272652989,0.010355293085286689,-0.0089404843712195259,-1,nan,nan,nan,nan
0.68225000000000002,0.047359804468773796,-0.026653690958721141,0.010353056755026327,-0.0089500475781072453,-1,nan,nan,nan,nan
0.6825,0.047334221393615497,-0.026632585270620224,0.010350818061497636,-0.0089593905178624311,-1,nan,nan,nan,nan
0.68274999999999997,0.047308622702263499,-0.026611468582728705,0.010348577059767397,-0.0089685131904815307,-1,nan,nan,nan,nan
0.68300000000000005,0.047283007879229823,-0.026590340269425035,0.010346333804902394,-0.0089774155959538859,-1,nan,nan,nan,nan
0.68325000000000002,0.047257376409026539,-0.026569199705087698,0.01034408835196942,-0.0089860977342794968,-1,nan,nan,nan,nan
0.6835,0.047231727776165661,-0.026548046264095151,0.010341840756035255,-0.0089945116523999502,-1,nan,nan,nan,nan
0.68374999999999997,0.047206061657432317,-0.026526879465145876,0.010339591096143221,-0.0090008424689109745,-1,nan,nan,nan,nan
0.68400000000000005,0.04718038526637363,-0.026505704596772036,0.010337340334800797,-0.0090047045320318375,-1,nan,nan,nan,nan
0.68425000000000002,0.047154701562335276,-0.026484524074580865,0.010335088743877206,-0.0090085880753036918,-1,nan,nan,nan,nan
0.6845,0.047129009278951618,-0.02646333719742533,0.010332836040763144,-0.0090136020558340135,-1,nan,nan,nan,nan
0.68474999999999997,0.047103307149857006,-0.026442143264158426,0.01033058194284929,-0.0090197464736583299,-1,nan,nan,nan,nan
0.68500000000000005,0.047077593908685766,-0.026420941573633137,0.010328326167526315,-0.0090270213287659828,-1,nan,nan,nan,nan
0.68525000000000003,0.047051868289072284,-0.02639973142470247,0.010326068432184907,-0.0090354266211143397,-1,nan,nan,nan,nan
0.6855,0.047026129024650913,-0.026378512116219398,0.010323808454215757,-0.0090449623507424803,-1,nan,nan,nan,nan
0.68574999999999997,0.047000374849055997,-0.026357282947036924,0.010321545951009536,-0.0090556285176432993,-1,nan,nan,nan,nan
0.68600000000000005,0.04697460449592189,-0.02633604321600802,0.010319280639956935,-0.0090674251218096913,-1,nan,nan,nan,nan
0.68625000000000003,0.046948816698882963,-0.026314792221985697,0.010317012238448633,-0.0090803521632416562,-1,nan,nan,nan,nan
0.6865,0.046923010191573564,-0.026293529263822935,0.010314740463875314,-0.0090944096419498521,-1,nan,nan,nan,nan
0.68674999999999997,0.046897183707628035,-0.026272253640372719,0.010312465033627658,-0.0091095975579342792,-1,nan,nan,nan,nan
0.68700000000000006,0.046871335980680738,-0.026250964650488044,0.010310185665096347,-0.0091259159111842791,-1,nan,nan,nan,nan
0.68725000000000003,0.046845465744366037,-0.026229661593021904,0.010307902075672067,-0.0091433647016891939,-1,nan,nan,nan,nan
0.6875,0.046819571732318287,-0.026208343766827281,0.010305613982745503,-0.0091619439294703398,-1,nan,nan,nan,nan
0.68774999999999997,0.046793652678171836,-0.026187010470757173,0.010303321103707332,-0.0091816535945277167,-1,nan,nan,nan,nan
0.68800000000000006,0.046767707315561027,-0.026165661003664555,0.010301023155948236,-0.009202493696857772,-1,nan,nan,nan,nan
0.68825000000000003,0.046741734378120244,-0.026144294664402438,0.010298719856858903,-0.0092244642364605056,-1,nan,nan,nan,nan
0.6885,0.046715732599483813,-0.0261229107518238,0.010296410923830006,-0.0092475652133181541,-1,nan,nan,nan,nan
0.68874999999999997,0.046689700713286118,-0.02610150856478163,0.010294096074252244,-0.0092717426269253167,-1,nan,nan,nan,nan
0.68900000000000006,0.046663637549970084,-0.026080087444936999,0.010291775052516543,-0.009294581750985742,-1,nan,nan,nan,nan
0.68925000000000003,0.046637546288451188,-0.026058648721697688,0.01028944878337675,-0.0093144068088228948,-1,nan,nan,nan,nan
0.6895,0.046611429211708515,-0.026037193513484252,0.010287117849112131,-0.0093330397930913023,-1,nan,nan,nan,nan
0.68974999999999997,0.04658528662170585,-0.026015722094745439,0.010284782263480206,-0.0093516177472601214,-1,nan,nan,nan,nan
0.69000000000000006,0.046559118820406996,-0.025994234739929994,0.010282442040238501,-0.0093701406713400104,-1,nan,nan,nan,nan
0.69025000000000003,0.046532926109775753,-0.025972731723486683,0.010280097193144535,-0.0093886085653345219,-1,nan,nan,nan,nan
0.6905,0.046506708791775923,-0.025951213319864254,0.010277747735955835,-0.0094070214292365506,-1,nan,nan,nan,nan
0.69074999999999998,0.046480467168371287,-0.025929679803511452,0.010275393682429917,-0.0094253792630425437,-1,nan,nan,nan,nan
0.69100000000000006,0.046454201541525637,-0.025908131448877016,0.010273035046324311,-0.0094436820667631594,-1,nan,nan,nan,nan
0.69125000000000003,0.046427912213202797,-0.025886568530409725,0.010270671841396536,-0.009461929840380634,-1,nan,nan,nan,nan
0.6915,0.046401599485366554,-0.025864991322558314,0.01026830408140412,-0.0094801225839127312,-1,nan,nan,nan,nan
0.69174999999999998,0.046375263659980695,-0.025843400099771534,0.010265931780104581,-0.0094982602973630037,-1,nan,nan,nan,nan
0.69200000000000006,0.046348905039009007,-0.02582179513649813,0.010263554951255438,-0.009516342980724346,-1,nan,nan,nan,nan
0.69225000000000003,0.046322523924415306,-0.025800176707186866,0.01026117360861422,-0.0095343706339754419,-1,nan,nan,nan,nan
0.6925,0.046296120618163392,-0.025778545086286488,0.010258787765938452,-0.009552343257134055,-1,nan,nan,nan,nan
0.69274999999999998,0.046269695422217053,-0.025756900548245747,0.010256397436985653,-0.0095702608502215014,-1,nan,nan,nan,nan
0.69300000000000006,0.046243248638540069,-0.025735243367513386,0.010254002635513342,-0.009588123413216465,-1,nan,nan,nan,nan
0.69325000000000003,0.046216780569096262,-0.025713573818538171,0.010251603375279045,-0.0096059309460976294,-1,nan,nan,nan,nan
0.69350000000000001,0.046190291515849427,-0.025691892175768841,0.010249199670040293,-0.0096236834489005219,-1,nan,nan,nan,nan
0.69374999999999998,0.046163781780763344,-0.025670198713654155,0.010246791533554594,-0.0096413809216109314,-1,nan,nan,nan,nan
0.69400000000000006,0.046137251665801821,-0.025648493706642846,0.010244378979579487,-0.009659048368742873,-1,nan,nan,nan,nan
0.69425000000000003,0.046110701331107437,-0.02562677731236699,0.010241962009370224,-0.0096772545175589642,-1,nan,nan,nan,nan
0.69450000000000001,0.0460841278120942,-0.025605047107452785,0.010239540352320707,-0.0096961871244403142,-1,nan,nan,nan,nan
0.69474999999999998,0.046057530060680363,-0.025583302229064353,0.010237113915808005,-0.0097152460371283667,-1,nan,nan,nan,nan
0.69500000000000006,0.046030908398656534,-0.025561542940052251,0.010234682729302141,-0.0097341870697427169,34,0.69500000000000006,0.010234682729302141,-0.0097341870697427169,0.0097341870697427169
0.69525000000000003,0.046004263147813342,-0.025539769503267074,0.010232246822273134,-0.0097530102222798121,-1,nan,nan,nan,nan
0.69550000000000001,0.045977594629941387,-0.02551798218155938,0.010229806224191004,-0.0097717154947538631,-1,nan,nan,nan,nan
0.69574999999999998,0.045950903166831258,-0.025496181237779744,0.010227360964525757,-0.0097903028871684228,-1,nan,nan,nan,nan
0.69600000000000006,0.04592418908027357,-0.025474366934778735,0.010224911072747417,-0.0098087723994879639,-1,nan,nan,nan,nan
0.69625000000000004,0.045897452692058964,-0.025452539535406941,0.010222456578326012,-0.0098271240317373554,-1,nan,nan,nan,nan
0.69650000000000001,0.045870694323978022,-0.025430699302514924,0.010219997510731549,-0.0098453577839379136,-1,nan,nan,nan,nan
0.69674999999999998,0.045843914297821343,-0.025408846498953256,0.010217533899434044,-0.0098634736560505587,-1,nan,nan,nan,nan
0.69700000000000006,0.045817112935379552,-0.025386981387572505,0.010215065773903523,-0.0098814716480966069,-1,nan,nan,nan,nan
0.69725000000000004,0.045790290558443254,-0.025365104231223262,0.010212593163609996,-0.0098993517600511893,-1,nan,nan,nan,nan
0.69750000000000001,0.04576344748880308,-0.025343215292756086,0.010210116098023497,-0.009917113991949833,-1,nan,nan,nan,nan
0.69774999999999998,0.045736584048249602,-0.02532131483502156,0.010207634606614021,-0.0099347583437818798,-1,nan,nan,nan,nan
0.69800000000000006,0.045709700558573436,-0.025299403120870229,0.010205148718851604,-0.0099522848155402244,-1,nan,nan,nan,nan
0.69825000000000004,0.045682797341565211,-0.025277480413152704,0.010202658464206253,-0.0099696934072177612,-1,nan,nan,nan,nan
0.69850000000000001,0.045655874719015534,-0.025255546974719541,0.010200163872147996,-0.0099869841188287012,-1,nan,nan,nan,nan
0.69874999999999998,0.045628933012714992,-0.025233603068421311,0.010197664972146841,-0.010004156950376597,-1,nan,nan,nan,nan
0.69900000000000007,0.045601972544454195,-0.02521164895710858,0.010195161793672807,-0.010021211901840132,-1,nan,nan,nan,nan
0.69925000000000004,0.045574993636023776,-0.025189684903631934,0.010192654366195921,-0.010038224032040688,-1,nan,nan,nan,nan
0.69950000000000001,0.045547996256599291,-0.025167710893285716,0.010190142681656788,-0.010055937176094432,-1,nan,nan,nan,nan
0.69974999999999998,0.045520977234891298,-0.025145724439675551,0.010187626397607874,-0.010074470008305525,-1,nan,nan,nan,nan
0.70000000000000007,0.045493935986500589,-0.025123725093195323,0.010185105446652633,-0.010093082776979401,-1,nan,nan,nan,nan
0.70025000000000004,0.045466872818237657,-0.025101713105798888,0.010182579856219384,-0.010111585832486725,-1,nan,nan,nan,nan
0.70050000000000001,0.045439788036912891,-0.025079688729440108,0.010180049653736391,-0.010129979174866577,-1,nan,nan,nan,nan
0.70074999999999998,0.045412681949336731,-0.025057652216072826,0.010177514866631952,-0.010148262804076325,-1,nan,nan,nan,nan
0.70100000000000007,0.045385554862319606,-0.025035603817650902,0.010174975522334352,-0.010166436720151495,-1,nan,nan,nan,nan
0.70125000000000004,0.045358407082671949,-0.025013543786128196,0.010172431648271876,-0.010184500923070772,-1,nan,nan,nan,nan
0.70150000000000001,0.045331238917204197,-0.024991472373458563,0.010169883271872817,-0.010202455412834155,-1,nan,nan,nan,nan
0.70174999999999998,0.045304050672726776,-0.024969389831595856,0.01016733042056546,-0.010220300189445197,-1,nan,nan,nan,nan
0.70200000000000007,0.045276842656050108,-0.024947296412493922,0.010164773121778093,-0.010238035252914557,-1,nan,nan,nan,nan
0.70225000000000004,0.045249615173984639,-0.024925192368106638,0.010162211402939001,-0.01025566060322447,-1,nan,nan,nan,nan
0.70250000000000001,0.045222368533340808,-0.024903077950387844,0.010159645291476482,-0.010273176240382043,-1,nan,nan,nan,nan
0.70274999999999999,0.045195103040929017,-0.024880953411291398,0.01015707481481881,-0.010290582164412143,-1,nan,nan,nan,nan
0.70300000000000007,0.045167819003559699,-0.024858819002771149,0.010154500000394275,-0.010307878375275692,-1,nan,nan,nan,nan
0.70325000000000004,0.045140516728043312,-0.024836674976780968,0.010151920875631172,-0.010325064872976242,-1,nan,nan,nan,nan
0.70350000000000001,0.04511319652119028,-0.024814521585274703,0.010149337467957788,-0.010342141657538662,-1,nan,nan,nan,nan
0.70374999999999999,0.045085858689811013,-0.024792359080206206,0.010146749804802404,-0.010359108728952293,-1,nan,nan,nan,nan
0.70399999999999996,0.045058503540715965,-0.024770187713529339,0.010144157913593313,-0.010375966087202926,-1,nan,nan,nan,nan
0.70425000000000004,0.045031131380715544,-0.024748007737197941,0.010141561821758802,-0.010392713732318981,-1,nan,nan,nan,nan
0.70450000000000002,0.045003742516620204,-0.024725819403165896,0.010138961556727154,-0.010409520728138943,-1,nan,nan,nan,nan
0.70474999999999999,0.04497633644097819,-0.024703622318188723,0.010136357061394733,-0.010427072888194999,-1,nan,nan,nan,nan
0.70499999999999996,0.044948910159534256,-0.024681414118968143,0.010133748020283056,-0.010445277304373946,-1,nan,nan,nan,nan
0.70525000000000004,0.044921463616889937,-0.024659194771404849,0.010131134422742544,-0.010463451976004734,-1,nan,nan,nan,nan
0.70550000000000002,0.044893997106194385,-0.024636964517604276,0.010128516294295054,-0.010481524560233879,-1,nan,nan,nan,nan
0.70574999999999999,0.044866510920596722,-0.024614723599671866,0.010125893660462428,-0.01049949505708625,-1,nan,nan,nan,nan
0.70599999999999996,0.044839005353246066,-0.02459247225971304,0.010123266546766513,-0.010517363466522767,-1,nan,nan,nan,nan
0.70625000000000004,0.044811480697291552,-0.024570210739833225,0.010120634978729164,-0.010535129788575404,-1,nan,nan,nan,nan
0.70650000000000002,0.044783937245882338,-0.024547939282137887,0.010117998981872225,-0.010552794023215739,-1,nan,nan,nan,nan
0.70674999999999999,0.044756375292167548,-0.024525658128732437,0.010115358581717556,-0.010570356170450879,-1,nan,nan,nan,nan
0.70699999999999996,0.044728795129296312,-0.024503367521722309,0.010112713803787001,-0.010587816230295033,-1,nan,nan,nan,nan
0.70725000000000005,0.044701197050417744,-0.024481067703212928,0.010110064673602408,-0.010605174202748202,-1,nan,nan,nan,nan
0.70750000000000002,0.044673581348681012,-0.024458758915309756,0.010107411216685628,-0.010622430087785517,-1,nan,nan,nan,nan
0.70774999999999999,0.044645948317235243,-0.024436441400118209,0.010104753458558517,-0.0106395838854354,-1,nan,nan,nan,nan
0.70799999999999996,0.044618298249229547,-0.024414115399743724,0.010102091424742912,-0.010656635595662323,-1,nan,nan,nan,nan
0.70825000000000005,0.04459063143781309,-0.024391781156291724,0.010099425140760683,-0.010673585218505366,-1,nan,nan,nan,nan
0.70850000000000002,0.04456294817613498,-0.024369438911867661,0.010096754632133659,-0.010690432753960977,-1,nan,nan,nan,nan
0.70874999999999999,0.044535248757344367,-0.024347088908576963,0.010094079924383702,-0.010707178202004286,-1,nan,nan,nan,nan
0.70899999999999996,0.044507533474590376,-0.024324731388525062,0.010091401043032657,-0.01072382156265661,-1,nan,nan,nan,nan
0.70925000000000005,0.044479802621022128,-0.024302366593817383,0.010088718013602373,-0.010740362835889528,-1,nan,nan,nan,nan
0.70950000000000002,0.044452056489788803,-0.024279994766559378,0.010086030861614713,-0.010756802021724354,-1,nan,nan,nan,nan
0.70974999999999999,0.044424295374039496,-0.024257616148856471,0.010083339612591512,-0.01077348390868238,-1,nan,nan,nan,nan
0.70999999999999996,0.044396517858033564,-0.024235229618712821,0.010080644119660372,-0.010790911228976796,-1,nan,nan,nan,nan
0.71025000000000005,0.044368721746421445,-0.024212833432467398,0.010077944156977024,-0.010808746938408831,-1,nan,nan,nan,nan
0.71050000000000002,0.044340907299297169,-0.024190427806914837,0.010075239746191166,-0.010826491887815592,-1,nan,nan,nan,nan
0.71074999999999999,0.044313074797387955,-0.024168012975321722,0.010072530911033117,-0.010844141915939076,-1,nan,nan,nan,nan
0.71099999999999997,0.044285224521421036,-0.024145589170954641,0.010069817675233197,-0.01086169702278994,-1,nan,nan,nan,nan
0.71125000000000005,0.044257356752123625,-0.024123156627080186,0.010067100062521719,-0.010879157208410817,-1,nan,nan,nan,nan
0.71150000000000002,0.044229471770222954,-0.024100715576964967,0.010064378096628994,-0.010896522472730652,-1,nan,nan,nan,nan
0.71174999999999999,0.044201569856446278,-0.024078266253875571,0.010061651801285354,-0.010913792815788526,-1,nan,nan,nan,nan
0.71199999999999997,0.044173651291520781,-0.02405580889107858,0.0100589212002211,-0.010930968237591543,-1,nan,nan,nan,nan
0.71225000000000005,0.04414571635617371,-0.024033343721840593,0.010056186317166559,-0.010948048738114835,-1,nan,nan,nan,nan
0.71250000000000002,0.044117765331132298,-0.024010870979428212,0.010053447175852043,-0.010965034317379718,-1,nan,nan,nan,nan
0.71274999999999999,0.044089798497123765,-0.023988390897108025,0.01005070380000787,-0.01098192497538264,-1,nan,nan,nan,nan
0.71299999999999997,0.04406181613487533,-0.023965903708146625,0.010047956213364352,-0.010998720712098731,-1,nan,nan,nan,nan
0.71325000000000005,0.044033818525114232,-0.023943409645810591,0.01004520443965182,-0.011015421527542202,-1,nan,nan,nan,nan
0.71350000000000002,0.044005805948567706,-0.023920908943366542,0.010042448502600582,-0.01103202742174858,-1,nan,nan,nan,nan
0.71375,0.043977778685962955,-0.023898401834081061,0.010039688425940947,-0.011048538394682339,-1,nan,nan,nan,nan
0.71399999999999997,0.043949737018027221,-0.023875888551220737,0.010036924233403242,-0.011064954446322162,-1,nan,nan,nan,nan
0.71425000000000005,0.04392168122548773,-0.023853369328052158,0.010034155948717786,-0.011081275576703575,-1,nan,nan,nan,nan
0.71450000000000002,0.043893611589071721,-0.02383084439784194,0.01003138359561489,-0.011097501785840791,-1,nan,nan,nan,nan
0.71475,0.043865528389506393,-0.023808313993856658,0.010028607197824868,-0.011113663107792604,-1,nan,nan,nan,nan
0.71499999999999997,0.043837431753604723,-0.023785778225482734,0.010025826764060995,-0.011130305080754965,35,0.71500000000000008,0.010025826764060993,-0.011130305080754972,0.011130305080754972
0.71525000000000005,0.043809319168011757,-0.023763235077442778,0.010023042045284489,-0.011147603325600386,-1,nan,nan,nan,nan
0.71550000000000002,0.043781189864946883,-0.023740683940150491,0.010020252962398196,-0.011165015672048639,-1,nan,nan,nan,nan
0.71575,0.043753044113793813,-0.023718125038896882,0.010017459537448465,-0.011182339833101906,-1,nan,nan,nan,nan
0.71599999999999997,0.043724882183936255,-0.02369555859897296,0.010014661792481647,-0.011199575808742424,-1,nan,nan,nan,nan
0.71625000000000005,0.043696704344757913,-0.023672984845669726,0.010011859749544093,-0.011216723598973743,-1,nan,nan,nan,nan
0.71650000000000003,0.043668510865642551,-0.02365040400427823,0.01000905343068216,-0.011233783203799419,-1,nan,nan,nan,nan
0.71675,0.043640302015973853,-0.023627816300089463,0.010006242857942195,-0.011250754623205239,-1,nan,nan,nan,nan
0.71699999999999997,0.043612078065135562,-0.023605221958394446,0.010003428053370558,-0.011267637857198309,-1,nan,nan,nan,nan
0.71725000000000005,0.043583839282511368,-0.023582621204484181,0.010000609039013593,-0.011284432905803499,-1,nan,nan,nan,nan
0.71750000000000003,0.043555585937485014,-0.023560014263649703,0.0099977858369176553,-0.01130113976898528,-1,nan,nan,nan,nan
0.71775,0.043527318299440225,-0.023537401361182025,0.0099949584691291001,-0.011317758446754311,-1,nan,nan,nan,nan
0.71799999999999997,0.043499036637760703,-0.023514782722372146,0.0099921269576942785,-0.011334288939103487,-1,nan,nan,nan,nan
0.71825000000000006,0.043470741221830173,-0.023492158572511079,0.0099892913246595466,-0.011350731246068335,-1,nan,nan,nan,nan
0.71850000000000003,0.043442432321032357,-0.023469529136889867,0.0099864515920712448,-0.01136708536761688,-1,nan,nan,nan,nan
0.71875,0.043414110204750979,-0.023446894640799503,0.0099836077819757379,-0.011383351303731359,-1,nan,nan,nan,nan
0.71899999999999997,0.043385775142369763,-0.023424255309531003,0.0099807599164193801,-0.011399529054465063,-1,nan,nan,nan,nan
0.71925000000000006,0.043357427403272392,-0.023401611368375382,0.0099779080174485051,-0.011415618619782464,-1,nan,nan,nan,nan
0.71950000000000003,0.043329067256842636,-0.023378963042623657,0.0099750521071094896,-0.011431619999665799,-1,nan,nan,nan,nan
0.71975,0.0433006949724642,-0.023356310557566855,0.0099721922074486723,-0.011447533194164805,-1,nan,nan,nan,nan
0.71999999999999997,0.043272310819520786,-0.02333365413849597,0.0099693283405124077,-0.01146355158163459,-1,nan,nan,nan,nan
0.72025000000000006,0.043243914038357353,-0.023310993175041646,0.0099664604316578535,-0.011480169486830505,-1,nan,nan,nan,nan
0.72050000000000003,0.04321550227119389,-0.023288325759655906,0.0099635882557689917,-0.011497221110218447,-1,nan,nan,nan,nan
0.72075,0.043187075647183618,-0.023265652004978127,0.0099607118211027454,-0.011514215315568066,-1,nan,nan,nan,nan
0.72099999999999997,0.043158634425345531,-0.023242972129123116,0.0099578311481112076,-0.011531127712551381,-1,nan,nan,nan,nan
0.72125000000000006,0.043130178864698596,-0.023220286350205659,0.0099549462572464682,-0.011547958301175498,-1,nan,nan,nan,nan
0.72150000000000003,0.043101709224261819,-0.023197594886340583,0.0099520571689606183,-0.011564707081440417,-1,nan,nan,nan,nan
0.72175,0.043073225763054175,-0.023174897955642676,0.0099491639037057496,-0.01158137405333548,-1,nan,nan,nan,nan
0.72199999999999998,0.043044728740094643,-0.023152195776226743,0.0099462664819339498,-0.011597959216882003,-1,nan,nan,nan,nan
0.72225000000000006,0.043016218414402188,-0.023129488566207574,0.009943364924097307,-0.011614462572044459,-1,nan,nan,nan,nan
0.72250000000000003,0.042987695044995847,-0.023106776543699994,0.0099404592506479265,-0.011630884118844165,-1,nan,nan,nan,nan
0.72275,0.042959158890894564,-0.023084059926818792,0.0099375494820378857,-0.011647223857298883,-1,nan,nan,nan,nan
0.72299999999999998,0.042930610211117326,-0.02306133893367877,0.0099346356387192778,-0.011663481787394403,-1,nan,nan,nan,nan
0.72325000000000006,0.042902049264683106,-0.023038613782394728,0.0099317177411441891,-0.011679657909105856,-1,nan,nan,nan,nan
0.72350000000000003,0.042873476310610927,-0.023015884691081477,0.0099287958097647247,-0.011695752222458111,-1,nan,nan,nan,nan
0.72375,0.042844891607919738,-0.022993151877853817,0.0099258698650329606,-0.011711764727451168,-1,nan,nan,nan,nan
0.72399999999999998,0.042816295415628543,-0.022970415560826546,0.0099229399274009984,-0.011727695424067264,-1,nan,nan,nan,nan
0.72425000000000006,0.042787687992756306,-0.022947675958114453,0.0099200060173209263,-0.011743544312334819,-1,nan,nan,nan,nan
0.72450000000000003,0.042759069598322028,-0.022924933287832367,0.0099170681552448302,-0.011759311392243177,-1,nan,nan,nan,nan
0.72475000000000001,0.042730440491344689,-0.022902187768095078,0.0099141263616248053,-0.01177499666377102,-1,nan,nan,nan,nan
0.72499999999999998,0.042701800930843276,-0.022879439617017383,0.0099111806569129463,-0.011790625930839127,-1,nan,nan,nan,nan
0.72525000000000006,0.042673151032334801,-0.022856688935016033,0.0099082310486593838,-0.011806654279457263,-1,nan,nan,nan,nan
0.72550000000000003,0.042644488526056443,-0.022833933866510007,0.0099052773297732179,-0.011823225065519694,-1,nan,nan,nan,nan
0.72575000000000001,0.042615812737174373,-0.022811173864921125,0.0099023194361266241,-0.011839886260840871,-1,nan,nan,nan,nan
0.72599999999999998,0.04258712391523635,-0.022788409141950752,0.0098993573866427986,-0.011856471763358911,-1,nan,nan,nan,nan
0.72625000000000006,0.042558422309790123,-0.022765639909300237,0.0098963912002449431,-0.011872981573048946,-1,nan,nan,nan,nan
0.72650000000000003,0.042529708170383505,-0.022742866378670956,0.0098934208958562746,-0.011889415689910976,-1,nan,nan,nan,nan
0.72675000000000001,0.042500981746564248,-0.022720088761764273,0.0098904464923999878,-0.011905774113959211,-1,nan,nan,nan,nan
0.72699999999999998,0.042472243287880129,-0.02269730727028154,0.0098874680087992946,-0.011922056845186546,-1,nan,nan,nan,nan
0.72725000000000006,0.042443493043878906,-0.02267452211592412,0.0098844854639773931,-0.011938263883603639,-1,nan,nan,nan,nan
0.72750000000000004,0.042414731264108371,-0.022651733510393388,0.0098814988768574918,-0.01195439522919628,-1,nan,nan,nan,nan
0.72775000000000001,0.042385958198116289,-0.022628941665390697,0.0098785082663627958,-0.011970450881971573,-1,nan,nan,nan,nan
0.72799999999999998,0.042357174095450423,-0.02260614679261741,0.0098755136514165065,-0.011986430841922413,-1,nan,nan,nan,nan
0.72825000000000006,0.042328379205658545,-0.02258334910377488,0.0098725150509418325,-0.012002335109052353,-1,nan,nan,nan,nan
0.72850000000000004,0.042299573778288448,-0.022560548810564487,0.0098695124838619804,-0.012018163683361394,-1,nan,nan,nan,nan
0.72875000000000001,0.042270758062887895,-0.022537746124687588,0.0098665059691001537,-0.012033916564856639,-1,nan,nan,nan,nan
0.72899999999999998,0.042241932309004644,-0.02251494125784554,0.009863495525579552,-0.012049593753527432,-1,nan,nan,nan,nan
0.72925000000000006,0.042213096766186474,-0.022492134421739696,0.0098604811722233891,-0.012065195249380878,-1,nan,nan,nan,nan
0.72950000000000004,0.042184251683981169,-0.022469325828071447,0.0098574629279548614,-0.012080721052413423,-1,nan,nan,nan,nan
0.72975000000000001,0.042155397311936495,-0.02244651568854213,0.0098544408116971825,-0.012096171162632174,-1,nan,nan,nan,nan
0.72999999999999998,0.042126533899600208,-0.022423704214853117,0.0098514148423735452,-0.012111545580019367,-1,nan,nan,nan,nan
0.73025000000000007,0.0420976616965201,-0.022400891618705759,0.0098483850389071703,-0.012127520755115029,-1,nan,nan,nan,nan
0.73050000000000004,0.042068780543927091,-0.022378078379935117,0.0098453510819959868,-0.012144936043256394,-1,nan,nan,nan,nan
0.73075000000000001,0.042039889889420472,-0.022355264747649387,0.0098423125708855426,-0.012162964280761912,-1,nan,nan,nan,nan
0.73099999999999998,0.042010989590740552,-0.022332450391029341,0.0098392695998556056,-0.012180609303779732,-1,nan,nan,nan,nan
0.73125000000000007,0.041982079508718767,-0.022309634976251463,0.0098362222662336518,-0.012197865016894127,-1,nan,nan,nan,nan
0.73150000000000004,0.041953159504186585,-0.022286818169492271,0.0098331706673471572,-0.012214731420112201,-1,nan,nan,nan,nan
0.73175000000000001,0.041924229437975434,-0.022263999636928242,0.0098301149005235958,-0.012231208513430403,-1,nan,nan,nan,nan
0.73199999999999998,0.041895289170916762,-0.022241179044735878,0.0098270550630904421,-0.012247296296841625,-1,nan,nan,nan,nan
0.73225000000000007,0.041866338563841997,-0.02221835605909165,0.0098239912523751735,-0.012262994770356528,-1,nan,nan,nan,nan
0.73250000000000004,0.041837377477582607,-0.022195530346172079,0.0098209235657052644,-0.012278303933964452,-1,nan,nan,nan,nan
0.73275000000000001,0.041808405772970035,-0.02217270157215365,0.0098178521004081924,-0.01229322378766895,-1,nan,nan,nan,nan
0.73299999999999998,0.041779423310835707,-0.022149869403212848,0.0098147769538114299,-0.012307754331477128,-1,nan,nan,nan,nan
0.73325000000000007,0.041750429952011066,-0.02212703350552616,0.0098116982232424529,-0.012321895565392538,-1,nan,nan,nan,nan
0.73350000000000004,0.041721425557327572,-0.022104193545270105,0.009808616006028734,-0.012335647489393864,-1,nan,nan,nan,nan
0.73375000000000001,0.041692409987616669,-0.022081349188621157,0.0098055303994977559,-0.01234901010349887,-1,nan,nan,nan,nan
0.73399999999999999,0.041663383103709782,-0.022058500101755814,0.0098024415009769841,-0.012361983407718213,-1,nan,nan,nan,nan
0.73425000000000007,0.041634344766438354,-0.022035645950850561,0.0097993494077938965,-0.012374567402016368,-1,nan,nan,nan,nan
0.73450000000000004,0.04160529483663386,-0.022012786402081905,0.0097962542172759775,-0.012386762086400438,-1,nan,nan,nan,nan
0.73475000000000001,0.041576233175127729,-0.021989921121626337,0.0097931560267506962,-0.012398567460923715,-1,nan,nan,nan,nan
0.73499999999999999,0.04154715964275138,-0.021967049775660347,0.0097900549335455164,-0.012409983525525803,36,0.73499999999999999,0.0097900549335455164,-0.012409983525525803,0.012409983525525803
0.73525000000000007,0.041518074100336276,-0.021944172030360413,0.0097869510349879313,-0.012420864986410152,-1,nan,nan,nan,nan
0.73550000000000004,0.041488978209415037,-0.021921289207310415,0.0097838445010523106,-0.012430921467707634,-1,nan,nan,nan,nan
0.73575000000000002,0.041459877853901018,-0.021898406705392861,0.0097807355742540788,-0.012440766052876029,-1,nan,nan,nan,nan
0.73599999999999999,0.041430772411590364,-0.021875524175538615,0.0097776241180258742,-0.012451216128059883,-1,nan,nan,nan,nan
0.73624999999999996,0.041401660646323682,-0.021852640713943584,0.0097745099661900488,-0.012462330913873387,-1,nan,nan,nan,nan
0.73650000000000004,0.041372541321941549,-0.021829755416803674,0.0097713929525689372,-0.01247411041028812,-1,nan,nan,nan,nan
0.73675000000000002,0.041343413202284615,-0.021806867380314805,0.0097682729109849053,-0.012486554617282764,-1,nan,nan,nan,nan
0.73699999999999999,0.041314275051193471,-0.021783975700672874,0.0097651496752602981,-0.012499663534889294,-1,nan,nan,nan,nan
0.73724999999999996,0.041285125632508718,-0.021761079474073797,0.0097620230792174606,-0.012513437163097052,-1,nan,nan,nan,nan
0.73750000000000004,0.04125596371007096,-0.021738177796713463,0.0097588929566787483,-0.012527875501902486,-1,nan,nan,nan,nan
0.73775000000000002,0.041226788047720821,-0.021715269764787805,0.0097557591414665079,-0.012542978551309147,-1,nan,nan,nan,nan
0.73799999999999999,0.041197597409298903,-0.021692354474492716,0.0097526214674030932,-0.012558746311313485,-1,nan,nan,nan,nan
0.73824999999999996,0.041168390558645809,-0.021669431022024108,0.0097494797683108508,-0.012575178781911944,-1,nan,nan,nan,nan
0.73850000000000005,0.041139166259602143,-0.021646498503577871,0.0097463338780121363,-0.012592275963125843,-1,nan,nan,nan,nan
0.73875000000000002,0.041109923276008514,-0.021623556015349942,0.009743183630329286,-0.012610037854955181,-1,nan,nan,nan,nan
0.73899999999999999,0.041080660371705539,-0.021600602653536218,0.0097400288590846606,-0.012628464457357325,-1,nan,nan,nan,nan
0.73924999999999996,0.041051376310533821,-0.021577637514332608,0.0097368693981006067,-0.012647555770374908,-1,nan,nan,nan,nan
0.73950000000000005,0.041022069856333943,-0.021554659693934997,0.009733705081199473,-0.012667311793990166,-1,nan,nan,nan,nan
0.73975000000000002,0.040992739772946547,-0.021531668288539325,0.0097305357422036113,-0.012687732528199547,-1,nan,nan,nan,nan
0.73999999999999999,0.040963384824212239,-0.021508662394341491,0.0097273612149353737,-0.012708817973020814,-1,nan,nan,nan,nan
0.74024999999999996,0.040934003773971599,-0.021485641107537395,0.0097241813332171016,-0.012730299366999986,-1,nan,nan,nan,nan
0.74050000000000005,0.04090459610359392,-0.021462603973090175,0.0097209960652518725,-0.012750099831485784,-1,nan,nan,nan,nan
0.74075000000000002,0.040875166382417456,-0.021439553815814742,0.009717806283301357,-0.012767851772032657,-1,nan,nan,nan,nan
0.74099999999999999,0.040845715780436553,-0.02141649150170484,0.0097146121393658566,-0.012785387521908831,-1,nan,nan,nan,nan
0.74124999999999996,0.040816244459273926,-0.021393417280193117,0.0097114135895404047,-0.012803098891630782,-1,nan,nan,nan,nan
0.74150000000000005,0.04078675258055231,-0.021370331400712234,0.0097082105899200383,-0.012820985881226932,-1,nan,nan,nan,nan
0.74175000000000002,0.040757240305894442,-0.02134723411269486,0.0097050030965997909,-0.012839048490704386,-1,nan,nan,nan,nan
0.74199999999999999,0.040727707796923029,-0.021324125665573655,0.0097017910656746875,-0.012857286720038275,-1,nan,nan,nan,nan
0.74224999999999997,0.040698155215260816,-0.021301006308781272,0.0096985744532397718,-0.012875700569221493,-1,nan,nan,nan,nan
0.74250000000000005,0.040668582722530509,-0.021277876291750358,0.0096953532153900759,-0.012894290038296674,-1,nan,nan,nan,nan
0.74275000000000002,0.040638990480354853,-0.021254735863913604,0.0096921273082206244,-0.01291305512722829,-1,nan,nan,nan,nan
0.74299999999999999,0.040609378650356576,-0.021231585274703649,0.0096888966878264631,-0.012931995836005683,-1,nan,nan,nan,nan
0.74324999999999997,0.0405797473941584,-0.021208424773553156,0.0096856613103026221,-0.012951112164667933,-1,nan,nan,nan,nan
0.74350000000000005,0.040550096873383033,-0.021185254609894778,0.0096824211317441278,-0.012970404113204381,-1,nan,nan,nan,nan
0.74375000000000002,0.040520427249653226,-0.021162075033161188,0.0096791761082460192,-0.012989871681586607,-1,nan,nan,nan,nan
0.74399999999999999,0.040490738684591708,-0.021138886292785038,0.0096759261959033348,-0.013009514869843031,-1,nan,nan,nan,nan
0.74424999999999997,0.040461031339821187,-0.021115688638198987,0.0096726713508110997,-0.013029333677962995,-1,nan,nan,nan,nan
0.74450000000000005,0.040431305376964398,-0.021092482318835693,0.0096694115290643524,-0.013049328105960711,-1,nan,nan,nan,nan
0.74475000000000002,0.040401560957644064,-0.021069267584127825,0.0096661466867581196,-0.013069498153818415,-1,nan,nan,nan,nan
0.745,0.040371798243482922,-0.021046044683508035,0.0096628767799874435,-0.013089843821536107,-1,nan,nan,nan,nan
0.74524999999999997,0.040342017396103692,-0.021022813866408988,0.0096596017648473524,-0.013110352279333881,-1,nan,nan,nan,nan
0.74550000000000005,0.040312218360165158,-0.020999575152469609,0.0096563216038477746,-0.013130840105723962,-1,nan,nan,nan,nan
0.74575000000000002,0.040282398847974119,-0.020976326158385138,0.0096530363447944901,-0.013151169070887647,-1,nan,nan,nan,nan
0.746,0.040252558448095013,-0.020953066409470353,0.0096497460193123302,-0.013171405338962217,-1,nan,nan,nan,nan
0.74624999999999997,0.040222697467746697,-0.020929796183496677,0.0096464506421250103,-0.013191582712174466,-1,nan,nan,nan,nan
0.74650000000000005,0.04019281621414799,-0.020906515758235506,0.0096431502279562421,-0.013211701190538605,-1,nan,nan,nan,nan
0.74675000000000002,0.040162914994517754,-0.020883225411458272,0.0096398447915297409,-0.013231760774036871,-1,nan,nan,nan,nan
0.747,0.040132994116074829,-0.020859925420936377,0.0096365343475692256,-0.013251761462665712,-1,nan,nan,nan,nan
0.74724999999999997,0.040103053886038055,-0.020836616064441236,0.0096332189107984096,-0.013271703256442891,-1,nan,nan,nan,nan
0.74750000000000005,0.040073094611626246,-0.020813297619744243,0.0096298984959410014,-0.013291586155371959,-1,nan,nan,nan,nan
0.74775000000000003,0.040043116600058284,-0.020789970364616838,0.0096265731177207232,-0.013311410159420944,-1,nan,nan,nan,nan
0.748,0.040013120158552996,-0.020766634576830416,0.0096232427908612903,-0.013331175268628925,-1,nan,nan,nan,nan
0.74824999999999997,0.039983105594329209,-0.02074329053415639,0.0096199075300864093,-0.01335088148296748,-1,nan,nan,nan,nan
0.74850000000000005,0.039953073214605776,-0.020719938514366164,0.0096165673501198059,-0.013370528802440163,-1,nan,nan,nan,nan
0.74875000000000003,0.039923023326601546,-0.020696578795231169,0.0096132222656851885,-0.013390117227061182,-1,nan,nan,nan,nan
0.749,0.03989295623753536,-0.020673211654522808,0.0096098722915062759,-0.013409646756826987,-1,nan,nan,nan,nan
0.74924999999999997,0.039862872254626036,-0.020649837370012487,0.0096065174423067747,-0.013429117391726919,-1,nan,nan,nan,nan
0.74950000000000006,0.03983277168509243,-0.020626456219471609,0.0096031577328104106,-0.013448529131764531,-1,nan,nan,nan,nan
0.74975000000000003,0.039802654836153396,-0.020603068480671609,0.0095997931777408937,-0.013467881976957585,-1,nan,nan,nan,nan
0.75,0.039772522015027754,-0.02057967443138389,0.0095964237918219324,-0.013487175927277661,-1,nan,nan,nan,nan
0.75024999999999997,0.039742373528934366,-0.020556274349379854,0.0095930495897772559,-0.013506446964843377,-1,nan,nan,nan,nan
0.75050000000000006,0.039712209409831313,-0.020532868273152295,0.0095896705683395089,-0.013526102813163021,-1,nan,nan,nan,nan
0.75075000000000003,0.039682026848703977,-0.020509453771962626,0.0095862865383706756,-0.013546224409772378,-1,nan,nan,nan,nan
0.751,0.039651825266882448,-0.020486030354613202,0.0095828974561346231,-0.013566406811985843,-1,nan,nan,nan,nan
0.75124999999999997,0.039621604959478675,-0.020462598289549307,0.0095795033349646841,-0.013586535880897088,-1,nan,nan,nan,nan
0.75150000000000006,0.039591366221604578,-0.02043915784521623,0.009576104188194174,-0.013606611616502562,-1,nan,nan,nan,nan
0.75175000000000003,0.039561109348372148,-0.020415709290059283,0.0095727000291564324,-0.013626634018780948,-1,nan,nan,nan,nan
0.752,0.039530834634893312,-0.020392252892523742,0.0095692908711847852,-0.013646603087739351,-1,nan,nan,nan,nan
0.75224999999999997,0.039500542376280021,-0.020368788921054894,0.0095658767276125631,-0.013666518823391982,-1,nan,nan,nan,nan
0.75250000000000006,0.039470232867644207,-0.02034531764409803,0.0095624576117730887,-0.013686381225745947,-1,nan,nan,nan,nan
0.75275000000000003,0.039439906404097835,-0.020321839330098453,0.009559033536999691,-0.013706190294776377,-1,nan,nan,nan,nan
0.753,0.039409563280752853,-0.020298354247501451,0.0095556045166257011,-0.01372594603049393,-1,nan,nan,nan,nan
0.75324999999999998,0.039379203792721203,-0.020274862664752313,0.0095521705639844447,-0.013745648432887947,-1,nan,nan,nan,nan
0.75350000000000006,0.039348828235114826,-0.020251364850296317,0.0095487316924092545,-0.013765297501976193,-1,nan,nan,nan,nan
0.75375000000000003,0.039318436903045692,-0.02022786107257878,0.0095452879152334563,-0.013784893237762219,-1,nan,nan,nan,nan
0.754,0.039288030091625722,-0.020204351600044974,0.009541839245790374,-0.01380443564022471,-1,nan,nan,nan,nan
0.75424999999999998,0.039257608095966887,-0.020180836701140199,0.009538385697413344,-0.013823924709374324,-1,nan,nan,nan,nan
0.75450000000000006,0.039227171211181106,-0.020157316644309732,0.0095349272834356867,-0.013843360445214614,-1,nan,nan,nan,nan
0.75475000000000003,0.039196719732380356,-0.020133791697998882,0.0095314640171907366,-0.013862742847734921,-1,nan,nan,nan,nan
0.755,0.039166253954676579,-0.02011026213065294,0.0095279959120118194,-0.013882071916949457,37,0.755,0.0095279959120118194,-0.013882071916949457,0.013882071916949457
0.75524999999999998,0.03913577417318171,-0.020086728210717185,0.0095245229812322627,-0.013901400657630347,-1,nan,nan,nan,nan
0.75550000000000006,0.039105280253497542,-0.020063189830131535,0.0095210452116830033,-0.013921103657708045,-1,nan,nan,nan,nan
0.75575000000000003,0.039074769459393068,-0.020039644600586246,0.0095175624294034106,-0.013941203096408117,-1,nan,nan,nan,nan
0.75600000000000001,0.039044241487530412,-0.02001609226726081,0.0095140746101348012,-0.013961327153765524,-1,nan,nan,nan,nan
0.75624999999999998,0.039013696621924915,-0.019992533090271859,0.0095105817658265278,-0.013981403413740878,-1,nan,nan,nan,nan
0.75650000000000006,0.038983135146591873,-0.019968967329736013,0.0095070839084279296,-0.014001431876351944,-1,nan,nan,nan,nan
0.75675000000000003,0.038952557345546632,-0.019945395245769926,0.0095035810498883527,-0.014021412541580958,-1,nan,nan,nan,nan
0.75700000000000001,0.038921963502804496,-0.019921817098490217,0.0095000732021571395,-0.014041345409420813,-1,nan,nan,nan,nan
0.75724999999999998,0.038891353902380806,-0.019898233148013519,0.0094965603771836431,-0.014061230479896381,-1,nan,nan,nan,nan
0.75750000000000006,0.038860728828290836,-0.019874643654456455,0.0094930425869171903,-0.014081067753004106,-1,nan,nan,nan,nan
0.75775000000000003,0.038830088564549954,-0.019851048877935672,0.0094895198433071412,-0.014100857228715569,-1,nan,nan,nan,nan
0.75800000000000001,0.038799433395173465,-0.019827449078567799,0.009485992158302833,-0.014120598907062742,-1,nan,nan,nan,nan
0.75824999999999998,0.038768763604176686,-0.019803844516469462,0.0094824595438536118,-0.014140292788024311,-1,nan,nan,nan,nan
0.75850000000000006,0.038738079475574921,-0.019780235451757281,0.0094789220119088202,-0.014159938871618039,-1,nan,nan,nan,nan
0.75875000000000004,0.038707381293383518,-0.019756622144547913,0.0094753795744178023,-0.014179537157833266,-1,nan,nan,nan,nan
0.75900000000000001,0.038676669341617786,-0.019733004854957978,0.0094718322433299043,-0.0141990876466771,-1,nan,nan,nan,nan
0.75924999999999998,0.038645943904293038,-0.019709383843104108,0.0094682800305944653,-0.014218590338128223,-1,nan,nan,nan,nan
0.75950000000000006,0.038615205265424599,-0.019685759369102922,0.0094647229481608381,-0.014238045232211505,-1,nan,nan,nan,nan
0.75975000000000004,0.038584453709027793,-0.019662131693071076,0.0094611610079783585,-0.01425745232891984,-1,nan,nan,nan,nan
0.76000000000000001,0.038553689519117945,-0.019638501075125187,0.0094575942219963793,-0.014276811628246122,-1,nan,nan,nan,nan
0.76024999999999998,0.038522912979710361,-0.019614867775381888,0.0094540226021642363,-0.014296220193479314,-1,nan,nan,nan,nan
0.76050000000000006,0.038492123529880261,-0.019591231306080984,0.0094504461118996384,-0.014315999030355187,-1,nan,nan,nan,nan
0.76075000000000004,0.038461318665666648,-0.019567589460368535,0.0094468646026490567,-0.014336078915679451,-1,nan,nan,nan,nan
0.76100000000000001,0.038430498442346819,-0.019543942297463219,0.0094432780724418002,-0.014356141609109585,-1,nan,nan,nan,nan
0.76124999999999998,0.038399663133736328,-0.019520290070047325,0.0094396865318445017,-0.014376162036075613,-1,nan,nan,nan,nan
0.76150000000000007,0.038368813013650652,-0.01949663303080313,0.0094360899914237607,-0.014396140196591745,-1,nan,nan,nan,nan
0.76175000000000004,0.038337948355905371,-0.019472971432412958,0.0094324884617462065,-0.014416076090622454,-1,nan,nan,nan,nan
0.76200000000000001,0.038307069434315978,-0.019449305527559076,0.0094288819533784509,-0.014435969718213926,-1,nan,nan,nan,nan
0.76224999999999998,0.038276176522697998,-0.019425635568923797,0.0094252704768871005,-0.014455821079355502,-1,nan,nan,nan,nan
0.76250000000000007,0.038245269894866936,-0.019401961809189395,0.0094216540428387705,-0.014475630174032972,-1,nan,nan,nan,nan
0.76275000000000004,0.038214349824638345,-0.019378284501038179,0.0094180326618000833,-0.014495397002235677,-1,nan,nan,nan,nan
0.76300000000000001,0.038183416585827738,-0.01935460389715243,0.009414406344337654,-0.014515121563999145,-1,nan,nan,nan,nan
0.76324999999999998,0.03815247045225062,-0.019330920250214451,0.0094107751010180842,-0.014534803859305612,-1,nan,nan,nan,nan
0.76350000000000007,0.038121511697722522,-0.019307233812906523,0.0094071389424079995,-0.014554443888137314,-1,nan,nan,nan,nan
0.76375000000000004,0.038090540596058986,-0.019283544837910956,0.0094034978790740152,-0.014574041650526226,-1,nan,nan,nan,nan
0.76400000000000001,0.038059557421075509,-0.019259853577910033,0.0093998519215827379,-0.014593597146443926,-1,nan,nan,nan,nan
0.76424999999999998,0.03802856244658763,-0.019236160285586043,0.0093962010805007934,-0.014613110375911731,-1,nan,nan,nan,nan
0.76450000000000007,0.037997555946410841,-0.019212465213621278,0.0093925453663947812,-0.014632581338922535,-1,nan,nan,nan,nan
0.76475000000000004,0.037966538194360709,-0.019188768614698048,0.0093888847898313307,-0.014652010035451468,-1,nan,nan,nan,nan
0.76500000000000001,0.03793550946425274,-0.019165070741498629,0.0093852193613770552,-0.014671396465555375,-1,nan,nan,nan,nan
0.76524999999999999,0.03790447002990243,-0.019141371846705321,0.0093815490915985546,-0.014690920892551418,-1,nan,nan,nan,nan
0.76550000000000007,0.037873418449410327,-0.019117670647548771,0.009377873900930778,-0.014710789898657595,-1,nan,nan,nan,nan
0.76575000000000004,0.03784235304138639,-0.019093965648087938,0.0093741936966492256,-0.014730826201923009,-1,nan,nan,nan,nan
0.76600000000000001,0.03781127406833059,-0.019070257092670954,0.0093705084878298178,-0.014750825996852512,-1,nan,nan,nan,nan
0.76624999999999999,0.037780181794693467,-0.019046545227391867,0.0093668182836507997,-0.014770789078852431,-1,nan,nan,nan,nan
0.76650000000000007,0.037749076484925516,-0.019022830298344735,0.0093631230932903903,-0.014790715447922764,-1,nan,nan,nan,nan
0.76675000000000004,0.037717958403477303,-0.018999112551623627,0.0093594229259268379,-0.014810605104052854,-1,nan,nan,nan,nan
0.76700000000000002,0.037686827814799338,-0.018975392233322608,0.0093557177907383649,-0.014830458047256911,-1,nan,nan,nan,nan
0.76724999999999999,0.037655684983342139,-0.01895166958953572,0.0093520076969032095,-0.014850274277542042,-1,nan,nan,nan,nan
0.76750000000000007,0.037624530173556214,-0.018927944866357026,0.009348292653599594,-0.014870053794879823,-1,nan,nan,nan,nan
0.76775000000000004,0.037593363649892138,-0.018904218309880597,0.0093445726700057703,-0.014889796599273808,-1,nan,nan,nan,nan
0.76800000000000002,0.037562185676800398,-0.018880490166200484,0.0093408477552999573,-0.014909502690745313,-1,nan,nan,nan,nan
0.76824999999999999,0.037530996518731541,-0.018856760681410744,0.0093371179186603984,-0.014929172069287233,-1,nan,nan,nan,nan
0.76849999999999996,0.037499796440136075,-0.018833030101605447,0.0093333831692653142,-0.014948804734896015,-1,nan,nan,nan,nan
0.76875000000000004,0.037468585705464519,-0.018809298672878623,0.0093296435162929479,-0.014968400687568106,-1,nan,nan,nan,nan
0.76900000000000002,0.03743736457916743,-0.018785566641324372,0.0093258989689215289,-0.014987959927310612,-1,nan,nan,nan,nan
0.76924999999999999,0.037406133325695319,-0.018761834253036732,0.0093221495363292935,-0.015007482454123533,-1,nan,nan,nan,nan
0.76949999999999996,0.037374892209498703,-0.018738101754109764,0.0093183952276944693,-0.015026968267989105,-1,nan,nan,nan,nan
0.76975000000000005,0.037343641495028106,-0.01871436939063751,0.0093146360521952978,-0.015046417368928644,-1,nan,nan,nan,nan
0.77000000000000002,0.037312381446734072,-0.018690637408714062,0.0093108720190100049,-0.015065853050565181,-1,nan,nan,nan,nan
0.77024999999999999,0.037281112080642061,-0.018666905829302027,0.0093071031256700167,-0.015085517344495258,-1,nan,nan,nan,nan
0.77049999999999996,0.037249831086586471,-0.018643172565910953,0.0093033292603377591,-0.015105453288796866,-1,nan,nan,nan,nan
0.77075000000000005,0.037218538041241742,-0.018619437243190508,0.0092995503990256165,-0.015125421626677849,-1,nan,nan,nan,nan
0.77100000000000002,0.037187233200472861,-0.018595700101424022,0.0092957665495244195,-0.015145358801241571,-1,nan,nan,nan,nan
0.77124999999999999,0.037155916820144776,-0.018571961380894782,0.0092919777196249966,-0.015165264812459611,-1,nan,nan,nan,nan
0.77149999999999996,0.037124589156122476,-0.018548221321886094,0.0092881839171181906,-0.015185139660342628,-1,nan,nan,nan,nan
0.77175000000000005,0.037093250464270901,-0.018524480164681251,0.009284385149794825,-0.015204983344911938,-1,nan,nan,nan,nan
0.77200000000000002,0.03706190100045504,-0.018500738149563573,0.0092805814254457338,-0.015224795866149776,-1,nan,nan,nan,nan
0.77224999999999999,0.037030541020539862,-0.01847699551681636,0.0092767727518617508,-0.015244577224059697,-1,nan,nan,nan,nan
0.77249999999999996,0.03699917078039032,-0.01845325250672291,0.0092729591368337048,-0.015264327418641699,-1,nan,nan,nan,nan
0.77275000000000005,0.036967790535871375,-0.018429509359566516,0.0092691405881524299,-0.01528404644989223,-1,nan,nan,nan,nan
0.77300000000000002,0.036936400542848025,-0.018405766315630505,0.0092653171136087599,-0.015303734317811291,-1,nan,nan,nan,nan
0.77324999999999999,0.036905001057185215,-0.018382023615198164,0.0092614887209935253,-0.015323391022405985,-1,nan,nan,nan,nan
0.77349999999999997,0.036873592334747921,-0.018358281498552804,0.0092576554180975584,-0.015343016563662104,-1,nan,nan,nan,nan
0.77375000000000005,0.036842174631401096,-0.01833454020597771,0.009253817212711693,-0.01536261094159741,-1,nan,nan,nan,nan
0.77400000000000002,0.036810748203009731,-0.018310799977756212,0.0092499741126267597,-0.01538217415620835,-1,nan,nan,nan,nan
0.77424999999999999,0.036779313305438779,-0.018287061054171598,0.0092461261256335907,-0.015401706207473609,-1,nan,nan,nan,nan
0.77449999999999997,0.036747870194553216,-0.018263323675507169,0.0092422732595230234,-0.015421207095418055,-1,nan,nan,nan,nan
0.77475000000000005,0.036716419126217988,-0.018239588082046228,0.0092384155220858796,-0.015440676820048793,-1,nan,nan,nan,nan
0.77500000000000002,0.036684960356298091,-0.018215854514072094,0.0092345529211129984,-0.015460223985559907,38,0.77500000000000002,0.0092345529211129984,-0.015460223985559907,0.015460223985559907
0.77524999999999999,0.036653492804246159,-0.018192121984059957,0.0092306854100931007,-0.015480012418425559,-1,nan,nan,nan,nan
0.77549999999999997,0.036622014725964325,-0.01816838889615675,0.0092268129149037873,-0.015499937883372894,-1,nan,nan,nan,nan
0.77575000000000005,0.036590526350254851,-0.018144655467952023,0.0092229354411514138,-0.015519839373133948,-1,nan,nan,nan,nan
0.77600000000000002,0.03655902792504101,-0.018120921934606571,0.0092190529952172195,-0.015539715337993698,-1,nan,nan,nan,nan
0.77625,0.036527519698245976,-0.018097188531281141,0.0092151655834824178,-0.015559565777952145,-1,nan,nan,nan,nan
0.77649999999999997,0.036496001917792988,-0.018073455493136499,0.0092112732123282443,-0.015579390692987971,-1,nan,nan,nan,nan
0.77675000000000005,0.036464474831605247,-0.018049723055333405,0.009207375888135921,-0.015599190083133152,-1,nan,nan,nan,nan
0.77700000000000002,0.036432938687605998,-0.018025991453032641,0.0092034736172866786,-0.015618963948362818,-1,nan,nan,nan,nan
0.77725,0.036401393733718444,-0.018002260921394963,0.0091995664061617407,-0.015638712288684076,-1,nan,nan,nan,nan
0.77749999999999997,0.036369840217865816,-0.017978531695581144,0.0091956542611423362,-0.015658435104082713,-1,nan,nan,nan,nan
0.77775000000000005,0.036338278387971316,-0.017954804010751921,0.0091917371886096975,-0.015678132394594257,-1,nan,nan,nan,nan
0.77800000000000002,0.036306708491958183,-0.017931078102068104,0.0091878151949450395,-0.01569780416019384,-1,nan,nan,nan,nan
0.77825,0.036275130777749631,-0.017907354204690428,0.0091838882865296016,-0.015717450400870803,-1,nan,nan,nan,nan
0.77849999999999997,0.036243545493268879,-0.017883632553779671,0.0091799564697446039,-0.015737071116650014,-1,nan,nan,nan,nan
0.77875000000000005,0.036211952886439129,-0.017859913384496579,0.0091760197509712753,-0.01575666630752437,-1,nan,nan,nan,nan
0.77900000000000003,0.036180353205183632,-0.01783619693200195,0.0091720781365908412,-0.015776235973497421,-1,nan,nan,nan,nan
0.77925,0.036148746697425585,-0.017812483431456531,0.0091681316329845271,-0.015795780114551405,-1,nan,nan,nan,nan
0.77949999999999997,0.036117133611088217,-0.017788773118021083,0.0091641802465335671,-0.015815298730686322,-1,nan,nan,nan,nan
0.77975000000000005,0.036085514194094739,-0.017765066226856373,0.009160223983619183,-0.01583482785527579,-1,nan,nan,nan,nan
0.78000000000000003,0.036053888262455404,-0.01774136259724355,0.009156262832605927,-0.015854566246854773,-1,nan,nan,nan,nan
0.78025,0.036022253653312124,-0.017717660252320612,0.0091522967004957559,-0.01587450358884368,-1,nan,nan,nan,nan
0.78049999999999997,0.035990610235380922,-0.017693959073757908,0.0091483255808115071,-0.015894435570899645,-1,nan,nan,nan,nan
0.78075000000000006,0.03595895824932694,-0.01767025928390633,0.0091443494827103053,-0.015914330924456266,-1,nan,nan,nan,nan
0.78100000000000003,0.035927297935815367,-0.017646561105116813,0.009140368415349277,-0.015934189649531305,-1,nan,nan,nan,nan
0.78125,0.035895629535511335,-0.017622864759740255,0.0091363823878855398,-0.015954011746107,-1,nan,nan,nan,nan
0.78149999999999997,0.035863953289080021,-0.01759917047012757,0.0091323914094762256,-0.015973797214169139,-1,nan,nan,nan,nan
0.78175000000000006,0.035832269437186558,-0.01757547845862965,0.0091283954892784538,-0.015993546053742591,-1,nan,nan,nan,nan
0.78200000000000003,0.035800578220496142,-0.017551788947597437,0.0091243946364493525,-0.01601325826483091,-1,nan,nan,nan,nan
0.78225,0.0357688798796739,-0.017528102159381821,0.0091203888601460396,-0.016032933847419883,-1,nan,nan,nan,nan
0.78249999999999997,0.035737174655385007,-0.01750441831633372,0.0091163781695256432,-0.016052572801502407,-1,nan,nan,nan,nan
0.78275000000000006,0.035705462788294604,-0.017480737640804028,0.009112362573745288,-0.016072175127089139,-1,nan,nan,nan,nan
0.78300000000000003,0.035673744519067879,-0.017457060355143682,0.0091083420819620987,-0.016091740824187184,-1,nan,nan,nan,nan
0.78325,0.035642020088369968,-0.017433386681703578,0.009104316703333195,-0.016111269892789437,-1,nan,nan,nan,nan
0.78349999999999997,0.035610289736866037,-0.017409716842834627,0.0091002864470157048,-0.016130762332895898,-1,nan,nan,nan,nan
0.78375000000000006,0.035578553705221228,-0.017386051060887735,0.009096251322166746,-0.016150218144499462,-1,nan,nan,nan,nan
0.78400000000000003,0.035546812234100729,-0.017362389558213821,0.0090922113379434538,-0.016169637327607234,-1,nan,nan,nan,nan
0.78425,0.035515065564169682,-0.017338732557163797,0.0090881665035029424,-0.016189019882226319,-1,nan,nan,nan,nan
0.78449999999999998,0.035483313936093254,-0.01731508028008857,0.0090841168280023418,-0.016208428214142145,-1,nan,nan,nan,nan
0.78475000000000006,0.03545155764253665,-0.017291433063744911,0.00908006228939587,-0.016229116269752097,-1,nan,nan,nan,nan
0.78500000000000003,0.035419797828707369,-0.01726779328897244,0.0090760022698674649,-0.016251317851057934,-1,nan,nan,nan,nan
0.78525,0.035388034497163358,-0.017244161236222674,0.0090719366304703418,-0.016273520042371814,-1,nan,nan,nan,nan
0.78549999999999998,0.035356267138464688,-0.017220536118772129,0.0090678655098462794,-0.016295167666601884,-1,nan,nan,nan,nan
0.78575000000000006,0.035324495243171383,-0.017196917149897305,0.0090637890466370389,-0.01631626072376946,-1,nan,nan,nan,nan
0.78600000000000003,0.035292718301843537,-0.017173303542874749,0.0090597073794843937,-0.016336799213863884,-1,nan,nan,nan,nan
0.78625,0.03526093580504118,-0.017149694510980962,0.0090556206470301086,-0.016356783136881603,-1,nan,nan,nan,nan
0.78649999999999998,0.03522914724332437,-0.017126089267492463,0.0090515289879159536,-0.016376212492836828,-1,nan,nan,nan,nan
0.78675000000000006,0.035197352107253138,-0.017102487025685762,0.009047432540783688,-0.016395087281729559,-1,nan,nan,nan,nan
0.78700000000000003,0.03516554988738757,-0.017078886998837393,0.0090433314442750889,-0.016413407503549138,-1,nan,nan,nan,nan
0.78725000000000001,0.035133740074287691,-0.017055288400223863,0.009039225837031914,-0.016431173158292012,-1,nan,nan,nan,nan
0.78749999999999998,0.035101922158513585,-0.017031690443121698,0.0090351158576959436,-0.016448384245965286,-1,nan,nan,nan,nan
0.78775000000000006,0.035070095630625249,-0.017008092340807392,0.0090310016449089286,-0.016465040766583172,-1,nan,nan,nan,nan
0.78800000000000003,0.035038259981182797,-0.016984493306557491,0.0090268833373126529,-0.016481142720117248,-1,nan,nan,nan,nan
0.78825000000000001,0.035006414700746245,-0.0169608925536485,0.0090227610735488725,-0.016496690106585277,-1,nan,nan,nan,nan
0.78849999999999998,0.03497455927987566,-0.016937289295356938,0.0090186349922593608,-0.016511682925980153,-1,nan,nan,nan,nan
0.78875000000000006,0.034942693209131077,-0.016913682744959312,0.0090145052320858825,-0.016526121178312536,-1,nan,nan,nan,nan
0.78900000000000003,0.034910815979072571,-0.016890072115732162,0.0090103719316702042,-0.01654000486358953,-1,nan,nan,nan,nan
0.78925000000000001,0.034878927080260171,-0.016866456620951993,0.0090062352296540887,-0.016553330950856093,-1,nan,nan,nan,nan
0.78949999999999998,0.034847026050749665,-0.016842835518360112,0.0090020952661947762,-0.01656590863076346,-1,nan,nan,nan,nan
0.78975000000000006,0.03481511740467616,-0.01681921285399875,0.008997952275338705,-0.016578093380751113,-1,nan,nan,nan,nan
0.79000000000000004,0.034783203764778732,-0.01679559132576993,0.0089938062195044008,-0.016590735423573477,-1,nan,nan,nan,nan
0.79025000000000001,0.034751284276134518,-0.016771970460880681,0.0089896569076269185,-0.016604141726158872,-1,nan,nan,nan,nan
0.79049999999999998,0.034719358083820678,-0.016748349786538035,0.0089855041486413215,-0.016618312288514403,-1,nan,nan,nan,nan
0.79075000000000006,0.03468742433291435,-0.016724728829949031,0.0089813477514826597,-0.016633247110661387,-1,nan,nan,nan,nan
0.79100000000000004,0.034655482168492714,-0.016701107118320731,0.0089771875250859914,-0.016648946192567848,-1,nan,nan,nan,nan
0.79125000000000001,0.034623530735632915,-0.016677484178860159,0.0089730232783863783,-0.016665409534251552,-1,nan,nan,nan,nan
0.79149999999999998,0.034591569179412092,-0.016653859538774358,0.0089688548203188667,-0.016682637135719602,-1,nan,nan,nan,nan
0.79175000000000006,0.034559596644907396,-0.016630232725270363,0.0089646819598185167,-0.016700628996964895,-1,nan,nan,nan,nan
0.79200000000000004,0.034527612277196001,-0.016606603265555235,0.0089605045058203832,-0.016719385118008745,-1,nan,nan,nan,nan
0.79225000000000001,0.034495615221355032,-0.016582970686836004,0.0089563222672595141,-0.016738905498808521,-1,nan,nan,nan,nan
0.79249999999999998,0.034463604622461667,-0.016559334516319708,0.0089521350530709799,-0.01675919013937488,-1,nan,nan,nan,nan
0.79275000000000007,0.034431579625593026,-0.016535694281213376,0.008947942672189825,-0.01678023903974335,-1,nan,nan,nan,nan
0.79300000000000004,0.034399539375826294,-0.016512049508724078,0.0089437449335511079,-0.016802052199874851,-1,nan,nan,nan,nan
0.79325000000000001,0.034367483018238616,-0.016488399726058839,0.0089395416460898887,-0.01682462961978004,-1,nan,nan,nan,nan
0.79349999999999998,0.034335409697907132,-0.016464744460424695,0.0089353326187412187,-0.016847971299476683,-1,nan,nan,nan,nan
0.79375000000000007,0.034303318559908987,-0.016441083239028688,0.0089311176604401493,-0.016872077238947014,-1,nan,nan,nan,nan
0.79400000000000004,0.034271208749321366,-0.016417415589077874,0.0089268965801217459,-0.01689694181929724,-1,nan,nan,nan,nan
0.79425000000000001,0.034239079420615402,-0.016393741041554399,0.0089226691895305018,-0.016921219584911995,-1,nan,nan,nan,nan
0.79449999999999998,0.03420693205369945,-0.016370060113040867,0.0089184359703292915,-0.016943615060103667,-1,nan,nan,nan,nan
0.79475000000000007,0.034174768351611991,-0.016346373587611093,0.0089141973820004491,-0.016965087735098194,-1,nan,nan,nan,nan
0.79500000000000004,0.034142588551770776,-0.016322681698847295,0.0089099534264617409,-0.016986552739076899,39,0.79500000000000004,0.0089099534264617409,-0.016986552739076899,0.016986552739076899
0.79525000000000001,0.034110392891593483,-0.016298984680331658,0.0089057041056309124,-0.017008010072057544,-1,nan,nan,nan,nan
0.79549999999999998,0.034078181608497807,-0.016275282765646382,0.0089014494214257125,-0.017029459734036578,-1,nan,nan,nan,nan
0.79575000000000007,0.034045954939901438,-0.016251576188373654,0.008897189375763892,-0.017050901725024659,-1,nan,nan,nan,nan
0.79600000000000004,0.0340137131232221,-0.016227865182095701,0.0088929239705631997,-0.017072336045000469,-1,nan,nan,nan,nan
0.79625000000000001,0.033981456395877484,-0.016204149980394697,0.0088886532077413934,-0.017093762693953352,-1,nan,nan,nan,nan
0.79649999999999999,0.033949184995285292,-0.016180430816852845,0.0088843770892162235,-0.017115181671933044,-1,nan,nan,nan,nan
0.79675000000000007,0.033916899158863194,-0.01615670792505234,0.0088800956169054271,-0.017136592978893361,-1,nan,nan,nan,nan
0.79700000000000004,0.033884599124028948,-0.016132981538575394,0.0088758087927267772,-0.017157996614827198,-1,nan,nan,nan,nan
0.79725000000000001,0.033852285128200224,-0.016109251891004196,0.0088715166185980143,-0.017179392579784292,-1,nan,nan,nan,nan
0.79749999999999999,0.033819957408794718,-0.016085519215920947,0.0088672190964368854,-0.017200780873736221,-1,nan,nan,nan,nan
0.79775000000000007,0.03378761620323012,-0.01606178374690783,0.0088629162281611447,-0.017222161496672328,-1,nan,nan,nan,nan
0.79800000000000004,0.033755261748924167,-0.016038045717547071,0.0088586080156885481,-0.017243534448610376,-1,nan,nan,nan,nan
0.79825000000000002,0.03372289428329453,-0.016014305361420851,0.0088542944609368394,-0.017264899729550365,-1,nan,nan,nan,nan
0.79849999999999999,0.033690514043758925,-0.015990562912111376,0.0088499755658237745,-0.017286257339481637,-1,nan,nan,nan,nan
0.79875000000000007,0.033658121267735021,-0.015966818603200827,0.008845651332267097,-0.017307610133574514,-1,nan,nan,nan,nan
0.79900000000000004,0.033625716155329437,-0.015943072633815461,0.0088413217607569879,-0.017329108838843865,-1,nan,nan,nan,nan
0.79925000000000002,0.033593296953153794,-0.015919323397458444,0.008836986777847675,-0.0173508306987884,-1,nan,nan,nan,nan
0.79949999999999999,0.033560862768062603,-0.015895570077247415,0.0088326463454075944,-0.017372617591654205,-1,nan,nan,nan,nan
0.79975000000000007,0.033528413838899616,-0.015871812900795923,0.0088283004690518467,-0.017394382024146893,-1,nan,nan,nan,nan
0.80000000000000004,0.033495950404508604,-0.015848052095717564,0.00882394915439552,-0.017416123996241595,-1,nan,nan,nan,nan
0.80025000000000002,0.03346347270373333,-0.015824287889625879,0.0088195924070537252,-0.017437843507952522,-1,nan,nan,nan,nan
0.80049999999999999,0.03343098097541753,-0.01580052051013444,0.0088152302326415452,-0.017459540559276121,-1,nan,nan,nan,nan
0.80074999999999996,0.033398475458404984,-0.015776750184856806,0.0088108626367740892,-0.017481215150180418,-1,nan,nan,nan,nan
0.80100000000000005,0.033365956391539442,-0.015752977141406534,0.0088064896250664541,-0.017502867280697387,-1,nan,nan,nan,nan
0.80125000000000002,0.033333424013664681,-0.0157292016073972,0.0088021112031337403,-0.017524496950834134,-1,nan,nan,nan,nan
0.80149999999999999,0.033300878563624445,-0.015705423810442369,0.0087977273765910378,-0.017546104160580001,-1,nan,nan,nan,nan
0.80174999999999996,0.033268320280262498,-0.015681643978155593,0.0087933381510534522,-0.01756768890991367,-1,nan,nan,nan,nan
0.80200000000000005,0.03323574940242259,-0.015657862338150433,0.0087889435321360787,-0.017589251198860012,-1,nan,nan,nan,nan
0.80225000000000002,0.033203166168948507,-0.015634079118040465,0.0087845435254540211,-0.017610791027419026,-1,nan,nan,nan,nan
0.80249999999999999,0.033170570818683985,-0.015610294545439248,0.0087801381366223695,-0.017632308395590712,-1,nan,nan,nan,nan
0.80274999999999996,0.033137963590472802,-0.015586508847960345,0.0087757273712562277,-0.017653803303350202,-1,nan,nan,nan,nan
0.80300000000000005,0.033105344723158694,-0.015562722253217308,0.0087713112349706926,-0.017675275750725916,-1,nan,nan,nan,nan
0.80325000000000002,0.033072714455585447,-0.015538934988823718,0.0087668897333808646,-0.017696725737714303,-1,nan,nan,nan,nan
0.80349999999999999,0.033040073026596811,-0.015515147282393135,0.0087624628721018373,-0.017718169762165559,-1,nan,nan,nan,nan
0.80374999999999996,0.03300742047971407,-0.015491359182714503,0.0087580306484997834,-0.017739798107520244,-1,nan,nan,nan,nan
0.80400000000000005,0.032974754806227698,-0.015467568860131547,0.0087535929730480754,-0.01776165009720998,-1,nan,nan,nan,nan
0.80425000000000002,0.032942075600078106,-0.015443775953175745,0.00874914982345118,-0.017783537528060833,-1,nan,nan,nan,nan
0.80449999999999999,0.032909383092644677,-0.015419980684076583,0.0087447012042840468,-0.017805406659114453,-1,nan,nan,nan,nan
0.80474999999999997,0.032876677515306804,-0.01539618327506356,0.0087402471201216223,-0.017827257490374393,-1,nan,nan,nan,nan
0.80500000000000005,0.032843959099443876,-0.01537238394836616,0.008735787575538858,-0.017849090021840652,-1,nan,nan,nan,nan
0.80525000000000002,0.032811228076435307,-0.015348582926213902,0.0087313225751107018,-0.017870904253502573,-1,nan,nan,nan,nan
0.80549999999999999,0.032778484677660487,-0.015324780430836273,0.0087268521234121071,-0.017892700185370813,-1,nan,nan,nan,nan
0.80574999999999997,0.032745729134498802,-0.015300976684462769,0.0087223762250180168,-0.017914477817438268,-1,nan,nan,nan,nan
0.80600000000000005,0.032712961678329648,-0.015277171909322875,0.0087178948845033875,-0.017936237149701384,-1,nan,nan,nan,nan
0.80625000000000002,0.03268018254053244,-0.015253366327646111,0.0087134081064431657,-0.01795797818218503,-1,nan,nan,nan,nan
0.80649999999999999,0.032647391952486553,-0.015229560161661961,0.0087089158954122958,-0.017979700914857233,-1,nan,nan,nan,nan
0.80674999999999997,0.032614590145571401,-0.015205753633599927,0.008704418255985738,-0.018001405347725097,-1,nan,nan,nan,nan
0.80700000000000005,0.032581777351166352,-0.015181946965689488,0.0086999151927384319,-0.018023091480813491,-1,nan,nan,nan,nan
0.80725000000000002,0.032548953800650829,-0.015158140380160168,0.0086954067102453306,-0.0180447593141011,-1,nan,nan,nan,nan
0.8075,0.032516119725404212,-0.015134334099241449,0.0086908928130813821,-0.01806640884758437,-1,nan,nan,nan,nan
0.80774999999999997,0.03248327535680591,-0.01511052834516283,0.0086863735058215399,-0.018088040081270407,-1,nan,nan,nan,nan
0.80800000000000005,0.032450420926235291,-0.015086723340153797,0.0086818487930407466,-0.018109653015155658,-1,nan,nan,nan,nan
0.80825000000000002,0.032417556665071789,-0.015062919306443868,0.0086773186793139608,-0.018131298127599393,-1,nan,nan,nan,nan
0.8085,0.032384682122330498,-0.015039115834376601,0.0086727831439769483,-0.01815313285752751,-1,nan,nan,nan,nan
0.80874999999999997,0.032351795411349103,-0.015015311185578705,0.0086682421128851991,-0.018175119942263507,-1,nan,nan,nan,nan
0.80900000000000005,0.032318896606185678,-0.01499150543817405,0.008663695584005815,-0.01819710406032371,-1,nan,nan,nan,nan
0.80925000000000002,0.032285985931293802,-0.014967698809583728,0.0086591435608550371,-0.018219074113403622,-1,nan,nan,nan,nan
0.8095,0.032253063611127029,-0.014943891517228802,0.0086545860469491136,-0.018241030101492584,-1,nan,nan,nan,nan
0.80974999999999997,0.032220129870138933,-0.014920083778530348,0.0086500230458042924,-0.018262972024594148,-1,nan,nan,nan,nan
0.81000000000000005,0.032187184932783053,-0.014896275810909423,0.0086454545609368147,-0.018284899882715422,-1,nan,nan,nan,nan
0.81025000000000003,0.032154229023512997,-0.014872467831787129,0.0086408805958629337,-0.018306813675835087,-1,nan,nan,nan,nan
0.8105,0.032121262366782317,-0.014848660058584522,0.0086363011540988976,-0.01832871340399933,-1,nan,nan,nan,nan
0.81074999999999997,0.032088285187044555,-0.014824852708722682,0.0086317162391609352,-0.018350599067179729,-1,nan,nan,nan,nan
0.81100000000000005,0.032055297708753282,-0.014801045999622668,0.0086271258545653068,-0.018372470665354967,-1,nan,nan,nan,nan
0.81125000000000003,0.032022300156362093,-0.014777240148705576,0.0086225300038282587,-0.01839432819855702,-1,nan,nan,nan,nan
0.8115,0.031989292754324529,-0.01475343537339247,0.0086179286904660285,-0.018416171666775227,-1,nan,nan,nan,nan
0.81174999999999997,0.031956275727094162,-0.014729631891104419,0.0086133219179948713,-0.018438001070002485,-1,nan,nan,nan,nan
0.81200000000000006,0.031923249299124545,-0.014705829919262494,0.0086087096899310246,-0.018459816408263663,-1,nan,nan,nan,nan
0.81225000000000003,0.03189021369486926,-0.014682029675287783,0.0086040920097907383,-0.018481617681530338,-1,nan,nan,nan,nan
0.8125,0.031857169138781873,-0.014658231376601353,0.0085994688810902588,-0.018503404889806063,-1,nan,nan,nan,nan
0.81274999999999997,0.031824115855315943,-0.014634435240624273,0.0085948403073458357,-0.018525179473961373,-1,nan,nan,nan,nan
0.81300000000000006,0.031791054045661862,-0.014610641462955305,0.0085902062913532778,-0.018547048938383881,-1,nan,nan,nan,nan
0.81325000000000003,0.031757982204726316,-0.01458684863897303,0.0085855667828766431,-0.018569080217954337,-1,nan,nan,nan,nan
0.8135,0.03172489947834832,-0.014563055975859714,0.0085809217512443029,-0.018591168006715009,-1,nan,nan,nan,nan
0.81374999999999997,0.031691806084501624,-0.014539263686755051,0.0085762711988732858,-0.018613246127355154,-1,nan,nan,nan,nan
0.81400000000000006,0.031658702241159964,-0.014515471984798715,0.0085716151281806235,-0.018635314579871221,-1,nan,nan,nan,nan
0.81425000000000003,0.031625588166297118,-0.014491681083130417,0.0085669535415833498,-0.01865737336425255,-1,nan,nan,nan,nan
0.8145,0.03159246407788683,-0.014467891194889834,0.008562286441498498,-0.018679422480513352,-1,nan,nan,nan,nan
0.81474999999999997,0.031559330193902842,-0.014444102533216652,0.008557613830343095,-0.018701461928639418,-1,nan,nan,nan,nan
0.81500000000000006,0.031526186732318905,-0.014420315311250553,0.008552935710534176,-0.01872349170864851,40,0.81500000000000006,0.008552935710534176,-0.01872349170864851,0.01872349170864851
0.81525000000000003,0.031493033911108782,-0.014396529742131244,0.0085482520844887694,-0.018745511820544181,-1,nan,nan,nan,nan
0.8155,0.031459871948246218,-0.014372746038998406,0.0085435629546239053,-0.018767522264283798,-1,nan,nan,nan,nan
0.81574999999999998,0.031426701061704976,-0.014348964414991722,0.0085388683233566277,-0.018789523039906442,-1,nan,nan,nan,nan
0.81600000000000006,0.031393521469458778,-0.014325185083250874,0.0085341681931039512,-0.018811514147415664,-1,nan,nan,nan,nan
0.81625000000000003,0.03136033338948141,-0.01430140825691557,0.0085294625662829197,-0.01883349558679015,-1,nan,nan,nan,nan
0.8165,0.031327137039746607,-0.014277634149125492,0.0085247514453105563,-0.018855467358037004,-1,nan,nan,nan,nan
0.81674999999999998,0.031293932638228127,-0.014253862973020321,0.0085200348326039017,-0.01887742946114912,-1,nan,nan,nan,nan
0.81700000000000006,0.031260720402899699,-0.01423009494173974,0.008515312730579979,-0.018899381896151368,-1,nan,nan,nan,nan
0.81725000000000003,0.031227500551735107,-0.014206330268423457,0.0085105851416558253,-0.018921324663018879,-1,nan,nan,nan,nan
0.8175,0.031194273302708093,-0.01418256916621115,0.0085058520682484706,-0.018943290333325535,-1,nan,nan,nan,nan
0.81774999999999998,0.031161038205490165,-0.014158811212511837,0.0085011134964891634,-0.018965373727493073,-1,nan,nan,nan,nan
0.81800000000000006,0.031127793551641685,-0.014135054788872241,0.0084963693813847226,-0.018987550333399383,-1,nan,nan,nan,nan
0.81825000000000003,0.03109453943276675,-0.014111299990121827,0.0084916197213224624,-0.019009727553601863,-1,nan,nan,nan,nan
0.81850000000000001,0.031061276060807247,-0.014087547025591401,0.008486864517607922,-0.019031899551624321,-1,nan,nan,nan,nan
0.81874999999999998,0.031028003647705082,-0.014063796104611783,0.0084821037715466507,-0.01905406632748452,-1,nan,nan,nan,nan
0.81900000000000006,0.030994722405402138,-0.01404004743651378,0.0084773374844441789,-0.01907622788119312,-1,nan,nan,nan,nan
0.81925000000000003,0.030961432545840339,-0.014016301230628232,0.0084725656576060543,-0.019098384212732356,-1,nan,nan,nan,nan
0.81950000000000001,0.030928134280961576,-0.013992557696285947,0.0084677882923378141,-0.019120535322105781,-1,nan,nan,nan,nan
0.81974999999999998,0.030894827822707745,-0.013968817042817742,0.0084630053899450025,-0.019142681209313395,-1,nan,nan,nan,nan
0.82000000000000006,0.030861513383020737,-0.013945079479554428,0.0084582169517331551,-0.019164821874369409,-1,nan,nan,nan,nan
0.82025000000000003,0.030828191173842476,-0.013921345215826844,0.0084534229790078162,-0.019186957317266717,-1,nan,nan,nan,nan
0.82050000000000001,0.030794861407114845,-0.013897614460965799,0.0084486234730745229,-0.01920908753799111,-1,nan,nan,nan,nan
0.82074999999999998,0.030761524294779751,-0.013873887424302109,0.0084438184352388212,-0.019231212536542586,-1,nan,nan,nan,nan
0.82100000000000006,0.030728180048779082,-0.013850164315166584,0.0084390078668062501,-0.019253332312956672,-1,nan,nan,nan,nan
0.82125000000000004,0.030694828881054754,-0.013826445342890065,0.0084341917690823436,-0.01927544686719429,-1,nan,nan,nan,nan
0.82150000000000001,0.030661471003548661,-0.013802730716803355,0.0084293701433726526,-0.019297556199262544,-1,nan,nan,nan,nan
0.82174999999999998,0.030628106628202704,-0.01377902064623728,0.0084245429909827127,-0.019319660309186304,-1,nan,nan,nan,nan
0.82200000000000006,0.030594735966958764,-0.013755315340522644,0.0084197103132180595,-0.019341766367602986,-1,nan,nan,nan,nan
0.82225000000000004,0.030561359019690159,-0.013731614804092334,0.0084148721077989125,-0.019363940414542924,-1,nan,nan,nan,nan
0.82250000000000001,0.030527974066166964,-0.013707917380145384,0.0084100283430107899,-0.019386193169086852,-1,nan,nan,nan,nan
0.82274999999999998,0.030494580849217211,-0.01368422282678847,0.0084051790112143702,-0.019408460938251437,-1,nan,nan,nan,nan
0.82300000000000006,0.030461179575117531,-0.013660531350034207,0.0084003241125416624,-0.019430728179340662,-1,nan,nan,nan,nan
0.82325000000000004,0.030427770450144619,-0.013636843155895218,0.0083954636471246999,-0.019452994892326103,-1,nan,nan,nan,nan
0.82350000000000001,0.030394353680575109,-0.013613158450384109,0.0083905976150955002,-0.019475261077229078,-1,nan,nan,nan,nan
0.82374999999999998,0.030360929472685667,-0.013589477439513492,0.0083857260165860863,-0.019497526734046033,-1,nan,nan,nan,nan
0.82400000000000007,0.030327498032752923,-0.013565800329295972,0.0083808488517284757,-0.019519791862769864,-1,nan,nan,nan,nan
0.82425000000000004,0.030294059567053579,-0.013542127325744181,0.0083759661206547001,-0.019542056463407675,-1,nan,nan,nan,nan
0.82450000000000001,0.030260614281864266,-0.013518458634870721,0.0083710778234967718,-0.019564320535959467,-1,nan,nan,nan,nan
0.82474999999999998,0.030227162383461646,-0.013494794462688205,0.0083661839603867208,-0.019586584080414582,-1,nan,nan,nan,nan
0.82500000000000007,0.030193704078122358,-0.013471135015209232,0.0083612845314565629,-0.019608847096797888,-1,nan,nan,nan,nan
0.82525000000000004,0.030160239572123087,-0.013447480498446445,0.0083563795368383209,-0.019631109585080964,-1,nan,nan,nan,nan
0.82550000000000001,0.030126769071740483,-0.013423831118412437,0.008351468976664023,-0.019653371545270915,-1,nan,nan,nan,nan
0.82574999999999998,0.030093292783251197,-0.013400187081119825,0.0083465528510656868,-0.019675632977378399,-1,nan,nan,nan,nan
0.82600000000000007,0.030059810912931872,-0.013376548592581208,0.0083416311601753317,-0.019697893881406969,-1,nan,nan,nan,nan
0.82625000000000004,0.030026323667059193,-0.013352915858809225,0.0083367039041249841,-0.019720154257335309,-1,nan,nan,nan,nan
0.82650000000000001,0.029992831251909807,-0.013329289085816475,0.008331771083046665,-0.019742415302921756,-1,nan,nan,nan,nan
0.82674999999999998,0.029959333804759056,-0.013305668411812008,0.008326832696473524,-0.019764707196806341,-1,nan,nan,nan,nan
0.82700000000000007,0.029925829826501757,-0.013282052367605232,0.0083218887294482617,-0.019787043620066669,-1,nan,nan,nan,nan
0.82725000000000004,0.029892318784120676,-0.013258440434793694,0.0083169391746634909,-0.019809396753146302,-1,nan,nan,nan,nan
0.82750000000000001,0.029858800878604028,-0.013234832816460651,0.0083119840310716883,-0.019831754076314212,-1,nan,nan,nan,nan
0.82774999999999999,0.029825276310940049,-0.013211229715689381,0.0083070232976253343,-0.019854115589545529,-1,nan,nan,nan,nan
0.82800000000000007,0.029791745282116963,-0.01318763133556314,0.0083020569732769126,-0.019876481292850912,-1,nan,nan,nan,nan
0.82825000000000004,0.02975820799312304,-0.013164037879165225,0.0082970850569789069,-0.019898851186223254,-1,nan,nan,nan,nan
0.82850000000000001,0.029724664644946497,-0.013140449549578897,0.008292107547683801,-0.01992122526966611,-1,nan,nan,nan,nan
0.82874999999999999,0.029691115438575576,-0.013116866549887423,0.0082871244443440753,-0.019943603543186583,-1,nan,nan,nan,nan
0.82900000000000007,0.029657560574998486,-0.013093289083174073,0.0082821357459122065,-0.019965986006770464,-1,nan,nan,nan,nan
0.82925000000000004,0.029624000255203509,-0.013069717352522133,0.0082771414513406888,-0.019988372660421305,-1,nan,nan,nan,nan
0.82950000000000002,0.029590434680178856,-0.013046151561014867,0.0082721415595819955,-0.020010763504163975,-1,nan,nan,nan,nan
0.82974999999999999,0.029556864050912766,-0.013022591911735548,0.0082671360695886088,-0.020033158537959395,-1,nan,nan,nan,nan
0.83000000000000007,0.029523288568393466,-0.012999038607767438,0.008262124980313014,-0.020055557761828879,-1,nan,nan,nan,nan
0.83025000000000004,0.029489708433609211,-0.012975491852193826,0.0082571082907076931,-0.02007796117577243,-1,nan,nan,nan,nan
0.83050000000000002,0.029456123847548237,-0.012951951848097979,0.0082520859997251284,-0.02010036877978294,-1,nan,nan,nan,nan
0.83074999999999999,0.029422535011198767,-0.012928418798563162,0.0082470581063178033,-0.020122780573871069,-1,nan,nan,nan,nan
0.83100000000000007,0.029388942125549031,-0.012904892906672646,0.0082420246094381915,-0.020145196527728615,-1,nan,nan,nan,nan
0.83125000000000004,0.029355345344451521,-0.012881374328343645,0.0082369855080539379,-0.020167616212805939,-1,nan,nan,nan,nan
0.83150000000000002,0.029321743276712615,-0.012857861674049035,0.0082319408013317892,-0.020190041377400547,-1,nan,nan,nan,nan
0.83174999999999999,0.029288135341002643,-0.012834354366272165,0.008226890487365239,-0.02021247493462397,-1,nan,nan,nan,nan
0.83200000000000007,0.02925452173337794,-0.01281085260564899,0.008221834563864475,-0.020234917651059448,-1,nan,nan,nan,nan
0.83225000000000005,0.029220902649894905,-0.012787356592815487,0.0082167730285397089,-0.020257369526689217,-1,nan,nan,nan,nan
0.83250000000000002,0.029187278286609875,-0.012763866528407612,0.0082117058791011319,-0.020279830561520384,-1,nan,nan,nan,nan
0.83274999999999999,0.029153648839579219,-0.012740382613061322,0.0082066331132589487,-0.020302300755560054,-1,nan,nan,nan,nan
0.83299999999999996,0.029120014504859286,-0.012716905047412581,0.0082015547287233523,-0.020324780108801122,-1,nan,nan,nan,nan
0.83325000000000005,0.029086375478506434,-0.01269343403209734,0.0081964707232045457,-0.020347268621243586,-1,nan,nan,nan,nan
0.83350000000000002,0.029052731956577042,-0.012669969767751582,0.0081913810944127287,-0.020369766292883895,-1,nan,nan,nan,nan
0.83374999999999999,0.029019084135127462,-0.012646512455011253,0.0081862858400581044,-0.020392273123725602,-1,nan,nan,nan,nan
0.83399999999999996,0.028985432210214053,-0.01262306229451232,0.0081811849578508657,-0.020414789113775811,-1,nan,nan,nan,nan
0.83425000000000005,0.02895177637789316,-0.012599619486890732,0.0081760784455012139,-0.020437314263027417,-1,nan,nan,nan,nan
0.83450000000000002,0.028918116834221172,-0.012576184232782471,0.0081709663007193505,-0.020459848571473316,-1,nan,nan,nan,nan
0.83474999999999999,0.028884453775254438,-0.012552756732823486,0.0081658485212154769,-0.020482392039134822,-1,nan,nan,nan,nan
0.83499999999999996,0.028850787397049313,-0.012529337187649743,0.0081607251046997842,-0.020504944665987068,41,0.83500000000000008,0.0081607251046997824,-0.020504944665987079,0.020504944665987079
0.83525000000000005,0.028817117895662152,-0.012505925797897189,0.0081555960488824825,-0.020527506452044264,-1,nan,nan,nan,nan
0.83550000000000002,0.028783445467149327,-0.012482522764201807,0.008150461351473761,-0.020550171962675279,-1,nan,nan,nan,nan
0.83574999999999999,0.028749770255945644,-0.012459128330143355,0.0081453209629011453,-0.020574381150062493,-1,nan,nan,nan,nan
0.83599999999999997,0.028716091558199715,-0.012435743236402251,0.0081401741608987319,-0.020600234551103824,-1,nan,nan,nan,nan
0.83625000000000005,0.028682409089452462,-0.012412367398201278,0.0081350208456255919,-0.020625911471352509,-1,nan,nan,nan,nan
0.83650000000000002,0.028648722845724589,-0.012389000435398475,0.0081298612051630571,-0.020650836066291589,-1,nan,nan,nan,nan
0.83674999999999999,0.028615032823036742,-0.012365641967851842,0.0081246954275924488,-0.020675008335935274,-1,nan,nan,nan,nan
0.83699999999999997,0.028581339017409581,-0.012342291615419396,0.0081195237009950919,-0.020698428280272907,-1,nan,nan,nan,nan
0.83725000000000005,0.028547641424863761,-0.01231894899795914,0.0081143462134523094,-0.020721095899315145,-1,nan,nan,nan,nan
0.83750000000000002,0.028513940041419977,-0.012295613735329109,0.0081091631530454331,-0.020743011193047778,-1,nan,nan,nan,nan
0.83774999999999999,0.028480234863098881,-0.012272285447387309,0.008103974707855786,-0.020764174161485016,-1,nan,nan,nan,nan
0.83799999999999997,0.028446525885921139,-0.012248963753991754,0.0080987810659646914,-0.020784584804623307,-1,nan,nan,nan,nan
0.83825000000000005,0.028412813105907396,-0.01222564827500045,0.0080935824154534722,-0.020804243122455546,-1,nan,nan,nan,nan
0.83850000000000002,0.028379096519078349,-0.012202338630271427,0.0080883789444034619,-0.020823149114988837,-1,nan,nan,nan,nan
0.83875,0.02834537612145465,-0.012179034439662695,0.0080831708408959785,-0.020841302782226734,-1,nan,nan,nan,nan
0.83899999999999997,0.028311651909056965,-0.012155735323032265,0.0080779582930123502,-0.020858704124158578,-1,nan,nan,nan,nan
0.83925000000000005,0.028277923877905942,-0.012132440900238144,0.0080727414888338983,-0.020875353140780817,-1,nan,nan,nan,nan
0.83950000000000002,0.028244192024022282,-0.012109150791138364,0.0080675206164419581,-0.020891249832111214,-1,nan,nan,nan,nan
0.83975,0.028210456343426626,-0.012085864615590936,0.0080622958639178441,-0.020906394198142664,-1,nan,nan,nan,nan
0.83999999999999997,0.028176716832139643,-0.012062581993453865,0.0080570674193428879,-0.020921408042116951,-1,nan,nan,nan,nan
0.84025000000000005,0.028142974486114785,-0.012039304166321216,0.0080518351598967836,-0.020939651029173945,-1,nan,nan,nan,nan
0.84050000000000002,0.028109234215466853,-0.012016039027810253,0.0080465975938282999,-0.020961001806597324,-1,nan,nan,nan,nan
0.84075,0.028075495609926435,-0.011992786291939464,0.0080413546589934853,-0.02098209847802579,-1,nan,nan,nan,nan
0.84099999999999997,0.028041757403858045,-0.01196954431467947,0.0080361065445892881,-0.02100243836167337,-1,nan,nan,nan,nan
0.84125000000000005,0.028008018331626184,-0.011946311452000889,0.0080308534398126474,-0.021022021457532958,-1,nan,nan,nan,nan
0.84150000000000003,0.027974277127595405,-0.011923086059874365,0.00802559553386052,-0.021040847765597448,-1,nan,nan,nan,nan
0.84175,0.027940532526130209,-0.011899866494270514,0.0080203330159298487,-0.021058917285881051,-1,nan,nan,nan,nan
0.84199999999999997,0.027906783261595118,-0.01187665111115996,0.0080150660752175799,-0.021076230018380215,-1,nan,nan,nan,nan
0.84225000000000005,0.027873028068354629,-0.011853438266513319,0.0080097949009206547,-0.021092785963109151,-1,nan,nan,nan,nan
0.84250000000000003,0.02783926568077329,-0.011830226316301238,0.0080045196822360262,-0.021108585120034107,-1,nan,nan,nan,nan
0.84275,0.027805494833215611,-0.011807013616494333,0.0079992406083606391,-0.021123627489179952,-1,nan,nan,nan,nan
0.84299999999999997,0.027771714260046102,-0.011783798523063226,0.0079939578684914379,-0.021137913070532477,-1,nan,nan,nan,nan
0.84325000000000006,0.027737922695629278,-0.011760579391978535,0.0079886716518253707,-0.021151441864098786,-1,nan,nan,nan,nan
0.84350000000000003,0.027704118874329678,-0.011737354579210903,0.0079833821475593873,-0.021164213869885984,-1,nan,nan,nan,nan
0.84375,0.027670301530511806,-0.011714122440730949,0.0079780895448904286,-0.021176229087888743,-1,nan,nan,nan,nan
0.84399999999999997,0.027636469398540184,-0.011690881332509295,0.0079727940330154446,-0.02118748751809818,-1,nan,nan,nan,nan
0.84425000000000006,0.027602621212779312,-0.011667629610516556,0.007967495801131378,-0.021197989160524955,-1,nan,nan,nan,nan
0.84450000000000003,0.027568755707593744,-0.011644365630723382,0.0079621950384351804,-0.021207957598093685,-1,nan,nan,nan,nan
0.84475,0.027534874715855431,-0.011621091071190765,0.0079568918223323331,-0.021218151956043485,-1,nan,nan,nan,nan
0.84499999999999997,0.027500982297621566,-0.011597810372707249,0.0079515859624571597,-0.02122906664508406,-1,nan,nan,nan,nan
0.84525000000000006,0.027467078488313541,-0.011574523910293963,0.0079462772890097899,-0.02124065883637094,-1,nan,nan,nan,nan
0.84550000000000003,0.027433163284392759,-0.011551232018314813,0.0079409656330389732,-0.021252926832682206,-1,nan,nan,nan,nan
0.84575,0.027399236682320565,-0.011527935031133665,0.0079356508255934502,-0.02126587063404628,-1,nan,nan,nan,nan
0.84599999999999997,0.027365298678558306,-0.011504633283114404,0.0079303326977219514,-0.021279490240456056,-1,nan,nan,nan,nan
0.84625000000000006,0.027331349269567339,-0.011481327108620898,0.007925011080473221,-0.021293785651911534,-1,nan,nan,nan,nan
0.84650000000000003,0.02729738845180904,-0.011458016842017051,0.0079196858048959946,-0.021308756868414491,-1,nan,nan,nan,nan
0.84675,0.027263416221744764,-0.011434702817666733,0.0079143567020390146,-0.021324403889950716,-1,nan,nan,nan,nan
0.84699999999999998,0.027229432575835863,-0.011411385369933823,0.0079090236029510201,-0.021340726716539749,-1,nan,nan,nan,nan
0.84725000000000006,0.027195437510543683,-0.011388064833182197,0.0079036863386807432,-0.021357725348183365,-1,nan,nan,nan,nan
0.84750000000000003,0.02716143102232961,-0.011364741541775752,0.0078983447402769281,-0.021375399784853144,-1,nan,nan,nan,nan
0.84775,0.027127413107654996,-0.011341415830078361,0.0078929986387883174,-0.021393750026575731,-1,nan,nan,nan,nan
0.84799999999999998,0.027093383762981187,-0.011318088032453905,0.0078876478652636414,-0.021412776073342243,-1,nan,nan,nan,nan
0.84825000000000006,0.02705934298476954,-0.011294758483266252,0.0078822922507516442,-0.021432477925154458,-1,nan,nan,nan,nan
0.84850000000000003,0.027025290769481434,-0.011271427516879309,0.0078769316263010633,-0.021452855582015928,-1,nan,nan,nan,nan
0.84875,0.026991227113578216,-0.011248095467656942,0.0078715658229606376,-0.021473666293385207,-1,nan,nan,nan,nan
0.84899999999999998,0.026957151859745947,-0.011224762273437201,0.007866194793154372,-0.021492678350627514,-1,nan,nan,nan,nan
0.84925000000000006,0.026923063726494053,-0.011201424758923408,0.0078608194837853224,-0.021509470727083979,-1,nan,nan,nan,nan
0.84950000000000003,0.026888962677554119,-0.011178082561972461,0.0078554400577908294,-0.021526121039284973,-1,nan,nan,nan,nan
0.84975000000000001,0.026854849023737509,-0.011154736177206149,0.0078500564232656805,-0.021543138972335285,-1,nan,nan,nan,nan
0.84999999999999998,0.026820723075855615,-0.011131386099246287,0.0078446684883046632,-0.021560524526234914,-1,nan,nan,nan,nan
0.85025000000000006,0.026786585144719793,-0.011108032822714669,0.0078392761610025612,-0.021578277700999848,-1,nan,nan,nan,nan
0.85050000000000003,0.026752435541141453,-0.011084676842233127,0.007833879349454162,-0.021596398496622982,-1,nan,nan,nan,nan
0.85075000000000001,0.026718274575931962,-0.01106131865242346,0.0078284779617542512,-0.021614886913097209,-1,nan,nan,nan,nan
0.85099999999999998,0.026684102559902702,-0.011037958747907474,0.0078230719059976146,-0.021633742950429635,-1,nan,nan,nan,nan
0.85125000000000006,0.026649919803865038,-0.011014597623306971,0.0078176610902790343,-0.021652966608627366,-1,nan,nan,nan,nan
0.85150000000000003,0.026615726618630375,-0.010991235773243773,0.0078122454226933011,-0.021672557887670862,-1,nan,nan,nan,nan
0.85175000000000001,0.026581523315010087,-0.010967873692339687,0.0078068248113351999,-0.021692516787570781,-1,nan,nan,nan,nan
0.85199999999999998,0.026547310203815549,-0.010944511875216516,0.0078013991642995164,-0.021712843308336005,-1,nan,nan,nan,nan
0.85225000000000006,0.026513087595858121,-0.010921150816496059,0.0077959683896810308,-0.021733537449954099,-1,nan,nan,nan,nan
0.85250000000000004,0.026478855801949225,-0.010897791010800148,0.0077905323955745386,-0.02175459921242151,-1,nan,nan,nan,nan
0.85275000000000001,0.02644461513290022,-0.010874432952750578,0.0077850910900748209,-0.021776028595759556,-1,nan,nan,nan,nan
0.85299999999999998,0.026410365899522482,-0.010851077136969162,0.00777964438127666,-0.021797822308444736,-1,nan,nan,nan,nan
0.85325000000000006,0.02637610840666095,-0.010827724048819756,0.0077741921789205972,-0.021818869466081026,-1,nan,nan,nan,nan
0.85350000000000004,0.026341840950326038,-0.010804371057238802,0.007768734946543618,-0.021838281439173102,-1,nan,nan,nan,nan
0.85375000000000001,0.026307562219397361,-0.010781016142995337,0.007763273038201012,-0.021857167735209515,-1,nan,nan,nan,nan
0.85399999999999998,0.026273272516120928,-0.010757659790768898,0.007757806362676015,-0.02187641889831049,-1,nan,nan,nan,nan
0.85425000000000006,0.02623897214274272,-0.01073430248523901,0.007752334828751855,-0.021896034928486685,-1,nan,nan,nan,nan
0.85450000000000004,0.026204661401508778,-0.010710944711085238,0.0077468583452117703,-0.021916015825732771,-1,nan,nan,nan,nan
0.85475000000000001,0.026170340594665088,-0.010687586952987108,0.00774137682083899,-0.021936361590054076,-1,nan,nan,nan,nan
0.85499999999999998,0.026136010024457656,-0.010664229695624167,0.0077358901644167446,-0.021957072221443497,42,0.85499999999999998,0.0077358901644167446,-0.021957072221443497,0.021957072221443497
0.85525000000000007,0.02610166999313247,-0.010640873423675937,0.0077303982847282664,-0.021978147719901031,-1,nan,nan,nan,nan
0.85550000000000004,0.026067320802935567,-0.01061751862182198,0.0077249010905567931,-0.021999588085437338,-1,nan,nan,nan,nan
0.85575000000000001,0.026032962756112929,-0.010594165774741832,0.0077193984906855483,-0.022021393318048865,-1,nan,nan,nan,nan
0.85599999999999998,0.025998596154910566,-0.010570815367115027,0.0077138903938977696,-0.022043563417724954,-1,nan,nan,nan,nan
0.85625000000000007,0.025964221301574462,-0.010547467883621094,0.0077083767089766841,-0.022066098384478039,-1,nan,nan,nan,nan
0.85650000000000004,0.025929838498350656,-0.010524123808939597,0.0077028573447055293,-0.022088998218293909,-1,nan,nan,nan,nan
0.85675000000000001,0.025895448047485139,-0.010500783627750063,0.0076973322098675377,-0.022112262919192105,-1,nan,nan,nan,nan
0.85699999999999998,0.025861050251223906,-0.010477447824732037,0.0076918012132459346,-0.022135892487160191,-1,nan,nan,nan,nan
0.85725000000000007,0.025826645411812954,-0.010454116884565042,0.0076862642636239559,-0.022159886922199945,-1,nan,nan,nan,nan
0.85750000000000004,0.025792233831498309,-0.010430791291928641,0.007680721269784834,-0.022183522690099267,-1,nan,nan,nan,nan
0.85775000000000001,0.025757814546893666,-0.010407469542335852,0.0076751725022789069,-0.022205550909495386,-1,nan,nan,nan,nan
0.85799999999999998,0.025723385671017049,-0.010384148682356873,0.0076696184943300877,-0.022226673308352929,-1,nan,nan,nan,nan
0.85825000000000007,0.025688947459882309,-0.010360829128632853,0.0076640591656247283,-0.022248138861003852,-1,nan,nan,nan,nan
0.85850000000000004,0.025654500207780609,-0.01033751135798144,0.0076584944248995843,-0.022269969466679029,-1,nan,nan,nan,nan
0.85875000000000001,0.025620044209003039,-0.010314195847220257,0.0076529241808913906,-0.022292165125383789,-1,nan,nan,nan,nan
0.85899999999999999,0.025585579757840718,-0.010290883073166932,0.0076473483423368932,-0.022314725837118132,-1,nan,nan,nan,nan
0.85925000000000007,0.025551107148584745,-0.010267573512639084,0.0076417668179728305,-0.022337651601882058,-1,nan,nan,nan,nan
0.85950000000000004,0.025516626675526267,-0.010244267642454364,0.0076361795165359519,-0.022360942419666685,-1,nan,nan,nan,nan
0.85975000000000001,0.02548213863295639,-0.010220965939430393,0.0076305863467629985,-0.022384598290488,-1,nan,nan,nan,nan
0.85999999999999999,0.025447643315166218,-0.0101976688803848,0.0076249872173907093,-0.022408619214333569,-1,nan,nan,nan,nan
0.86025000000000007,0.025413141016446865,-0.010174376942135204,0.0076193820371558306,-0.022433005191198063,-1,nan,nan,nan,nan
0.86050000000000004,0.025378632031089473,-0.010151090601499255,0.0076137707147951091,-0.02245775622109214,-1,nan,nan,nan,nan
0.86075000000000002,0.025344116653385141,-0.010127810335294571,0.0076081531590452851,-0.022482872304019352,-1,nan,nan,nan,nan
0.86099999999999999,0.025309595177624985,-0.010104536620338785,0.0076025292786431001,-0.022508353439977924,-1,nan,nan,nan,nan
0.86125000000000007,0.025275067898100103,-0.010081269933449514,0.0075968989823252944,-0.022534199628962526,-1,nan,nan,nan,nan
0.86150000000000004,0.025240535109101646,-0.010058010751444409,0.0075912621788286182,-0.022560410870969605,-1,nan,nan,nan,nan
0.86175000000000002,0.025205997104920712,-0.01003475955114109,0.0075856187768898109,-0.022586358366478265,-1,nan,nan,nan,nan
0.86199999999999999,0.025171453129531379,-0.010011515130240617,0.0075799689996453807,-0.02261070834898149,-1,nan,nan,nan,nan
0.86225000000000007,0.025136901244140041,-0.0099882743987094041,0.0075743134227153185,-0.02263404747330533,-1,nan,nan,nan,nan
0.86250000000000004,0.025102341662946861,-0.0099650377111294083,0.0075686519759087263,-0.022657710952401544,-1,nan,nan,nan,nan
0.86275000000000002,0.025067774672893815,-0.0099418055384155775,0.0075629845672391185,-0.022681742377407943,-1,nan,nan,nan,nan
0.86299999999999999,0.025033200560922911,-0.0099185783514828627,0.007557311104720024,-0.022706141748310316,-1,nan,nan,nan,nan
0.86325000000000007,0.024998619613976137,-0.0098953566212462134,0.0075516314963649618,-0.022730909065128202,-1,nan,nan,nan,nan
0.86350000000000005,0.024964032118995529,-0.0098721408186206103,0.0075459456501874595,-0.022756044327843838,-1,nan,nan,nan,nan
0.86375000000000002,0.024929438362923075,-0.0098489314145209939,0.0075402534742010406,-0.022781547536466107,-1,nan,nan,nan,nan
0.86399999999999999,0.02489483863270078,-0.0098257288798623242,0.0075345548764192277,-0.022807418690993231,-1,nan,nan,nan,nan
0.86424999999999996,0.024860233215270644,-0.009802533685559554,0.007528849764855545,-0.02283365779142521,-1,nan,nan,nan,nan
0.86450000000000005,0.024825622397574659,-0.0097793463025276327,0.0075231380475235133,-0.022860264837770927,-1,nan,nan,nan,nan
0.86475000000000002,0.024791006466554855,-0.0097561672016815374,0.0075174196324366586,-0.022887239830010842,-1,nan,nan,nan,nan
0.86499999999999999,0.024756385709153231,-0.0097329968539362124,0.0075116944276085095,-0.022914582768155611,-1,nan,nan,nan,nan
0.86524999999999996,0.024721760412311777,-0.0097098357302066139,0.0075059623410525817,-0.022942293652214119,-1,nan,nan,nan,nan
0.86550000000000005,0.02468713086297249,-0.0096866843014076897,0.0075002232807824002,-0.022970372482170376,-1,nan,nan,nan,nan
0.86575000000000002,0.024652497348077406,-0.0096635430384544151,0.0074944771548114955,-0.022998819258036818,-1,nan,nan,nan,nan
0.86599999999999999,0.024617860154568506,-0.0096404124122617396,0.007488723871153383,-0.023026846324667005,-1,nan,nan,nan,nan
0.86624999999999996,0.024583218324170417,-0.0096172908608720895,0.0074829637316491636,-0.023053217088456535,-1,nan,nan,nan,nan
0.86650000000000005,0.024548570182257704,-0.0095941756570393985,0.0074771972626091528,-0.023078706941383587,-1,nan,nan,nan,nan
0.86675000000000002,0.024513915985164943,-0.0095710672288080011,0.0074714243781784711,-0.023104555272270844,-1,nan,nan,nan,nan
0.86699999999999999,0.024479256013005185,-0.009547966043059148,0.0074656449849730185,-0.023130777139570569,-1,nan,nan,nan,nan
0.86724999999999997,0.024444590545891466,-0.0095248725666740933,0.0074598589896086864,-0.023157372543298749,-1,nan,nan,nan,nan
0.86750000000000005,0.024409919863936827,-0.0095017872665340928,0.0074540662987013671,-0.023184341483444726,-1,nan,nan,nan,nan
0.86775000000000002,0.024375244247254346,-0.0094787106095204198,0.0074482668188669632,-0.023211683959994289,-1,nan,nan,nan,nan
0.86799999999999999,0.024340563975957068,-0.009455643062514325,0.0074424604567213714,-0.02323939997296165,-1,nan,nan,nan,nan
0.86824999999999997,0.024305879330158035,-0.0094325850923970677,0.0074366471188804838,-0.023267489522345031,-1,nan,nan,nan,nan
0.86850000000000005,0.024271190589970293,-0.0094095371660498986,0.0074308267119601971,-0.023295952608142656,-1,nan,nan,nan,nan
0.86875000000000002,0.024236498035506916,-0.0093864997503540926,0.0074249991425764114,-0.023324789230359855,-1,nan,nan,nan,nan
0.86899999999999999,0.02420180194688094,-0.0093634733121909022,0.007419164317345019,-0.023353999388993074,-1,nan,nan,nan,nan
0.86924999999999997,0.024167102604205418,-0.009340458318441585,0.0074133221428819163,-0.023383583084042314,-1,nan,nan,nan,nan
0.86950000000000005,0.024132400287593385,-0.0093174552359873916,0.0074074725258029966,-0.023413540315505799,-1,nan,nan,nan,nan
0.86975000000000002,0.024097695277157924,-0.0092944645317096005,0.0074016153727241617,-0.023443871083374646,-1,nan,nan,nan,nan
0.87,0.024062987853012075,-0.0092714866724894554,0.0073957505902613099,-0.023474561640014713,-1,nan,nan,nan,nan
0.87024999999999997,0.024028278274888716,-0.0092485220910804057,0.0073898780919041552,-0.023504351943389068,-1,nan,nan,nan,nan
0.87050000000000005,0.023993564952376829,-0.0092255681237976023,0.0073839984142896132,-0.023532437367167702,-1,nan,nan,nan,nan
0.87075000000000002,0.023958846941564877,-0.0092026231951237367,0.0073781118732205702,-0.023560082058324383,-1,nan,nan,nan,nan
0.871,0.023924124516194724,-0.0091796877696738183,0.0073722183732604528,-0.023588108495783189,-1,nan,nan,nan,nan
0.87124999999999997,0.023889397950008238,-0.0091567623120628796,0.0073663178189726794,-0.023616516679563659,-1,nan,nan,nan,nan
0.87150000000000005,0.023854667516747276,-0.009133847286905937,0.0073604101149206697,-0.023645306609656913,-1,nan,nan,nan,nan
0.87175000000000002,0.023819933490153735,-0.0091109431588180367,0.0073544951656678492,-0.023674478286071832,-1,nan,nan,nan,nan
0.872,0.023785196143969466,-0.0090880503924141969,0.0073485728757776347,-0.023704031708794204,-1,nan,nan,nan,nan
0.87224999999999997,0.023750455751936354,-0.0090651694523094465,0.0073426431498134536,-0.023733966877827584,-1,nan,nan,nan,nan
0.87250000000000005,0.023715712587796239,-0.0090423008031188003,0.0073367058923387192,-0.023764283793182628,-1,nan,nan,nan,nan
0.87275000000000003,0.023680966925291029,-0.0090194449094573061,0.0073307610079168615,-0.023794982454841573,-1,nan,nan,nan,nan
0.873,0.02364621903816258,-0.0089966022359399805,0.0073248084011112999,-0.023826062862820407,-1,nan,nan,nan,nan
0.87324999999999997,0.023611469200152758,-0.008973773247181854,0.0073188479764854522,-0.023857525017117354,-1,nan,nan,nan,nan
0.87350000000000005,0.023576717685003419,-0.0089509584077979397,0.0073128796386027397,-0.023889368917714648,-1,nan,nan,nan,nan
0.87375000000000003,0.023541964766456473,-0.0089281581824032855,0.0073069032920265939,-0.023921594564637161,-1,nan,nan,nan,nan
0.874,0.023507210718253759,-0.0089053730356129131,0.007300918841320423,-0.023954201957874233,-1,nan,nan,nan,nan
0.87424999999999997,0.02347245581413716,-0.0088826034320418443,0.0072949261910476579,-0.02398691837987954,-1,nan,nan,nan,nan
0.87450000000000006,0.023437699950756355,-0.0088598491864953933,0.0072889253821304808,-0.024018118252893572,-1,nan,nan,nan,nan
0.87475000000000003,0.023402941149147614,-0.0088371068853051946,0.0072829171319212099,-0.024047809615320048,-1,nan,nan,nan,nan
0.875,0.023368179304354048,-0.0088143763497084034,0.0072769014773228224,-0.02407762340626185,43,0.875,0.0072769014773228224,-0.02407762340626185,0.02407762340626185
0.87524999999999997,0.02333341468425925,-0.0087916580438230901,0.0072708783202180801,-0.024107829666156988,-1,nan,nan,nan,nan
0.87550000000000006,0.0232986475567468,-0.0087689524317673163,0.0072648475624897419,-0.024138428395010791,-1,nan,nan,nan,nan
0.87575000000000003,0.023263878189700323,-0.0087462599776591751,0.007258809106020574,-0.024169419592809049,-1,nan,nan,nan,nan
0.876,0.023229106851003403,-0.0087235811456167246,0.007252762852693339,-0.024200803259565973,-1,nan,nan,nan,nan
0.87624999999999997,0.023194333808539625,-0.0087009163997580404,0.0072467087043907924,-0.024232579395274456,-1,nan,nan,nan,nan
0.87650000000000006,0.023159559330192578,-0.008678266204201179,0.0072406465629956994,-0.024264747999939829,-1,nan,nan,nan,nan
0.87675000000000003,0.023124783683845882,-0.0086556310230642385,0.0072345763303908218,-0.024297309073560314,-1,nan,nan,nan,nan
0.877,0.023090007137383114,-0.0086330113204652736,0.0072284979084589205,-0.024330262616132359,-1,nan,nan,nan,nan
0.87724999999999997,0.023055229958687876,-0.0086104075605223616,0.007222411199082757,-0.024363608627655964,-1,nan,nan,nan,nan
0.87750000000000006,0.023020452415643742,-0.0085878202073535592,0.0072163161041450914,-0.024397347108136458,-1,nan,nan,nan,nan
0.87775000000000003,0.022985674776134338,-0.0085652497250769625,0.007210212525528688,-0.024431478057575617,-1,nan,nan,nan,nan
0.878,0.022950897308043242,-0.0085426965778106316,0.007204100365116305,-0.024466001475964561,-1,nan,nan,nan,nan
0.87824999999999998,0.022916120279254052,-0.0085201612296726369,0.0071979795247907076,-0.02450091547618527,-1,nan,nan,nan,nan
0.87850000000000006,0.022881343955233672,-0.00849764414047725,0.0071918499073782109,-0.024535000542977414,-1,nan,nan,nan,nan
0.87875000000000003,0.022846567039594732,-0.0084751429905562965,0.0071857120245192177,-0.024567222734782845,-1,nan,nan,nan,nan
0.879,0.022811788461811429,-0.008452655869789787,0.007179566296010821,-0.024598808271770523,-1,nan,nan,nan,nan
0.87924999999999998,0.02277700848428646,-0.008430183243519792,0.0071734126203833338,-0.024630799687543004,-1,nan,nan,nan,nan
0.87950000000000006,0.022742227369422482,-0.0084077255770883853,0.0071672508961670486,-0.024663196982103841,-1,nan,nan,nan,nan
0.87975000000000003,0.022707445379622222,-0.0083852833358376601,0.0071610810218922811,-0.024696000155440601,-1,nan,nan,nan,nan
0.88,0.022672662777288348,-0.0083628569851096901,0.0071549028960893289,-0.024729209207572822,-1,nan,nan,nan,nan
0.88024999999999998,0.022637879824823539,-0.0083404469902465476,0.0071487164172884957,-0.024762824138486295,-1,nan,nan,nan,nan
0.88050000000000006,0.022603096784630475,-0.0083180538165903081,0.0071425214840200833,-0.0247968449481899,-1,nan,nan,nan,nan
0.88075000000000003,0.022568313919111863,-0.0082956779294830613,0.0071363179948144007,-0.024831271636664098,-1,nan,nan,nan,nan
0.88100000000000001,0.022533531490670385,-0.0082733197942668809,0.0071301058482017522,-0.024866104203933759,-1,nan,nan,nan,nan
0.88124999999999998,0.022498749761708712,-0.0082509798762838427,0.0071238849427124346,-0.024901342649989999,-1,nan,nan,nan,nan
0.88150000000000006,0.022463968994629525,-0.0082286586408760153,0.0071176551768767551,-0.024936986974825714,-1,nan,nan,nan,nan
0.88175000000000003,0.02242918945183554,-0.0082063565533854986,0.0071114164492250206,-0.024973037178446233,-1,nan,nan,nan,nan
0.88200000000000001,0.022394411395729424,-0.0081840740791543579,0.0071051686582875332,-0.025009493260860438,-1,nan,nan,nan,nan
0.88224999999999998,0.022359635088713858,-0.0081618116835246741,0.0070989117025945922,-0.025046355222050565,-1,nan,nan,nan,nan
0.88250000000000006,0.022324860793191525,-0.0081395698318385123,0.0070926454806765063,-0.025082982147010213,-1,nan,nan,nan,nan
0.88275000000000003,0.022290088013757165,-0.008117347590714993,0.0070863702115210861,-0.025117728393823313,-1,nan,nan,nan,nan
0.88300000000000001,0.02225531505971955,-0.0080951418267603582,0.0070800866164795959,-0.025151159305174531,-1,nan,nan,nan,nan
0.88324999999999998,0.022220542089718163,-0.0080729528259811632,0.0070737946318684998,-0.02518492852891896,-1,nan,nan,nan,nan
0.88350000000000006,0.022185769361043235,-0.008050781056612966,0.0070674941522151343,-0.025219119643328014,-1,nan,nan,nan,nan
0.88375000000000004,0.022150997130985031,-0.0080286269868913625,0.007061185072046834,-0.025253732648405247,-1,nan,nan,nan,nan
0.88400000000000001,0.022116225656833778,-0.0080064910850519127,0.0070548672858909327,-0.025288767544152435,-1,nan,nan,nan,nan
0.88424999999999998,0.022081455195879712,-0.0079843738193301934,0.0070485406882747591,-0.025324224330557144,-1,nan,nan,nan,nan
0.88450000000000006,0.022046686005413065,-0.0079622756579617628,0.0070422051737256512,-0.025360103007626478,-1,nan,nan,nan,nan
0.88475000000000004,0.022011918342724104,-0.007940197069182215,0.0070358606367709447,-0.025396403575358661,-1,nan,nan,nan,nan
0.88500000000000001,0.02197715246510306,-0.0079181385212271135,0.0070295069719379733,-0.025433126033750142,-1,nan,nan,nan,nan
0.88524999999999998,0.02194238862984017,-0.0078961004823320281,0.0070231440737540708,-0.025470270382813354,-1,nan,nan,nan,nan
0.88550000000000006,0.021907627094225651,-0.0078740834207325205,0.007016771836746565,-0.02550783662254652,-1,nan,nan,nan,nan
0.88575000000000004,0.021872868115549782,-0.0078520878046641884,0.0070103901554427967,-0.025545824752935431,-1,nan,nan,nan,nan
0.88600000000000001,0.021838111951102787,-0.0078301141023625898,0.0070039989243700987,-0.025584234773988968,-1,nan,nan,nan,nan
0.88624999999999998,0.021803358858174908,-0.0078081627820633008,0.006997598038055804,-0.02562306668570713,-1,nan,nan,nan,nan
0.88650000000000007,0.021768609094056368,-0.0077862343120018813,0.006991187391027243,-0.025661899730879512,-1,nan,nan,nan,nan
0.88675000000000004,0.021733862450588243,-0.0077643282742075196,0.0069847670881903624,-0.025698907930481241,-1,nan,nan,nan,nan
0.88700000000000001,0.021699117162941466,-0.0077424412888174587,0.0069783379370620038,-0.025734300832834123,-1,nan,nan,nan,nan
0.88724999999999998,0.021664373249686768,-0.0077205733741388758,0.0069718999377739463,-0.025769904898519158,-1,nan,nan,nan,nan
0.88750000000000007,0.021629630963420673,-0.0076987249941951877,0.0069654529846127425,-0.025805931817988181,-1,nan,nan,nan,nan
0.88775000000000004,0.021594890556739736,-0.0076768966130098346,0.0069589969718649508,-0.025842381591242969,-1,nan,nan,nan,nan
0.88800000000000001,0.02156015228224048,-0.0076550886946062345,0.0069525317938171228,-0.025879254218276415,-1,nan,nan,nan,nan
0.88824999999999998,0.021525416392519436,-0.0076333017030078077,0.0069460573447558144,-0.025916549699100955,-1,nan,nan,nan,nan
0.88850000000000007,0.021490683140173116,-0.0076115361022379728,0.0069395735189675713,-0.025954268033705929,-1,nan,nan,nan,nan
0.88875000000000004,0.02145595277779809,-0.0075897923563201701,0.0069330802107389605,-0.025992409222089563,-1,nan,nan,nan,nan
0.88900000000000001,0.021421225557990874,-0.0075680709292778167,0.0069265773143565284,-0.026030973264262514,-1,nan,nan,nan,nan
0.88924999999999998,0.021386501733347996,-0.0075463722851343354,0.0069200647241068301,-0.026069960160224781,-1,nan,nan,nan,nan
0.88950000000000007,0.021351781556465971,-0.0075246968879131414,0.0069135423342764147,-0.026109369909965707,-1,nan,nan,nan,nan
0.88975000000000004,0.021317065279941372,-0.0075030452016376778,0.0069070100391518466,-0.026149202513488845,-1,nan,nan,nan,nan
0.89000000000000001,0.021282353156370701,-0.0074814176903313578,0.0069004677330196714,-0.026189457970797747,-1,nan,nan,nan,nan
0.89024999999999999,0.021247645438350508,-0.0074598148180176089,0.0068939153101664494,-0.026230136281885308,-1,nan,nan,nan,nan
0.89050000000000007,0.021212942378477297,-0.0074382370487198427,0.006887352664878727,-0.026272696326312683,-1,nan,nan,nan,nan
0.89075000000000004,0.021178244585791966,-0.0074166866617853813,0.0068807789620032919,-0.026322383445565478,-1,nan,nan,nan,nan
0.89100000000000001,0.02114355342373328,-0.0073951704774213884,0.0068741914731559458,-0.026376358402293576,-1,nan,nan,nan,nan
0.89124999999999999,0.021108868415229687,-0.0073736868496253934,0.0068675907828021467,-0.026427251525783291,-1,nan,nan,nan,nan
0.89150000000000007,0.021074188890313594,-0.0073522331955274897,0.0068609778473930523,-0.026474318844615041,-1,nan,nan,nan,nan
0.89175000000000004,0.021039514179017477,-0.0073308069322577992,0.0068543536233798387,-0.026517560358779946,-1,nan,nan,nan,nan
0.89200000000000002,0.021004843611373746,-0.0073094054769464178,0.0068477190672136638,-0.026556976068293991,-1,nan,nan,nan,nan
0.89224999999999999,0.020970176517414833,-0.0072880262467234476,0.0068410751353456933,-0.026592565973144744,-1,nan,nan,nan,nan
0.89250000000000007,0.020935512227173162,-0.0072666666587189828,0.0068344227842270892,-0.026624330073332203,-1,nan,nan,nan,nan
0.89275000000000004,0.020900850070681196,-0.0072453241300631435,0.0068277629703090261,-0.026652268368863474,-1,nan,nan,nan,nan
0.89300000000000002,0.020866189377971342,-0.0072239960778860256,0.0068210966500426582,-0.026676380859736781,-1,nan,nan,nan,nan
0.89324999999999999,0.020831529479076048,-0.0072026799193177305,0.006814424779879159,-0.026696667545948571,-1,nan,nan,nan,nan
0.89350000000000007,0.020796869704027721,-0.0071813730714883556,0.0068077483162696829,-0.026713128427504174,-1,nan,nan,nan,nan
0.89375000000000004,0.020762209382858832,-0.0071600729515280204,0.0068010682156654061,-0.026725763504389377,-1,nan,nan,nan,nan
0.89400000000000002,0.020727547845601796,-0.0071387769765668173,0.0067943854345174897,-0.026734572776621945,-1,nan,nan,nan,nan
0.89424999999999999,0.020692884422289046,-0.0071174825637348536,0.0067877009292770961,-0.026739556244192997,-1,nan,nan,nan,nan
0.89450000000000007,0.020658218442953,-0.007096187130162219,0.0067810156563953908,-0.026744507502835191,-1,nan,nan,nan,nan
0.89475000000000005,0.020623552210953994,-0.0070748948599026395,0.0067743286755256767,-0.026759076249630809,-1,nan,nan,nan,nan
0.89500000000000002,0.020588891713708792,-0.0070536194771676393,0.0067676361182705761,-0.026781236036898193,44,0.89500000000000002,0.0067676361182705761,-0.026781236036898193,0.026781236036898193
0.89524999999999999,0.020554235931140166,-0.0070323598161257063,0.0067609380575072292,-0.026802745093203129,-1,nan,nan,nan,nan
0.89550000000000007,0.020519583544997996,-0.007011114053550053,0.0067542347457239717,-0.026823244196162221,-1,nan,nan,nan,nan
0.89575000000000005,0.020484933237032207,-0.0069898803662139146,0.0067475264354091465,-0.026842733345764813,-1,nan,nan,nan,nan
0.89600000000000002,0.020450283688992682,-0.0069686569308905003,0.0067408133790510909,-0.026861212542002022,-1,nan,nan,nan,nan
0.89624999999999999,0.020415633582629322,-0.0069474419243530285,0.0067340958291381469,-0.026878681784886282,-1,nan,nan,nan,nan
0.89649999999999996,0.020380981599692018,-0.0069262335233747181,0.0067273740381586494,-0.026895141074408713,-1,nan,nan,nan,nan
0.89675000000000005,0.020346326421930658,-0.0069050299047287763,0.0067206482586009411,-0.026910590410574642,-1,nan,nan,nan,nan
0.89700000000000002,0.020311666731095163,-0.00688382924518844,0.0067139187429533613,-0.02692502979338407,-1,nan,nan,nan,nan
0.89724999999999999,0.02027700120893542,-0.0068626297215269201,0.0067071857437042501,-0.026938459222838773,-1,nan,nan,nan,nan
0.89749999999999996,0.020242328537201319,-0.0068414295105174317,0.0067004495133419434,-0.026950878698933423,-1,nan,nan,nan,nan
0.89775000000000005,0.020207647397642751,-0.0068202267889331866,0.0066937103043547821,-0.026962288221671571,-1,nan,nan,nan,nan
0.89800000000000002,0.020172956472009635,-0.0067990197335474215,0.0066869683692311072,-0.026972687791047889,-1,nan,nan,nan,nan
0.89824999999999999,0.020138254442051862,-0.0067778065211333421,0.0066802239604592598,-0.026982078789975716,-1,nan,nan,nan,nan
0.89849999999999997,0.020103540011585666,-0.0067565853519134253,0.0066734773298361208,-0.026990848179567095,-1,nan,nan,nan,nan
0.89875000000000005,0.020068815289192278,-0.0067353582164533269,0.0066667285363694751,-0.02699996840870611,-1,nan,nan,nan,nan
0.89900000000000002,0.020034082552051715,-0.0067141278607881815,0.0066599773456317672,-0.027010021805375928,-1,nan,nan,nan,nan
0.89924999999999999,0.019999342097332781,-0.006692895046399203,0.0066532235254667888,-0.0270210038268619,-1,nan,nan,nan,nan
0.89949999999999997,0.019964594222204292,-0.0066716605347676167,0.0066464668437183376,-0.027032914473164027,-1,nan,nan,nan,nan
0.89975000000000005,0.019929839223835049,-0.0066504250873746385,0.0066397070682302052,-0.027045753744278755,-1,nan,nan,nan,nan
0.90000000000000002,0.019895077399393904,-0.0066291894657015109,0.0066329439668461965,-0.027059521640200757,-1,nan,nan,nan,nan
0.90024999999999999,0.019860309046049664,-0.0066079544312294498,0.0066261773074101065,-0.027074218160933583,-1,nan,nan,nan,nan
0.90049999999999997,0.019825534460971142,-0.0065867207454396804,0.0066194068577657313,-0.027089843306486117,-1,nan,nan,nan,nan
0.90075000000000005,0.019790753941327142,-0.0065654891698134193,0.0066126323857568616,-0.027106397076851252,-1,nan,nan,nan,nan
0.90100000000000002,0.019755967784286517,-0.0065442604658319083,0.0066058536592273048,-0.027123879472021883,-1,nan,nan,nan,nan
0.90125,0.019721176287018066,-0.0065230353949763623,0.0065990704460208516,-0.027142290492006893,-1,nan,nan,nan,nan
0.90149999999999997,0.019686379746690616,-0.0065018147187280093,0.0065922825139813034,-0.027161630136802728,-1,nan,nan,nan,nan
0.90175000000000005,0.019651578460472958,-0.0064805991985680605,0.0065854896309524482,-0.02718189840641827,-1,nan,nan,nan,nan
0.90200000000000002,0.01961677272553395,-0.0064593895959777631,0.0065786915647780934,-0.027203095300842861,-1,nan,nan,nan,nan
0.90225,0.019581962839042389,-0.006438186672438331,0.006571888083302029,-0.027224445698266209,-1,nan,nan,nan,nan
0.90249999999999997,0.019547148550912916,-0.0064169898670549909,0.0065650793419289623,-0.027242556957963515,-1,nan,nan,nan,nan
0.90275000000000005,0.019512327781546587,-0.0063957941719004971,0.0065582668048230451,-0.027257778809968158,-1,nan,nan,nan,nan
0.90300000000000002,0.019477500570785164,-0.0063745996657372092,0.006551450452523977,-0.027273471414909878,-1,nan,nan,nan,nan
0.90325,0.019442667237153616,-0.0063534070989224329,0.0065446300691155918,-0.027290027684488294,-1,nan,nan,nan,nan
0.90349999999999997,0.019407828099176946,-0.0063322172218134793,0.006537805438681734,-0.027307447618689196,-1,nan,nan,nan,nan
0.90375000000000005,0.019372983475380141,-0.0063110307847676506,0.0065309763453062454,-0.027325731217512583,-1,nan,nan,nan,nan
0.90400000000000003,0.019338133684288231,-0.0062898485381422788,0.0065241425730729764,-0.027344878480969115,-1,nan,nan,nan,nan
0.90425,0.019303279044426191,-0.0062686712322946652,0.0065173039060657627,-0.027364889409055237,-1,nan,nan,nan,nan
0.90449999999999997,0.019268419874319025,-0.0062474996175821253,0.0065104601283684504,-0.02738576400176207,-1,nan,nan,nan,nan
0.90475000000000005,0.019233556492491716,-0.0062263344443619579,0.0065036110240648797,-0.027407502259103822,-1,nan,nan,nan,nan
0.90500000000000003,0.019198689217469291,-0.0062051764629914965,0.0064967563772388975,-0.027430104181071613,-1,nan,nan,nan,nan
0.90525,0.019163818367776735,-0.0061840264238280443,0.0064898959719743455,-0.02745356976766189,-1,nan,nan,nan,nan
0.90549999999999997,0.019128944261939049,-0.0061628850772289124,0.0064830295923550682,-0.02747789901888531,-1,nan,nan,nan,nan
0.90575000000000006,0.019094067218481208,-0.0061417531735514048,0.0064761570224649012,-0.027503091934734769,-1,nan,nan,nan,nan
0.90600000000000003,0.01905918755592825,-0.0061206314631528516,0.0064692780463876994,-0.027529021626831351,-1,nan,nan,nan,nan
0.90625,0.019024305498273969,-0.0060995204749709929,0.0064623925116514876,-0.027552718201862447,-1,nan,nan,nan,nan
0.90649999999999997,0.018989419149682295,-0.0060784157751087552,0.0064555016872867698,-0.027573058591706001,-1,nan,nan,nan,nan
0.90675000000000006,0.018954527891111825,-0.0060573159264005619,0.0064486059823556322,-0.027593012721533583,-1,nan,nan,nan,nan
0.90700000000000003,0.01891963203408218,-0.0060362216722301748,0.0064417051809260023,-0.027613830579634069,-1,nan,nan,nan,nan
0.90725,0.018884731890112954,-0.0060151337559813198,0.006434799067065817,-0.027635512166011011,-1,nan,nan,nan,nan
0.90749999999999997,0.018849827770723734,-0.0059940529210377388,0.0064278874248429978,-0.027658057480682174,-1,nan,nan,nan,nan
0.90775000000000006,0.01881491998743411,-0.0059729799107831622,0.0064209700383254737,-0.027681466523624465,-1,nan,nan,nan,nan
0.90800000000000003,0.018780008851763716,-0.0059519154686013473,0.0064140466915811843,-0.027705739294848541,-1,nan,nan,nan,nan
0.90825,0.018745094675232127,-0.0059308603378760262,0.0064071171686780511,-0.027730875794361509,-1,nan,nan,nan,nan
0.90849999999999997,0.01871017776935895,-0.0059098152619909373,0.0064001812536840057,-0.027756876022147381,-1,nan,nan,nan,nan
0.90875000000000006,0.018675258445663763,-0.0058887809843298118,0.0063932387306669756,-0.027783739978218591,-1,nan,nan,nan,nan
0.90900000000000003,0.018640337015666197,-0.0058677582482764071,0.0063862893836948952,-0.027811467662566258,-1,nan,nan,nan,nan
0.90925,0.018605413790885841,-0.0058467477972144544,0.0063793329968356936,-0.027840059075195711,-1,nan,nan,nan,nan
0.90949999999999998,0.018570489082842291,-0.0058257503745276946,0.0063723693541572982,-0.027869514216112279,-1,nan,nan,nan,nan
0.90975000000000006,0.018535563203055126,-0.0058047667235998548,0.0063653982397276357,-0.027899823588954931,-1,nan,nan,nan,nan
0.91000000000000003,0.018500636456239488,-0.0057837975715138486,0.0063584194423628197,-0.027928542376379539,-1,nan,nan,nan,nan
0.91025,0.018465707400391336,-0.005762839463312441,0.0063514339685394475,-0.027953784253224256,-1,nan,nan,nan,nan
0.91049999999999998,0.018430774980847914,-0.0057418898803754947,0.0063444425502362095,-0.027977997589296422,-1,nan,nan,nan,nan
0.91075000000000006,0.018395839502601621,-0.0057209495631120252,0.0063374449697447977,-0.028003081758608772,-1,nan,nan,nan,nan
0.91100000000000003,0.018360901270644887,-0.0057000192519310799,0.0063304410093569033,-0.028029036761164861,-1,nan,nan,nan,nan
0.91125,0.01832596058997011,-0.005679099687241675,0.0063234304513642174,-0.028055862596946923,-1,nan,nan,nan,nan
0.91149999999999998,0.018291017765569701,-0.0056581916094528379,0.0063164130780584311,-0.028083559265963842,-1,nan,nan,nan,nan
0.91175000000000006,0.01825607310243605,-0.0056372957589735841,0.0063093886717312331,-0.028112126768228052,-1,nan,nan,nan,nan
0.91200000000000003,0.018221126905561592,-0.0056164128762129619,0.0063023570146743153,-0.02814156510373067,-1,nan,nan,nan,nan
0.91225000000000001,0.018186179479938724,-0.0055955437015799856,0.006295317889179369,-0.028171874272461039,-1,nan,nan,nan,nan
0.91249999999999998,0.018151231130559855,-0.0055746889754836829,0.006288271077538086,-0.02820305427443337,-1,nan,nan,nan,nan
0.91275000000000006,0.018116282162417376,-0.0055538494383330734,0.0062812163620421507,-0.028235105109640557,-1,nan,nan,nan,nan
0.91300000000000003,0.018081332880503728,-0.0055330258305371985,0.0062741535249832645,-0.028268026778071942,-1,nan,nan,nan,nan
0.91325000000000001,0.01804638358981131,-0.0055122188925050778,0.0062670823486531161,-0.02830181927975417,-1,nan,nan,nan,nan
0.91349999999999998,0.018011434595332516,-0.005491429364645738,0.0062600026153433888,-0.028336474999344219,-1,nan,nan,nan,nan
0.91375000000000006,0.017976486196863858,-0.0054706579745569736,0.0062529141111534424,-0.028369545986235423,-1,nan,nan,nan,nan
0.91400000000000003,0.017941537027150397,-0.0054499013424498567,0.0062458178423502701,-0.028399092094723244,-1,nan,nan,nan,nan
0.91425000000000001,0.017906586053000079,-0.0054291569227879147,0.006238714565106082,-0.028427568287689553,-1,nan,nan,nan,nan
0.91449999999999998,0.017871633573350781,-0.0054084254569379264,0.0062316040582064275,-0.028456929338439352,-1,nan,nan,nan,nan
0.91475000000000006,0.017836679887140376,-0.0053877076862666575,0.0062244861004368598,-0.028487175246981522,-1,nan,nan,nan,nan
0.91500000000000004,0.017801725293306776,-0.005367004352140904,0.0062173604705829354,-0.0285183060132983,45,0.91500000000000004,0.0062173604705829354,-0.0285183060132983,0.0285183060132983
0.91525000000000001,0.017766770090787854,-0.0053463161959274308,0.0062102269474302117,-0.028550321637393239,-1,nan,nan,nan,nan
0.91549999999999998,0.017731814578521497,-0.0053256439589930166,0.00620308530976424,-0.028583222119278773,-1,nan,nan,nan,nan
0.91575000000000006,0.017696859055445567,-0.0053049883827044272,0.0061959353363705699,-0.028617007458947796,-1,nan,nan,nan,nan
0.91600000000000004,0.017661903820497989,-0.0052843502084284578,0.006188776806034765,-0.028651677656396757,-1,nan,nan,nan,nan
0.91625000000000001,0.017626949172616622,-0.0052637301775318758,0.006181609497542373,-0.028687232711638089,-1,nan,nan,nan,nan
0.91649999999999998,0.017591995410739355,-0.0052431290313814582,0.0061744331896789479,-0.028723672624652252,-1,nan,nan,nan,nan
0.91675000000000006,0.017557042833804062,-0.0052225475113439708,0.0061672476612300454,-0.028760997395448129,-1,nan,nan,nan,nan
0.91700000000000004,0.017522091740748653,-0.0052019863587862087,0.0061600526909812228,-0.028799207024034601,-1,nan,nan,nan,nan
0.91725000000000001,0.017487142430510999,-0.0051814463150749394,0.0061528480577180298,-0.028838190845851486,-1,nan,nan,nan,nan
0.91749999999999998,0.017452195130795593,-0.005160927939678997,0.0061456335955582982,-0.02887491599380887,-1,nan,nan,nan,nan
0.91775000000000007,0.017417248185205479,-0.0051404269857632332,0.006138410599721123,-0.028908134282247033,-1,nan,nan,nan,nan
0.91800000000000004,0.017382301006738449,-0.0051199419499041018,0.0061311795284171734,-0.028940889086202404,-1,nan,nan,nan,nan
0.91825000000000001,0.017347353888565158,-0.0050994735782091136,0.0061239401551780228,-0.028974549763884028,-1,nan,nan,nan,nan
0.91849999999999998,0.01731240712385625,-0.0050790226167857855,0.0061166922535352327,-0.029009116315290129,-1,nan,nan,nan,nan
0.91875000000000007,0.017277461005782375,-0.0050585898117416241,0.0061094355970203757,-0.029044588740406496,-1,nan,nan,nan,nan
0.91900000000000004,0.01724251582751422,-0.0050381759091841652,0.006102169959165028,-0.029080967039247341,-1,nan,nan,nan,nan
0.91925000000000001,0.017207571882222428,-0.0050177816552209199,0.0060948951135007543,-0.029118251211805557,-1,nan,nan,nan,nan
0.91949999999999998,0.017172629463077654,-0.0049974077959593997,0.0060876108335591273,-0.029156441258077592,-1,nan,nan,nan,nan
0.91975000000000007,0.017137688863250542,-0.0049770550775071164,0.0060803168928717129,-0.029195537178079434,-1,nan,nan,nan,nan
0.92000000000000004,0.017102750375911777,-0.0049567242459716051,0.0060730130649700861,-0.029235538971796871,-1,nan,nan,nan,nan
0.92025000000000001,0.017067814294232007,-0.0049364160474603741,0.0060656991233858162,-0.02927644663922635,-1,nan,nan,nan,nan
0.92049999999999998,0.01703288091138189,-0.0049161312280809394,0.0060583748416504751,-0.029318260180374978,-1,nan,nan,nan,nan
0.92075000000000007,0.016997950520532063,-0.0048958705339408101,0.0060510399932956265,-0.029360979595249859,-1,nan,nan,nan,nan
0.92100000000000004,0.016963023414853218,-0.0048756347111475213,0.0060436943518528486,-0.029403884982517781,-1,nan,nan,nan,nan
0.92125000000000001,0.016928099453974801,-0.0048554233523660619,0.0060363380508043699,-0.029443498832417703,-1,nan,nan,nan,nan
0.92149999999999999,0.016893176831236919,-0.0048352316263636352,0.0060289726024366419,-0.029480094233861109,-1,nan,nan,nan,nan
0.92175000000000007,0.016858255557316813,-0.0048150595499419401,0.006021598003687437,-0.029517162757738191,-1,nan,nan,nan,nan
0.92200000000000004,0.01682333591998407,-0.0047949078778685254,0.0060142140210577722,-0.029555165277587392,-1,nan,nan,nan,nan
0.92225000000000001,0.016788418207008202,-0.0047747773649109123,0.0060068204210486451,-0.02959410179343358,-1,nan,nan,nan,nan
0.92249999999999999,0.016753502706158746,-0.004754668765836632,0.005999416970161057,-0.029633972305264322,-1,nan,nan,nan,nan
0.92275000000000007,0.01671858970520523,-0.0047345828354132067,0.0059920034348960117,-0.029674776813074288,-1,nan,nan,nan,nan
0.92300000000000004,0.016683679491917222,-0.0047145203284081841,0.005984579581754519,-0.029716515316867032,-1,nan,nan,nan,nan
0.92325000000000002,0.016648772354064249,-0.0046944819995890889,0.0059771451772375802,-0.029759187816642552,-1,nan,nan,nan,nan
0.92349999999999999,0.016613868579415846,-0.0046744686037234473,0.0059696999878461991,-0.02980279431239552,-1,nan,nan,nan,nan
0.92375000000000007,0.016578968455741545,-0.0046544808955787838,0.0059622437800813805,-0.029847334804143699,-1,nan,nan,nan,nan
0.92400000000000004,0.016544072270810901,-0.004634519629922648,0.0059547763204441263,-0.029892809291872879,-1,nan,nan,nan,nan
0.92425000000000002,0.01650918031239345,-0.0046145855615225594,0.0059472973754354456,-0.029939217775581284,-1,nan,nan,nan,nan
0.92449999999999999,0.016474292868258727,-0.004594679445146051,0.0059398067115563379,-0.02998655059431421,-1,nan,nan,nan,nan
0.92475000000000007,0.016439410220780413,-0.0045748020205038419,0.0059323041001382859,-0.030032092937883448,-1,nan,nan,nan,nan
0.92500000000000004,0.016404531138653158,-0.0045549498084783684,0.005924790665087395,-0.030073735395104606,-1,nan,nan,nan,nan
0.92525000000000002,0.016369654713411241,-0.0045351202485297698,0.0059172672324407354,-0.030114210396892105,-1,nan,nan,nan,nan
0.92549999999999999,0.01633478122779863,-0.004515314108020729,0.0059097335598889507,-0.030155654636114804,-1,nan,nan,nan,nan
0.92575000000000007,0.016299910964559274,-0.0044955321543139236,0.0059021894051226754,-0.030198068112794019,-1,nan,nan,nan,nan
0.92600000000000005,0.016265044206437158,-0.0044757751547720532,0.0058946345258325521,-0.030241450826911986,-1,nan,nan,nan,nan
0.92625000000000002,0.016230181236176238,-0.0044560438767577955,0.0058870686797092217,-0.030285802778481141,-1,nan,nan,nan,nan
0.92649999999999999,0.016195322336520462,-0.0044363390876338343,0.0058794916244433136,-0.03033112396748372,-1,nan,nan,nan,nan
0.92675000000000007,0.016160467790213798,-0.004416661554762843,0.0058719031177254782,-0.03037741439393038,-1,nan,nan,nan,nan
0.92700000000000005,0.01612561788000022,-0.0043970120455075253,0.0058643029172463475,-0.03042467405783178,-1,nan,nan,nan,nan
0.92725000000000002,0.016090772888623685,-0.0043773913272305573,0.0058566907806965642,-0.030472902959166603,-1,nan,nan,nan,nan
0.92749999999999999,0.016055933098828152,-0.0043578001672946219,0.0058490664657667654,-0.030522101097949061,-1,nan,nan,nan,nan
0.92775000000000007,0.016021098793357572,-0.004338239333062396,0.0058414297301475878,-0.030572268474172049,-1,nan,nan,nan,nan
0.92800000000000005,0.015986270254955935,-0.0043187095918965799,0.0058337803315296772,-0.030623405087844446,-1,nan,nan,nan,nan
0.92825000000000002,0.015951447766367186,-0.0042992117111598496,0.0058261180276036675,-0.030674095162735782,-1,nan,nan,nan,nan
0.92849999999999999,0.015916630880302943,-0.0042797443124063224,0.0058184432839483106,-0.030720832032665513,-1,nan,nan,nan,nan
0.92874999999999996,0.015881818063227433,-0.0042603028400527614,0.0058107576115873361,-0.030764887262440865,-1,nan,nan,nan,nan
0.92900000000000005,0.015847009507741781,-0.0042408878271076051,0.0058030608403170881,-0.030809789053684256,-1,nan,nan,nan,nan
0.92925000000000002,0.015812205491740398,-0.0042215000576194131,0.0057953527170604927,-0.030855703153255476,-1,nan,nan,nan,nan
0.92949999999999999,0.015777406293117649,-0.0042021403156367234,0.0057876329887404628,-0.030902629561145645,-1,nan,nan,nan,nan
0.92974999999999997,0.015742612189767923,-0.0041828093852080816,0.0057799014022799208,-0.030950568277358315,-1,nan,nan,nan,nan
0.93000000000000005,0.015707823459585588,-0.0041635080503820247,0.0057721577046017814,-0.030999519301902367,-1,nan,nan,nan,nan
0.93025000000000002,0.015673040380465051,-0.0041442370952071142,0.005764401642628968,-0.031049482634761816,-1,nan,nan,nan,nan
0.93049999999999999,0.015638263230300691,-0.0041249973037318869,0.0057566329632844021,-0.031100458275943765,-1,nan,nan,nan,nan
0.93074999999999997,0.015603492286986884,-0.0041057894600048887,0.0057488514134909977,-0.031152446225448216,-1,nan,nan,nan,nan
0.93100000000000005,0.015568727828418007,-0.0040866143480746573,0.0057410567401716753,-0.03120544648327872,-1,nan,nan,nan,nan
0.93125000000000002,0.015533970132488469,-0.0040674727519897534,0.0057332486902493575,-0.031259459049426397,-1,nan,nan,nan,nan
0.93149999999999999,0.015499219477092641,-0.0040483654557987138,0.0057254270106469642,-0.031314483923898351,-1,nan,nan,nan,nan
0.93174999999999997,0.015464476140124904,-0.0040292932435500844,0.00571759144828741,-0.031369539333406138,-1,nan,nan,nan,nan
0.93200000000000005,0.015429739935516662,-0.0040102554535561439,0.0057097422409802586,-0.031420653398358311,-1,nan,nan,nan,nan
0.93225000000000002,0.015395009257072014,-0.0039912470138955556,0.0057018811215882297,-0.031468409635719397,-1,nan,nan,nan,nan
0.9325,0.015360284178408696,-0.0039722681060838944,0.0056940080361624007,-0.031516805412785232,-1,nan,nan,nan,nan
0.93274999999999997,0.015325564972963984,-0.0039533195352003036,0.0056861227188818395,-0.031566264473580574,-1,nan,nan,nan,nan
0.93300000000000005,0.015290851914175134,-0.0039344021063239185,0.0056782249039256079,-0.031616786818121412,-1,nan,nan,nan,nan
0.93325000000000002,0.015256145275479456,-0.0039155166245339011,0.0056703143254727773,-0.031668372446400639,-1,nan,nan,nan,nan
0.9335,0.015221445330314203,-0.0038966638949093852,0.0056623907177024094,-0.031721021358427137,-1,nan,nan,nan,nan
0.93374999999999997,0.01518675235211665,-0.0038778447225295163,0.0056544538147935662,-0.031774733554190249,-1,nan,nan,nan,nan
0.93400000000000005,0.015152066614324056,-0.0038590599124734299,0.0056465033509253129,-0.03182950903369175,-1,nan,nan,nan,nan
0.93425000000000002,0.015117388390373724,-0.0038403102698202859,0.0056385390602767191,-0.031885347796936969,-1,nan,nan,nan,nan
0.9345,0.015082717953702912,-0.0038215965996492209,0.0056305606770268458,-0.031942249843924131,-1,nan,nan,nan,nan
0.93474999999999997,0.015048055577748897,-0.0038029197070393777,0.0056225679353547591,-0.032000215174647906,-1,nan,nan,nan,nan
0.93500000000000005,0.015013401535948932,-0.0037842803970698936,0.0056145605694395192,-0.032059243789118952,46,0.93500000000000005,0.0056145605694395192,-0.032059243789118952,0.032059243789118952
0.93525000000000003,0.014978756101740326,-0.0037656794748199287,0.0056065383134601982,-0.032118163279298173,-1,nan,nan,nan,nan
0.9355,0.014944119043144594,-0.0037471160675448503,0.0055985014877998722,-0.032172806982572411,-1,nan,nan,nan,nan
0.93574999999999997,0.014909488829633822,-0.0037285850096959931,0.0055904519099689142,-0.032224005918845222,-1,nan,nan,nan,nan
0.93600000000000005,0.014874865570561255,-0.0037100866008803616,0.0055823894848404474,-0.032275956704983955,-1,nan,nan,nan,nan
0.93625000000000003,0.014840249534989657,-0.0036916216717568155,0.0055743139316164203,-0.032329030683333926,-1,nan,nan,nan,nan
0.9365,0.014805640991981752,-0.0036731910529841879,0.0055662249694987823,-0.032383227853891583,-1,nan,nan,nan,nan
0.93674999999999997,0.014771040210600274,-0.0036547955752213217,0.0055581223176894758,-0.032438548216664032,-1,nan,nan,nan,nan
0.93700000000000006,0.014736447459907948,-0.0036364360691270511,0.0055500056953904486,-0.032494991771640613,-1,nan,nan,nan,nan
0.93725000000000003,0.014701863008967543,-0.0036181133653602347,0.0055418748218036542,-0.032552558518826658,-1,nan,nan,nan,nan
0.9375,0.014667287126841779,-0.0035998282945797063,0.005533729416131037,-0.032611248458225717,-1,nan,nan,nan,nan
0.93774999999999997,0.014632720082593394,-0.0035815816874443084,0.0055255691975745428,-0.032671061589836015,-1,nan,nan,nan,nan
0.93800000000000006,0.014598162145285108,-0.0035633743746128752,0.0055173938853361167,-0.032731997913653998,-1,nan,nan,nan,nan
0.93825000000000003,0.014563613583979694,-0.0035452071867442658,0.0055092031986177141,-0.032794057429683221,-1,nan,nan,nan,nan
0.9385,0.014529074667739868,-0.0035270809544973138,0.0055009968566212767,-0.032857240137923682,-1,nan,nan,nan,nan
0.93874999999999997,0.014494545665628371,-0.0035089965085308614,0.0054927745785487547,-0.032919309068564218,-1,nan,nan,nan,nan
0.93900000000000006,0.014460025970633929,-0.0034909515664599436,0.0054845372020869924,-0.032976476999632354,-1,nan,nan,nan,nan
0.93925000000000003,0.014425514358489809,-0.0034729416783919357,0.0054762863400489373,-0.033030952024056148,-1,nan,nan,nan,nan
0.9395,0.014391011069375046,-0.0034549676172251124,0.0054680217260749666,-0.033086556036106884,-1,nan,nan,nan,nan
0.93974999999999997,0.014356516368295671,-0.003437030244233902,0.0054597430620308852,-0.033143352584954044,-1,nan,nan,nan,nan
0.94000000000000006,0.014322030520257698,-0.003419130420692724,0.0054514500497824872,-0.033201341670602957,-1,nan,nan,nan,nan
0.94025000000000003,0.014287553790267185,-0.0034012690078760216,0.0054431423911955818,-0.033260523293042965,-1,nan,nan,nan,nan
0.9405,0.01425308644333015,-0.0033834468670582152,0.0054348197881359675,-0.033320897452281173,-1,nan,nan,nan,nan
0.94074999999999998,0.014218628744452618,-0.0033656648595137319,0.0054264819424694431,-0.033382464148312252,-1,nan,nan,nan,nan
0.94100000000000006,0.014184180958640609,-0.003347923846516992,0.0054181285560618089,-0.033445223381141531,-1,nan,nan,nan,nan
0.94125000000000003,0.01414974335090018,-0.0033302246893424383,0.0054097593307788705,-0.033509175150770787,-1,nan,nan,nan,nan
0.9415,0.014115316186237344,-0.003312568249264492,0.0054013739684864257,-0.033574319457187585,-1,nan,nan,nan,nan
0.94174999999999998,0.014080899729658135,-0.0032949553875575789,0.0053929721710502783,-0.033640656300402583,-1,nan,nan,nan,nan
0.94200000000000006,0.014046494246168566,-0.0032773869654961203,0.0053845536403362227,-0.033708570807068128,-1,nan,nan,nan,nan
0.94225000000000003,0.014012099970434013,-0.0032598641991405256,0.0053761178856467431,-0.033785278243309236,-1,nan,nan,nan,nan
0.9425,0.013977716429905944,-0.0032423944274768031,0.0053676610012145702,-0.033869952605893872,-1,nan,nan,nan,nan
0.94274999999999998,0.013943343337781812,-0.0032249775190942142,0.0053591829093437987,-0.033951174929731209,-1,nan,nan,nan,nan
0.94300000000000006,0.013908980643485508,-0.0032076098159861026,0.005350685413749702,-0.034025182392472431,-1,nan,nan,nan,nan
0.94325000000000003,0.013874628296440957,-0.0031902876601458334,0.0053421703181475615,-0.03409197499411043,-1,nan,nan,nan,nan
0.94350000000000001,0.013840286246072047,-0.0031730073935667498,0.0053336394262526489,-0.034151552734654089,-1,nan,nan,nan,nan
0.94374999999999998,0.013805954441802675,-0.0031557653582422029,0.005325094541780236,-0.034203915614105185,-1,nan,nan,nan,nan
0.94400000000000006,0.013771632833056723,-0.0031385578961655347,0.0053165374684455945,-0.034249063632456611,-1,nan,nan,nan,nan
0.94425000000000003,0.013737321369258124,-0.0031213813493301125,0.0053079700099640057,-0.034286996789711921,-1,nan,nan,nan,nan
0.94450000000000001,0.013703019999830758,-0.003104232059729279,0.0052993939700507397,-0.034317715085869338,-1,nan,nan,nan,nan
0.94474999999999998,0.013668728674198528,-0.0030871063693563836,0.0052908111524210726,-0.034341218520932415,-1,nan,nan,nan,nan
0.94500000000000006,0.013634447341785315,-0.0030700006202047706,0.0052822233607902717,-0.034357507094897599,-1,nan,nan,nan,nan
0.94525000000000003,0.013600175952015049,-0.0030529111542678057,0.005273632398873622,-0.034366580807763114,-1,nan,nan,nan,nan
0.94550000000000001,0.013565914454311614,-0.0030358343135388319,0.0052650400703863915,-0.034399224377073878,-1,nan,nan,nan,nan
0.94574999999999998,0.013531667489766645,-0.0030188019163964706,0.005256432786685087,-0.034504649746262217,-1,nan,nan,nan,nan
0.94600000000000006,0.01349744192128333,-0.0030018664302568134,0.0052477877455132582,-0.034639554264966677,-1,nan,nan,nan,nan
0.94625000000000004,0.013463234746607699,-0.0029850087275024952,0.0052391130095526019,-0.034740883097192921,-1,nan,nan,nan,nan
0.94650000000000001,0.013429042756610129,-0.002968208148680802,0.0052304173039646636,-0.034807311283232778,-1,nan,nan,nan,nan
0.94674999999999998,0.013394862742161003,-0.0029514440343390278,0.0052217093539109879,-0.034838838823079143,-1,nan,nan,nan,nan
0.94700000000000006,0.013360691494130701,-0.0029346957250244586,0.0052129978845531213,-0.034835465716744451,-1,nan,nan,nan,nan
0.94725000000000004,0.013326525803389633,-0.0029179425612844041,0.0052042916210526145,-0.034797191964218044,-1,nan,nan,nan,nan
0.94750000000000001,0.01329236246080818,-0.0029011638836661502,0.0051955992885710147,-0.034724017565499921,-1,nan,nan,nan,nan
0.94774999999999998,0.013258198257256725,-0.0028843390327169915,0.0051869296122698666,-0.034615942520597187,-1,nan,nan,nan,nan
0.94800000000000006,0.013224029983605641,-0.0028674473489842135,0.005178291317310714,-0.034472966829504514,-1,nan,nan,nan,nan
0.94825000000000004,0.01318985443072535,-0.0028504681730151258,0.0051696931288551119,-0.034295090492223679,-1,nan,nan,nan,nan
0.94850000000000001,0.013155668389486223,-0.0028333808453570148,0.0051611437720646041,-0.034082313508756457,-1,nan,nan,nan,nan
0.94874999999999998,0.013121468650758646,-0.0028161647065571747,0.0051526519721007353,-0.033846033461657044,-1,nan,nan,nan,nan
0.94900000000000007,0.013087254894899664,-0.0027988133842321182,0.0051442207553337727,-0.033642602567077518,-1,nan,nan,nan,nan
0.94925000000000004,0.013053037216049491,-0.0027813758744151028,0.0051358306708171944,-0.033485658681316366,-1,nan,nan,nan,nan
0.94950000000000001,0.013018816496467354,-0.0027638606444811216,0.0051274779259931165,-0.033339150665455008,-1,nan,nan,nan,nan
0.94974999999999998,0.012984592354707386,-0.0027462701637384502,0.0051191610954844681,-0.03319834415787426,-1,nan,nan,nan,nan
0.95000000000000007,0.012950364409323709,-0.0027286069014953538,0.0051108787539141777,-0.033063239158568791,-1,nan,nan,nan,nan
0.95025000000000004,0.012916132278870486,-0.0027108733270601211,0.0051026294759051825,-0.032933835667543931,-1,nan,nan,nan,nan
0.95050000000000001,0.012881895581901837,-0.0026930719097410199,0.0050944118360804081,-0.032810133684794351,-1,nan,nan,nan,nan
0.95074999999999998,0.012847653936971895,-0.0026752051188463221,0.0050862244090627865,-0.032692133210328933,-1,nan,nan,nan,nan
0.95100000000000007,0.012813406962634779,-0.0026572754236842944,0.0050780657694752419,-0.032579834244142347,-1,nan,nan,nan,nan
0.95125000000000004,0.012779154277444655,-0.002639285293563227,0.0050699344919407138,-0.032473236786227488,-1,nan,nan,nan,nan
0.95150000000000001,0.012744895499955644,-0.0026212371977913851,0.0050618291510821298,-0.032372340836596791,-1,nan,nan,nan,nan
0.95174999999999998,0.012710630248721877,-0.0026031336056770425,0.0050537483215224175,-0.032277146395244927,-1,nan,nan,nan,nan
0.95200000000000007,0.012676358142297475,-0.0025849769865284645,0.0050456905778845052,-0.032182210425848012,-1,nan,nan,nan,nan
0.95225000000000004,0.012642078635136588,-0.0025667642025176034,0.0050376572163094921,-0.032060800548318724,-1,nan,nan,nan,nan
0.95250000000000001,0.01260779093288637,-0.0025484705776656746,0.0050296601776103475,-0.031916630718678007,-1,nan,nan,nan,nan
0.95274999999999999,0.012573495557806557,-0.0025300977559062463,0.0050216989009501554,-0.031778630842760336,-1,nan,nan,nan,nan
0.95300000000000007,0.012539193184982825,-0.0025116514606048938,0.005013770862188965,-0.031650727526626454,-1,nan,nan,nan,nan
0.95325000000000004,0.012504884489500897,-0.0024931374151272163,0.0050058735371868402,-0.031532920770276363,-1,nan,nan,nan,nan
0.95350000000000001,0.012470570146446446,-0.0024745613428387887,0.0049980044018038284,-0.031425210573711837,-1,nan,nan,nan,nan
0.95374999999999999,0.012436250830905167,-0.0024559289671051941,0.0049901609318999864,-0.031327596936925772,-1,nan,nan,nan,nan
0.95400000000000007,0.012401927217962733,-0.0024372460112920065,0.0049823406033353635,-0.031240079859930603,-1,nan,nan,nan,nan
0.95425000000000004,0.012367599982704865,-0.0024185181987648272,0.0049745408919700191,-0.031162659342721,-1,nan,nan,nan,nan
0.95450000000000002,0.012333269800217239,-0.0023997512528892294,0.0049667592736640049,-0.03109533538529341,-1,nan,nan,nan,nan
0.95474999999999999,0.012298937345585544,-0.0023809508970307966,0.0049589932242773737,-0.031038107987651387,-1,nan,nan,nan,nan
0.95500000000000007,0.012264603293895457,-0.0023621228545551032,0.004951240219670177,-0.030990977149793153,47,0.95500000000000007,0.004951240219670177,-0.030990977149793153,0.030990977149793153
0.95525000000000004,0.0122302683202327,-0.0023432728488277494,0.0049434977357024753,-0.030944072347105944,-1,nan,nan,nan,nan
0.95550000000000002,0.012195931783206925,-0.0023243954162136737,0.004935768183496626,-0.030866404143640835,-1,nan,nan,nan,nan
0.95574999999999999,0.012161590241433956,-0.0023054611741726433,0.0049280645336306564,-0.030765254977783485,-1,nan,nan,nan,nan
0.95600000000000007,0.012127244059836456,-0.0022864729478209909,0.0049203855560077323,-0.03067123946788719,-1,nan,nan,nan,nan
0.95625000000000004,0.012092893899145238,-0.0022674360713518167,0.0049127289138967108,-0.030586570882579878,-1,nan,nan,nan,nan
0.95650000000000002,0.012058540420091085,-0.0022483558789581958,0.004905092270566444,-0.030511249221861547,-1,nan,nan,nan,nan
0.95674999999999999,0.012024184283404774,-0.0022292377048332111,0.0048974732892857814,-0.030445274485735752,-1,nan,nan,nan,nan
0.95700000000000007,0.011989826149817086,-0.0022100868831699382,0.004889869633323574,-0.030388646674204267,-1,nan,nan,nan,nan
0.95725000000000005,0.011955466680058834,-0.0021909087481614769,0.0048822789659486781,-0.030341365787256436,-1,nan,nan,nan,nan
0.95750000000000002,0.011921106534860795,-0.0021717086340009017,0.0048746989504299468,-0.030303431824901139,-1,nan,nan,nan,nan
0.95774999999999999,0.011886746374953756,-0.0021524918748812975,0.0048671272500362293,-0.030274844787140154,-1,nan,nan,nan,nan
0.95800000000000007,0.011852386861068487,-0.0021332638049957374,0.0048595615280363751,-0.030255604673969927,-1,nan,nan,nan,nan
0.95825000000000005,0.01181802865393581,-0.0021140297585373236,0.0048519994476992432,-0.030245711431740929,-1,nan,nan,nan,nan
0.95850000000000002,0.011783672414278886,-0.0020947950696378736,0.0048444386723205061,-0.030225709841058546,-1,nan,nan,nan,nan
0.95874999999999999,0.011749316046559131,-0.0020755428610016984,0.0048368865927787162,-0.030176132080393714,-1,nan,nan,nan,nan
0.95900000000000007,0.011714957464866149,-0.0020562562523055348,0.0048293506062803068,-0.030116221284368194,-1,nan,nan,nan,nan
0.95925000000000005,0.011680597316987534,-0.0020369403527144745,0.0048218284821365297,-0.030065233243364631,-1,nan,nan,nan,nan
0.95950000000000002,0.011646236250710835,-0.0020176002713935834,0.0048143179896586261,-0.030023167957379471,-1,nan,nan,nan,nan
0.95974999999999999,0.01161187491382362,-0.0019982411175079361,0.0048068168981578417,-0.029990025426410938,-1,nan,nan,nan,nan
0.95999999999999996,0.011577513954113451,-0.0019788680002226075,0.0047993229769454221,-0.029965805650460808,-1,nan,nan,nan,nan
0.96025000000000005,0.011543154019367882,-0.0019594860287026629,0.0047918339953326094,-0.029950508629530859,-1,nan,nan,nan,nan
0.96050000000000002,0.011508795757374506,-0.0019401003121131953,0.0047843477226306554,-0.029944134363617536,-1,nan,nan,nan,nan
0.96074999999999999,0.011474439815920874,-0.0019207159596192696,0.0047768619281508022,-0.029946682852727946,-1,nan,nan,nan,nan
0.96099999999999997,0.011440086842794548,-0.0019013380803859605,0.0047693743812042937,-0.02995815409685143,-1,nan,nan,nan,nan
0.96125000000000005,0.011405737485783083,-0.0018819717835783342,0.0047618828511023746,-0.029978548095998647,-1,nan,nan,nan,nan
0.96150000000000002,0.01137139239267407,-0.0018626221783614825,0.0047543851071562932,-0.030003022688745773,-1,nan,nan,nan,nan
0.96174999999999999,0.011337051512218565,-0.0018432888327025577,0.0047468813397580035,-0.030004128412974396,-1,nan,nan,nan,nan
0.96199999999999997,0.011302711528775348,-0.0018239454428757335,0.0047393830429498076,-0.029982329742423985,-1,nan,nan,nan,nan
0.96225000000000005,0.011268372456391869,-0.0018045921066182889,0.0047318901748867898,-0.029965004541507412,-1,nan,nan,nan,nan
0.96250000000000002,0.011234034930690568,-0.0017852338493324637,0.004724400540679052,-0.029956458900212368,-1,nan,nan,nan,nan
0.96274999999999999,0.011199699587293842,-0.0017658756964204724,0.0047169119454366854,-0.029956692818537078,-1,nan,nan,nan,nan
0.96299999999999997,0.011165367061824106,-0.0017465226732845368,0.0047094221942697847,-0.029965706296486871,-1,nan,nan,nan,nan
0.96325000000000005,0.011131037989903753,-0.0017271798053268717,0.0047019290922884404,-0.029983499334056418,-1,nan,nan,nan,nan
0.96350000000000002,0.011096713007155227,-0.0017078521179497163,0.0046944304446027551,-0.030010071931238613,-1,nan,nan,nan,nan
0.96375,0.011062392749200929,-0.001688544636555285,0.0046869240563228226,-0.030045424088040562,-1,nan,nan,nan,nan
0.96399999999999997,0.011028077851663272,-0.0016692623865458003,0.0046794077325587359,-0.03008955580446937,-1,nan,nan,nan,nan
0.96425000000000005,0.010993768950164649,-0.0016500103933234759,0.0046718792784205864,-0.030142467080516155,-1,nan,nan,nan,nan
0.96450000000000002,0.010959466680327505,-0.0016307936822905521,0.0046643364990184765,-0.030203296899568244,-1,nan,nan,nan,nan
0.96475,0.010925171556533707,-0.0016116162965921004,0.0046567776299708038,-0.030247854097275706,-1,nan,nan,nan,nan
0.96499999999999997,0.010890880803272858,-0.0015924556593331777,0.0046492125719698402,-0.030266030593296023,-1,nan,nan,nan,nan
0.96525000000000005,0.010856593494345338,-0.0015733042649970299,0.0046416446146741539,-0.03028207671394334,-1,nan,nan,nan,nan
0.96550000000000002,0.010822310254495126,-0.0015541671872693907,0.0046340715336128675,-0.030307020718128186,-1,nan,nan,nan,nan
0.96575,0.010788031708466152,-0.0015350494998359698,0.0046264911043150912,-0.030340862605859442,-1,nan,nan,nan,nan
0.96599999999999997,0.010753758481002362,-0.0015159562763824837,0.0046189011023099391,-0.030383602377128227,-1,nan,nan,nan,nan
0.96625000000000005,0.010719491196847692,-0.0014968925905946412,0.0046112993031265257,-0.030435240031932764,-1,nan,nan,nan,nan
0.96650000000000003,0.010685230480746119,-0.0014778635161581772,0.0046036834822939712,-0.030495775570278383,-1,nan,nan,nan,nan
0.96675,0.010650976957441575,-0.0014588741267587994,0.0045960514153413883,-0.030565208992159754,-1,nan,nan,nan,nan
0.96699999999999997,0.010616731251678011,-0.0014399294960822256,0.0045884008777978928,-0.030643540297582206,-1,nan,nan,nan,nan
0.96725000000000005,0.010582493988199356,-0.0014210346978141646,0.0045807296451925959,-0.030730769486543963,-1,nan,nan,nan,nan
0.96750000000000003,0.010548265791749589,-0.0014021948056403503,0.0045730354930546193,-0.030826652452050851,-1,nan,nan,nan,nan
0.96775,0.010514047254908933,-0.0013834146169757874,0.0045653163189665726,-0.030908867615014657,-1,nan,nan,nan,nan
0.96799999999999997,0.010479836053974853,-0.0013646739354806268,0.0045575810592471131,-0.030963253013455372,-1,nan,nan,nan,nan
0.96825000000000006,0.010445630884724007,-0.0013459614998043222,0.0045498346924598421,-0.031012322057685893,-1,nan,nan,nan,nan
0.96850000000000003,0.010411432361732099,-0.0013272825652955612,0.004542074898218269,-0.031070672647896203,-1,nan,nan,nan,nan
0.96875,0.010377241099574797,-0.0013086423873030059,0.0045342993561358954,-0.031138304784086301,-1,nan,nan,nan,nan
0.96899999999999997,0.010343057712827784,-0.0012900462211753285,0.0045265057458262273,-0.03121521846625086,-1,nan,nan,nan,nan
0.96925000000000006,0.010308882816066726,-0.001271499322261191,0.004518691746902768,-0.031301413694402314,-1,nan,nan,nan,nan
0.96950000000000003,0.010274717023867331,-0.0012530069459092809,0.0045108550389790251,-0.031396890468528227,-1,nan,nan,nan,nan
0.96975,0.010240560950805272,-0.0012345743474682614,0.0045029933016685056,-0.031501648788630376,-1,nan,nan,nan,nan
0.96999999999999997,0.010206415211456226,-0.0012162067822868029,0.0044951042145847117,-0.031615688654717644,-1,nan,nan,nan,nan
0.97025000000000006,0.010172280420395859,-0.0011979095057135685,0.0044871854573411453,-0.031739010066777595,-1,nan,nan,nan,nan
0.97050000000000003,0.010138157192199888,-0.0011796877730972455,0.0044792347095513208,-0.031870781421792671,-1,nan,nan,nan,nan
0.97075,0.010104046042712816,-0.0011615459094523148,0.0044712500666302503,-0.031984698023967084,-1,nan,nan,nan,nan
0.97099999999999997,0.010069944451598624,-0.0011434597305199448,0.0044632423605393398,-0.032069288559835485,-1,nan,nan,nan,nan
0.97125000000000006,0.010035851528694285,-0.0011254206839936224,0.0044552154223503311,-0.032151194673696537,-1,nan,nan,nan,nan
0.97150000000000003,0.010001767879290715,-0.0011074343528857352,0.0044471667632024897,-0.032243056230530698,-1,nan,nan,nan,nan
0.97175,0.0099676941086787822,-0.0010895063202086468,0.0044390938942350678,-0.032344873230332638,-1,nan,nan,nan,nan
0.97199999999999998,0.0099336308221493787,-0.0010716421689747296,0.0044309943265873246,-0.032456645673105911,-1,nan,nan,nan,nan
0.97225000000000006,0.0098995786249933739,-0.001053847482196347,0.0044228655713985134,-0.032578373558848739,-1,nan,nan,nan,nan
0.97250000000000003,0.0098655381225016825,-0.0010361278428858863,0.0044147051398078984,-0.032710056887561123,-1,nan,nan,nan,nan
0.97275,0.0098315099199651809,-0.0010184888340557118,0.0044065105429547348,-0.032851695659246616,-1,nan,nan,nan,nan
0.97299999999999998,0.0097974946226747489,-0.0010009360387181949,0.0043982792919782772,-0.033003289873903441,-1,nan,nan,nan,nan
0.97325000000000006,0.0097634928359212631,-0.00098347503988570014,0.0043900088980177816,-0.033164839531524493,-1,nan,nan,nan,nan
0.97350000000000003,0.0097295051649956398,-0.000966111420570614,0.0043816968722125132,-0.033331067360800049,-1,nan,nan,nan,nan
0.97375,0.0096955316688861256,-0.00094884494021135973,0.0043733433643373832,-0.033469071250271654,-1,nan,nan,nan,nan
0.97399999999999998,0.0096615695242169373,-0.00093164485104217773,0.0043649623365873795,-0.033578854550384563,-1,nan,nan,nan,nan
0.97425000000000006,0.0096276187317171861,-0.00091451085759280807,0.0043565539370621891,-0.033693827241371821,-1,nan,nan,nan,nan
0.97450000000000003,0.009593679887980492,-0.00089744904204710704,0.0043481154229666925,-0.033819771112867159,-1,nan,nan,nan,nan
0.97475000000000001,0.009559753589600423,-0.00088046548658890836,0.0043396440515057573,-0.033956686164874128,-1,nan,nan,nan,nan
0.97499999999999998,0.0095258404331705661,-0.00086356627340205291,0.0043311370798842569,-0.034104572397396282,48,0.97499999999999998,0.0043311370798842569,-0.034104572397396282,0.034104572397396282
0.97525000000000006,0.0094919410152844892,-0.00084675748467037497,0.0043225917653070571,-0.034263429810431845,-1,nan,nan,nan,nan
0.97550000000000003,0.0094580559325358107,-0.00083004520257773005,0.0043140053649790401,-0.034433258403971934,-1,nan,nan,nan,nan
0.97575000000000001,0.0094241857815180984,-0.0008134355093079522,0.0043053751361050727,-0.034614058178027207,-1,nan,nan,nan,nan
0.97599999999999998,0.0093903311588249411,-0.00079693448704488252,0.0042966983358900292,-0.034805829132587007,-1,nan,nan,nan,nan
0.97625000000000006,0.0093564926610499085,-0.00078054821797235484,0.004287972221538777,-0.035008571267665545,-1,nan,nan,nan,nan
0.97650000000000003,0.0093226708847866137,-0.00076428278427422502,0.0042791940502561942,-0.035198600756372045,-1,nan,nan,nan,nan
0.97675000000000001,0.0092888643485079577,-0.00074811850618677163,0.0042703729211605928,-0.035349746630195966,-1,nan,nan,nan,nan
0.97699999999999998,0.009255071306236505,-0.0007320329523543091,0.0042615191769410981,-0.035486392962921443,-1,nan,nan,nan,nan
0.97725000000000006,0.0092212923445633335,-0.00071603289520507502,0.0042526297246791292,-0.035635433766330493,-1,nan,nan,nan,nan
0.97750000000000004,0.009187528052069082,-0.00070012513195322028,0.0042437014600579309,-0.035796891836788802,-1,nan,nan,nan,nan
0.97775000000000001,0.0091537790173343483,-0.000684316459812874,0.004234731278760737,-0.035970767174298146,-1,nan,nan,nan,nan
0.97799999999999998,0.00912004582893974,-0.00066861367599817289,0.0042257160764707837,-0.036157059778863854,-1,nan,nan,nan,nan
0.97825000000000006,0.0090863290754658512,-0.00065302357772324628,0.0042166527488713022,-0.036355769650485925,-1,nan,nan,nan,nan
0.97850000000000004,0.0090526293454933227,-0.00063755296220224431,0.0042075381916455391,-0.036566896789157255,-1,nan,nan,nan,nan
0.97875000000000001,0.0090189472276027503,-0.00062220862664929676,0.0041983693004767264,-0.03679044119487962,-1,nan,nan,nan,nan
0.97899999999999998,0.0089852833103747417,-0.0006069973682785399,0.0041891429710481012,-0.037026402867658348,-1,nan,nan,nan,nan
0.97925000000000006,0.0089516381823898927,-0.00059192598430410348,0.0041798560990428946,-0.037262324223551246,-1,nan,nan,nan,nan
0.97950000000000004,0.008918011534167547,-0.0005769879162948983,0.0041705118089363242,-0.037455516647764142,-1,nan,nan,nan,nan
0.97975000000000001,0.0088844008404182044,-0.00056214415898017537,0.0041611283407190147,-0.037615764734386659,-1,nan,nan,nan,nan
0.97999999999999998,0.0088508064181572269,-0.00054739856501896103,0.0041517039265691327,-0.037786769188445035,-1,nan,nan,nan,nan
0.98025000000000007,0.0088172288483960738,-0.00053275893614649478,0.0041422349561247894,-0.037972215090047001,-1,nan,nan,nan,nan
0.98050000000000004,0.0087836687121462496,-0.0005182330740980351,0.0041327178190241074,-0.038172102439194333,-1,nan,nan,nan,nan
0.98075000000000001,0.0087501265904192105,-0.0005038287806088214,0.0041231489049051943,-0.038386431235887031,-1,nan,nan,nan,nan
0.98099999999999998,0.0087166030642264296,-0.00048955385741409913,0.0041135246034061657,-0.038615201480125094,-1,nan,nan,nan,nan
0.98125000000000007,0.0086830987145793664,-0.00047541610624910792,0.0041038413041651293,-0.0388584131719103,-1,nan,nan,nan,nan
0.98150000000000004,0.0086496141224895236,-0.00046142332884910591,0.0040940953968202085,-0.039116066311239095,-1,nan,nan,nan,nan
0.98175000000000001,0.0086161498689683556,-0.00044758332694933245,0.0040842832710095119,-0.039388160898115032,-1,nan,nan,nan,nan
0.98199999999999998,0.0085827065350273408,-0.0004339039022850335,0.0040744013163711533,-0.039664811267105193,-1,nan,nan,nan,nan
0.98225000000000007,0.0085492841308800645,-0.00042038240012814949,0.0040644508653759574,-0.039892912946413617,-1,nan,nan,nan,nan
0.98250000000000004,0.0085158801365564935,-0.00040697041676060648,0.0040544548598979435,-0.040075662536898093,-1,nan,nan,nan,nan
0.98275000000000001,0.0084824946606511641,-0.00039366859243614296,0.0040444130341075104,-0.040267591167905792,-1,nan,nan,nan,nan
0.98299999999999998,0.0084491282769991374,-0.00038048614837115095,0.0040343210643139929,-0.040476814561564822,-1,nan,nan,nan,nan
0.98325000000000007,0.0084157815594354674,-0.00036743230578201641,0.0040241746268267252,-0.040703332717884066,-1,nan,nan,nan,nan
0.98350000000000004,0.0083824550817952412,-0.00035451628588514263,0.0040139693979550492,-0.040947145636859972,-1,nan,nan,nan,nan
0.98375000000000001,0.0083491494179135095,-0.00034174730989691579,0.0040037010540082971,-0.041208253318494314,-1,nan,nan,nan,nan
0.98399999999999999,0.0083158651416253351,-0.00032913459903372759,0.003993365271295804,-0.041486655762788871,-1,nan,nan,nan,nan
0.98425000000000007,0.0082826028267657652,-0.00031668737451196426,0.0039829577261269004,-0.041782352969738312,-1,nan,nan,nan,nan
0.98450000000000004,0.0082493630471698939,-0.00030441485754802877,0.0039724740948109327,-0.042095344939340862,-1,nan,nan,nan,nan
0.98475000000000001,0.0082161463766727717,-0.00029232626935830729,0.0039619100536572322,-0.042409496478978959,-1,nan,nan,nan,nan
0.98499999999999999,0.0081829526626434959,-0.00028041396950060423,0.0039512693465714455,-0.042659953691811303,-1,nan,nan,nan,nan
0.98525000000000007,0.0081497795162455196,-0.00026861936262287151,0.0039405800768113237,-0.042857841301496613,-1,nan,nan,nan,nan
0.98550000000000004,0.0081166271885636382,-0.00025694633672224885,0.003929840425920695,-0.043070080195946048,-1,nan,nan,nan,nan
0.98575000000000002,0.008083496246708172,-0.00024540617328146501,0.0039190450367133532,-0.043303747835197193,-1,nan,nan,nan,nan
0.98599999999999999,0.0080503872577894504,-0.0002340101537832537,0.0039081885520030986,-0.043558844219251824,-1,nan,nan,nan,nan
0.98625000000000007,0.0080173007889177937,-0.00022276955971034396,0.0038972656146037247,-0.043835369348112607,-1,nan,nan,nan,nan
0.98650000000000004,0.0079842374072035607,-0.0002116956725454797,0.0038862708673290404,-0.044133323221774212,-1,nan,nan,nan,nan
0.98675000000000002,0.0079511976797570702,-0.00020079977377138975,0.0038751989529928403,-0.044452705840240192,-1,nan,nan,nan,nan
0.98699999999999999,0.007918182173688653,-0.00019009314487080804,0.0038640445144089226,-0.044793517203511435,-1,nan,nan,nan,nan
0.98725000000000007,0.007885191456108628,-0.00017958706732646378,0.003852802194391082,-0.045155757311587053,-1,nan,nan,nan,nan
0.98750000000000004,0.0078522260941273538,-0.00016929282262110026,0.0038414666357531268,-0.045495206789224696,-1,nan,nan,nan,nan
0.98775000000000002,0.0078192851521533095,-0.00015917597016036571,0.0038300545909964721,-0.045744727379149808,-1,nan,nan,nan,nan
0.98799999999999999,0.0077863668486660466,-0.00014917830453893782,0.0038185942720635542,-0.045950872457588332,-1,nan,nan,nan,nan
0.98825000000000007,0.0077534717165697606,-0.00013931340703441029,0.0038070791547676753,-0.046183933577149006,-1,nan,nan,nan,nan
0.98850000000000005,0.0077206003163406388,-0.00012959570579068412,0.0037955023052749772,-0.046444730032180637,-1,nan,nan,nan,nan
0.98875000000000002,0.0076877532084548223,-0.00012003962895164719,0.0037838567897515874,-0.046733261822686778,-1,nan,nan,nan,nan
0.98899999999999999,0.0076549309533884653,-0.00011065960466119175,0.0037721356743636368,-0.04704952894866743,-1,nan,nan,nan,nan
0.98925000000000007,0.0076221341116177082,-0.00010147006106320602,0.0037603320252772511,-0.047393531410120815,-1,nan,nan,nan,nan
0.98950000000000005,0.0075893632436187389,-9.248542630159047e-05,0.0037484389086585744,-0.047765269207046046,-1,nan,nan,nan,nan
0.98975000000000002,0.0075566189098676944,-8.3720128520233198e-05,0.0037364493906737305,-0.048164742339450228,-1,nan,nan,nan,nan
0.98999999999999999,0.0075239016708407306,-7.5188595863026495e-05,0.0037243565374888519,-0.048581856111332478,-1,nan,nan,nan,nan
0.99025000000000007,0.0074912118425495841,-6.689491731346179e-05,0.0037121584626180612,-0.04890512633490296,-1,nan,nan,nan,nan
0.99050000000000005,0.0074585472443452969,-5.8739295702501074e-05,0.0036999039743213979,-0.049117960398760374,-1,nan,nan,nan,nan
0.99075000000000002,0.0074259076657646741,-5.0708700927306529e-05,0.0036875994824186837,-0.049337099285732045,-1,nan,nan,nan,nan
0.99099999999999999,0.0073932936608409085,-4.2822811483839913e-05,0.0036752354246785343,-0.049594487098238105,-1,nan,nan,nan,nan
0.99125000000000008,0.007360705783607183,-3.5101305868059635e-05,0.0036628022388695619,-0.049890123836276778,-1,nan,nan,nan,nan
0.99150000000000005,0.0073281445880967215,-2.7563862575934298e-05,0.0036502903627603934,-0.050224009499847178,-1,nan,nan,nan,nan
0.99175000000000002,0.0072956106283427044,-2.0230160103422217e-05,0.0036376902341196411,-0.050596144088949302,-1,nan,nan,nan,nan
0.99199999999999999,0.0072631044583783286,-1.3119876946485146e-05,0.0036249922907159219,-0.051006527603583152,-1,nan,nan,nan,nan
0.99224999999999997,0.0072306266322367885,-6.2526916010848555e-06,0.003612186970317852,-0.051455160043750503,-1,nan,nan,nan,nan
0.99250000000000005,0.0071981777039512671,3.5171743681974588e-07,0.0035992647106940436,-0.05194180950539895,-1,nan,nan,nan,nan
0.99275000000000002,0.0071657582238691302,6.6739072611699027e-06,0.0035862160655651502,-0.052344504474417519,-1,nan,nan,nan,nan
0.99299999999999999,0.0071333667763640264,1.2818140549648619e-05,0.0035730924584568375,-0.052568260249702625,-1,nan,nan,nan,nan
0.99324999999999997,0.0071010022574229783,1.8861613457625316e-05,0.0035599319354403017,-0.052745380354290106,-1,nan,nan,nan,nan
0.99350000000000005,0.0070686652146822208,2.4774321877158055e-05,0.0035467197682796893,-0.052981413402267918,-1,nan,nan,nan,nan
0.99375000000000002,0.0070363561957780324,3.0526261700297059e-05,0.0035334412287391648,-0.053276359393635175,-1,nan,nan,nan,nan
0.99399999999999999,0.0070040757483466488,3.6087428819100456e-05,0.0035200815885828747,-0.053630218328394541,-1,nan,nan,nan,nan
0.99424999999999997,0.006971824420024318,4.1427819125623729e-05,0.0035066261195749707,-0.05404299020653891,-1,nan,nan,nan,nan
0.99450000000000005,0.0069396027584472785,4.6517428511924561e-05,0.0034930600934796018,-0.054514675028076276,-1,nan,nan,nan,nan
0.99475000000000002,0.006907411311251806,5.1326252870053872e-05,0.0034793687820609299,-0.05504527279300131,-1,nan,nan,nan,nan
0.995,0.006875250626074139,5.5824288092069494e-05,0.0034655374570831043,-0.055634783501314011,49,0.995,0.0034655374570831043,-0.055634783501314011,0.055634783501314011
0.99524999999999997,0.0068431212505505254,5.9981530070026867e-05,0.003451551390310276,-0.056508511290403796,-1,nan,nan,nan,nan
0.99550000000000005,0.0068110220555986679,6.3544347277129932e-05,0.0034372832014378991,-0.05778556591284012,-1,nan,nan,nan,nan
0.99575000000000002,0.0067789514942298715,6.6365720477835262e-05,0.0034226586073538533,-0.058966939810949803,-1,nan,nan,nan,nan
0.996,0.0067469102135592372,6.8689249505617412e-05,0.0034077997315324275,-0.059658479445638513,-1,nan,nan,nan,nan
0.99624999999999997,0.0067148988692536226,7.0759866008451925e-05,0.0033928293676310371,-0.059858844450660698,-1,nan,nan,nan,nan
0.99650000000000005,0.0066829181169798723,7.2822501634315414e-05,0.0033778703093070937,-0.059568034826011917,-1,nan,nan,nan,nan
0.99675000000000002,0.0066509686124048744,7.5122088031181686e-05,0.003363045350218028,-0.058786050571692172,-1,nan,nan,nan,nan
0.997,0.0066190510111954733,7.7903556847027245e-05,0.0033484772840212504,-0.057512891687709455,-1,nan,nan,nan,nan
0.99724999999999997,0.006587165969018525,8.1411839729827703e-05,0.0033342889043741762,-0.055748558174055773,-1,nan,nan,nan,nan
0.99750000000000005,0.0065553141415408776,8.589186832756085e-05,0.0033206030049342194,-0.053435098054279706,-1,nan,nan,nan,nan
0.99775000000000003,0.0065234961846067051,9.1646526087360859e-05,0.0033075713553470331,0.025000718387563126,-1,nan,nan,nan,nan
0.998,0.0064917128261265727,0.00017449390212942673,0.0033331033641279999,0.2353464023387275,-1,nan,nan,nan,nan
0.99824999999999997,0.0064599641320940574,0.00039052498093871015,0.0034252445565163838,0.48464428251677827,-1,nan,nan,nan,nan
0.99850000000000005,0.0064282498022947233,0.00072260120847816075,0.003575425505386442,0.69966445419163215,-1,nan,nan,nan,nan
0.99875000000000003,0.006396569536514179,0.001153584030710256,0.0037750767836122173,0.88040691736310261,-1,nan,nan,nan,nan
0.999,0.0063649230345379912,0.0016663348935978982,0.0040156289640679447,1.0268716720312812,-1,nan,nan,nan,nan
0.99924999999999997,0.0063333099961517389,0.0022437152431038655,0.0042885126196278017,1.1390587181961749,-1,nan,nan,nan,nan
0.99950000000000006,0.006301730121140988,0.0028685865251912232,0.0045851583231661056,1.2169680558578087,-1,nan,nan,nan,nan
0.99975000000000003,0.0062701831092913472,0.0035238101858221884,0.0048969966475567676,1.2605996850161159,-1,nan,nan,nan,nan
1,0.0062386686603883804,0.0041922476709598082,0.0052154581656740943,1.2738460724694471,-1,nan,nan,nan,nan
