problem_id,display_name,dimension,sequential_evaluations,total_evaluations,seed_1_normalized_hv,seed_2_normalized_hv,seed_3_normalized_hv,seed_4_normalized_hv,seed_5_normalized_hv,median_normalized_hv
WELDEDBEAM,Welded beam D4,4,0,20,1.1602288026958916,1.1710999867114127,1.1542194517354427,1.1616221668564068,1.1605577945562151,1.1605577945562151
WELDEDBEAM,Welded beam D4,4,1,21,1.1694158630470677,1.1710999867114127,1.1542194517354427,1.1616221668564068,1.1605577945562151,1.1616221668564068
WELDEDBEAM,Welded beam D4,4,2,22,1.1694158630470677,1.1710999867114127,1.1547619587267677,1.1616221668564068,1.1605577945562151,1.1616221668564068
WELDEDBEAM,Welded beam D4,4,3,23,1.1694158630470677,1.1710999867114127,1.1547619587267677,1.1616221668564068,1.1605577945562151,1.1616221668564068
WELDEDBEAM,Welded beam D4,4,4,24,1.1694158630470677,1.1731268837127187,1.1553861876411111,1.1616221668564068,1.1605577945562151,1.1616221668564068
WELDEDBEAM,Welded beam D4,4,5,25,1.1701451231098758,1.1744873945156391,1.1553861876411111,1.1616221668564068,1.1605577945562151,1.1616221668564068
WELDEDBEAM,Welded beam D4,4,6,26,1.1701451231098758,1.1744873945156391,1.1620604040322358,1.1616221668564068,1.1658957722522079,1.1658957722522079
WELDEDBEAM,Welded beam D4,4,7,27,1.1701451231098758,1.1753332717211218,1.1698781563943859,1.1616221668564068,1.1658957722522079,1.1698781563943859
WELDEDBEAM,Welded beam D4,4,8,28,1.1730278092148763,1.1753332717211218,1.1702749071937455,1.1616221668564068,1.1658957722522079,1.1702749071937455
WELDEDBEAM,Welded beam D4,4,9,29,1.1730278092148763,1.1753332717211218,1.1702749071937455,1.1616221668564068,1.1663163422929295,1.1702749071937455
WELDEDBEAM,Welded beam D4,4,10,30,1.1733748172483638,1.1753332717211218,1.1702749071937455,1.1616221668564068,1.1693722409914704,1.1702749071937455
WELDEDBEAM,Welded beam D4,4,11,31,1.1735992701770015,1.1753332717211218,1.1702749071937455,1.1616221668564068,1.1693722409914704,1.1702749071937455
WELDEDBEAM,Welded beam D4,4,12,32,1.1735992701770015,1.1753332717211218,1.1732685322023926,1.1616221668564068,1.1693722409914704,1.1732685322023926
WELDEDBEAM,Welded beam D4,4,13,33,1.1737180782452585,1.1753332717211218,1.1759072709419256,1.1616221668564068,1.1693722409914704,1.1737180782452585
WELDEDBEAM,Welded beam D4,4,14,34,1.1737180782452585,1.1753332717211218,1.1831071767257337,1.1616221668564068,1.1693722409914704,1.1737180782452585
WELDEDBEAM,Welded beam D4,4,15,35,1.1737180782452585,1.1753332717211218,1.1898672877185914,1.1616221668564068,1.1823951477433989,1.1753332717211218
WELDEDBEAM,Welded beam D4,4,16,36,1.1737855759405968,1.1753332717211218,1.1898672877185914,1.1616221668564068,1.1823951477433989,1.1753332717211218
WELDEDBEAM,Welded beam D4,4,17,37,1.1755086553861387,1.1753332717211218,1.1898672877185914,1.1616221668564068,1.1823951477433989,1.1755086553861387
WELDEDBEAM,Welded beam D4,4,18,38,1.1813386355492748,1.1753332717211218,1.1898672877185914,1.1765001978208094,1.1823951477433989,1.1813386355492748
WELDEDBEAM,Welded beam D4,4,19,39,1.1813386355492748,1.1753332717211218,1.1898672877185914,1.1765001978208094,1.1831237767555605,1.1813386355492748
WELDEDBEAM,Welded beam D4,4,20,40,1.1813386355492748,1.1753332717211218,1.1898672877185914,1.1765001978208094,1.1835365475959303,1.1813386355492748
WELDEDBEAM,Welded beam D4,4,21,41,1.1813386355492748,1.1753332717211218,1.1901748210919911,1.188214648165375,1.1841378672577196,1.1841378672577196
WELDEDBEAM,Welded beam D4,4,22,42,1.1814901778849645,1.1753332717211218,1.1901748210919911,1.188214648165375,1.1841378672577196,1.1841378672577196
WELDEDBEAM,Welded beam D4,4,23,43,1.1814901778849645,1.1756388215643172,1.1901945611386404,1.188214648165375,1.184699420142701,1.184699420142701
WELDEDBEAM,Welded beam D4,4,24,44,1.1814901778849645,1.1757203777607363,1.1901945611386404,1.188214648165375,1.184699420142701,1.184699420142701
WELDEDBEAM,Welded beam D4,4,25,45,1.1814901778849645,1.1757203777607363,1.1901945611386404,1.188214648165375,1.184699420142701,1.184699420142701
WELDEDBEAM,Welded beam D4,4,26,46,1.1816331031915321,1.1757203777607363,1.1902906447505675,1.188214648165375,1.1849223068536434,1.1849223068536434
WELDEDBEAM,Welded beam D4,4,27,47,1.1817371263227665,1.1757203777607363,1.1902906447505675,1.1904576708918406,1.18495276497674,1.18495276497674
WELDEDBEAM,Welded beam D4,4,28,48,1.1817371263227665,1.1757203777607363,1.1902906447505675,1.1904576708918406,1.18495276497674,1.18495276497674
WELDEDBEAM,Welded beam D4,4,29,49,1.1817371263227665,1.1757203777607363,1.1902906447505675,1.1904576708918406,1.18495276497674,1.18495276497674
WELDEDBEAM,Welded beam D4,4,30,50,1.1817490982236105,1.1757203777607363,1.1904477165518998,1.1927950484959455,1.18495276497674,1.18495276497674
WELDEDBEAM,Welded beam D4,4,31,51,1.1817490982236105,1.1757203777607363,1.199736700701465,1.1927950484959455,1.18495276497674,1.18495276497674
WELDEDBEAM,Welded beam D4,4,32,52,1.1817490982236105,1.1757203777607363,1.199736700701465,1.1927950484959455,1.18495276497674,1.18495276497674
WELDEDBEAM,Welded beam D4,4,33,53,1.1817741431365412,1.1757203777607363,1.199736700701465,1.1951652365782621,1.18495276497674,1.18495276497674
WELDEDBEAM,Welded beam D4,4,34,54,1.1817741431365412,1.1757231848978396,1.199736700701465,1.1951652365782621,1.18495276497674,1.18495276497674
WELDEDBEAM,Welded beam D4,4,35,55,1.1817741431365412,1.1757231848978396,1.199736700701465,1.1951652365782621,1.18495276497674,1.18495276497674
WELDEDBEAM,Welded beam D4,4,36,56,1.1817741431365412,1.1757231848978396,1.199736700701465,1.1951652365782621,1.1934095505284941,1.1934095505284941
WELDEDBEAM,Welded beam D4,4,37,57,1.1817741431365412,1.1757231848978396,1.199736700701465,1.1951652365782621,1.1936809062837415,1.1936809062837415
WELDEDBEAM,Welded beam D4,4,38,58,1.1818126718081712,1.1757231848978396,1.2000059478326763,1.1952143337306085,1.1936809062837415,1.1936809062837415
WELDEDBEAM,Welded beam D4,4,39,59,1.1818126718081712,1.1757231848978396,1.2000059478326763,1.1952143337306085,1.1936809062837415,1.1936809062837415
WELDEDBEAM,Welded beam D4,4,40,60,1.1818126718081712,1.1758300276551952,1.2000059478326763,1.1952143337306085,1.1936809062837415,1.1936809062837415
WELDEDBEAM,Welded beam D4,4,41,61,1.1818126718081712,1.1758986114273504,1.2000059478326763,1.1957501237957746,1.1936809062837415,1.1936809062837415
WELDEDBEAM,Welded beam D4,4,42,62,1.1818126718081712,1.1758986114273504,1.2000059478326763,1.1957501237957746,1.1936809062837415,1.1936809062837415
WELDEDBEAM,Welded beam D4,4,43,63,1.1818126718081712,1.1758986114273504,1.2000059478326763,1.1957501237957746,1.1936809062837415,1.1936809062837415
WELDEDBEAM,Welded beam D4,4,44,64,1.1818169443019548,1.1759283323908842,1.2000059478326763,1.1957501237957746,1.1938611305309288,1.1938611305309288
WELDEDBEAM,Welded beam D4,4,45,65,1.1818169443019548,1.1759283323908842,1.2001263421828907,1.1957501237957746,1.1938611305309288,1.1938611305309288
WELDEDBEAM,Welded beam D4,4,46,66,1.1818169443019548,1.1759283323908842,1.2001263421828907,1.1957501237957746,1.1938611305309288,1.1938611305309288
WELDEDBEAM,Welded beam D4,4,47,67,1.1818169443019548,1.1763990598073795,1.2001263421828907,1.19575012494358,1.1938611305309288,1.1938611305309288
WELDEDBEAM,Welded beam D4,4,48,68,1.1819171074527912,1.1768659520345779,1.2001263421828907,1.19575012494358,1.1938611305309288,1.1938611305309288
WELDEDBEAM,Welded beam D4,4,49,69,1.1819171074527912,1.1769827911289128,1.2001263421828907,1.19575012494358,1.1938611305309288,1.1938611305309288
WELDEDBEAM,Welded beam D4,4,50,70,1.1819171074527912,1.1769827911289128,1.2001263421828907,1.19575012494358,1.1938611305309288,1.1938611305309288
WELDEDBEAM,Welded beam D4,4,51,71,1.1819171074527912,1.1769827911289128,1.2001263421828907,1.19575012494358,1.1938611305309288,1.1938611305309288
WELDEDBEAM,Welded beam D4,4,52,72,1.1819171074527912,1.1769827911289128,1.2001263421828907,1.19575012494358,1.1938611305309288,1.1938611305309288
WELDEDBEAM,Welded beam D4,4,53,73,1.1819171074527912,1.1769827911289128,1.2001263421828907,1.19575012494358,1.1938611305309288,1.1938611305309288
WELDEDBEAM,Welded beam D4,4,54,74,1.1819171074527912,1.1769827911289128,1.2001263421828907,1.19575012494358,1.1938611305309288,1.1938611305309288
WELDEDBEAM,Welded beam D4,4,55,75,1.1819171074527912,1.1769827911289128,1.2004172629275611,1.19575012494358,1.1938611305309288,1.1938611305309288
WELDEDBEAM,Welded beam D4,4,56,76,1.1819171074527912,1.1770039000880264,1.2004172629275611,1.19575012494358,1.1938611305309288,1.1938611305309288
WELDEDBEAM,Welded beam D4,4,57,77,1.1819171074527912,1.1770039000880264,1.2016311077060826,1.1957776279850183,1.1938772908786857,1.1938772908786857
WELDEDBEAM,Welded beam D4,4,58,78,1.1820206074406654,1.1783606215965874,1.2016311077060826,1.1957776279850183,1.1938772908786857,1.1938772908786857
WELDEDBEAM,Welded beam D4,4,59,79,1.1820206074406654,1.1783606215965874,1.2016311077060826,1.1957776279850183,1.1938772908786857,1.1938772908786857
WELDEDBEAM,Welded beam D4,4,60,80,1.1820206074406654,1.1783606215965874,1.2016311077060826,1.1957829216481501,1.1938772908786857,1.1938772908786857
WELDEDBEAM,Welded beam D4,4,61,81,1.1820206074406654,1.1783606215965874,1.2016311077060826,1.1957829216481501,1.1938772908786857,1.1938772908786857
WELDEDBEAM,Welded beam D4,4,62,82,1.1820206074406654,1.1793713866810553,1.2016311077060826,1.1957829216481501,1.1938772908786857,1.1938772908786857
WELDEDBEAM,Welded beam D4,4,63,83,1.1820206074406654,1.1793733418403252,1.2016311077060826,1.1957829216481501,1.1938772908786857,1.1938772908786857
WELDEDBEAM,Welded beam D4,4,64,84,1.1820206074406654,1.1793733418403252,1.2016311077060826,1.1957829216481501,1.1947847229248538,1.1947847229248538
WELDEDBEAM,Welded beam D4,4,65,85,1.1820206074406654,1.1793733418403252,1.2016311077060826,1.1957829216481501,1.1948891249322375,1.1948891249322375
WELDEDBEAM,Welded beam D4,4,66,86,1.1820206074406654,1.1812578564902787,1.2016311077060826,1.1981468896715275,1.1948891249322375,1.1948891249322375
WELDEDBEAM,Welded beam D4,4,67,87,1.1820206074406654,1.1812578564902787,1.2016311077060826,1.1981468896715275,1.1948891249322375,1.1948891249322375
WELDEDBEAM,Welded beam D4,4,68,88,1.1820206074406654,1.1812578564902787,1.2016311077060826,1.1981468896715275,1.1948891249322375,1.1948891249322375
WELDEDBEAM,Welded beam D4,4,69,89,1.1820206074406654,1.1812578564902787,1.2016311077060826,1.1981468896715275,1.1948891249322375,1.1948891249322375
WELDEDBEAM,Welded beam D4,4,70,90,1.1820206074406654,1.1812578564902787,1.2016311077060826,1.1981468896715275,1.1948891249322375,1.1948891249322375
WELDEDBEAM,Welded beam D4,4,71,91,1.1820206074406654,1.1847926089964396,1.2016311077060826,1.1981468896715275,1.1948891249322375,1.1948891249322375
WELDEDBEAM,Welded beam D4,4,72,92,1.1820206074406654,1.1847926089964396,1.2016311077060826,1.1981468896715275,1.1948891249322375,1.1948891249322375
WELDEDBEAM,Welded beam D4,4,73,93,1.1821394014861537,1.1848165660870953,1.2016311077060826,1.1981934179844607,1.1948891249322375,1.1948891249322375
WELDEDBEAM,Welded beam D4,4,74,94,1.1821394014861537,1.1848165660870953,1.2016311077060826,1.1981934179844607,1.1948891249322375,1.1948891249322375
WELDEDBEAM,Welded beam D4,4,75,95,1.1821394014861537,1.1848165660870953,1.2018803261702109,1.1981934179844607,1.1948891249322375,1.1948891249322375
WELDEDBEAM,Welded beam D4,4,76,96,1.1821394014861537,1.1848165660870953,1.2018803261702109,1.1981934179844607,1.1949133031216832,1.1949133031216832
WELDEDBEAM,Welded beam D4,4,77,97,1.1821394014861537,1.1850280679152241,1.2018803261702109,1.1981934179844607,1.1949133031216832,1.1949133031216832
WELDEDBEAM,Welded beam D4,4,78,98,1.1821394014861537,1.1850280679152241,1.2018803261702109,1.1981934179844607,1.1949133031216832,1.1949133031216832
WELDEDBEAM,Welded beam D4,4,79,99,1.1821394014861537,1.1850280679152241,1.2018803261702109,1.1981934179844607,1.1949133031216832,1.1949133031216832
WELDEDBEAM,Welded beam D4,4,80,100,1.1821820077575247,1.1850280679152241,1.2018803261702109,1.1981934179844607,1.195599377927073,1.195599377927073
WELDEDBEAM,Welded beam D4,4,81,101,1.1821820077575247,1.185208642294119,1.2018803261702109,1.1981934179844607,1.195599377927073,1.195599377927073
WELDEDBEAM,Welded beam D4,4,82,102,1.1821820077575247,1.185208642294119,1.2018803261702109,1.1981934179844607,1.195599377927073,1.195599377927073
WELDEDBEAM,Welded beam D4,4,83,103,1.1821820077575247,1.2002352379386196,1.2018803261702109,1.1981934179844607,1.195599377927073,1.1981934179844607
WELDEDBEAM,Welded beam D4,4,84,104,1.1821820077575247,1.2002657395792087,1.2018803261702109,1.1981934179844607,1.195599377927073,1.1981934179844607
WELDEDBEAM,Welded beam D4,4,85,105,1.1821820077575247,1.2002942304040536,1.2018803261702109,1.1982135420828222,1.195599377927073,1.1982135420828222
WELDEDBEAM,Welded beam D4,4,86,106,1.1821820077575247,1.2003562440292459,1.2019964160700003,1.1982135420828222,1.195599377927073,1.1982135420828222
WELDEDBEAM,Welded beam D4,4,87,107,1.1821820077575247,1.2003562440292459,1.2019964160700003,1.1982135420828222,1.195599377927073,1.1982135420828222
WELDEDBEAM,Welded beam D4,4,88,108,1.1821820077575247,1.2003562440292459,1.2019964160700003,1.1982135420828222,1.195599377927073,1.1982135420828222
WELDEDBEAM,Welded beam D4,4,89,109,1.1821820077575247,1.2003562440292459,1.2019964160700003,1.1982135420828222,1.195599377927073,1.1982135420828222
WELDEDBEAM,Welded beam D4,4,90,110,1.1821820077575247,1.2003562440292459,1.2019964160700003,1.1982135420828222,1.195599377927073,1.1982135420828222
WELDEDBEAM,Welded beam D4,4,91,111,1.1821820077575247,1.200632048898826,1.2019964160700003,1.1982135420828222,1.195599377927073,1.1982135420828222
WELDEDBEAM,Welded beam D4,4,92,112,1.1821820077575247,1.200632048898826,1.2020004923184791,1.2018474004516335,1.195599377927073,1.200632048898826
WELDEDBEAM,Welded beam D4,4,93,113,1.1821861013536425,1.200632048898826,1.2020004923184791,1.2018474004516335,1.1955998200204536,1.200632048898826
WELDEDBEAM,Welded beam D4,4,94,114,1.1821861013536425,1.200632048898826,1.2020004923184791,1.2018474004516335,1.1955998200204536,1.200632048898826
WELDEDBEAM,Welded beam D4,4,95,115,1.1821861013536425,1.200632048898826,1.2020045465472424,1.2018474004516335,1.1955998200204536,1.200632048898826
WELDEDBEAM,Welded beam D4,4,96,116,1.1821861013536425,1.200632048898826,1.2028495423377608,1.2018474004516335,1.1955998200204536,1.200632048898826
WELDEDBEAM,Welded beam D4,4,97,117,1.1821861013536425,1.200632048898826,1.2028495423377608,1.2018474004516335,1.1955998200204536,1.200632048898826
WELDEDBEAM,Welded beam D4,4,98,118,1.1821861013536425,1.200632048898826,1.2028495423377608,1.2018474004516335,1.1955998200204536,1.200632048898826
WELDEDBEAM,Welded beam D4,4,99,119,1.1821861013536425,1.200700109730501,1.2028495423377608,1.2018474004516335,1.1959579274787495,1.200700109730501
WELDEDBEAM,Welded beam D4,4,100,120,1.1821861013536425,1.200700109730501,1.2028495423377608,1.2018474004516335,1.1959579274787495,1.200700109730501
WELDEDBEAM,Welded beam D4,4,101,121,1.1821861013536425,1.200700109730501,1.2028495423377608,1.2018474004516335,1.1959579274787495,1.200700109730501
WELDEDBEAM,Welded beam D4,4,102,122,1.1821861013536425,1.2013306228248917,1.2028495423377608,1.2018474004516335,1.1959579274787495,1.2013306228248917
WELDEDBEAM,Welded beam D4,4,103,123,1.1821861013536425,1.2013306228248917,1.2028495423377608,1.2018474004516335,1.1959579274787495,1.2013306228248917
WELDEDBEAM,Welded beam D4,4,104,124,1.1821861013536425,1.2013306228248917,1.2028495423377608,1.2018474004516335,1.1959579274787495,1.2013306228248917
WELDEDBEAM,Welded beam D4,4,105,125,1.1821861013536425,1.2013306228248917,1.2028555911852679,1.2018474004516335,1.1959579274787495,1.2013306228248917
WELDEDBEAM,Welded beam D4,4,106,126,1.1821861013536425,1.2013306228248917,1.2028555911852679,1.2018474004516335,1.1959579274787495,1.2013306228248917
WELDEDBEAM,Welded beam D4,4,107,127,1.1836959507299414,1.2013306228248917,1.2028555911852679,1.2018474004516335,1.1959601792636023,1.2013306228248917
WELDEDBEAM,Welded beam D4,4,108,128,1.1836959507299414,1.2013306228248917,1.2028555911852679,1.2018474004516335,1.1959601792636023,1.2013306228248917
WELDEDBEAM,Welded beam D4,4,109,129,1.1836959507299414,1.2013306228248917,1.2028555911852679,1.2018474004516335,1.1959601792636023,1.2013306228248917
WELDEDBEAM,Welded beam D4,4,110,130,1.1836959507299414,1.2013306228248917,1.2028555911852679,1.2018474004516335,1.1959601792636023,1.2013306228248917
WELDEDBEAM,Welded beam D4,4,111,131,1.1836959507299414,1.2013306228248917,1.2028555911852679,1.2018474004516335,1.1959601792636023,1.2013306228248917
WELDEDBEAM,Welded beam D4,4,112,132,1.1836959507299414,1.2013306228248917,1.2028555911852679,1.2018474004516335,1.1959601792636023,1.2013306228248917
WELDEDBEAM,Welded beam D4,4,113,133,1.1836959507299414,1.2013306228248917,1.2028555911852679,1.2018474004516335,1.1959601792636023,1.2013306228248917
WELDEDBEAM,Welded beam D4,4,114,134,1.1836959507299414,1.2013306228248917,1.2028555911852679,1.2018474004516335,1.1959601792636023,1.2013306228248917
WELDEDBEAM,Welded beam D4,4,115,135,1.1836984335345824,1.2013306228248917,1.2028555911852679,1.2018474004516335,1.1959601792636023,1.2013306228248917
WELDEDBEAM,Welded beam D4,4,116,136,1.1836984335345824,1.2013306228248917,1.2028555911852679,1.2018474004516335,1.1959601792636023,1.2013306228248917
WELDEDBEAM,Welded beam D4,4,117,137,1.1836984335345824,1.2018381126249751,1.2028555911852679,1.2018474004516335,1.1959601792636023,1.2018381126249751
WELDEDBEAM,Welded beam D4,4,118,138,1.1836984335345824,1.2018381126249751,1.2028555911852679,1.2018474004516335,1.1959601792636023,1.2018381126249751
WELDEDBEAM,Welded beam D4,4,119,139,1.1837101881716567,1.2018381126249751,1.2028555911852679,1.2018474004516335,1.1959667227859616,1.2018381126249751
WELDEDBEAM,Welded beam D4,4,120,140,1.1837101881716567,1.2018381126249751,1.2028555911852679,1.2018474004516335,1.1959667227859616,1.2018381126249751
WELDEDBEAM,Welded beam D4,4,121,141,1.1837101881716567,1.2018381126249751,1.2028555911852679,1.2018474004516335,1.1959667227859616,1.2018381126249751
WELDEDBEAM,Welded beam D4,4,122,142,1.1837101881716567,1.2018542588623293,1.2028555911852679,1.2018474004516335,1.1959667227859616,1.2018474004516335
WELDEDBEAM,Welded beam D4,4,123,143,1.1837101881716567,1.2018542588623293,1.2028555911852679,1.2018474004516335,1.1959667227859616,1.2018474004516335
WELDEDBEAM,Welded beam D4,4,124,144,1.1837101881716567,1.2018542588623293,1.2029094125578124,1.2018474004516335,1.1959667227859616,1.2018474004516335
WELDEDBEAM,Welded beam D4,4,125,145,1.1837101881716567,1.2018542588623293,1.2029094125578124,1.2018474004516335,1.1959667227859616,1.2018474004516335
WELDEDBEAM,Welded beam D4,4,126,146,1.1837101881716567,1.2018542588623293,1.2029094125578124,1.2018474004516335,1.1959667227859616,1.2018474004516335
WELDEDBEAM,Welded beam D4,4,127,147,1.1837101881716567,1.2018542588623293,1.2029094125578124,1.2018481843290096,1.1959667227859616,1.2018481843290096
WELDEDBEAM,Welded beam D4,4,128,148,1.1837101881716567,1.2018542588623293,1.2029094125578124,1.2018481843290096,1.1959667227859616,1.2018481843290096
WELDEDBEAM,Welded beam D4,4,129,149,1.1860712498579684,1.2018542588623293,1.2029478467014054,1.2018483629275294,1.1959667227859616,1.2018483629275294
WELDEDBEAM,Welded beam D4,4,130,150,1.1860712498579684,1.2018542588623293,1.2029478467014054,1.2022106768457321,1.1959667227859616,1.2018542588623293
CF1_D4,CF1 D4,4,0,20,0.86527546733488259,0.83247755384819189,0.83968265797398622,0.90827255080840963,0.75398573398676372,0.83968265797398622
CF1_D4,CF1 D4,4,1,21,0.86527546733488259,0.83247755384819189,0.83968265797398622,0.90827255080840963,0.75398573398676372,0.83968265797398622
CF1_D4,CF1 D4,4,2,22,0.87496711934180582,0.83247755384819189,0.83968265797398622,0.90827255080840963,0.75398573398676372,0.83968265797398622
CF1_D4,CF1 D4,4,3,23,0.87496711934180582,0.86193801442298035,0.83968265797398622,0.90827255080840963,0.75398573398676372,0.86193801442298035
CF1_D4,CF1 D4,4,4,24,0.87496711934180582,0.86193801442298035,0.83968265797398622,0.90827255080840963,0.75398573398676372,0.86193801442298035
CF1_D4,CF1 D4,4,5,25,0.87496711934180582,0.86193801442298035,0.83968265797398622,0.90827255080840963,0.79183120197218515,0.86193801442298035
CF1_D4,CF1 D4,4,6,26,0.87496711934180582,0.86193801442298035,0.83968265797398622,0.90827255080840963,0.82840717357996052,0.86193801442298035
CF1_D4,CF1 D4,4,7,27,0.87496711934180582,0.86193801442298035,0.85168985401000019,0.90827255080840963,0.84733144551452733,0.86193801442298035
CF1_D4,CF1 D4,4,8,28,0.88226364997403328,0.87825379546182347,0.89911284228550958,0.91608161925109122,0.84733144551452733,0.88226364997403328
CF1_D4,CF1 D4,4,9,29,0.88226364997403328,0.87825379546182347,0.89911284228550958,0.91608161925109122,0.84733144551452733,0.88226364997403328
CF1_D4,CF1 D4,4,10,30,0.89274725834437829,0.87825379546182347,0.89911284228550958,0.91608161925109122,0.84733144551452733,0.89274725834437829
CF1_D4,CF1 D4,4,11,31,0.89274725834437829,0.87825379546182347,0.92612856841108482,0.91608161925109122,0.84733144551452733,0.89274725834437829
CF1_D4,CF1 D4,4,12,32,0.89274725834437829,0.87825379546182347,0.92612856841108482,0.91608161925109122,0.84733144551452733,0.89274725834437829
CF1_D4,CF1 D4,4,13,33,0.89274725834437829,0.87825379546182347,0.9411701718430866,0.91715550706258619,0.87064924298458035,0.89274725834437829
CF1_D4,CF1 D4,4,14,34,0.91899896591196695,0.87825379546182347,0.9411701718430866,0.92769331028579838,0.87064924298458035,0.91899896591196695
CF1_D4,CF1 D4,4,15,35,0.91899896591196695,0.929816188818261,0.9411701718430866,0.92769331028579838,0.87064924298458035,0.92769331028579838
CF1_D4,CF1 D4,4,16,36,0.91899896591196695,0.929816188818261,0.9411701718430866,0.94423374849017327,0.87064924298458035,0.929816188818261
CF1_D4,CF1 D4,4,17,37,0.91899896591196695,0.95636092709441156,0.9411701718430866,0.95272076098518477,0.87064924298458035,0.9411701718430866
CF1_D4,CF1 D4,4,18,38,0.91899896591196695,0.95636092709441156,0.95173822362454175,0.95272076098518477,0.87064924298458035,0.95173822362454175
CF1_D4,CF1 D4,4,19,39,0.91899896591196695,0.95636092709441156,0.95173822362454175,0.95272076098518477,0.87064924298458035,0.95173822362454175
CF1_D4,CF1 D4,4,20,40,0.94893600870657258,0.95992874764848812,0.95173822362454175,0.95272076098518477,0.87064924298458035,0.95173822362454175
CF1_D4,CF1 D4,4,21,41,0.94893600870657258,0.96743929062872092,0.95173822362454175,0.95272076098518477,0.87064924298458035,0.95173822362454175
CF1_D4,CF1 D4,4,22,42,0.94893600870657258,0.97425833667138917,0.95173822362454175,0.95272076098518477,0.87064924298458035,0.95173822362454175
CF1_D4,CF1 D4,4,23,43,0.99046303531507407,0.97425833667138917,0.95173822362454175,0.95272076098518477,0.89105593811846306,0.95272076098518477
CF1_D4,CF1 D4,4,24,44,0.99046303531507407,0.97425833667138917,0.95173822362454175,0.96149742888118839,0.94730584148767183,0.96149742888118839
CF1_D4,CF1 D4,4,25,45,0.99046303531507407,0.97425833667138917,0.95173822362454175,0.96178041938340553,0.9504974363581149,0.96178041938340553
CF1_D4,CF1 D4,4,26,46,0.99046303531507407,0.97425833667138917,0.95173822362454175,0.96178041938340553,0.9504974363581149,0.96178041938340553
CF1_D4,CF1 D4,4,27,47,0.99046303531507407,0.97425833667138917,0.96035715554661005,0.96178041938340553,0.9504974363581149,0.96178041938340553
CF1_D4,CF1 D4,4,28,48,0.99046303531507407,0.97425833667138917,0.96035715554661005,0.96178041938340553,0.9504974363581149,0.96178041938340553
CF1_D4,CF1 D4,4,29,49,0.99046303531507407,0.97425833667138917,0.98169921682297323,0.96178041938340553,0.9504974363581149,0.97425833667138917
CF1_D4,CF1 D4,4,30,50,0.99046303531507407,0.97425833667138917,0.98169921682297323,0.96885706456972587,0.9504974363581149,0.97425833667138917
CF1_D4,CF1 D4,4,31,51,0.99046303531507407,0.97425833667138917,0.98169921682297323,0.96885706456972587,0.9504974363581149,0.97425833667138917
CF1_D4,CF1 D4,4,32,52,0.99046303531507407,0.97425833667138917,0.99251355535635322,0.96885706456972587,0.97554612192871615,0.97554612192871615
CF1_D4,CF1 D4,4,33,53,0.99046303531507407,0.97425833667138917,0.99899804464149955,0.96885706456972587,1.0090495190087685,0.99046303531507407
CF1_D4,CF1 D4,4,34,54,0.99046303531507407,0.97425833667138917,0.99899804464149955,0.96885706456972587,1.0090495190087685,0.99046303531507407
CF1_D4,CF1 D4,4,35,55,0.99046303531507407,1.0257635741389901,0.99899804464149955,0.96885706456972587,1.0090495190087685,0.99899804464149955
CF1_D4,CF1 D4,4,36,56,0.99046303531507407,1.0257635741389901,0.99899804464149955,0.96885706456972587,1.0090495190087685,0.99899804464149955
CF1_D4,CF1 D4,4,37,57,0.99046303531507407,1.0393640050609374,0.99899804464149955,0.96885706456972587,1.0090495190087685,0.99899804464149955
CF1_D4,CF1 D4,4,38,58,0.99046303531507407,1.0393640050609374,0.99899804464149955,0.96885706456972587,1.0090495190087685,0.99899804464149955
CF1_D4,CF1 D4,4,39,59,0.99046303531507407,1.0393640050609374,0.99899804464149955,0.96885706456972587,1.0090495190087685,0.99899804464149955
CF1_D4,CF1 D4,4,40,60,0.99251391712447734,1.0474195842597069,0.99899804464149955,0.96885706456972587,1.0090495190087685,0.99899804464149955
CF1_D4,CF1 D4,4,41,61,0.99251391712447734,1.0474195842597069,0.99899804464149955,0.96885706456972587,1.0139435433337392,0.99899804464149955
CF1_D4,CF1 D4,4,42,62,0.99293115594622328,1.0518483027226266,0.99899804464149955,0.96885706456972587,1.0139435433337392,0.99899804464149955
CF1_D4,CF1 D4,4,43,63,0.99293115594622328,1.0518483027226266,0.99899804464149955,0.96885706456972587,1.0139435433337392,0.99899804464149955
CF1_D4,CF1 D4,4,44,64,0.99293115594622328,1.0518483027226266,1.0017309238794549,0.97527079795586014,1.0144003102672832,1.0017309238794549
CF1_D4,CF1 D4,4,45,65,0.99293115594622328,1.0712843095170703,1.0055124068480412,0.97527079795586014,1.0144003102672832,1.0055124068480412
CF1_D4,CF1 D4,4,46,66,0.99293115594622328,1.0712843095170703,1.0055124068480412,0.97527079795586014,1.0144003102672832,1.0055124068480412
CF1_D4,CF1 D4,4,47,67,0.99293115594622328,1.0763107243767454,1.0055124068480412,0.97527079795586014,1.0144003102672832,1.0055124068480412
CF1_D4,CF1 D4,4,48,68,0.99293115594622328,1.0763107243767454,1.0055124068480412,0.97527079795586014,1.0144003102672832,1.0055124068480412
CF1_D4,CF1 D4,4,49,69,0.99293115594622328,1.0763107243767454,1.0079417291364567,0.9875355156233685,1.0239696317924307,1.0079417291364567
CF1_D4,CF1 D4,4,50,70,0.99293115594622328,1.0787699494731326,1.0079417291364567,0.9875355156233685,1.0239696317924307,1.0079417291364567
CF1_D4,CF1 D4,4,51,71,0.99293115594622328,1.0805763702412798,1.0079417291364567,0.9875355156233685,1.0239696317924307,1.0079417291364567
CF1_D4,CF1 D4,4,52,72,0.99293115594622328,1.0805763702412798,1.0190263251469778,0.99419025580093356,1.0239696317924307,1.0190263251469778
CF1_D4,CF1 D4,4,53,73,0.99293115594622328,1.0805763702412798,1.0190263251469778,0.99583985454014801,1.0239696317924307,1.0190263251469778
CF1_D4,CF1 D4,4,54,74,1.0087252140158338,1.0805763702412798,1.0190263251469778,0.99583985454014801,1.0239696317924307,1.0190263251469778
CF1_D4,CF1 D4,4,55,75,1.0087252140158338,1.0805763702412798,1.0190263251469778,0.99767723452266288,1.0239696317924307,1.0190263251469778
CF1_D4,CF1 D4,4,56,76,1.0087252140158338,1.0805763702412798,1.0190263251469778,0.99767723452266288,1.0239696317924307,1.0190263251469778
CF1_D4,CF1 D4,4,57,77,1.0087252140158338,1.0805763702412798,1.0190263251469778,0.99767723452266288,1.0239696317924307,1.0190263251469778
CF1_D4,CF1 D4,4,58,78,1.0087252140158338,1.0805763702412798,1.0190263251469778,0.99767723452266288,1.0239696317924307,1.0190263251469778
CF1_D4,CF1 D4,4,59,79,1.0087252140158338,1.0805763702412798,1.0190263251469778,0.99767723452266288,1.0239696317924307,1.0190263251469778
CF1_D4,CF1 D4,4,60,80,1.0087252140158338,1.0805763702412798,1.0190263251469778,0.99767723452266288,1.0239696317924307,1.0190263251469778
CF1_D4,CF1 D4,4,61,81,1.0087252140158338,1.103262332352906,1.0219337529224481,0.99767723452266288,1.0239696317924307,1.0219337529224481
CF1_D4,CF1 D4,4,62,82,1.0087252140158338,1.103262332352906,1.0264999882214303,0.99767723452266288,1.0265204235272256,1.0264999882214303
CF1_D4,CF1 D4,4,63,83,1.0087252140158338,1.103262332352906,1.0317862686240278,0.99767723452266288,1.0265204235272256,1.0265204235272256
CF1_D4,CF1 D4,4,64,84,1.0087252140158338,1.103262332352906,1.0317862686240278,0.99767723452266288,1.0265204235272256,1.0265204235272256
CF1_D4,CF1 D4,4,65,85,1.0087252140158338,1.103262332352906,1.0427849760177741,0.99925061267043491,1.0265204235272256,1.0265204235272256
CF1_D4,CF1 D4,4,66,86,1.0087252140158338,1.103262332352906,1.0441967056195709,0.99925061267043491,1.0265204235272256,1.0265204235272256
CF1_D4,CF1 D4,4,67,87,1.0087252140158338,1.103262332352906,1.0441967056195709,0.99925061267043491,1.0265204235272256,1.0265204235272256
CF1_D4,CF1 D4,4,68,88,1.0087252140158338,1.103262332352906,1.0441967056195709,1.0025903126010063,1.0265204235272256,1.0265204235272256
CF1_D4,CF1 D4,4,69,89,1.0087252140158338,1.1044397554647243,1.0441967056195709,1.0048749129736432,1.0265204235272256,1.0265204235272256
CF1_D4,CF1 D4,4,70,90,1.0184755917996171,1.1044397554647243,1.0441967056195709,1.0048749129736432,1.0265204235272256,1.0265204235272256
CF1_D4,CF1 D4,4,71,91,1.0184755917996171,1.1044397554647243,1.0441967056195709,1.0048749129736432,1.0265204235272256,1.0265204235272256
CF1_D4,CF1 D4,4,72,92,1.0184755917996171,1.1044397554647243,1.0441967056195709,1.0103971342096114,1.0277233212036647,1.0277233212036647
CF1_D4,CF1 D4,4,73,93,1.0184755917996171,1.1044397554647243,1.0473970446046292,1.0103971342096114,1.0277233212036647,1.0277233212036647
CF1_D4,CF1 D4,4,74,94,1.0184755917996171,1.1044397554647243,1.0473970446046292,1.0112322464458143,1.0277233212036647,1.0277233212036647
CF1_D4,CF1 D4,4,75,95,1.0184755917996171,1.1053499813623215,1.0473970446046292,1.0112322464458143,1.0290351580493884,1.0290351580493884
CF1_D4,CF1 D4,4,76,96,1.0184755917996171,1.1066195577110953,1.0473970446046292,1.0112322464458143,1.0290351580493884,1.0290351580493884
CF1_D4,CF1 D4,4,77,97,1.0184755917996171,1.1066195577110953,1.0473970446046292,1.0112322464458143,1.0290351580493884,1.0290351580493884
CF1_D4,CF1 D4,4,78,98,1.0184755917996171,1.1066195577110953,1.049250360766832,1.0112322464458143,1.0290351580493884,1.0290351580493884
CF1_D4,CF1 D4,4,79,99,1.0184755917996171,1.1066195577110953,1.049250360766832,1.0265626552407696,1.0490480061374492,1.0490480061374492
CF1_D4,CF1 D4,4,80,100,1.0184755917996171,1.1066195577110953,1.049250360766832,1.0296747558002661,1.0490480061374492,1.0490480061374492
CF1_D4,CF1 D4,4,81,101,1.0184755917996171,1.1066195577110953,1.049250360766832,1.0431276801239999,1.0540298401387547,1.049250360766832
CF1_D4,CF1 D4,4,82,102,1.0184755917996171,1.1066195577110953,1.049250360766832,1.0431276801239999,1.0540298401387547,1.049250360766832
CF1_D4,CF1 D4,4,83,103,1.0184755917996171,1.1066195577110953,1.049250360766832,1.0431276801239999,1.0540298401387547,1.049250360766832
CF1_D4,CF1 D4,4,84,104,1.0184755917996171,1.1066195577110953,1.049250360766832,1.0431276801239999,1.0540298401387547,1.049250360766832
CF1_D4,CF1 D4,4,85,105,1.0184755917996171,1.1066195577110953,1.049250360766832,1.0431276801239999,1.0540298401387547,1.049250360766832
CF1_D4,CF1 D4,4,86,106,1.0184755917996171,1.1066195577110953,1.049444136271716,1.0431276801239999,1.0540298401387547,1.049444136271716
CF1_D4,CF1 D4,4,87,107,1.0184755917996171,1.1066195577110953,1.049444136271716,1.0431276801239999,1.0540298401387547,1.049444136271716
CF1_D4,CF1 D4,4,88,108,1.0184755917996171,1.1066255145142558,1.049444136271716,1.0431276801239999,1.0540298401387547,1.049444136271716
CF1_D4,CF1 D4,4,89,109,1.0184755917996171,1.1066255145142558,1.049444136271716,1.0431276801239999,1.0540298401387547,1.049444136271716
CF1_D4,CF1 D4,4,90,110,1.0184755917996171,1.1066255145142558,1.049444136271716,1.0479922814726275,1.0540298401387547,1.049444136271716
CF1_D4,CF1 D4,4,91,111,1.0184755917996171,1.1066255145142558,1.049444136271716,1.0479922814726275,1.0549463982130618,1.049444136271716
CF1_D4,CF1 D4,4,92,112,1.0184755917996171,1.1066255145142558,1.0508225169992278,1.0479922814726275,1.0549463982130618,1.0508225169992278
CF1_D4,CF1 D4,4,93,113,1.0184755917996171,1.1066255145142558,1.0508225169992278,1.0479922814726275,1.0549463982130618,1.0508225169992278
CF1_D4,CF1 D4,4,94,114,1.0184755917996171,1.1066255145142558,1.0508225169992278,1.0479922814726275,1.0549463982130618,1.0508225169992278
CF1_D4,CF1 D4,4,95,115,1.0184755917996171,1.1066255145142558,1.0508225169992278,1.0479922814726275,1.0549463982130618,1.0508225169992278
CF1_D4,CF1 D4,4,96,116,1.0184755917996171,1.1066255145142558,1.0508225169992278,1.0479922814726275,1.0558190693081435,1.0508225169992278
CF1_D4,CF1 D4,4,97,117,1.0184755917996171,1.1066255145142558,1.0508225169992278,1.0479922814726275,1.0558190693081435,1.0508225169992278
CF1_D4,CF1 D4,4,98,118,1.0184755917996171,1.1066255145142558,1.0536404376018444,1.0540787490709485,1.0572931685420872,1.0540787490709485
CF1_D4,CF1 D4,4,99,119,1.0184755917996171,1.1066255145142558,1.0536404376018444,1.0540787490709485,1.0572931685420872,1.0540787490709485
CF1_D4,CF1 D4,4,100,120,1.0184755917996171,1.1066255145142558,1.0536404376018444,1.0540787490709485,1.0572931685420872,1.0540787490709485
CF1_D4,CF1 D4,4,101,121,1.0184755917996171,1.1066255145142558,1.0536404376018444,1.0540787490709485,1.0584017653357642,1.0540787490709485
CF1_D4,CF1 D4,4,102,122,1.0184755917996171,1.1066255145142558,1.0536404376018444,1.0540787490709485,1.0584017653357642,1.0540787490709485
CF1_D4,CF1 D4,4,103,123,1.0184755917996171,1.1066255145142558,1.0536404376018444,1.0540787490709485,1.0584017653357642,1.0540787490709485
CF1_D4,CF1 D4,4,104,124,1.0250460273904776,1.1066255145142558,1.0536404376018444,1.0540787490709485,1.0584017653357642,1.0540787490709485
CF1_D4,CF1 D4,4,105,125,1.0250460273904776,1.1066255145142558,1.0536404376018444,1.0540787490709485,1.0584017653357642,1.0540787490709485
CF1_D4,CF1 D4,4,106,126,1.0250460273904776,1.1066255145142558,1.0552954066975033,1.0540787490709485,1.0584017653357642,1.0552954066975033
CF1_D4,CF1 D4,4,107,127,1.0250460273904776,1.1066255145142558,1.0598624774178467,1.0544306926089952,1.0584017653357642,1.0584017653357642
CF1_D4,CF1 D4,4,108,128,1.0356459720513875,1.1066255145142558,1.0617071412848287,1.0544306926089952,1.0926572239053221,1.0617071412848287
CF1_D4,CF1 D4,4,109,129,1.0535156253622853,1.1066255145142558,1.0617071412848287,1.0603014642594257,1.0926572239053221,1.0617071412848287
CF1_D4,CF1 D4,4,110,130,1.0637129441531215,1.1066255145142558,1.0692803118236085,1.0603014642594257,1.0926572239053221,1.0692803118236085
CF1_D4,CF1 D4,4,111,131,1.0637129441531215,1.1066255145142558,1.0714335762617002,1.0603014642594257,1.0926572239053221,1.0714335762617002
CF1_D4,CF1 D4,4,112,132,1.0637129441531215,1.1090048281999372,1.074272719779467,1.0603014642594257,1.0926572239053221,1.074272719779467
CF1_D4,CF1 D4,4,113,133,1.0637129441531215,1.1090048281999372,1.074272719779467,1.0611949023188312,1.0926572239053221,1.074272719779467
CF1_D4,CF1 D4,4,114,134,1.0637129441531215,1.1090048281999372,1.074272719779467,1.0611949023188312,1.0926572239053221,1.074272719779467
CF1_D4,CF1 D4,4,115,135,1.0637129441531215,1.1090048281999372,1.074272719779467,1.0647070353815238,1.0926572239053221,1.074272719779467
CF1_D4,CF1 D4,4,116,136,1.0666353820226782,1.1090048281999372,1.074272719779467,1.0647070353815238,1.0926572239053221,1.074272719779467
CF1_D4,CF1 D4,4,117,137,1.0666353820226782,1.1090048281999372,1.074272719779467,1.0670213001764983,1.0926572239053221,1.074272719779467
CF1_D4,CF1 D4,4,118,138,1.0666353820226782,1.1090048281999372,1.074272719779467,1.0688036956556566,1.0926572239053221,1.074272719779467
CF1_D4,CF1 D4,4,119,139,1.0666353820226782,1.1090049677814608,1.074272719779467,1.0688036956556566,1.0926572239053221,1.074272719779467
CF1_D4,CF1 D4,4,120,140,1.0727905905804163,1.1110026672216469,1.074272719779467,1.0688036956556566,1.0926572239053221,1.074272719779467
CF1_D4,CF1 D4,4,121,141,1.0727905905804163,1.1110026672216469,1.074272719779467,1.0688036956556566,1.0926572239053221,1.074272719779467
CF1_D4,CF1 D4,4,122,142,1.0727905905804163,1.1118974105610224,1.074272719779467,1.0688036956556566,1.0926572239053221,1.074272719779467
CF1_D4,CF1 D4,4,123,143,1.0727905905804163,1.1119897459414931,1.074272719779467,1.0688036956556566,1.0926572239053221,1.074272719779467
CF1_D4,CF1 D4,4,124,144,1.0727905905804163,1.1119897459414931,1.074272719779467,1.0688036956556566,1.0926572239053221,1.074272719779467
CF1_D4,CF1 D4,4,125,145,1.0727905905804163,1.1119897459414931,1.0813211910126725,1.0688036956556566,1.0926572239053221,1.0813211910126725
CF1_D4,CF1 D4,4,126,146,1.0727905905804163,1.1119897459414931,1.0813211910126725,1.0688036956556566,1.0926572239053221,1.0813211910126725
CF1_D4,CF1 D4,4,127,147,1.0727905905804163,1.1129822137647789,1.0848512121556024,1.0688036956556566,1.0926572239053221,1.0848512121556024
CF1_D4,CF1 D4,4,128,148,1.0727905905804163,1.1129822137647789,1.0848512121556024,1.0688036956556566,1.0926572239053221,1.0848512121556024
CF1_D4,CF1 D4,4,129,149,1.0727905905804163,1.1129822137647789,1.0848512121556024,1.0830443516873787,1.0926572239053221,1.0848512121556024
CF1_D4,CF1 D4,4,130,150,1.0727905905804163,1.1129822137647789,1.0848512121556024,1.0830443516873787,1.0926572239053221,1.0848512121556024
CF1_D10,CF1 D10,10,0,20,0.83501132767777775,0.82268198954035698,0.86898971814196979,0.86815252125549558,0.80580801934814994,0.83501132767777775
CF1_D10,CF1 D10,10,1,21,0.83501132767777775,0.82457503479128214,0.86898971814196979,0.86815252125549558,0.80580801934814994,0.83501132767777775
CF1_D10,CF1 D10,10,2,22,0.86327327058386705,0.82457503479128214,0.86898971814196979,0.86815252125549558,0.80580801934814994,0.86327327058386705
CF1_D10,CF1 D10,10,3,23,0.86327327058386705,0.82457503479128214,0.86898971814196979,0.86815252125549558,0.80580801934814994,0.86327327058386705
CF1_D10,CF1 D10,10,4,24,0.86327327058386705,0.82457503479128214,0.86898971814196979,0.86815252125549558,0.80580801934814994,0.86327327058386705
CF1_D10,CF1 D10,10,5,25,0.86327327058386705,0.8377784200873627,0.86898971814196979,0.86815252125549558,0.80580801934814994,0.86327327058386705
CF1_D10,CF1 D10,10,6,26,0.86327327058386705,0.8377784200873627,0.86898971814196979,0.86815252125549558,0.80580801934814994,0.86327327058386705
CF1_D10,CF1 D10,10,7,27,0.8683226318415258,0.87175620408810317,0.88105072645886451,0.86815252125549558,0.8378196496495095,0.8683226318415258
CF1_D10,CF1 D10,10,8,28,0.8683226318415258,0.87175620408810317,0.88105072645886451,0.91672997268992085,0.8378196496495095,0.87175620408810317
CF1_D10,CF1 D10,10,9,29,0.8683226318415258,0.87175620408810317,0.88105072645886451,0.91672997268992085,0.8378196496495095,0.87175620408810317
CF1_D10,CF1 D10,10,10,30,0.8683226318415258,0.87175620408810317,0.88105072645886451,0.91672997268992085,0.84002266709257256,0.87175620408810317
CF1_D10,CF1 D10,10,11,31,0.87104629042407389,0.87175620408810317,0.88105072645886451,0.91672997268992085,0.84002266709257256,0.87175620408810317
CF1_D10,CF1 D10,10,12,32,0.87104629042407389,0.87175620408810317,0.88156959859297912,0.91792412143411051,0.84002266709257256,0.87175620408810317
CF1_D10,CF1 D10,10,13,33,0.87636528582598294,0.87175620408810317,0.88156959859297912,0.91792412143411051,0.84002266709257256,0.87636528582598294
CF1_D10,CF1 D10,10,14,34,0.87636528582598294,0.87175620408810317,0.94674907281871412,0.91792412143411051,0.84002266709257256,0.87636528582598294
CF1_D10,CF1 D10,10,15,35,0.87636528582598294,0.87175620408810317,0.94674907281871412,0.91792412143411051,0.84002266709257256,0.87636528582598294
CF1_D10,CF1 D10,10,16,36,0.87636528582598294,0.87175620408810317,0.94674907281871412,0.91860059258209581,0.84002266709257256,0.87636528582598294
CF1_D10,CF1 D10,10,17,37,0.87636528582598294,0.87175620408810317,0.94674907281871412,0.91860059258209581,0.84002266709257256,0.87636528582598294
CF1_D10,CF1 D10,10,18,38,0.87636528582598294,0.87175620408810317,0.94674907281871412,0.91860059258209581,0.84002266709257256,0.87636528582598294
CF1_D10,CF1 D10,10,19,39,0.87636528582598294,0.87175620408810317,0.94674907281871412,0.91860059258209581,0.84002266709257256,0.87636528582598294
CF1_D10,CF1 D10,10,20,40,0.87636528582598294,0.87175620408810317,0.94674907281871412,0.91860059258209581,0.84002266709257256,0.87636528582598294
CF1_D10,CF1 D10,10,21,41,0.91452420010538082,0.87175620408810317,0.94674907281871412,0.91860059258209581,0.84002266709257256,0.91452420010538082
CF1_D10,CF1 D10,10,22,42,0.91452420010538082,0.87175620408810317,0.94674907281871412,0.91860059258209581,0.84002266709257256,0.91452420010538082
CF1_D10,CF1 D10,10,23,43,0.91452420010538082,0.87233011817221995,0.94674907281871412,0.91860059258209581,0.84002266709257256,0.91452420010538082
CF1_D10,CF1 D10,10,24,44,0.91452420010538082,0.87233011817221995,0.94674907281871412,0.91860059258209581,0.84002266709257256,0.91452420010538082
CF1_D10,CF1 D10,10,25,45,0.91452420010538082,0.87233011817221995,0.94674907281871412,0.92183846910151657,0.84002266709257256,0.91452420010538082
CF1_D10,CF1 D10,10,26,46,0.91503681327529007,0.87233011817221995,0.94674907281871412,0.92183846910151657,0.84048124842838778,0.91503681327529007
CF1_D10,CF1 D10,10,27,47,0.91503681327529007,0.87233011817221995,0.94674907281871412,0.92183846910151657,0.84048124842838778,0.91503681327529007
CF1_D10,CF1 D10,10,28,48,0.91503681327529007,0.87233011817221995,0.94742324339215556,0.92341116338918106,0.84048124842838778,0.91503681327529007
CF1_D10,CF1 D10,10,29,49,0.91503681327529007,0.87233011817221995,0.94742324339215556,0.92341116338918106,0.84048124842838778,0.91503681327529007
CF1_D10,CF1 D10,10,30,50,0.91503681327529007,0.87233011817221995,0.94742324339215556,0.92341116338918106,0.84048124842838778,0.91503681327529007
CF1_D10,CF1 D10,10,31,51,0.91503681327529007,0.87233011817221995,0.94742324339215556,0.94407132103277469,0.84048124842838778,0.91503681327529007
CF1_D10,CF1 D10,10,32,52,0.91503681327529007,0.90085295333109017,0.94742324339215556,0.94407132103277469,0.84048124842838778,0.91503681327529007
CF1_D10,CF1 D10,10,33,53,0.91503681327529007,0.90085295333109017,0.94742324339215556,0.94407132103277469,0.84048124842838778,0.91503681327529007
CF1_D10,CF1 D10,10,34,54,0.91832139896008269,0.90085295333109017,0.94742324339215556,0.94407132103277469,0.84048124842838778,0.91832139896008269
CF1_D10,CF1 D10,10,35,55,0.91832139896008269,0.90085295333109017,0.94742324339215556,0.94407132103277469,0.84048124842838778,0.91832139896008269
CF1_D10,CF1 D10,10,36,56,0.91832139896008269,0.90085295333109017,0.94742324339215556,0.94407132103277469,0.84048124842838778,0.91832139896008269
CF1_D10,CF1 D10,10,37,57,0.91832139896008269,0.90085295333109017,0.94742324339215556,0.94407132103277469,0.84048124842838778,0.91832139896008269
CF1_D10,CF1 D10,10,38,58,0.91832139896008269,0.90085295333109017,0.94742324339215556,0.94407132103277469,0.84458549228818469,0.91832139896008269
CF1_D10,CF1 D10,10,39,59,0.91832139896008269,0.90085295333109017,0.94742324339215556,0.94407132103277469,0.84458549228818469,0.91832139896008269
CF1_D10,CF1 D10,10,40,60,0.91832139896008269,0.90085295333109017,0.94742324339215556,0.94407132103277469,0.85641038032361239,0.91832139896008269
CF1_D10,CF1 D10,10,41,61,0.91832139896008269,0.90085295333109017,0.94742324339215556,0.94407132103277469,0.85641038032361239,0.91832139896008269
CF1_D10,CF1 D10,10,42,62,0.91832139896008269,0.90150463095758349,0.94764402513306412,0.94407132103277469,0.85641038032361239,0.91832139896008269
CF1_D10,CF1 D10,10,43,63,0.91832139896008269,0.90150463095758349,0.94764402513306412,0.94407132103277469,0.85649080798334598,0.91832139896008269
CF1_D10,CF1 D10,10,44,64,0.91832139896008269,0.90150463095758349,0.94764402513306412,0.94407132103277469,0.85649080798334598,0.91832139896008269
CF1_D10,CF1 D10,10,45,65,0.91832139896008269,0.90150463095758349,0.94764402513306412,0.94407132103277469,0.85649080798334598,0.91832139896008269
CF1_D10,CF1 D10,10,46,66,0.91832139896008269,0.90150463095758349,0.94764402513306412,0.94407132103277469,0.85649080798334598,0.91832139896008269
CF1_D10,CF1 D10,10,47,67,0.91832139896008269,0.90150463095758349,0.94764402513306412,0.94407132103277469,0.85649080798334598,0.91832139896008269
CF1_D10,CF1 D10,10,48,68,0.92101520674145065,0.90150463095758349,0.94821360608065663,0.94426180150662431,0.85649080798334598,0.92101520674145065
CF1_D10,CF1 D10,10,49,69,0.92101520674145065,0.90150463095758349,0.94821360608065663,0.94426180150662431,0.85649080798334598,0.92101520674145065
CF1_D10,CF1 D10,10,50,70,0.92101520674145065,0.90150463095758349,0.94821360608065663,0.94426180150662431,0.85649080798334598,0.92101520674145065
CF1_D10,CF1 D10,10,51,71,0.92101520674145065,0.90590668552423792,0.94821360608065663,0.94426180150662431,0.85649080798334598,0.92101520674145065
CF1_D10,CF1 D10,10,52,72,0.92101520674145065,0.90590668552423792,0.94821360608065663,0.94426180150662431,0.85649080798334598,0.92101520674145065
CF1_D10,CF1 D10,10,53,73,0.92101520674145065,0.90590668552423792,0.94821360608065663,0.94426180150662431,0.85649080798334598,0.92101520674145065
CF1_D10,CF1 D10,10,54,74,0.92101520674145065,0.90590668552423792,0.94916611050427424,0.94426180150662431,0.85649080798334598,0.92101520674145065
CF1_D10,CF1 D10,10,55,75,0.92101520674145065,0.90590668552423792,0.94916611050427424,0.94426180150662431,0.89147963846475753,0.92101520674145065
CF1_D10,CF1 D10,10,56,76,0.92101520674145065,0.90590668552423792,0.94916611050427424,0.94426180150662431,0.89147963846475753,0.92101520674145065
CF1_D10,CF1 D10,10,57,77,0.92101520674145065,0.90590668552423792,0.94930605122255363,0.94426180150662431,0.89147963846475753,0.92101520674145065
CF1_D10,CF1 D10,10,58,78,0.92101520674145065,0.90590668552423792,0.94930605122255363,0.94426180150662431,0.89147963846475753,0.92101520674145065
CF1_D10,CF1 D10,10,59,79,0.92101520674145065,0.90590668552423792,0.95477740775738373,0.94426180150662431,0.89147963846475753,0.92101520674145065
CF1_D10,CF1 D10,10,60,80,0.92101520674145065,0.90665281256459862,0.95477740775738373,0.94426180150662431,0.89147963846475753,0.92101520674145065
CF1_D10,CF1 D10,10,61,81,0.92101520674145065,0.90665281256459862,0.95477740775738373,0.94426180150662431,0.89147963846475753,0.92101520674145065
CF1_D10,CF1 D10,10,62,82,0.92101520674145065,0.90802615960165944,0.95477740775738373,0.94426180150662431,0.89147963846475753,0.92101520674145065
CF1_D10,CF1 D10,10,63,83,0.92101520674145065,0.90802615960165944,0.95477740775738373,0.94426180150662431,0.89147963846475753,0.92101520674145065
CF1_D10,CF1 D10,10,64,84,0.92101520674145065,0.90802615960165944,0.95477740775738373,0.94426180150662431,0.89147963846475753,0.92101520674145065
CF1_D10,CF1 D10,10,65,85,0.92101520674145065,0.90802615960165944,0.95477740775738373,0.94565345816472102,0.89147963846475753,0.92101520674145065
CF1_D10,CF1 D10,10,66,86,0.92101520674145065,0.90849928254936352,0.95477740775738373,0.94565345816472102,0.89147963846475753,0.92101520674145065
CF1_D10,CF1 D10,10,67,87,0.92101520674145065,0.90849928254936352,0.95477740775738373,0.94565345816472102,0.89147963846475753,0.92101520674145065
CF1_D10,CF1 D10,10,68,88,0.92101520674145065,0.90849928254936352,0.95641217064995343,0.94565345816472102,0.89147963846475753,0.92101520674145065
CF1_D10,CF1 D10,10,69,89,0.92101520674145065,0.90849928254936352,0.95641217064995343,0.94643076887705913,0.89147963846475753,0.92101520674145065
CF1_D10,CF1 D10,10,70,90,0.92101520674145065,0.90849928254936352,0.95641217064995343,0.96189538081497072,0.89147963846475753,0.92101520674145065
CF1_D10,CF1 D10,10,71,91,0.92101520674145065,0.90849928254936352,0.95641217064995343,0.96189538081497072,0.8914930345544928,0.92101520674145065
CF1_D10,CF1 D10,10,72,92,0.92101520674145065,0.90849928254936352,0.95641217064995343,0.96189538081497072,0.8914930345544928,0.92101520674145065
CF1_D10,CF1 D10,10,73,93,0.92101520674145065,0.90849928254936352,0.95641217064995343,0.96189538081497072,0.89316639081389571,0.92101520674145065
CF1_D10,CF1 D10,10,74,94,0.92101520674145065,0.90849928254936352,0.95641217064995343,0.96189538081497072,0.89316639081389571,0.92101520674145065
CF1_D10,CF1 D10,10,75,95,0.92101520674145065,0.90849928254936352,0.95641217064995343,0.96189538081497072,0.89316639081389571,0.92101520674145065
CF1_D10,CF1 D10,10,76,96,0.92101520674145065,0.90849928254936352,0.95641217064995343,0.96189538081497072,0.89316639081389571,0.92101520674145065
CF1_D10,CF1 D10,10,77,97,0.92101520674145065,0.90849928254936352,0.95641217064995343,0.96189538081497072,0.89316639081389571,0.92101520674145065
CF1_D10,CF1 D10,10,78,98,0.92101520674145065,0.90849928254936352,0.95641217064995343,0.96189538081497072,0.89316639081389571,0.92101520674145065
CF1_D10,CF1 D10,10,79,99,0.92153453278352349,0.90849928254936352,0.95641217064995343,0.96189538081497072,0.89316639081389571,0.92153453278352349
CF1_D10,CF1 D10,10,80,100,0.92153453278352349,0.90849928254936352,0.95641217064995343,0.96189538081497072,0.89316639081389571,0.92153453278352349
CF1_D10,CF1 D10,10,81,101,0.92153453278352349,0.90849928254936352,0.95641217064995343,0.96295788650041625,0.89316639081389571,0.92153453278352349
CF1_D10,CF1 D10,10,82,102,0.92153453278352349,0.90849928254936352,0.95641217064995343,0.96295788650041625,0.89316639081389571,0.92153453278352349
CF1_D10,CF1 D10,10,83,103,0.92153453278352349,0.90849928254936352,0.95701846408444802,0.96295788650041625,0.89316639081389571,0.92153453278352349
CF1_D10,CF1 D10,10,84,104,0.92153453278352349,0.90849928254936352,0.95701846408444802,0.96295788650041625,0.89316639081389571,0.92153453278352349
CF1_D10,CF1 D10,10,85,105,0.92153453278352349,0.90849928254936352,0.95906047526456384,0.96295788650041625,0.89316639081389571,0.92153453278352349
CF1_D10,CF1 D10,10,86,106,0.92153453278352349,0.90849928254936352,0.95906047526456384,0.96295788650041625,0.89316639081389571,0.92153453278352349
CF1_D10,CF1 D10,10,87,107,0.92153453278352349,0.90849928254936352,0.95906047526456384,0.96295788650041625,0.89316639081389571,0.92153453278352349
CF1_D10,CF1 D10,10,88,108,0.92252346138441832,0.93045305872329531,0.95906047526456384,0.96295788650041625,0.91071232553747616,0.93045305872329531
CF1_D10,CF1 D10,10,89,109,0.92252346138441832,0.93045305872329531,0.95981941114658254,0.96567994737030505,0.91071232553747616,0.93045305872329531
CF1_D10,CF1 D10,10,90,110,0.92252346138441832,0.93045305872329531,0.95984993883970149,0.96567994737030505,0.91071232553747616,0.93045305872329531
CF1_D10,CF1 D10,10,91,111,0.92252346138441832,0.93045305872329531,0.95984993883970149,0.9660181164623256,0.91071232553747616,0.93045305872329531
CF1_D10,CF1 D10,10,92,112,0.92252346138441832,0.93045305872329531,0.9635126330067405,0.9660181164623256,0.91071232553747616,0.93045305872329531
CF1_D10,CF1 D10,10,93,113,0.92252346138441832,0.93045305872329531,0.9635126330067405,0.9660181164623256,0.91071232553747616,0.93045305872329531
CF1_D10,CF1 D10,10,94,114,0.92252346138441832,0.93045305872329531,0.9635126330067405,0.9660181164623256,0.91071232553747616,0.93045305872329531
CF1_D10,CF1 D10,10,95,115,0.92252346138441832,0.94223468073901062,0.96665787976121642,0.9660181164623256,0.91592925532351055,0.94223468073901062
CF1_D10,CF1 D10,10,96,116,0.92252346138441832,0.94223468073901062,0.96665787976121642,0.9660181164623256,0.91592925532351055,0.94223468073901062
CF1_D10,CF1 D10,10,97,117,0.92252346138441832,0.94223468073901062,0.96665787976121642,0.9660181164623256,0.91592925532351055,0.94223468073901062
CF1_D10,CF1 D10,10,98,118,0.92252346138441832,0.94223468073901062,0.96711660934158805,0.9660181164623256,0.91592925532351055,0.94223468073901062
CF1_D10,CF1 D10,10,99,119,0.92252346138441832,0.94223468073901062,0.96711660934158805,0.96820328308661852,0.91592925532351055,0.94223468073901062
CF1_D10,CF1 D10,10,100,120,0.92252346138441832,0.94239677685221457,0.96711660934158805,0.96820328308661852,0.91592925532351055,0.94239677685221457
CF1_D10,CF1 D10,10,101,121,0.92252346138441832,0.94239677685221457,0.96711660934158805,0.96820328308661852,0.91592925532351055,0.94239677685221457
CF1_D10,CF1 D10,10,102,122,0.92252346138441832,0.94239677685221457,0.96711660934158805,0.96820328308661852,0.91592925532351055,0.94239677685221457
CF1_D10,CF1 D10,10,103,123,0.92252346138441832,0.94239677685221457,0.96780189033869002,0.96820328308661852,0.91592925532351055,0.94239677685221457
CF1_D10,CF1 D10,10,104,124,0.92252346138441832,0.94239677685221457,0.96780189033869002,0.96820328308661852,0.91592925532351055,0.94239677685221457
CF1_D10,CF1 D10,10,105,125,0.92252346138441832,0.94650282805242791,0.96780189033869002,0.96820328308661852,0.91592925532351055,0.94650282805242791
CF1_D10,CF1 D10,10,106,126,0.92252346138441832,0.94650282805242791,0.96780189033869002,0.96898039226372679,0.91592925532351055,0.94650282805242791
CF1_D10,CF1 D10,10,107,127,0.92252346138441832,0.94650282805242791,0.9778800076521097,0.96898039226372679,0.91592925532351055,0.94650282805242791
CF1_D10,CF1 D10,10,108,128,0.92252346138441832,0.94650282805242791,0.9778800076521097,0.96917273606478849,0.91592925532351055,0.94650282805242791
CF1_D10,CF1 D10,10,109,129,0.92252346138441832,0.94650282805242791,0.9778800076521097,0.96917273606478849,0.91592925532351055,0.94650282805242791
CF1_D10,CF1 D10,10,110,130,0.92252346138441832,0.94650282805242791,0.9778800076521097,0.96917273606478849,0.91592925532351055,0.94650282805242791
CF1_D10,CF1 D10,10,111,131,0.92252346138441832,0.94650282805242791,0.9778800076521097,0.96917273606478849,0.91592925532351055,0.94650282805242791
CF1_D10,CF1 D10,10,112,132,0.92252346138441832,0.94650282805242791,0.9778800076521097,0.96917273606478849,0.91592925532351055,0.94650282805242791
CF1_D10,CF1 D10,10,113,133,0.92252346138441832,0.94650282805242791,0.9778800076521097,0.97127615113146393,0.91592925532351055,0.94650282805242791
CF1_D10,CF1 D10,10,114,134,0.92252346138441832,0.96214794156750039,0.9778800076521097,0.97127615113146393,0.91592925532351055,0.96214794156750039
CF1_D10,CF1 D10,10,115,135,0.92252346138441832,0.96318261361010926,0.9778800076521097,0.97127615113146393,0.91592925532351055,0.96318261361010926
CF1_D10,CF1 D10,10,116,136,0.92252346138441832,0.96318261361010926,0.99351895822553882,0.97127615113146393,0.91592925532351055,0.96318261361010926
CF1_D10,CF1 D10,10,117,137,0.92252346138441832,0.96318261361010926,0.99415832125643777,0.97127615113146393,0.91592925532351055,0.96318261361010926
CF1_D10,CF1 D10,10,118,138,0.92252346138441832,0.96318261361010926,0.99415832125643777,0.97127615113146393,0.91592925532351055,0.96318261361010926
CF1_D10,CF1 D10,10,119,139,0.92252346138441832,0.96318261361010926,0.99415832125643777,0.97127615113146393,0.91592925532351055,0.96318261361010926
CF1_D10,CF1 D10,10,120,140,0.9370871491449676,0.96318261361010926,0.99415832125643777,0.97127615113146393,0.91592925532351055,0.96318261361010926
CF1_D10,CF1 D10,10,121,141,0.9370871491449676,0.96318261361010926,0.99415832125643777,0.97127615113146393,0.91592925532351055,0.96318261361010926
CF1_D10,CF1 D10,10,122,142,0.9370871491449676,0.96318261361010926,0.99415832125643777,0.97127615113146393,0.91592925532351055,0.96318261361010926
CF1_D10,CF1 D10,10,123,143,0.9370871491449676,0.96318261361010926,0.99415832125643777,0.97127615113146393,0.91592925532351055,0.96318261361010926
CF1_D10,CF1 D10,10,124,144,0.9370871491449676,0.96318261361010926,0.99415832125643777,0.97127615113146393,0.91592925532351055,0.96318261361010926
CF1_D10,CF1 D10,10,125,145,0.9370871491449676,0.96318261361010926,0.99415832125643777,0.97127615113146393,0.91592925532351055,0.96318261361010926
CF1_D10,CF1 D10,10,126,146,0.9370871491449676,0.96318261361010926,0.99415832125643777,0.97127615113146393,0.91592925532351055,0.96318261361010926
CF1_D10,CF1 D10,10,127,147,0.9370871491449676,0.96318261361010926,0.99415832125643777,0.97127615113146393,0.91592925532351055,0.96318261361010926
CF1_D10,CF1 D10,10,128,148,0.9370871491449676,0.96318261361010926,0.99415832125643777,0.97127615113146393,0.91592925532351055,0.96318261361010926
CF1_D10,CF1 D10,10,129,149,0.9370871491449676,0.96318261361010926,0.99415832125643777,0.9713977392253591,0.91592925532351055,0.96318261361010926
CF1_D10,CF1 D10,10,130,150,0.9370871491449676,0.96318261361010926,0.99415832125643777,0.9713977392253591,0.92569127859708167,0.96318261361010926
C2DTLZ2_D4_R02,C2-DTLZ2 D4,4,0,20,0.22997368348064046,0.3338285556960725,0.40109422850753285,0.3912158311458499,0.22569087809626415,0.3338285556960725
C2DTLZ2_D4_R02,C2-DTLZ2 D4,4,1,21,0.23403193264760216,0.3338285556960725,0.40556530660173173,0.3912158311458499,0.22569087809626415,0.3338285556960725
C2DTLZ2_D4_R02,C2-DTLZ2 D4,4,2,22,0.23403193264760216,0.34844813192629409,0.40556530660173173,0.3912158311458499,0.2343777618542365,0.34844813192629409
C2DTLZ2_D4_R02,C2-DTLZ2 D4,4,3,23,0.25020004326003092,0.34844813192629409,0.40556530660173173,0.44290564897333801,0.2343777618542365,0.34844813192629409
C2DTLZ2_D4_R02,C2-DTLZ2 D4,4,4,24,0.25020004326003092,0.34844813192629409,0.40556530660173173,0.46845222319154672,0.26588916689069025,0.34844813192629409
C2DTLZ2_D4_R02,C2-DTLZ2 D4,4,5,25,0.25020004326003092,0.34844813192629409,0.40556530660173173,0.46845222319154672,0.28376167623488435,0.34844813192629409
C2DTLZ2_D4_R02,C2-DTLZ2 D4,4,6,26,0.26664514865352207,0.35385961554996953,0.40556530660173173,0.46845222319154672,0.28420400732696,0.35385961554996953
C2DTLZ2_D4_R02,C2-DTLZ2 D4,4,7,27,0.26919388470206429,0.35753427063965992,0.42256558325315868,0.46845222319154672,0.30324893869580566,0.35753427063965992
C2DTLZ2_D4_R02,C2-DTLZ2 D4,4,8,28,0.27964939012562356,0.35753427063965992,0.42256558325315868,0.46845222319154672,0.30324893869580566,0.35753427063965992
C2DTLZ2_D4_R02,C2-DTLZ2 D4,4,9,29,0.29315957340368798,0.35753427063965992,0.44254635343071441,0.47318836510247003,0.30491970906529792,0.35753427063965992
C2DTLZ2_D4_R02,C2-DTLZ2 D4,4,10,30,0.29349139460529772,0.36728563525609526,0.44255569371932496,0.47318836510247003,0.3050128294501232,0.36728563525609526
C2DTLZ2_D4_R02,C2-DTLZ2 D4,4,11,31,0.30207729285130369,0.36728563525609526,0.46206824936742336,0.47493597632962342,0.3050128294501232,0.36728563525609526
C2DTLZ2_D4_R02,C2-DTLZ2 D4,4,12,32,0.30207729285130369,0.41418642424659996,0.46206824936742336,0.47493597632962342,0.32660433142754253,0.41418642424659996
C2DTLZ2_D4_R02,C2-DTLZ2 D4,4,13,33,0.32481835881235216,0.41418642424659996,0.52295286945556485,0.48035785588043811,0.32724137561163241,0.41418642424659996
C2DTLZ2_D4_R02,C2-DTLZ2 D4,4,14,34,0.32818849014107948,0.42634000483098139,0.5359210952271013,0.49841197697943218,0.32784640516679364,0.42634000483098139
C2DTLZ2_D4_R02,C2-DTLZ2 D4,4,15,35,0.34747162067731152,0.43588824568928841,0.5404949093717174,0.49841197697943218,0.32784640516679364,0.43588824568928841
C2DTLZ2_D4_R02,C2-DTLZ2 D4,4,16,36,0.34834823442567392,0.43588824653155972,0.5404949093717174,0.49841197697943218,0.32784640516679364,0.43588824653155972
C2DTLZ2_D4_R02,C2-DTLZ2 D4,4,17,37,0.35852262796215723,0.43588824653155972,0.5404949093717174,0.49841197697943218,0.32784640516679364,0.43588824653155972
C2DTLZ2_D4_R02,C2-DTLZ2 D4,4,18,38,0.35890785353995897,0.43588824653155972,0.55090824787208315,0.49841197697943218,0.32821358863027716,0.43588824653155972
C2DTLZ2_D4_R02,C2-DTLZ2 D4,4,19,39,0.36637349625659626,0.44166784665278813,0.55497710133536349,0.51688448473945514,0.33840473240332164,0.44166784665278813
C2DTLZ2_D4_R02,C2-DTLZ2 D4,4,20,40,0.36637349625659626,0.44166784665278813,0.55497710133536349,0.51688448473945514,0.33840473240332164,0.44166784665278813
C2DTLZ2_D4_R02,C2-DTLZ2 D4,4,21,41,0.36637349625659626,0.44672686262352135,0.56298856532019137,0.52879662685078332,0.33840473240332164,0.44672686262352135
C2DTLZ2_D4_R02,C2-DTLZ2 D4,4,22,42,0.36637349625659626,0.47252987647443162,0.5703069861616612,0.53706904011451895,0.33867396914483999,0.47252987647443162
C2DTLZ2_D4_R02,C2-DTLZ2 D4,4,23,43,0.36637349625659626,0.47460251008332571,0.5703069861616612,0.53706904011451895,0.33894118758214514,0.47460251008332571
C2DTLZ2_D4_R02,C2-DTLZ2 D4,4,24,44,0.36637349625659626,0.47460251008332571,0.5703069861616612,0.57462579094487209,0.33894118758214514,0.47460251008332571
C2DTLZ2_D4_R02,C2-DTLZ2 D4,4,25,45,0.36637349625659626,0.47718131073303327,0.57757160875453595,0.57462663582820162,0.3432258273559986,0.47718131073303327
C2DTLZ2_D4_R02,C2-DTLZ2 D4,4,26,46,0.36660933118800698,0.47718131078846143,0.57757160875453595,0.5792330339849211,0.34344232683059894,0.47718131078846143
C2DTLZ2_D4_R02,C2-DTLZ2 D4,4,27,47,0.36685172405624406,0.47718131078846143,0.57757160875453595,0.58535410849754388,0.35052031551053625,0.47718131078846143
C2DTLZ2_D4_R02,C2-DTLZ2 D4,4,28,48,0.36685172405624406,0.47918264628881513,0.57757160875453595,0.58759512098180022,0.35072919998753821,0.47918264628881513
C2DTLZ2_D4_R02,C2-DTLZ2 D4,4,29,49,0.36710991656613623,0.47918264628881513,0.57757160875453595,0.58759518239470343,0.35780133680165066,0.47918264628881513
C2DTLZ2_D4_R02,C2-DTLZ2 D4,4,30,50,0.36734035637647783,0.47918264628881513,0.58099302859031288,0.58759518239470343,0.36489114837388048,0.47918264628881513
C2DTLZ2_D4_R02,C2-DTLZ2 D4,4,31,51,0.37032685529234216,0.47918264628881513,0.58099302859031288,0.5927071236477498,0.37213368583657302,0.47918264628881513
C2DTLZ2_D4_R02,C2-DTLZ2 D4,4,32,52,0.37044735174826743,0.48040975206590769,0.58099302859031288,0.59784013791656021,0.37213368583657302,0.48040975206590769
C2DTLZ2_D4_R02,C2-DTLZ2 D4,4,33,53,0.37056226563817041,0.48040975206590769,0.58099302859031288,0.59784013791656021,0.37213368583657302,0.48040975206590769
C2DTLZ2_D4_R02,C2-DTLZ2 D4,4,34,54,0.37056226563817041,0.48040975206590769,0.58099302859031288,0.59784013791656021,0.37222385013508374,0.48040975206590769
C2DTLZ2_D4_R02,C2-DTLZ2 D4,4,35,55,0.37056226563817041,0.48040975284370396,0.58099302859031288,0.60247157803728169,0.37222385013508374,0.48040975284370396
C2DTLZ2_D4_R02,C2-DTLZ2 D4,4,36,56,0.37056226563817041,0.48040975287373588,0.5838577590433085,0.60247157803728169,0.37222385013508374,0.48040975287373588
C2DTLZ2_D4_R02,C2-DTLZ2 D4,4,37,57,0.37068111298275286,0.48352650460301172,0.5838577590433085,0.60247157803728169,0.37222385013508374,0.48352650460301172
C2DTLZ2_D4_R02,C2-DTLZ2 D4,4,38,58,0.37068111298275286,0.48352650460301172,0.5838577590433085,0.60247157803728169,0.37222385013508374,0.48352650460301172
C2DTLZ2_D4_R02,C2-DTLZ2 D4,4,39,59,0.37068111298275286,0.48352650460301172,0.58525752745503801,0.60247157803728169,0.37222385013508374,0.48352650460301172
C2DTLZ2_D4_R02,C2-DTLZ2 D4,4,40,60,0.37081110360089142,0.4861048174978716,0.5878867073480023,0.60247157803728169,0.37222385013508374,0.4861048174978716
C2DTLZ2_D4_R02,C2-DTLZ2 D4,4,41,61,0.37081110360089142,0.4861048174978716,0.5955322323715988,0.60559501887257539,0.37233532093730309,0.4861048174978716
C2DTLZ2_D4_R02,C2-DTLZ2 D4,4,42,62,0.37098249590624344,0.4861048174978716,0.5955322323715988,0.60559501887257539,0.37245651955530046,0.4861048174978716
C2DTLZ2_D4_R02,C2-DTLZ2 D4,4,43,63,0.37098249590624344,0.4861048174978716,0.59553329683428702,0.60559501887257539,0.37245651955530046,0.4861048174978716
C2DTLZ2_D4_R02,C2-DTLZ2 D4,4,44,64,0.37098249590624344,0.4861048174978716,0.59553329683428702,0.60747961835848718,0.37245651955530046,0.4861048174978716
C2DTLZ2_D4_R02,C2-DTLZ2 D4,4,45,65,0.37109680174176546,0.4861048174978716,0.59739389413509869,0.60747961835848718,0.37254029097939423,0.4861048174978716
C2DTLZ2_D4_R02,C2-DTLZ2 D4,4,46,66,0.37118834423137226,0.4861048174978716,0.60162599773946535,0.60747961835848718,0.37261669346565807,0.4861048174978716
C2DTLZ2_D4_R02,C2-DTLZ2 D4,4,47,67,0.37118834423137226,0.4861048174978716,0.60162599773946535,0.60747961835848718,0.37261669346565807,0.4861048174978716
C2DTLZ2_D4_R02,C2-DTLZ2 D4,4,48,68,0.43241280556229089,0.4861048174978716,0.60339134444757536,0.61043914012798473,0.37268985200170734,0.4861048174978716
C2DTLZ2_D4_R02,C2-DTLZ2 D4,4,49,69,0.43241280556229089,0.4861048174978716,0.60339211392950398,0.61043914012798473,0.37276194282113506,0.4861048174978716
C2DTLZ2_D4_R02,C2-DTLZ2 D4,4,50,70,0.46266358663230844,0.48760746912993946,0.60339211392950398,0.61043914012798473,0.37282866953738375,0.48760746912993946
C2DTLZ2_D4_R02,C2-DTLZ2 D4,4,51,71,0.48913229766513733,0.48852208978862915,0.60339211392950398,0.6140479093139779,0.37282866953738375,0.48913229766513733
C2DTLZ2_D4_R02,C2-DTLZ2 D4,4,52,72,0.48913229766513733,0.48852208978862915,0.60339211392950398,0.61404791106042023,0.37288636477428233,0.48913229766513733
C2DTLZ2_D4_R02,C2-DTLZ2 D4,4,53,73,0.49290002714099801,0.48852208978862915,0.60487725114378788,0.61404791106042023,0.37529259264123666,0.49290002714099801
C2DTLZ2_D4_R02,C2-DTLZ2 D4,4,54,74,0.49290002714099801,0.48852208990477008,0.60487725114378788,0.61404791106042023,0.37534534037865602,0.49290002714099801
C2DTLZ2_D4_R02,C2-DTLZ2 D4,4,55,75,0.49300201838183755,0.48906587074477259,0.60596813323805943,0.61404791106042023,0.37534534037865602,0.49300201838183755
C2DTLZ2_D4_R02,C2-DTLZ2 D4,4,56,76,0.49582670585914879,0.49079835624739565,0.60764511554201917,0.61531663206562304,0.37534534037865602,0.49582670585914879
C2DTLZ2_D4_R02,C2-DTLZ2 D4,4,57,77,0.49878148427564006,0.49079835624739565,0.61182715746455762,0.61651651361597704,0.37539730591405668,0.49878148427564006
C2DTLZ2_D4_R02,C2-DTLZ2 D4,4,58,78,0.49878148427564006,0.49079835624739565,0.61182715746455762,0.61651651361597704,0.37539730591405668,0.49878148427564006
C2DTLZ2_D4_R02,C2-DTLZ2 D4,4,59,79,0.49878148427564006,0.49079835624739565,0.61182715746455762,0.61651651361597704,0.37539730591405668,0.49878148427564006
C2DTLZ2_D4_R02,C2-DTLZ2 D4,4,60,80,0.49878148427564006,0.4913696915599613,0.61182715746455762,0.61651651361597704,0.37539730591405668,0.49878148427564006
C2DTLZ2_D4_R02,C2-DTLZ2 D4,4,61,81,0.49878148427564006,0.49182080541829387,0.61182715746455762,0.6174278631664708,0.37539730591405668,0.49878148427564006
C2DTLZ2_D4_R02,C2-DTLZ2 D4,4,62,82,0.49878148427564006,0.49182080541829387,0.61532898692478233,0.6174278631664708,0.37539730591405668,0.49878148427564006
C2DTLZ2_D4_R02,C2-DTLZ2 D4,4,63,83,0.49878148427564006,0.49182080541829387,0.61532898692478233,0.61890932537466015,0.37539730591405668,0.49878148427564006
C2DTLZ2_D4_R02,C2-DTLZ2 D4,4,64,84,0.4992443899004807,0.49182080541829387,0.61639232489261142,0.61890932537466015,0.37539730591405668,0.4992443899004807
C2DTLZ2_D4_R02,C2-DTLZ2 D4,4,65,85,0.4992443899004807,0.49182080541829387,0.61639232489261142,0.61890932537466015,0.37544815227980766,0.4992443899004807
C2DTLZ2_D4_R02,C2-DTLZ2 D4,4,66,86,0.4992443899004807,0.4922734838748179,0.61639232489261142,0.61983728758403955,0.37544815227980766,0.4992443899004807
C2DTLZ2_D4_R02,C2-DTLZ2 D4,4,67,87,0.4992443899004807,0.49285113006552184,0.61639232489261142,0.61983728758403955,0.37544815227980766,0.4992443899004807
C2DTLZ2_D4_R02,C2-DTLZ2 D4,4,68,88,0.49924439101102669,0.49314664032955102,0.61639232489261142,0.61983728758403955,0.37544815227980766,0.49924439101102669
C2DTLZ2_D4_R02,C2-DTLZ2 D4,4,69,89,0.49924439101102669,0.49528869629558125,0.61639232489261142,0.6204790289168548,0.37550123147968234,0.49924439101102669
C2DTLZ2_D4_R02,C2-DTLZ2 D4,4,70,90,0.49924439101102669,0.49528869629558125,0.61639232489261142,0.6211030172407711,0.37552738510656786,0.49924439101102669
C2DTLZ2_D4_R02,C2-DTLZ2 D4,4,71,91,0.499534284484483,0.49528869629558125,0.6182760272332305,0.6211030172407711,0.37552738510656786,0.499534284484483
C2DTLZ2_D4_R02,C2-DTLZ2 D4,4,72,92,0.499534284484483,0.49528869629558125,0.6182760272332305,0.62262101973510375,0.37552738510656786,0.499534284484483
C2DTLZ2_D4_R02,C2-DTLZ2 D4,4,73,93,0.499534284484483,0.49528869629558125,0.6182760272332305,0.62262101973510375,0.37552738510656786,0.499534284484483
C2DTLZ2_D4_R02,C2-DTLZ2 D4,4,74,94,0.499534284484483,0.49528869629558125,0.6182760272332305,0.62262101973510375,0.37552738510656786,0.499534284484483
C2DTLZ2_D4_R02,C2-DTLZ2 D4,4,75,95,0.4996719624848931,0.49528869629558125,0.6182760272332305,0.62262101973510375,0.37552738510656786,0.4996719624848931
C2DTLZ2_D4_R02,C2-DTLZ2 D4,4,76,96,0.49981810518914438,0.49562863135177554,0.6182760272332305,0.62262101973510375,0.37557684000804498,0.49981810518914438
C2DTLZ2_D4_R02,C2-DTLZ2 D4,4,77,97,0.49981810518914438,0.49562863135177554,0.6182760272332305,0.62262101973510375,0.37560662366773384,0.49981810518914438
C2DTLZ2_D4_R02,C2-DTLZ2 D4,4,78,98,0.49981810518914438,0.49604473930597376,0.6182760272332305,0.62262101973510375,0.37560662366773384,0.49981810518914438
C2DTLZ2_D4_R02,C2-DTLZ2 D4,4,79,99,0.49981810518914438,0.49604473930597376,0.6182760272332305,0.62262101973510375,0.37560662366773384,0.49981810518914438
C2DTLZ2_D4_R02,C2-DTLZ2 D4,4,80,100,0.49981810518914438,0.4962328091977799,0.6182760272332305,0.62262101973510375,0.37560662366773384,0.49981810518914438
C2DTLZ2_D4_R02,C2-DTLZ2 D4,4,81,101,0.49981810518914438,0.4962328091977799,0.61895752775359536,0.62297694448482555,0.37560662366773384,0.49981810518914438
C2DTLZ2_D4_R02,C2-DTLZ2 D4,4,82,102,0.49981810518914438,0.4962328091977799,0.61954376033762204,0.62297694448482555,0.37560662366773384,0.49981810518914438
C2DTLZ2_D4_R02,C2-DTLZ2 D4,4,83,103,0.49981810518914438,0.4962328091977799,0.61954376033762204,0.62297694448482555,0.37560662366773384,0.49981810518914438
C2DTLZ2_D4_R02,C2-DTLZ2 D4,4,84,104,0.49981810518914438,0.4962328091977799,0.61954376033762204,0.62297694448482555,0.37560662366773384,0.49981810518914438
C2DTLZ2_D4_R02,C2-DTLZ2 D4,4,85,105,0.50000689694022293,0.4962328091977799,0.62012940085315893,0.62513377896749966,0.37560662366773384,0.50000689694022293
C2DTLZ2_D4_R02,C2-DTLZ2 D4,4,86,106,0.50000689700030865,0.49642499017412989,0.62012940085315893,0.62513377896749966,0.37560662366773384,0.50000689700030865
C2DTLZ2_D4_R02,C2-DTLZ2 D4,4,87,107,0.50000689700030865,0.49642499017412989,0.62186820333494841,0.62513377896749966,0.37560662366773384,0.50000689700030865
C2DTLZ2_D4_R02,C2-DTLZ2 D4,4,88,108,0.50000689700030865,0.49642499017412989,0.62186820333494841,0.62513377896749966,0.37560662366773384,0.50000689700030865
C2DTLZ2_D4_R02,C2-DTLZ2 D4,4,89,109,0.50000689700030865,0.49657040585127521,0.62217175733487773,0.62569348309540296,0.48190589749668006,0.50000689700030865
C2DTLZ2_D4_R02,C2-DTLZ2 D4,4,90,110,0.50000689700030865,0.49657040585127521,0.62217175733487773,0.62619696095816291,0.4915249491601546,0.50000689700030865
C2DTLZ2_D4_R02,C2-DTLZ2 D4,4,91,111,0.50000689700030865,0.49657040585127521,0.62217175733487773,0.62619696095816291,0.4915249491601546,0.50000689700030865
C2DTLZ2_D4_R02,C2-DTLZ2 D4,4,92,112,0.50000689700030865,0.49657040585127521,0.62386186787840525,0.62619696127651803,0.4915249491601546,0.50000689700030865
C2DTLZ2_D4_R02,C2-DTLZ2 D4,4,93,113,0.50000689700030865,0.49657040585127521,0.62386186787840525,0.62655598744868068,0.4915249491601546,0.50000689700030865
C2DTLZ2_D4_R02,C2-DTLZ2 D4,4,94,114,0.50000689700030865,0.49657040585127521,0.62386186787840525,0.62655598744868068,0.4915249491601546,0.50000689700030865
C2DTLZ2_D4_R02,C2-DTLZ2 D4,4,95,115,0.50008753550800711,0.49671577720636012,0.62386186787840525,0.62655598744868068,0.4915249491601546,0.50008753550800711
C2DTLZ2_D4_R02,C2-DTLZ2 D4,4,96,116,0.50008753572526832,0.49671577720636012,0.62386186787840525,0.62655598744868068,0.4915249491601546,0.50008753572526832
C2DTLZ2_D4_R02,C2-DTLZ2 D4,4,97,117,0.50008753572526832,0.49671577720636012,0.62386186865732163,0.62655598744868068,0.49447177595249786,0.50008753572526832
C2DTLZ2_D4_R02,C2-DTLZ2 D4,4,98,118,0.50015077326368595,0.49671577720636012,0.62386186865732163,0.62655598744868068,0.4966483142025056,0.50015077326368595
C2DTLZ2_D4_R02,C2-DTLZ2 D4,4,99,119,0.50015077326368595,0.49671577720636012,0.62406741708502456,0.62676245798067487,0.4966483142025056,0.50015077326368595
C2DTLZ2_D4_R02,C2-DTLZ2 D4,4,100,120,0.50015077326368595,0.49671577720636012,0.62434560540898976,0.62676245798067487,0.49697412305695249,0.50015077326368595
C2DTLZ2_D4_R02,C2-DTLZ2 D4,4,101,121,0.50015077326368595,0.49671577720636012,0.62434560540898976,0.62691305385232499,0.49697412305695249,0.50015077326368595
C2DTLZ2_D4_R02,C2-DTLZ2 D4,4,102,122,0.50015077326368595,0.49671577720636012,0.62434560540898976,0.62691305385232499,0.50014791145846005,0.50015077326368595
C2DTLZ2_D4_R02,C2-DTLZ2 D4,4,103,123,0.50015077326368595,0.49671577720636012,0.62464764835977182,0.62691305385232499,0.50014791145846005,0.50015077326368595
C2DTLZ2_D4_R02,C2-DTLZ2 D4,4,104,124,0.50028256776293623,0.49683038361766907,0.62464764835977182,0.62691305385232499,0.50014791145846005,0.50028256776293623
C2DTLZ2_D4_R02,C2-DTLZ2 D4,4,105,125,0.50028256776293623,0.49683038361766907,0.62464764835977182,0.62691305385232499,0.50329569204935254,0.50329569204935254
C2DTLZ2_D4_R02,C2-DTLZ2 D4,4,106,126,0.50028256776293623,0.49683038361766907,0.62464764835977182,0.62691305385232499,0.50388488693068756,0.50388488693068756
C2DTLZ2_D4_R02,C2-DTLZ2 D4,4,107,127,0.50034452607971602,0.49683038361766907,0.62464764835977182,0.62691305385232499,0.50388488693068756,0.50388488693068756
C2DTLZ2_D4_R02,C2-DTLZ2 D4,4,108,128,0.50034452607971602,0.49683038361766907,0.62464764835977182,0.62691305385232499,0.50388488693068756,0.50388488693068756
C2DTLZ2_D4_R02,C2-DTLZ2 D4,4,109,129,0.50034452607971602,0.49683038361766907,0.62464764835977182,0.62691305385232499,0.50388488693068756,0.50388488693068756
C2DTLZ2_D4_R02,C2-DTLZ2 D4,4,110,130,0.50034452607971602,0.49683038361766907,0.6261316993399304,0.62711588645566152,0.50388488693068756,0.50388488693068756
C2DTLZ2_D4_R02,C2-DTLZ2 D4,4,111,131,0.50040245207711731,0.49683038361766907,0.6261316993399304,0.62711588645566152,0.50388488693068756,0.50388488693068756
C2DTLZ2_D4_R02,C2-DTLZ2 D4,4,112,132,0.50040245207711731,0.49683038361766907,0.6261316993399304,0.62711588645566152,0.50388488693068756,0.50388488693068756
C2DTLZ2_D4_R02,C2-DTLZ2 D4,4,113,133,0.50040245207711731,0.49683038361766907,0.6261316993399304,0.62711588645566152,0.50388488693068756,0.50388488693068756
C2DTLZ2_D4_R02,C2-DTLZ2 D4,4,114,134,0.50040245207711731,0.49694496965549972,0.62661326150217578,0.62711588645566152,0.50388488693068756,0.50388488693068756
C2DTLZ2_D4_R02,C2-DTLZ2 D4,4,115,135,0.50040245207711731,0.4970136709540619,0.6268312971997394,0.62711588645566152,0.50388488693068756,0.50388488693068756
C2DTLZ2_D4_R02,C2-DTLZ2 D4,4,116,136,0.50040245207711731,0.4970136709540619,0.6268312971997394,0.62711588645566152,0.50388488693068756,0.50388488693068756
C2DTLZ2_D4_R02,C2-DTLZ2 D4,4,117,137,0.50040245207711731,0.4970136709540619,0.62714104937927817,0.62711588645566152,0.50396607967254292,0.50396607967254292
C2DTLZ2_D4_R02,C2-DTLZ2 D4,4,118,138,0.50040245207711731,0.4970136709540619,0.62714104937927817,0.62711588674907859,0.50396607967254292,0.50396607967254292
C2DTLZ2_D4_R02,C2-DTLZ2 D4,4,119,139,0.50040245207711731,0.4970136709540619,0.62714104937927817,0.62711588674907859,0.50396607967254292,0.50396607967254292
C2DTLZ2_D4_R02,C2-DTLZ2 D4,4,120,140,0.50040245207711731,0.4970136709540619,0.62714104937927817,0.62726182917140949,0.50396607967254292,0.50396607967254292
C2DTLZ2_D4_R02,C2-DTLZ2 D4,4,121,141,0.50044367669198453,0.4970136709540619,0.62714104937927817,0.62726182917140949,0.50396607967254292,0.50396607967254292
C2DTLZ2_D4_R02,C2-DTLZ2 D4,4,122,142,0.50050300911559542,0.4970136709540619,0.62740780146829112,0.62748888854570573,0.50396607967254292,0.50396607967254292
C2DTLZ2_D4_R02,C2-DTLZ2 D4,4,123,143,0.50050300911559542,0.4970136709540619,0.62740784065175359,0.62757842701153999,0.50396607967254292,0.50396607967254292
C2DTLZ2_D4_R02,C2-DTLZ2 D4,4,124,144,0.50050300911559542,0.4970136709540619,0.62839157144577373,0.62757842701153999,0.50396607967254292,0.50396607967254292
C2DTLZ2_D4_R02,C2-DTLZ2 D4,4,125,145,0.50050300911559542,0.4970136709540619,0.62839157144577373,0.62757842701153999,0.50396607967254292,0.50396607967254292
C2DTLZ2_D4_R02,C2-DTLZ2 D4,4,126,146,0.50050300911559542,0.4970136709540619,0.62839157144577373,0.62757842701153999,0.50396607967254292,0.50396607967254292
C2DTLZ2_D4_R02,C2-DTLZ2 D4,4,127,147,0.500560256337934,0.49713085885947583,0.62839157144577373,0.62757842701153999,0.50396607967254292,0.50396607967254292
C2DTLZ2_D4_R02,C2-DTLZ2 D4,4,128,148,0.500560256337934,0.49713085885947583,0.62839157144577373,0.62757842701153999,0.50396607983402131,0.50396607983402131
C2DTLZ2_D4_R02,C2-DTLZ2 D4,4,129,149,0.500560256337934,0.49713085885947583,0.62839157144577373,0.62757842701153999,0.50396607983402131,0.50396607983402131
C2DTLZ2_D4_R02,C2-DTLZ2 D4,4,130,150,0.50064708978951133,0.49713085885947583,0.62839157144577373,0.62757842701153999,0.50396607983402131,0.50396607983402131
C2DTLZ2_D6_R02,C2-DTLZ2 D6,6,0,20,0.20840101315255916,0,0,0,0,0
C2DTLZ2_D6_R02,C2-DTLZ2 D6,6,1,21,0.20840101315255916,0,0,0,0,0
C2DTLZ2_D6_R02,C2-DTLZ2 D6,6,2,22,0.24786901557670163,0,0,0,0,0
C2DTLZ2_D6_R02,C2-DTLZ2 D6,6,3,23,0.25132667015470306,0,0,0,0,0
C2DTLZ2_D6_R02,C2-DTLZ2 D6,6,4,24,0.25132667015470306,0,0,0,0,0
C2DTLZ2_D6_R02,C2-DTLZ2 D6,6,5,25,0.25132667015470306,0,0,0,0,0
C2DTLZ2_D6_R02,C2-DTLZ2 D6,6,6,26,0.25132667015470306,0,0,0,0,0
C2DTLZ2_D6_R02,C2-DTLZ2 D6,6,7,27,0.25132667015470306,0,0,0,0,0
C2DTLZ2_D6_R02,C2-DTLZ2 D6,6,8,28,0.27037422032621466,0,0,0,0,0
C2DTLZ2_D6_R02,C2-DTLZ2 D6,6,9,29,0.27037422032621466,0,0,0,0,0
C2DTLZ2_D6_R02,C2-DTLZ2 D6,6,10,30,0.27037422032621466,0,0,0,0,0
C2DTLZ2_D6_R02,C2-DTLZ2 D6,6,11,31,0.27037422032621466,0,0,0,0,0
C2DTLZ2_D6_R02,C2-DTLZ2 D6,6,12,32,0.29251268220371279,0,0,0,0,0
C2DTLZ2_D6_R02,C2-DTLZ2 D6,6,13,33,0.29251268220371279,0,0,0,0,0
C2DTLZ2_D6_R02,C2-DTLZ2 D6,6,14,34,0.29251268220371279,0,0,0,0,0
C2DTLZ2_D6_R02,C2-DTLZ2 D6,6,15,35,0.30680905698263472,0,0,0,0,0
C2DTLZ2_D6_R02,C2-DTLZ2 D6,6,16,36,0.30680905698263472,0,0,0,0,0
C2DTLZ2_D6_R02,C2-DTLZ2 D6,6,17,37,0.30680905698263472,0,0,0,0,0
C2DTLZ2_D6_R02,C2-DTLZ2 D6,6,18,38,0.30680905698263472,0,0,0,0,0
C2DTLZ2_D6_R02,C2-DTLZ2 D6,6,19,39,0.31536872113479569,0,0,0,0,0
C2DTLZ2_D6_R02,C2-DTLZ2 D6,6,20,40,0.31536872113479569,0,0,0,0,0
C2DTLZ2_D6_R02,C2-DTLZ2 D6,6,21,41,0.33640149896442501,0,0,0,0,0
C2DTLZ2_D6_R02,C2-DTLZ2 D6,6,22,42,0.33749278772437191,0,0,0,0,0
C2DTLZ2_D6_R02,C2-DTLZ2 D6,6,23,43,0.33749278772437191,0,0,0,0,0
C2DTLZ2_D6_R02,C2-DTLZ2 D6,6,24,44,0.33786275772208157,0,0,0,0,0
C2DTLZ2_D6_R02,C2-DTLZ2 D6,6,25,45,0.33786275772208157,0,0,0,0,0
C2DTLZ2_D6_R02,C2-DTLZ2 D6,6,26,46,0.33786275772208157,0,0,0,0,0
C2DTLZ2_D6_R02,C2-DTLZ2 D6,6,27,47,0.33786275772208157,0,0,0,0,0
C2DTLZ2_D6_R02,C2-DTLZ2 D6,6,28,48,0.33786275772208157,0,0,0,0,0
C2DTLZ2_D6_R02,C2-DTLZ2 D6,6,29,49,0.33786275772208157,0,0,0,0,0
C2DTLZ2_D6_R02,C2-DTLZ2 D6,6,30,50,0.33786275772208157,0,0,0,0,0
C2DTLZ2_D6_R02,C2-DTLZ2 D6,6,31,51,0.33786275772208157,0,0,0,0,0
C2DTLZ2_D6_R02,C2-DTLZ2 D6,6,32,52,0.33786275772208157,0,0,0,0,0
C2DTLZ2_D6_R02,C2-DTLZ2 D6,6,33,53,0.33786275772208157,0,0,0,0,0
C2DTLZ2_D6_R02,C2-DTLZ2 D6,6,34,54,0.35500955661086403,0,0,0,0,0
C2DTLZ2_D6_R02,C2-DTLZ2 D6,6,35,55,0.35500955661086403,0,0,0,0,0
C2DTLZ2_D6_R02,C2-DTLZ2 D6,6,36,56,0.35594903914940934,0,0,0,0,0
C2DTLZ2_D6_R02,C2-DTLZ2 D6,6,37,57,0.35594903914940934,0,0,0,0,0
C2DTLZ2_D6_R02,C2-DTLZ2 D6,6,38,58,0.35594903914940934,0,0,0,0,0
C2DTLZ2_D6_R02,C2-DTLZ2 D6,6,39,59,0.35594903914940934,0,0,0,0,0
C2DTLZ2_D6_R02,C2-DTLZ2 D6,6,40,60,0.35594903914940934,0,0,0,0,0
C2DTLZ2_D6_R02,C2-DTLZ2 D6,6,41,61,0.35622401068499282,0,0,0,0,0
C2DTLZ2_D6_R02,C2-DTLZ2 D6,6,42,62,0.35622401068499282,0,0,0,0,0
C2DTLZ2_D6_R02,C2-DTLZ2 D6,6,43,63,0.35622401068499282,0,0,0,0,0
C2DTLZ2_D6_R02,C2-DTLZ2 D6,6,44,64,0.35622401068499282,0,0,0,0,0
C2DTLZ2_D6_R02,C2-DTLZ2 D6,6,45,65,0.35622401068499282,0,0,0,0,0
C2DTLZ2_D6_R02,C2-DTLZ2 D6,6,46,66,0.35622401068499282,0,0,0,0,0
C2DTLZ2_D6_R02,C2-DTLZ2 D6,6,47,67,0.35622401068499282,0,0,0,0,0
C2DTLZ2_D6_R02,C2-DTLZ2 D6,6,48,68,0.35622401068499282,0,0,0,0,0
C2DTLZ2_D6_R02,C2-DTLZ2 D6,6,49,69,0.35622401068499282,0,0,0,0,0
C2DTLZ2_D6_R02,C2-DTLZ2 D6,6,50,70,0.35679952256246894,0,0,0,0,0
C2DTLZ2_D6_R02,C2-DTLZ2 D6,6,51,71,0.35679952256246894,0,0,0,0,0
C2DTLZ2_D6_R02,C2-DTLZ2 D6,6,52,72,0.35679952256246894,0,0,0,0,0
C2DTLZ2_D6_R02,C2-DTLZ2 D6,6,53,73,0.35679952256246894,0,0,0,0,0
C2DTLZ2_D6_R02,C2-DTLZ2 D6,6,54,74,0.35679952256246894,0,0,0,0,0
C2DTLZ2_D6_R02,C2-DTLZ2 D6,6,55,75,0.35685926746108326,0,0,0,0,0
C2DTLZ2_D6_R02,C2-DTLZ2 D6,6,56,76,0.35685926746108326,0,0,0,0,0
C2DTLZ2_D6_R02,C2-DTLZ2 D6,6,57,77,0.35685926746108326,0,0,0,0,0
C2DTLZ2_D6_R02,C2-DTLZ2 D6,6,58,78,0.35699347200998505,0,0,0,0,0
C2DTLZ2_D6_R02,C2-DTLZ2 D6,6,59,79,0.35699347200998505,0,0,0,0,0
C2DTLZ2_D6_R02,C2-DTLZ2 D6,6,60,80,0.35699347200998505,0,0,0,0,0
C2DTLZ2_D6_R02,C2-DTLZ2 D6,6,61,81,0.35699347200998505,0,0,0,0,0
C2DTLZ2_D6_R02,C2-DTLZ2 D6,6,62,82,0.35699347200998505,0,0,0,0,0
C2DTLZ2_D6_R02,C2-DTLZ2 D6,6,63,83,0.35699347200998505,0,0,0,0,0
C2DTLZ2_D6_R02,C2-DTLZ2 D6,6,64,84,0.35699347200998505,0,0,0,0,0
C2DTLZ2_D6_R02,C2-DTLZ2 D6,6,65,85,0.35699347200998505,0,0,0,0,0
C2DTLZ2_D6_R02,C2-DTLZ2 D6,6,66,86,0.35699347200998505,0,0,0,0,0
C2DTLZ2_D6_R02,C2-DTLZ2 D6,6,67,87,0.35699347200998505,0,0,0,0,0
C2DTLZ2_D6_R02,C2-DTLZ2 D6,6,68,88,0.35699347200998505,0,0,0,0,0
C2DTLZ2_D6_R02,C2-DTLZ2 D6,6,69,89,0.35699347200998505,0,0,0,0,0
C2DTLZ2_D6_R02,C2-DTLZ2 D6,6,70,90,0.35747297799476241,0,0,0,0,0
C2DTLZ2_D6_R02,C2-DTLZ2 D6,6,71,91,0.35747297799476241,0,0,0,0,0
C2DTLZ2_D6_R02,C2-DTLZ2 D6,6,72,92,0.35747297799476241,0,0,0,0,0
C2DTLZ2_D6_R02,C2-DTLZ2 D6,6,73,93,0.35747297799476241,0,0,0,0,0
C2DTLZ2_D6_R02,C2-DTLZ2 D6,6,74,94,0.35747297799476241,0,0.19789315505758467,0,0,0
C2DTLZ2_D6_R02,C2-DTLZ2 D6,6,75,95,0.35747297799476241,0,0.23564026468508775,0,0,0
C2DTLZ2_D6_R02,C2-DTLZ2 D6,6,76,96,0.35784530009660748,0,0.26867327900103893,0,0,0
C2DTLZ2_D6_R02,C2-DTLZ2 D6,6,77,97,0.35784530009660748,0,0.26867327900103893,0,0,0
C2DTLZ2_D6_R02,C2-DTLZ2 D6,6,78,98,0.35784530009660748,0,0.26867327900103893,0,0,0
C2DTLZ2_D6_R02,C2-DTLZ2 D6,6,79,99,0.35784530009660748,0,0.26867327900103893,0,0,0
C2DTLZ2_D6_R02,C2-DTLZ2 D6,6,80,100,0.35824586733244018,0,0.26867327900103893,0,0,0
C2DTLZ2_D6_R02,C2-DTLZ2 D6,6,81,101,0.35824586733244018,0,0.26867327900103893,0,0,0
C2DTLZ2_D6_R02,C2-DTLZ2 D6,6,82,102,0.35824586733244018,0,0.26867327900103893,0,0,0
C2DTLZ2_D6_R02,C2-DTLZ2 D6,6,83,103,0.35824586733244018,0,0.26867327900103893,0,0,0
C2DTLZ2_D6_R02,C2-DTLZ2 D6,6,84,104,0.35824586733244018,0,0.26867327900103893,0,0,0
C2DTLZ2_D6_R02,C2-DTLZ2 D6,6,85,105,0.35824586733244018,0,0.27578445618979952,0,0,0
C2DTLZ2_D6_R02,C2-DTLZ2 D6,6,86,106,0.35824586733244018,0,0.27578445618979952,0,0,0
C2DTLZ2_D6_R02,C2-DTLZ2 D6,6,87,107,0.35824586733244018,0,0.27578445618979952,0,0,0
C2DTLZ2_D6_R02,C2-DTLZ2 D6,6,88,108,0.35824586733244018,0,0.27578728167349625,0,0,0
C2DTLZ2_D6_R02,C2-DTLZ2 D6,6,89,109,0.35824586733244018,0,0.27578728167349625,0,0,0
C2DTLZ2_D6_R02,C2-DTLZ2 D6,6,90,110,0.35824586733244018,0,0.27578728167349625,0,0,0
C2DTLZ2_D6_R02,C2-DTLZ2 D6,6,91,111,0.35824586733244018,0,0.28958711424533545,0,0,0
C2DTLZ2_D6_R02,C2-DTLZ2 D6,6,92,112,0.35864049711720541,0,0.29150578756817574,0,0,0
C2DTLZ2_D6_R02,C2-DTLZ2 D6,6,93,113,0.35864049711720541,0,0.29150578756817574,0,0,0
C2DTLZ2_D6_R02,C2-DTLZ2 D6,6,94,114,0.35864049711720541,0,0.29150578756817574,0,0,0
C2DTLZ2_D6_R02,C2-DTLZ2 D6,6,95,115,0.35864049711720541,0,0.29150578756817574,0,0,0
C2DTLZ2_D6_R02,C2-DTLZ2 D6,6,96,116,0.35883321011734542,0,0.29150578756817574,0,0,0
C2DTLZ2_D6_R02,C2-DTLZ2 D6,6,97,117,0.35883321011734542,0,0.29150578756817574,0,0,0
C2DTLZ2_D6_R02,C2-DTLZ2 D6,6,98,118,0.35883321011734542,0,0.29150578756817574,0,0,0
C2DTLZ2_D6_R02,C2-DTLZ2 D6,6,99,119,0.35883321011734542,0,0.29150578756817574,0,0,0
C2DTLZ2_D6_R02,C2-DTLZ2 D6,6,100,120,0.35883321011734542,0,0.29150578756817574,0,0,0
C2DTLZ2_D6_R02,C2-DTLZ2 D6,6,101,121,0.35883321011734542,0,0.29150578756817574,0,0,0
C2DTLZ2_D6_R02,C2-DTLZ2 D6,6,102,122,0.35883321011734542,0,0.29150578756817574,0,0,0
C2DTLZ2_D6_R02,C2-DTLZ2 D6,6,103,123,0.36027444977291151,0,0.29150683028956709,0,0,0
C2DTLZ2_D6_R02,C2-DTLZ2 D6,6,104,124,0.36027444977291151,0,0.29150683028956709,0,0,0
C2DTLZ2_D6_R02,C2-DTLZ2 D6,6,105,125,0.36027444977291151,0,0.29150683028956709,0,0,0
C2DTLZ2_D6_R02,C2-DTLZ2 D6,6,106,126,0.36027444977291151,0,0.29150683028956709,0,0,0
C2DTLZ2_D6_R02,C2-DTLZ2 D6,6,107,127,0.36027444977291151,0,0.29150683028956709,0,0,0
C2DTLZ2_D6_R02,C2-DTLZ2 D6,6,108,128,0.36027444977291151,0,0.29150683028956709,0,0,0
C2DTLZ2_D6_R02,C2-DTLZ2 D6,6,109,129,0.36027444977291151,0,0.29150683028956709,0,0,0
C2DTLZ2_D6_R02,C2-DTLZ2 D6,6,110,130,0.36027444977291151,0,0.29150683028956709,0,0,0
C2DTLZ2_D6_R02,C2-DTLZ2 D6,6,111,131,0.36027444977291151,0,0.29150683028956709,0,0,0
C2DTLZ2_D6_R02,C2-DTLZ2 D6,6,112,132,0.36027444977291151,0,0.29150683028956709,0,0,0
C2DTLZ2_D6_R02,C2-DTLZ2 D6,6,113,133,0.36027444977291151,0,0.29150683028956709,0,0,0
C2DTLZ2_D6_R02,C2-DTLZ2 D6,6,114,134,0.36027444977291151,0,0.29150683028956709,0,0,0
C2DTLZ2_D6_R02,C2-DTLZ2 D6,6,115,135,0.36027444977291151,0,0.29150683028956709,0,0,0
C2DTLZ2_D6_R02,C2-DTLZ2 D6,6,116,136,0.36027444977291151,0,0.29150683028956709,0,0,0
C2DTLZ2_D6_R02,C2-DTLZ2 D6,6,117,137,0.36044733399294759,0,0.29150683028956709,0,0,0
C2DTLZ2_D6_R02,C2-DTLZ2 D6,6,118,138,0.36044733399294759,0,0.29150683028956709,0,0,0
C2DTLZ2_D6_R02,C2-DTLZ2 D6,6,119,139,0.3606117452811175,0,0.29150683028956709,0,0,0
C2DTLZ2_D6_R02,C2-DTLZ2 D6,6,120,140,0.3606117452811175,0,0.29150683028956709,0,0,0
C2DTLZ2_D6_R02,C2-DTLZ2 D6,6,121,141,0.36077350353257803,0,0.29150683028956709,0,0.10999700049635178,0.10999700049635178
C2DTLZ2_D6_R02,C2-DTLZ2 D6,6,122,142,0.36077350353257803,0,0.29150683028956709,0,0.11808925621971257,0.11808925621971257
C2DTLZ2_D6_R02,C2-DTLZ2 D6,6,123,143,0.36077350353257803,0,0.29150683028956709,0,0.15139495681675125,0.15139495681675125
C2DTLZ2_D6_R02,C2-DTLZ2 D6,6,124,144,0.36077350353257803,0,0.29150683028956709,0,0.22421474916637835,0.22421474916637835
C2DTLZ2_D6_R02,C2-DTLZ2 D6,6,125,145,0.36077350353257803,0,0.29150683028956709,0,0.2390848377570203,0.2390848377570203
C2DTLZ2_D6_R02,C2-DTLZ2 D6,6,126,146,0.36077350353257803,0,0.29150683028956709,0,0.2390848377570203,0.2390848377570203
C2DTLZ2_D6_R02,C2-DTLZ2 D6,6,127,147,0.36077350353257803,0,0.29150683028956709,0,0.2390848377570203,0.2390848377570203
C2DTLZ2_D6_R02,C2-DTLZ2 D6,6,128,148,0.36077350353257803,0,0.29150683028956709,0,0.2390848377570203,0.2390848377570203
C2DTLZ2_D6_R02,C2-DTLZ2 D6,6,129,149,0.36077350353257803,0,0.29150683028956709,0,0.25174057463130067,0.25174057463130067
C2DTLZ2_D6_R02,C2-DTLZ2 D6,6,130,150,0.36077350353257803,0,0.29150683028956709,0,0.26201478559389263,0.26201478559389263
MW7_D4,MW7 D4,4,0,20,0.31562640335016817,0.26132485339037814,0,0,0.34412673836288216,0.26132485339037814
MW7_D4,MW7 D4,4,1,21,0.31562640335016817,0.3872168946572776,0,0,0.34412673836288216,0.31562640335016817
MW7_D4,MW7 D4,4,2,22,0.31562640335016817,0.40424458452283019,0,0,0.34412673836288216,0.31562640335016817
MW7_D4,MW7 D4,4,3,23,0.37608978876099214,0.40424458452283019,0,0,0.43189919401191773,0.37608978876099214
MW7_D4,MW7 D4,4,4,24,0.37608978876099214,0.40424458452283019,0,0,0.46844297467493151,0.37608978876099214
MW7_D4,MW7 D4,4,5,25,0.37608978876099214,0.40424458452283019,0,0,0.48203421131015478,0.37608978876099214
MW7_D4,MW7 D4,4,6,26,0.38151383081379692,0.41852449327176688,0,0,0.48203421131015478,0.38151383081379692
MW7_D4,MW7 D4,4,7,27,0.39728941012730035,0.41852449327176688,0,0,0.48203421131015478,0.39728941012730035
MW7_D4,MW7 D4,4,8,28,0.41301193547203224,0.41852449327176688,0,0,0.48203421131015478,0.41301193547203224
MW7_D4,MW7 D4,4,9,29,0.41301193547203224,0.41974168896632713,0,0,0.48617823257961013,0.41301193547203224
MW7_D4,MW7 D4,4,10,30,0.41301193547203224,0.41974168896632713,0,0,0.50000961909411401,0.41301193547203224
MW7_D4,MW7 D4,4,11,31,0.41301193547203224,0.41974168896632713,0,0,0.59423044597202801,0.41301193547203224
MW7_D4,MW7 D4,4,12,32,0.41301193547203224,0.41974168896632713,0,0,0.61078202763753564,0.41301193547203224
MW7_D4,MW7 D4,4,13,33,0.41301193547203224,0.41974168896632713,0,0,0.61078202763753564,0.41301193547203224
MW7_D4,MW7 D4,4,14,34,0.41301193547203224,0.41974168896632713,0,0,0.63071522840069816,0.41301193547203224
MW7_D4,MW7 D4,4,15,35,0.41957793681123201,0.41974168896632713,0,0,0.63071522840069816,0.41957793681123201
MW7_D4,MW7 D4,4,16,36,0.41957793681123201,0.50151664679250596,0,0,0.63071522840069816,0.41957793681123201
MW7_D4,MW7 D4,4,17,37,0.41957793681123201,0.50151664679250596,0,0,0.63071522840069816,0.41957793681123201
MW7_D4,MW7 D4,4,18,38,0.41957793681123201,0.50151664679250596,0,0.33561056971564868,0.63071522840069816,0.41957793681123201
MW7_D4,MW7 D4,4,19,39,0.42507658217085575,0.50151664679250596,0,0.33821522515975455,0.63071522840069816,0.42507658217085575
MW7_D4,MW7 D4,4,20,40,0.42507658217085575,0.50151664679250596,0,0.33821522515975455,0.63071522840069816,0.42507658217085575
MW7_D4,MW7 D4,4,21,41,0.42507658217085575,0.50151664679250596,0,0.33821522515975455,0.63071522840069816,0.42507658217085575
MW7_D4,MW7 D4,4,22,42,0.4281846021342991,0.50151664679250596,0.38662544735956889,0.33821522515975455,0.63071522840069816,0.4281846021342991
MW7_D4,MW7 D4,4,23,43,0.43495491694234872,0.53795087506499095,0.38662544735956889,0.33821522515975455,0.63071522840069816,0.43495491694234872
MW7_D4,MW7 D4,4,24,44,0.43495491694234872,0.58091795818385761,0.39032461802002749,0.33821522515975455,0.63071522840069816,0.43495491694234872
MW7_D4,MW7 D4,4,25,45,0.44262384386232922,0.60619615017086959,0.42392114448079143,0.33821522515975455,0.63439490787197861,0.44262384386232922
MW7_D4,MW7 D4,4,26,46,0.44262384386232922,0.60662635331035242,0.42481456891442931,0.33821522515975455,0.63439490787197861,0.44262384386232922
MW7_D4,MW7 D4,4,27,47,0.44262384386232922,0.60662635331035242,0.42481456891442931,0.33821522515975455,0.63439490787197861,0.44262384386232922
MW7_D4,MW7 D4,4,28,48,0.44262384386232922,0.66564720195341942,0.42481456891442931,0.33821522515975455,0.63738931916064745,0.44262384386232922
MW7_D4,MW7 D4,4,29,49,0.44262384386232922,0.66564720195341942,0.42481456891442931,0.33821522515975455,0.64204350155922441,0.44262384386232922
MW7_D4,MW7 D4,4,30,50,0.49435133336158738,0.66564720195341942,0.42481456891442931,0.33821522515975455,0.64204350155922441,0.49435133336158738
MW7_D4,MW7 D4,4,31,51,0.49435133336158738,0.66564720195341942,0.42481456891442931,0.34875109486296291,0.64204350155922441,0.49435133336158738
MW7_D4,MW7 D4,4,32,52,0.49435133336158738,0.66564720195341942,0.42481456891442931,0.34875109486296291,0.64204350155922441,0.49435133336158738
MW7_D4,MW7 D4,4,33,53,0.49435133336158738,0.66564720195341942,0.42481456891442931,0.34875109486296291,0.64204350155922441,0.49435133336158738
MW7_D4,MW7 D4,4,34,54,0.49435133336158738,0.66564720195341942,0.42481456891442931,0.34875109486296291,0.64204350155922441,0.49435133336158738
MW7_D4,MW7 D4,4,35,55,0.49435133336158738,0.66564720195341942,0.42481456891442931,0.34875109486296291,0.64204350155922441,0.49435133336158738
MW7_D4,MW7 D4,4,36,56,0.49435133336158738,0.66564720195341942,0.42481456891442931,0.34875109486296291,0.64204350155922441,0.49435133336158738
MW7_D4,MW7 D4,4,37,57,0.49490342853122415,0.66564720195341942,0.43633144969931148,0.34875109486296291,0.64204350155922441,0.49490342853122415
MW7_D4,MW7 D4,4,38,58,0.49490342853122415,0.66564720195341942,0.43633144969931148,0.34875109486296291,0.64204350155922441,0.49490342853122415
MW7_D4,MW7 D4,4,39,59,0.49490342853122415,0.66564720195341942,0.43633144969931148,0.34875109486296291,0.64204350155922441,0.49490342853122415
MW7_D4,MW7 D4,4,40,60,0.4967528497584548,0.66564720195341942,0.43633144969931148,0.34875109486296291,0.64204350155922441,0.4967528497584548
MW7_D4,MW7 D4,4,41,61,0.4967528497584548,0.66771805445308208,0.43633144969931148,0.34875109486296291,0.64204350155922441,0.4967528497584548
MW7_D4,MW7 D4,4,42,62,0.4967528497584548,0.67364901666607735,0.43633144969931148,0.34875109486296291,0.64204350155922441,0.4967528497584548
MW7_D4,MW7 D4,4,43,63,0.4967528497584548,0.67364901666607735,0.43633144969931148,0.34875109486296291,0.68545345100224353,0.4967528497584548
MW7_D4,MW7 D4,4,44,64,0.4967528497584548,0.67799720973050648,0.43633144969931148,0.34875109486296291,0.68545345100224353,0.4967528497584548
MW7_D4,MW7 D4,4,45,65,0.4967528497584548,0.67799720973050648,0.43633144969931148,0.34875109486296291,0.68545345100224353,0.4967528497584548
MW7_D4,MW7 D4,4,46,66,0.4967528497584548,0.67799720973050648,0.43633144969931148,0.34875109486296291,0.68545345100224353,0.4967528497584548
MW7_D4,MW7 D4,4,47,67,0.4971863239512459,0.67799720973050648,0.43633144969931148,0.34875109486296291,0.68545345100224353,0.4971863239512459
MW7_D4,MW7 D4,4,48,68,0.4971863239512459,0.67799720973050648,0.43633144969931148,0.34875109486296291,0.68545345100224353,0.4971863239512459
MW7_D4,MW7 D4,4,49,69,0.4971863239512459,0.67799720973050648,0.44598018925165639,0.34875109486296291,0.68545345100224353,0.4971863239512459
MW7_D4,MW7 D4,4,50,70,0.4971863239512459,0.73872991841013713,0.44598018925165639,0.34875109486296291,0.68545345100224353,0.4971863239512459
MW7_D4,MW7 D4,4,51,71,0.4971863239512459,0.73872991841013713,0.44598018925165639,0.34875109486296291,0.71164090858782836,0.4971863239512459
MW7_D4,MW7 D4,4,52,72,0.4971863239512459,0.73872991841013713,0.44598018925165639,0.34875109486296291,0.71164090858782836,0.4971863239512459
MW7_D4,MW7 D4,4,53,73,0.4971863239512459,0.73872991841013713,0.44957858854600219,0.34875109486296291,0.71164090858782836,0.4971863239512459
MW7_D4,MW7 D4,4,54,74,0.49736829267208887,0.73872991841013713,0.44957858854600219,0.34875109486296291,0.71164090858782836,0.49736829267208887
MW7_D4,MW7 D4,4,55,75,0.49736829267208887,0.73872991841013713,0.44957858854600219,0.34875109486296291,0.71164090858782836,0.49736829267208887
MW7_D4,MW7 D4,4,56,76,0.49736829267208887,0.73872991841013713,0.44957858854600219,0.34875109486296291,0.71164090858782836,0.49736829267208887
MW7_D4,MW7 D4,4,57,77,0.49736829267208887,0.73872991841013713,0.44957858854600219,0.34875109486296291,0.71164090858782836,0.49736829267208887
MW7_D4,MW7 D4,4,58,78,0.49736829267208887,0.73872991841013713,0.44957858854600219,0.34875109486296291,0.71415407367756967,0.49736829267208887
MW7_D4,MW7 D4,4,59,79,0.49736829267208887,0.73872991841013713,0.44957858854600219,0.34875109486296291,0.71415407367756967,0.49736829267208887
MW7_D4,MW7 D4,4,60,80,0.49736829267208887,0.73872991841013713,0.45017705735401087,0.34875109486296291,0.71415407367756967,0.49736829267208887
MW7_D4,MW7 D4,4,61,81,0.49736829267208887,0.73872991841013713,0.45053704988230969,0.34875109486296291,0.71415407367756967,0.49736829267208887
MW7_D4,MW7 D4,4,62,82,0.49736829267208887,0.73872991841013713,0.45127278194083409,0.34875109486296291,0.71415407367756967,0.49736829267208887
MW7_D4,MW7 D4,4,63,83,0.49736829267208887,0.73872991841013713,0.45127278194083409,0.34875109486296291,0.71418276735163599,0.49736829267208887
MW7_D4,MW7 D4,4,64,84,0.49736829267208887,0.73872991841013713,0.45127278194083409,0.34875109486296291,0.7142191774222032,0.49736829267208887
MW7_D4,MW7 D4,4,65,85,0.49736829267208887,0.73872991841013713,0.45127278194083409,0.34875109486296291,0.7142191774222032,0.49736829267208887
MW7_D4,MW7 D4,4,66,86,0.49736829267208887,0.74153979652247581,0.45127278194083409,0.34875109486296291,0.7142191774222032,0.49736829267208887
MW7_D4,MW7 D4,4,67,87,0.49736829267208887,0.74309965931853117,0.45127278194083409,0.34875109486296291,0.73702642063613077,0.49736829267208887
MW7_D4,MW7 D4,4,68,88,0.49736829267208887,0.74309965931853117,0.45127278194083409,0.34875109486296291,0.73702642063613077,0.49736829267208887
MW7_D4,MW7 D4,4,69,89,0.49736829267208887,0.74309965931853117,0.45127278194083409,0.34875109486296291,0.73702642063613077,0.49736829267208887
MW7_D4,MW7 D4,4,70,90,0.49736829267208887,0.74309965931853117,0.45127278194083409,0.34875109486296291,0.73702642063613077,0.49736829267208887
MW7_D4,MW7 D4,4,71,91,0.49741043373031729,0.74309965931853117,0.45127278194083409,0.34875109486296291,0.73702642063613077,0.49741043373031729
MW7_D4,MW7 D4,4,72,92,0.49741043373031729,0.74463064378469002,0.45127278194083409,0.34875109486296291,0.73702642063613077,0.49741043373031729
MW7_D4,MW7 D4,4,73,93,0.49741043373031729,0.74463064378469002,0.45127278194083409,0.34875109486296291,0.73702642063613077,0.49741043373031729
MW7_D4,MW7 D4,4,74,94,0.49741043373031729,0.74463064378469002,0.45127278194083409,0.34875109486296291,0.73702642063613077,0.49741043373031729
MW7_D4,MW7 D4,4,75,95,0.49741043373031729,0.74463064378469002,0.45127278194083409,0.34875109486296291,0.73702642063613077,0.49741043373031729
MW7_D4,MW7 D4,4,76,96,0.49741043373031729,0.74760291492740227,0.45556283646200457,0.34875109486296291,0.73888797872922596,0.49741043373031729
MW7_D4,MW7 D4,4,77,97,0.49741043373031729,0.74760291492740227,0.45556283646200457,0.34875109486296291,0.73888797872922596,0.49741043373031729
MW7_D4,MW7 D4,4,78,98,0.49762212176369591,0.74858464504374356,0.45556283646200457,0.34875109486296291,0.73888797872922596,0.49762212176369591
MW7_D4,MW7 D4,4,79,99,0.49762212176369591,0.74858464504374356,0.46289144918157482,0.34875109486296291,0.73888797872922596,0.49762212176369591
MW7_D4,MW7 D4,4,80,100,0.49762212176369591,0.75035829479153748,0.47784625087063154,0.34875109486296291,0.73888797872922596,0.49762212176369591
MW7_D4,MW7 D4,4,81,101,0.49762212176369591,0.75035829479153748,0.47784625087063154,0.34875109486296291,0.7394983644580464,0.49762212176369591
MW7_D4,MW7 D4,4,82,102,0.49762212176369591,0.75035829479153748,0.47808361841022823,0.34875109486296291,0.7394983644580464,0.49762212176369591
MW7_D4,MW7 D4,4,83,103,0.49762212176369591,0.75035829479153748,0.47808361841022823,0.34875109486296291,0.7394983644580464,0.49762212176369591
MW7_D4,MW7 D4,4,84,104,0.49762212176369591,0.75035829479153748,0.47808361841022823,0.34875109486296291,0.7394983644580464,0.49762212176369591
MW7_D4,MW7 D4,4,85,105,0.49762212176369591,0.75035829479153748,0.47808361841022823,0.34875109486296291,0.7394983644580464,0.49762212176369591
MW7_D4,MW7 D4,4,86,106,0.49762212176369591,0.75035829479153748,0.47808361841022823,0.34875109486296291,0.7394983644580464,0.49762212176369591
MW7_D4,MW7 D4,4,87,107,0.49762212176369591,0.75035829479153748,0.48943322111168286,0.34875109486296291,0.7394983644580464,0.49762212176369591
MW7_D4,MW7 D4,4,88,108,0.49762212176369591,0.75035829479153748,0.48943322111168286,0.44350297966663449,0.7394983644580464,0.49762212176369591
MW7_D4,MW7 D4,4,89,109,0.49762212176369591,0.75035829479153748,0.48943322111168286,0.53802016405937791,0.7394983644580464,0.53802016405937791
MW7_D4,MW7 D4,4,90,110,0.49762212176369591,0.75035829479153748,0.49793863082196793,0.53802016405937791,0.7394983644580464,0.53802016405937791
MW7_D4,MW7 D4,4,91,111,0.49762212176369591,0.75035829479153748,0.49793863082196793,0.56544410146286483,0.7394983644580464,0.56544410146286483
MW7_D4,MW7 D4,4,92,112,0.49762212176369591,0.75035829479153748,0.49793863082196793,0.56544410146286483,0.7394983644580464,0.56544410146286483
MW7_D4,MW7 D4,4,93,113,0.49762212176369591,0.753298697777673,0.49793863082196793,0.59393066236233616,0.7394983644580464,0.59393066236233616
MW7_D4,MW7 D4,4,94,114,0.49762212176369591,0.753298697777673,0.49793863082196793,0.59393066236233616,0.7394983644580464,0.59393066236233616
MW7_D4,MW7 D4,4,95,115,0.49763033947193402,0.753298697777673,0.49793863082196793,0.59393066236233616,0.74021670359398328,0.59393066236233616
MW7_D4,MW7 D4,4,96,116,0.49763033947193402,0.753298697777673,0.4983123482803557,0.60931796946481276,0.74021670359398328,0.60931796946481276
MW7_D4,MW7 D4,4,97,117,0.49763033947193402,0.75459289456777545,0.4983123482803557,0.60931796946481276,0.74021670359398328,0.60931796946481276
MW7_D4,MW7 D4,4,98,118,0.49763033947193402,0.75459289456777545,0.4983123482803557,0.61902404611006712,0.74021670359398328,0.61902404611006712
MW7_D4,MW7 D4,4,99,119,0.49763033947193402,0.75475557388112235,0.4983123482803557,0.61902404611006712,0.74021670359398328,0.61902404611006712
MW7_D4,MW7 D4,4,100,120,0.49763033947193402,0.75475557388112235,0.4983123482803557,0.61902404611006712,0.7403877871526906,0.61902404611006712
MW7_D4,MW7 D4,4,101,121,0.49763033947193402,0.75475557388112235,0.4983123482803557,0.61902404611006712,0.7403877871526906,0.61902404611006712
MW7_D4,MW7 D4,4,102,122,0.49763033947193402,0.75475557388112235,0.4983123482803557,0.61902404611006712,0.7403877871526906,0.61902404611006712
MW7_D4,MW7 D4,4,103,123,0.49763033947193402,0.75475557388112235,0.4983123482803557,0.62141870681641942,0.7403877871526906,0.62141870681641942
MW7_D4,MW7 D4,4,104,124,0.49763033947193402,0.75516925043251826,0.4983123482803557,0.62141870681641942,0.7403877871526906,0.62141870681641942
MW7_D4,MW7 D4,4,105,125,0.49763033947193402,0.75516925043251826,0.4983123482803557,0.62141870681641942,0.7403877871526906,0.62141870681641942
MW7_D4,MW7 D4,4,106,126,0.49763033947193402,0.75516925043251826,0.4983123482803557,0.63217755226178984,0.74328702097996058,0.63217755226178984
MW7_D4,MW7 D4,4,107,127,0.49763033947193402,0.75516925043251826,0.4983123482803557,0.63217755226178984,0.74328702097996058,0.63217755226178984
MW7_D4,MW7 D4,4,108,128,0.49763033947193402,0.75516925043251826,0.4983123482803557,0.63217755226178984,0.74476160295918103,0.63217755226178984
MW7_D4,MW7 D4,4,109,129,0.49763033947193402,0.75516925043251826,0.4983123482803557,0.63217755226178984,0.74476998139791017,0.63217755226178984
MW7_D4,MW7 D4,4,110,130,0.49763033947193402,0.75516925043251826,0.4983123482803557,0.63217755226178984,0.74476998139791017,0.63217755226178984
MW7_D4,MW7 D4,4,111,131,0.49763033947193402,0.75516925043251826,0.4983123482803557,0.63217755226178984,0.74476998139791017,0.63217755226178984
MW7_D4,MW7 D4,4,112,132,0.49763033947193402,0.75516925043251826,0.4983123482803557,0.63217755226178984,0.74476998139791017,0.63217755226178984
MW7_D4,MW7 D4,4,113,133,0.49763033947193402,0.75516925043251826,0.4983123482803557,0.63647533926905187,0.74476998139791017,0.63647533926905187
MW7_D4,MW7 D4,4,114,134,0.49903994235893662,0.75516925043251826,0.4983123482803557,0.63647533926905187,0.74476998139791017,0.63647533926905187
MW7_D4,MW7 D4,4,115,135,0.49903994235893662,0.75516925043251826,0.4983123482803557,0.63647533926905187,0.74476998139791017,0.63647533926905187
MW7_D4,MW7 D4,4,116,136,0.49903994235893662,0.75516925043251826,0.4983123482803557,0.63647533926905187,0.74476998139791017,0.63647533926905187
MW7_D4,MW7 D4,4,117,137,0.49903994235893662,0.75766813586861814,0.4983123482803557,0.63647533926905187,0.74476998139791017,0.63647533926905187
MW7_D4,MW7 D4,4,118,138,0.49903994235893662,0.75766813586861814,0.4983123482803557,0.63647533926905187,0.74476998139791017,0.63647533926905187
MW7_D4,MW7 D4,4,119,139,0.49903994235893662,0.75766813586861814,0.4983123482803557,0.63647533926905187,0.74591192483007818,0.63647533926905187
MW7_D4,MW7 D4,4,120,140,0.49903994235893662,0.75766813586861814,0.4983123482803557,0.6380622192197708,0.74591192483007818,0.6380622192197708
MW7_D4,MW7 D4,4,121,141,0.49903994235893662,0.75766813586861814,0.4983123482803557,0.64291294376013586,0.74591192483007818,0.64291294376013586
MW7_D4,MW7 D4,4,122,142,0.49903994235893662,0.75766813586861814,0.4983123482803557,0.64431625158557992,0.74591192483007818,0.64431625158557992
MW7_D4,MW7 D4,4,123,143,0.49903994235893662,0.75766813586861814,0.4983123482803557,0.64431625158557992,0.74591192483007818,0.64431625158557992
MW7_D4,MW7 D4,4,124,144,0.49903994235893662,0.75766813586861814,0.4983123482803557,0.66114915880938174,0.74591192483007818,0.66114915880938174
MW7_D4,MW7 D4,4,125,145,0.49903994235893662,0.75766813586861814,0.4983123482803557,0.66703837057146576,0.74758695175372125,0.66703837057146576
MW7_D4,MW7 D4,4,126,146,0.49903994235893662,0.75766813586861814,0.4983123482803557,0.66703837057146576,0.74758695175372125,0.66703837057146576
MW7_D4,MW7 D4,4,127,147,0.49903994235893662,0.75766813586861814,0.4983123482803557,0.66703837057146576,0.74758695175372125,0.66703837057146576
MW7_D4,MW7 D4,4,128,148,0.49903994235893662,0.75766813586861814,0.4983123482803557,0.67383413522309998,0.74758695175372125,0.67383413522309998
MW7_D4,MW7 D4,4,129,149,0.49903994235893662,0.75830200949101811,0.4983123482803557,0.67383413522309998,0.74758695175372125,0.67383413522309998
MW7_D4,MW7 D4,4,130,150,0.49903994235893662,0.75830200949101811,0.4983123482803557,0.67830802776087951,0.74758695175372125,0.67830802776087951
MW7_D6,MW7 D6,6,0,20,0,0.16644708631424895,0,0,0,0
MW7_D6,MW7 D6,6,1,21,0,0.16644708631424895,0,0,0,0
MW7_D6,MW7 D6,6,2,22,0,0.33073139706347254,0,0,0,0
MW7_D6,MW7 D6,6,3,23,0,0.38102677952925751,0,0,0,0
MW7_D6,MW7 D6,6,4,24,0,0.38102677952925751,0,0,0,0
MW7_D6,MW7 D6,6,5,25,0,0.38167377305489952,0,0,0.13025134523491644,0
MW7_D6,MW7 D6,6,6,26,0,0.38167377305489952,0,0.2951994329365481,0.13025134523491644,0.13025134523491644
MW7_D6,MW7 D6,6,7,27,0,0.39924874157817952,0,0.2951994329365481,0.13025134523491644,0.13025134523491644
MW7_D6,MW7 D6,6,8,28,0,0.39924874157817952,0,0.2951994329365481,0.13025134523491644,0.13025134523491644
MW7_D6,MW7 D6,6,9,29,0,0.39924874157817952,0,0.2951994329365481,0.20992370714695985,0.20992370714695985
MW7_D6,MW7 D6,6,10,30,0,0.39924874157817952,0,0.2951994329365481,0.20992370714695985,0.20992370714695985
MW7_D6,MW7 D6,6,11,31,0,0.39924874157817952,0,0.2951994329365481,0.20992370714695985,0.20992370714695985
MW7_D6,MW7 D6,6,12,32,0,0.39930395409254932,0,0.35557319765745588,0.20992370714695985,0.20992370714695985
MW7_D6,MW7 D6,6,13,33,0,0.39930395409254932,0,0.35557319765745588,0.28353045821467726,0.28353045821467726
MW7_D6,MW7 D6,6,14,34,0,0.39930395409254932,0,0.35618506651140786,0.28353045821467726,0.28353045821467726
MW7_D6,MW7 D6,6,15,35,0,0.39930395409254932,0,0.36446568921474454,0.28353045821467726,0.28353045821467726
MW7_D6,MW7 D6,6,16,36,0,0.40098160257669418,0,0.36446568921474454,0.3345858051376141,0.3345858051376141
MW7_D6,MW7 D6,6,17,37,0,0.40098160257669418,0,0.36446568921474454,0.3345858051376141,0.3345858051376141
MW7_D6,MW7 D6,6,18,38,0,0.42550944975874799,0,0.36946354663658698,0.3345858051376141,0.3345858051376141
MW7_D6,MW7 D6,6,19,39,0,0.42550944975874799,0,0.37365765359436415,0.41198796669854731,0.37365765359436415
MW7_D6,MW7 D6,6,20,40,0,0.42550944975874799,0,0.37365765359436415,0.41198796669854731,0.37365765359436415
MW7_D6,MW7 D6,6,21,41,0,0.42550944975874799,0,0.37365765359436415,0.41198796669854731,0.37365765359436415
MW7_D6,MW7 D6,6,22,42,0,0.42550944975874799,0,0.37365765359436415,0.41198796669854731,0.37365765359436415
MW7_D6,MW7 D6,6,23,43,0,0.42550944975874799,0,0.37365765359436415,0.41198796669854731,0.37365765359436415
MW7_D6,MW7 D6,6,24,44,0,0.42611368432498126,0,0.44590136599609498,0.41198796669854731,0.41198796669854731
MW7_D6,MW7 D6,6,25,45,0,0.42611368432498126,0,0.44590136599609498,0.41198796669854731,0.41198796669854731
MW7_D6,MW7 D6,6,26,46,0,0.43657318775079473,0,0.44590136599609498,0.41198796669854731,0.41198796669854731
MW7_D6,MW7 D6,6,27,47,0,0.43657318775079473,0,0.44590136599609498,0.41198796669854731,0.41198796669854731
MW7_D6,MW7 D6,6,28,48,0,0.43657318775079473,0,0.44590136599609498,0.46306315051745939,0.43657318775079473
MW7_D6,MW7 D6,6,29,49,0,0.45001113888145466,0,0.44590136599609498,0.46306315051745939,0.44590136599609498
MW7_D6,MW7 D6,6,30,50,0,0.46525390342275125,0,0.44590136599609498,0.46306315051745939,0.44590136599609498
MW7_D6,MW7 D6,6,31,51,0,0.46525390342275125,0,0.44590136599609498,0.46306315051745939,0.44590136599609498
MW7_D6,MW7 D6,6,32,52,0,0.46525390342275125,0,0.44590136599609498,0.46617186334269028,0.44590136599609498
MW7_D6,MW7 D6,6,33,53,0,0.46525390342275125,0,0.44590136599609498,0.46617186334269028,0.44590136599609498
MW7_D6,MW7 D6,6,34,54,0,0.46525390342275125,0,0.44590136599609498,0.46617186334269028,0.44590136599609498
MW7_D6,MW7 D6,6,35,55,0,0.46525390342275125,0,0.44590136599609498,0.46617186334269028,0.44590136599609498
MW7_D6,MW7 D6,6,36,56,0,0.46525390342275125,0,0.44590136599609498,0.46617186334269028,0.44590136599609498
MW7_D6,MW7 D6,6,37,57,0,0.46525390342275125,0,0.44590136599609498,0.46617186334269028,0.44590136599609498
MW7_D6,MW7 D6,6,38,58,0,0.46525390342275125,0,0.44590136599609498,0.46617186334269028,0.44590136599609498
MW7_D6,MW7 D6,6,39,59,0,0.46525390342275125,0,0.44590136599609498,0.46617186334269028,0.44590136599609498
MW7_D6,MW7 D6,6,40,60,0,0.46525390342275125,0,0.44590136599609498,0.46617186334269028,0.44590136599609498
MW7_D6,MW7 D6,6,41,61,0,0.48400769675666999,0,0.44590136599609498,0.46617186334269028,0.44590136599609498
MW7_D6,MW7 D6,6,42,62,0,0.48400769675666999,0,0.44590136599609498,0.46617186334269028,0.44590136599609498
MW7_D6,MW7 D6,6,43,63,0,0.48400769675666999,0,0.45952027314731786,0.46617186334269028,0.45952027314731786
MW7_D6,MW7 D6,6,44,64,0,0.48528210641850178,0,0.45952027314731786,0.49785423044874011,0.45952027314731786
MW7_D6,MW7 D6,6,45,65,0,0.48528210641850178,0,0.45952027314731786,0.49785423044874011,0.45952027314731786
MW7_D6,MW7 D6,6,46,66,0,0.48528210641850178,0,0.45952027314731786,0.49785423044874011,0.45952027314731786
MW7_D6,MW7 D6,6,47,67,0,0.48528210641850178,0,0.45952027314731786,0.49785423044874011,0.45952027314731786
MW7_D6,MW7 D6,6,48,68,0,0.48528210641850178,0,0.45952027314731786,0.49785423044874011,0.45952027314731786
MW7_D6,MW7 D6,6,49,69,0,0.48528210641850178,0,0.45952027314731786,0.49785423044874011,0.45952027314731786
MW7_D6,MW7 D6,6,50,70,0,0.48654387451958331,0,0.45952027314731786,0.49785423044874011,0.45952027314731786
MW7_D6,MW7 D6,6,51,71,0,0.48661124943477235,0,0.45952027314731786,0.49785423044874011,0.45952027314731786
MW7_D6,MW7 D6,6,52,72,0,0.48661124943477235,0,0.45952027314731786,0.49785423044874011,0.45952027314731786
MW7_D6,MW7 D6,6,53,73,0,0.48661124943477235,0,0.45952027314731786,0.49785423044874011,0.45952027314731786
MW7_D6,MW7 D6,6,54,74,0,0.48661124943477235,0,0.45952027314731786,0.5012367966020056,0.45952027314731786
MW7_D6,MW7 D6,6,55,75,0,0.48661124943477235,0,0.45952027314731786,0.5012367966020056,0.45952027314731786
MW7_D6,MW7 D6,6,56,76,0,0.48661124943477235,0,0.45952027314731786,0.5012367966020056,0.45952027314731786
MW7_D6,MW7 D6,6,57,77,0,0.48661124943477235,0,0.45952027314731786,0.5012367966020056,0.45952027314731786
MW7_D6,MW7 D6,6,58,78,0,0.48661124943477235,0,0.45952027314731786,0.5012367966020056,0.45952027314731786
MW7_D6,MW7 D6,6,59,79,0,0.48942923467754235,0,0.45952027314731786,0.5012367966020056,0.45952027314731786
MW7_D6,MW7 D6,6,60,80,0,0.48942923467754235,0,0.45952027314731786,0.5012367966020056,0.45952027314731786
MW7_D6,MW7 D6,6,61,81,0,0.48942923467754235,0,0.45952027314731786,0.5012367966020056,0.45952027314731786
MW7_D6,MW7 D6,6,62,82,0,0.49047492112784297,0,0.45952027314731786,0.5012367966020056,0.45952027314731786
MW7_D6,MW7 D6,6,63,83,0,0.49047492112784297,0,0.45952027314731786,0.5012367966020056,0.45952027314731786
MW7_D6,MW7 D6,6,64,84,0,0.49047492112784297,0,0.45952027314731786,0.5012367966020056,0.45952027314731786
MW7_D6,MW7 D6,6,65,85,0,0.49047492112784297,0,0.45952027314731786,0.5012367966020056,0.45952027314731786
MW7_D6,MW7 D6,6,66,86,0,0.49049354724417871,0,0.45952027314731786,0.5012367966020056,0.45952027314731786
MW7_D6,MW7 D6,6,67,87,0,0.49049354724417871,0,0.45952027314731786,0.5012367966020056,0.45952027314731786
MW7_D6,MW7 D6,6,68,88,0,0.49049354724417871,0,0.45952027314731786,0.5012367966020056,0.45952027314731786
MW7_D6,MW7 D6,6,69,89,0,0.49049354724417871,0,0.45952027314731786,0.5012367966020056,0.45952027314731786
MW7_D6,MW7 D6,6,70,90,0,0.49049354724417871,0,0.45952027314731786,0.5012367966020056,0.45952027314731786
MW7_D6,MW7 D6,6,71,91,0,0.49049354724417871,0,0.45952027314731786,0.5012367966020056,0.45952027314731786
MW7_D6,MW7 D6,6,72,92,0,0.49049354724417871,0,0.45952027314731786,0.5012367966020056,0.45952027314731786
MW7_D6,MW7 D6,6,73,93,0,0.49049354724417871,0,0.45952027314731786,0.5012367966020056,0.45952027314731786
MW7_D6,MW7 D6,6,74,94,0,0.49049354724417871,0,0.46071698952003937,0.5012367966020056,0.46071698952003937
MW7_D6,MW7 D6,6,75,95,0,0.49049354724417871,0,0.46071698952003937,0.5012367966020056,0.46071698952003937
MW7_D6,MW7 D6,6,76,96,0,0.49049354724417871,0,0.46160715540783182,0.5012367966020056,0.46160715540783182
MW7_D6,MW7 D6,6,77,97,0,0.49049354724417871,0,0.46160715540783182,0.5012367966020056,0.46160715540783182
MW7_D6,MW7 D6,6,78,98,0,0.49049354724417871,0,0.46160715540783182,0.5012367966020056,0.46160715540783182
MW7_D6,MW7 D6,6,79,99,0,0.49085871270813453,0,0.46160715540783182,0.5012367966020056,0.46160715540783182
MW7_D6,MW7 D6,6,80,100,0,0.49085871270813453,0,0.46160715540783182,0.5012367966020056,0.46160715540783182
MW7_D6,MW7 D6,6,81,101,0,0.49085871270813453,0,0.46160715540783182,0.5012367966020056,0.46160715540783182
MW7_D6,MW7 D6,6,82,102,0,0.49085871270813453,0,0.46160715540783182,0.5012367966020056,0.46160715540783182
MW7_D6,MW7 D6,6,83,103,0,0.49085871270813453,0,0.46160715540783182,0.5012367966020056,0.46160715540783182
MW7_D6,MW7 D6,6,84,104,0,0.49085871270813453,0,0.46160715540783182,0.5012367966020056,0.46160715540783182
MW7_D6,MW7 D6,6,85,105,0,0.49085871270813453,0,0.46160715540783182,0.5012367966020056,0.46160715540783182
MW7_D6,MW7 D6,6,86,106,0,0.49085871270813453,0,0.46160715540783182,0.5012367966020056,0.46160715540783182
MW7_D6,MW7 D6,6,87,107,0,0.49085871270813453,0,0.46160715540783182,0.5012367966020056,0.46160715540783182
MW7_D6,MW7 D6,6,88,108,0,0.49085871270813453,0,0.46245329081772985,0.5012367966020056,0.46245329081772985
MW7_D6,MW7 D6,6,89,109,0,0.49085871270813453,0,0.46245329081772985,0.5012367966020056,0.46245329081772985
MW7_D6,MW7 D6,6,90,110,0,0.49085871270813453,0,0.46245329081772985,0.5012367966020056,0.46245329081772985
MW7_D6,MW7 D6,6,91,111,0,0.49085871270813453,0,0.46245329081772985,0.5012367966020056,0.46245329081772985
MW7_D6,MW7 D6,6,92,112,0,0.49085871270813453,0,0.46245329081772985,0.5012367966020056,0.46245329081772985
MW7_D6,MW7 D6,6,93,113,0,0.49085871270813453,0,0.46245329081772985,0.5012367966020056,0.46245329081772985
MW7_D6,MW7 D6,6,94,114,0,0.49085871270813453,0,0.46245329081772985,0.5012367966020056,0.46245329081772985
MW7_D6,MW7 D6,6,95,115,0,0.49085871270813453,0,0.46245329081772985,0.5012367966020056,0.46245329081772985
MW7_D6,MW7 D6,6,96,116,0,0.49085871270813453,0,0.46245329081772985,0.5012367966020056,0.46245329081772985
MW7_D6,MW7 D6,6,97,117,0.27418682507255548,0.49085871270813453,0,0.46245329081772985,0.5012367966020056,0.46245329081772985
MW7_D6,MW7 D6,6,98,118,0.27418682507255548,0.49085871270813453,0,0.46245329081772985,0.5012367966020056,0.46245329081772985
MW7_D6,MW7 D6,6,99,119,0.35377060093922064,0.49085871270813453,0,0.46245329081772985,0.5012367966020056,0.46245329081772985
MW7_D6,MW7 D6,6,100,120,0.35377060093922064,0.49085871270813453,0,0.46245329081772985,0.5012367966020056,0.46245329081772985
MW7_D6,MW7 D6,6,101,121,0.35377060093922064,0.49085871270813453,0,0.46245329081772985,0.5012367966020056,0.46245329081772985
MW7_D6,MW7 D6,6,102,122,0.35377060093922064,0.49085871270813453,0,0.46245329081772985,0.5012367966020056,0.46245329081772985
MW7_D6,MW7 D6,6,103,123,0.39944825509219717,0.49085871270813453,0,0.46245329081772985,0.53181544113358215,0.46245329081772985
MW7_D6,MW7 D6,6,104,124,0.39944825509219717,0.49085871270813453,0,0.46245329081772985,0.53181544113358215,0.46245329081772985
MW7_D6,MW7 D6,6,105,125,0.39944825509219717,0.49085871270813453,0,0.46245329081772985,0.53235425273302028,0.46245329081772985
MW7_D6,MW7 D6,6,106,126,0.39944825509219717,0.49085871270813453,0,0.46245329081772985,0.53235425273302028,0.46245329081772985
MW7_D6,MW7 D6,6,107,127,0.39944825509219717,0.49085871270813453,0,0.46245329081772985,0.53235425273302028,0.46245329081772985
MW7_D6,MW7 D6,6,108,128,0.39944825509219717,0.49085871270813453,0,0.46245329081772985,0.59363866823067712,0.46245329081772985
MW7_D6,MW7 D6,6,109,129,0.39944825509219717,0.49085871270813453,0.14930163143044348,0.46245329081772985,0.59691134708652549,0.46245329081772985
MW7_D6,MW7 D6,6,110,130,0.39944825509219717,0.49645577819573006,0.26776526332623507,0.46245329081772985,0.63858762631953436,0.46245329081772985
MW7_D6,MW7 D6,6,111,131,0.39944825509219717,0.49645577819573006,0.26776526332623507,0.46245329081772985,0.63858762631953436,0.46245329081772985
MW7_D6,MW7 D6,6,112,132,0.39944825509219717,0.49645577819573006,0.26776526332623507,0.46245329081772985,0.66512362225295096,0.46245329081772985
MW7_D6,MW7 D6,6,113,133,0.39944825509219717,0.49645577819573006,0.32909245859168995,0.46245329081772985,0.66778580821962163,0.46245329081772985
MW7_D6,MW7 D6,6,114,134,0.39944825509219717,0.49645577819573006,0.32909245859168995,0.46245329081772985,0.66778580821962163,0.46245329081772985
MW7_D6,MW7 D6,6,115,135,0.39944825509219717,0.49645577819573006,0.32909245859168995,0.46245329081772985,0.66778580821962163,0.46245329081772985
MW7_D6,MW7 D6,6,116,136,0.39944825509219717,0.49645577819573006,0.35452518639611835,0.46245329081772985,0.66778580821962163,0.46245329081772985
MW7_D6,MW7 D6,6,117,137,0.40103341278864452,0.49645577819573006,0.39107660070320982,0.46245329081772985,0.66778580821962163,0.46245329081772985
MW7_D6,MW7 D6,6,118,138,0.40103341278864452,0.49645577819573006,0.39107660070320982,0.46245329081772985,0.6757202973602513,0.46245329081772985
MW7_D6,MW7 D6,6,119,139,0.40103341278864452,0.49645577819573006,0.41099990393585561,0.46252290521584094,0.6757202973602513,0.46252290521584094
MW7_D6,MW7 D6,6,120,140,0.40103341278864452,0.49645577819573006,0.41099990393585561,0.46252290521584094,0.6757202973602513,0.46252290521584094
MW7_D6,MW7 D6,6,121,141,0.4666191490589936,0.49645577819573006,0.41099990393585561,0.46252290521584094,0.6757202973602513,0.4666191490589936
MW7_D6,MW7 D6,6,122,142,0.4666191490589936,0.49645577819573006,0.41099990393585561,0.46252290521584094,0.70798578552344349,0.4666191490589936
MW7_D6,MW7 D6,6,123,143,0.4666191490589936,0.49645577819573006,0.41099990393585561,0.46252290521584094,0.70798578552344349,0.4666191490589936
MW7_D6,MW7 D6,6,124,144,0.4666191490589936,0.49645577819573006,0.41099990393585561,0.46252290521584094,0.70798578552344349,0.4666191490589936
MW7_D6,MW7 D6,6,125,145,0.4666191490589936,0.49645577819573006,0.41270770667641288,0.46252290521584094,0.70798578552344349,0.4666191490589936
MW7_D6,MW7 D6,6,126,146,0.4666191490589936,0.49645577819573006,0.41270770667641288,0.46252290521584094,0.70798578552344349,0.4666191490589936
MW7_D6,MW7 D6,6,127,147,0.50327469934616853,0.49645577819573006,0.41270770667641288,0.46252290521584094,0.70798578552344349,0.49645577819573006
MW7_D6,MW7 D6,6,128,148,0.50327469934616853,0.49645577819573006,0.41286664076224772,0.46252290521584094,0.70798578552344349,0.49645577819573006
MW7_D6,MW7 D6,6,129,149,0.50327469934616853,0.49645577819573006,0.41286664076224772,0.46252290521584094,0.70823909361159343,0.49645577819573006
MW7_D6,MW7 D6,6,130,150,0.50327469934616853,0.49645577819573006,0.41286664076224772,0.46252290521584094,0.70823909361159343,0.49645577819573006
